{
"type": "FeatureCollection",
"name": "bison-np_tripura",
"crs": { "type": "name", "properties": { "name": "urn:ogc:def:crs:EPSG::3857" } },
"xy_coordinate_resolution": 1e-15,
"features": [
{ "type": "Feature", "properties": { "Name": "Bison NP", "Area_GIS": 33.262851827900001 }, "geometry": { "type": "MultiPolygon", "coordinates": [ [ [ [ 10171990.928566422313452, 2661302.693271661642939 ], [ 10171995.048848571255803, 2661301.386927707120776 ], [ 10171997.65399151109159, 2661302.59131773468107 ], [ 10172000.060258505865932, 2661297.42809983342886 ], [ 10172005.260164646431804, 2661289.388577091041952 ], [ 10172009.203524090349674, 2661281.846615515649319 ], [ 10172013.605548346415162, 2661279.3408303107135 ], [ 10172012.462080558761954, 2661271.050590300001204 ], [ 10172008.39779045432806, 2661267.605645449366421 ], [ 10172001.965129034593701, 2661261.185066528618336 ], [ 10172001.490216575562954, 2661258.887432840187103 ], [ 10172002.12161441706121, 2661257.500414323061705 ], [ 10172003.057805525138974, 2661255.430797951761633 ], [ 10172005.050994142889977, 2661251.478286016732454 ], [ 10172007.263658264651895, 2661247.92125547118485 ], [ 10172007.536150489002466, 2661247.491821902338415 ], [ 10172010.830181440338492, 2661243.283629138022661 ], [ 10172012.640809968113899, 2661241.003174881450832 ], [ 10172013.82121835835278, 2661240.670824006199837 ], [ 10172014.677904140204191, 2661237.149671007413417 ], [ 10172015.64116676710546, 2661232.27547933254391 ], [ 10172016.636392991989851, 2661226.939290979411453 ], [ 10172017.597797963768244, 2661221.174192139878869 ], [ 10172018.85248913988471, 2661214.41874354891479 ], [ 10172019.580031597986817, 2661206.608580497093499 ], [ 10172020.393908187747002, 2661198.21524655027315 ], [ 10172019.438038488849998, 2661190.749487404245883 ], [ 10172023.061088209971786, 2661187.013644378632307 ], [ 10172027.776219394057989, 2661182.560593678615987 ], [ 10172033.573779541999102, 2661178.017245681490749 ], [ 10172040.04931234382093, 2661173.395572212990373 ], [ 10172042.745819956064224, 2661171.146292781457305 ], [ 10172045.398704029619694, 2661168.941204957664013 ], [ 10172050.748092783614993, 2661164.48683707555756 ], [ 10172057.039942160248756, 2661160.954246862325817 ], [ 10172059.553897738456726, 2661160.333147548139095 ], [ 10172063.045071635395288, 2661161.63464876357466 ], [ 10172066.491711555048823, 2661162.485332410316914 ], [ 10172067.674965385347605, 2661163.549724904354662 ], [ 10172068.584316249936819, 2661164.3616953487508 ], [ 10172072.592954054474831, 2661162.032660482916981 ], [ 10172079.353095864877105, 2661157.553374970797449 ], [ 10172078.890123145654798, 2661155.816649910993874 ], [ 10172079.157614542171359, 2661152.912611503154039 ], [ 10172081.054604709148407, 2661150.115062445402145 ], [ 10172081.138132676482201, 2661148.201218430418521 ], [ 10172084.440137609839439, 2661147.88637313991785 ], [ 10172088.132014224305749, 2661140.400035545229912 ], [ 10172090.466110311448574, 2661132.124532940331846 ], [ 10172096.299760928377509, 2661129.153909219428897 ], [ 10172101.739201240241528, 2661125.93109962856397 ], [ 10172109.111091341823339, 2661121.186578757595271 ], [ 10172117.555078238248825, 2661116.604753595311195 ], [ 10172125.367074387148023, 2661113.135029498953372 ], [ 10172132.138741036877036, 2661108.98558527091518 ], [ 10172137.087064679712057, 2661106.269742795266211 ], [ 10172145.099918751046062, 2661104.779234727378935 ], [ 10172151.855959516018629, 2661103.643310019280761 ], [ 10172157.133525414392352, 2661101.487638328224421 ], [ 10172165.328809108585119, 2661098.281100876629353 ], [ 10172165.480465350672603, 2661097.587938270997256 ], [ 10172168.80851417966187, 2661088.749551989603788 ], [ 10172161.72920679114759, 2661086.894606117624789 ], [ 10172156.093162842094898, 2661084.893725822214037 ], [ 10172143.812967898324132, 2661079.992338486015797 ], [ 10172135.136259155347943, 2661077.733871051575989 ], [ 10172126.29328921996057, 2661079.764931016601622 ], [ 10172119.355584105476737, 2661082.913865181151778 ], [ 10172111.304329765960574, 2661087.010989284608513 ], [ 10172102.314936183393002, 2661092.242832681164145 ], [ 10172093.054120179265738, 2661098.465075162705034 ], [ 10172083.279469100758433, 2661104.72132249455899 ], [ 10172072.563057838007808, 2661110.374675040133297 ], [ 10172061.170187916606665, 2661116.788309759926051 ], [ 10172049.394841691479087, 2661123.378715181723237 ], [ 10172037.477555345743895, 2661130.046417132951319 ], [ 10172029.131721757352352, 2661134.473993670661002 ], [ 10172019.57553325407207, 2661140.652782396879047 ], [ 10172009.155703730881214, 2661146.987408477347344 ], [ 10172001.661219835281372, 2661150.654374727513641 ], [ 10171994.59496640227735, 2661155.134255878161639 ], [ 10171987.787508467212319, 2661163.177099750377238 ], [ 10171980.511557532474399, 2661172.067737214732915 ], [ 10171972.711092881858349, 2661181.168367579579353 ], [ 10171965.703809490427375, 2661187.759806980378926 ], [ 10171956.931543750688434, 2661192.309216002933681 ], [ 10171947.427218731492758, 2661197.113145177252591 ], [ 10171943.517226802185178, 2661199.60693738469854 ], [ 10171939.322793548926711, 2661202.013242956716567 ], [ 10171934.195869950577617, 2661203.002668825909495 ], [ 10171925.639757294207811, 2661206.264838963747025 ], [ 10171912.994303, 2661209.843496085144579 ], [ 10171908.753849165514112, 2661216.495257275179029 ], [ 10171906.011406591162086, 2661223.033851221203804 ], [ 10171903.974972933530807, 2661232.562377677299082 ], [ 10171902.137113789096475, 2661242.915490590501577 ], [ 10171899.621691441163421, 2661253.522945260163397 ], [ 10171896.854255681857467, 2661263.866987803950906 ], [ 10171892.719436898827553, 2661274.02688083332032 ], [ 10171888.487342903390527, 2661284.747939204797149 ], [ 10171886.867898277938366, 2661295.012602267321199 ], [ 10171885.658570006489754, 2661302.548830382991582 ], [ 10171882.594854727387428, 2661307.064461391419172 ], [ 10171877.701369982212782, 2661315.290280496701598 ], [ 10171872.635964415967464, 2661324.935162275098264 ], [ 10171872.818057976663113, 2661333.755369225051254 ], [ 10171872.669165754690766, 2661341.168560816906393 ], [ 10171871.233240459114313, 2661350.233999408781528 ], [ 10171869.273633779957891, 2661359.90555452555418 ], [ 10171867.730885989964008, 2661364.85802018083632 ], [ 10171881.289858397096395, 2661369.383202082011849 ], [ 10171890.588134244084358, 2661370.66163922008127 ], [ 10171899.208273284137249, 2661371.908557574730366 ], [ 10171908.570713050663471, 2661372.472035357262939 ], [ 10171916.981316469609737, 2661372.883607488125563 ], [ 10171924.660661030560732, 2661374.000410326290876 ], [ 10171931.552551280707121, 2661375.041984410025179 ], [ 10171937.316857123747468, 2661375.535956888925284 ], [ 10171942.7301593311131, 2661375.513658066280186 ], [ 10171947.956072574481368, 2661374.798948284238577 ], [ 10171952.494144076481462, 2661374.613568980712444 ], [ 10171958.935753099620342, 2661369.431027255952358 ], [ 10171966.68403373286128, 2661361.463169309776276 ], [ 10171974.209323784336448, 2661351.494119818322361 ], [ 10171978.694053111597896, 2661346.645527857821435 ], [ 10171983.165449146181345, 2661340.58721321169287 ], [ 10171987.463724171742797, 2661335.486093891784549 ], [ 10171992.541931601241231, 2661326.764931435231119 ], [ 10171990.772022575139999, 2661316.947208344005048 ], [ 10171987.030249148607254, 2661305.505896377842873 ], [ 10171990.928566422313452, 2661302.693271661642939 ] ] ], [ [ [ 10170408.377959333360195, 2671514.574727971106768 ], [ 10170414.051248209550977, 2671513.385268110781908 ], [ 10170416.784865764901042, 2671512.200147306080908 ], [ 10170421.956428568810225, 2671514.671621845569462 ], [ 10170432.240232188254595, 2671516.592035809997469 ], [ 10170448.708277320489287, 2671519.353783041238785 ], [ 10170471.613414818421006, 2671522.670404817909002 ], [ 10170483.802471738308668, 2671526.051108981482685 ], [ 10170508.044581457972527, 2671524.936506157275289 ], [ 10170523.388321928679943, 2671525.268916194792837 ], [ 10170536.767518877983093, 2671526.181440386921167 ], [ 10170544.34600873477757, 2671526.386023020837456 ], [ 10170544.938305692747235, 2671526.398341202177107 ], [ 10170561.555265445262194, 2671526.336456573568285 ], [ 10170563.913572374731302, 2671526.22040881915018 ], [ 10170564.747350808233023, 2671526.167149679269642 ], [ 10170565.19014535471797, 2671527.59605987649411 ], [ 10170568.417267858982086, 2671538.011122952681035 ], [ 10170577.713638119399548, 2671530.222408620174974 ], [ 10170582.602231498807669, 2671526.747718985658139 ], [ 10170581.92731473967433, 2671524.440843295771629 ], [ 10170582.154877593740821, 2671515.837582974229008 ], [ 10170582.759041542187333, 2671515.192280399613082 ], [ 10170583.309283243492246, 2671514.604738825466484 ], [ 10170590.093221953138709, 2671502.166543036233634 ], [ 10170601.239000843837857, 2671496.279230598825961 ], [ 10170606.959787355735898, 2671492.562780976761132 ], [ 10170607.093460356816649, 2671492.475897915195674 ], [ 10170615.452177504077554, 2671487.078719927463681 ], [ 10170621.00076999515295, 2671482.745094578247517 ], [ 10170626.626598943024874, 2671478.180053155869246 ], [ 10170632.000835889950395, 2671473.305652920156717 ], [ 10170632.03471645526588, 2671473.253201828338206 ], [ 10170637.459750423207879, 2671464.857536391355097 ], [ 10170641.065209159627557, 2671456.350052750203758 ], [ 10170643.909518297761679, 2671449.815449100453407 ], [ 10170653.513015704229474, 2671446.935945359058678 ], [ 10170660.340170241892338, 2671444.656952437479049 ], [ 10170665.969291074201465, 2671443.566462273243815 ], [ 10170668.439518876373768, 2671447.421656754333526 ], [ 10170670.769596485421062, 2671455.126151686534286 ], [ 10170672.162404704838991, 2671460.699975335039198 ], [ 10170673.78106484003365, 2671467.178126033395529 ], [ 10170674.556759847328067, 2671468.547715332359076 ], [ 10170677.443445766344666, 2671467.627642613369972 ], [ 10170680.165677584707737, 2671466.663015815429389 ], [ 10170681.12801680341363, 2671463.025096715893596 ], [ 10170681.236407354474068, 2671462.661753352731466 ], [ 10170684.023139679804444, 2671453.324753746390343 ], [ 10170686.202649107202888, 2671444.803158686496317 ], [ 10170686.139981077983975, 2671438.460537998005748 ], [ 10170696.40063726529479, 2671436.00157140661031 ], [ 10170706.882324438542128, 2671432.771154187619686 ], [ 10170714.043938854709268, 2671437.982428656890988 ], [ 10170716.729406900703907, 2671443.71327625028789 ], [ 10170721.167752435430884, 2671445.388863335829228 ], [ 10170722.910327028483152, 2671446.010452847927809 ], [ 10170721.510549796745181, 2671459.034240023232996 ], [ 10170727.654918793588877, 2671458.033222480677068 ], [ 10170731.012013372033834, 2671457.610481412615627 ], [ 10170735.172791738063097, 2671455.876999024767429 ], [ 10170738.245686998590827, 2671455.045530957169831 ], [ 10170740.847614185884595, 2671453.926340642850846 ], [ 10170748.231849707663059, 2671452.707407255657017 ], [ 10170753.254872102290392, 2671452.873095499351621 ], [ 10170755.293427554890513, 2671452.905581196304411 ], [ 10170758.091679910197854, 2671452.950058007147163 ], [ 10170761.129340425133705, 2671453.177428623195738 ], [ 10170765.143600156530738, 2671453.219571137335151 ], [ 10170769.432501835748553, 2671453.085774475708604 ], [ 10170773.52517993375659, 2671452.366924403700978 ], [ 10170775.74200558103621, 2671451.787223949097097 ], [ 10170778.956738660112023, 2671451.320088868029416 ], [ 10170781.536859115585685, 2671450.09038657695055 ], [ 10170783.259986039251089, 2671449.586865674704313 ], [ 10170783.427420603111386, 2671448.296644596848637 ], [ 10170784.41646296530962, 2671447.438475895673037 ], [ 10170785.411181941628456, 2671443.977203391492367 ], [ 10170786.253882396966219, 2671439.842662028502673 ], [ 10170786.362702365964651, 2671435.276304160710424 ], [ 10170786.30529011785984, 2671431.503760154824704 ], [ 10170786.72777671739459, 2671428.923554882407188 ], [ 10170786.514995019882917, 2671425.911796124186367 ], [ 10170786.522463833913207, 2671422.547501795459539 ], [ 10170786.297829262912273, 2671419.943786747287959 ], [ 10170786.236992238089442, 2671417.715526181738824 ], [ 10170785.842841913923621, 2671412.409072724636644 ], [ 10170785.850872, 2671408.791050013154745 ], [ 10170785.384517962113023, 2671406.385364866815507 ], [ 10170785.202435076236725, 2671404.443572390824556 ], [ 10170784.065699191763997, 2671402.621061496902257 ], [ 10170781.09921027906239, 2671400.011230343021452 ], [ 10170774.096439134329557, 2671397.337308925110847 ], [ 10170766.678975123912096, 2671393.757903583347797 ], [ 10170759.676799917593598, 2671390.819190531037748 ], [ 10170759.117620252072811, 2671390.632924726698548 ], [ 10170754.876359498128295, 2671389.220041526015848 ], [ 10170751.554433550685644, 2671388.572891370393336 ], [ 10170750.701352428644896, 2671387.490004824940115 ], [ 10170751.155882032588124, 2671385.30702028144151 ], [ 10170751.666844317689538, 2671382.362990106455982 ], [ 10170752.112174166366458, 2671379.41889448557049 ], [ 10170752.906581647694111, 2671377.291769142262638 ], [ 10170752.880341360345483, 2671374.247351202648133 ], [ 10170755.435401014983654, 2671374.506708101369441 ], [ 10170757.083595614880323, 2671373.153679040726274 ], [ 10170761.879805192351341, 2671371.697302009910345 ], [ 10170765.041021952405572, 2671370.634448075667024 ], [ 10170766.632200622931123, 2671370.263027313631028 ], [ 10170766.895114082843065, 2671370.241290161386132 ], [ 10170768.453216025605798, 2671370.112676192075014 ], [ 10170770.451070554554462, 2671369.355942070949823 ], [ 10170772.141443008556962, 2671368.764111171942204 ], [ 10170777.362499359995127, 2671368.654476474504918 ], [ 10170782.154653502628207, 2671369.06232368061319 ], [ 10170785.344491003081203, 2671369.896731148473918 ], [ 10170786.02256410382688, 2671370.769637737888843 ], [ 10170786.714398965239525, 2671370.429198877420276 ], [ 10170787.683810902759433, 2671368.512049825396389 ], [ 10170790.149665551260114, 2671364.425318182911724 ], [ 10170792.05453197285533, 2671361.043225730769336 ], [ 10170794.072198802605271, 2671356.326770363375545 ], [ 10170796.264823334291577, 2671351.798181342892349 ], [ 10170797.575290927663445, 2671349.407428897917271 ], [ 10170797.868958279490471, 2671345.569508365355432 ], [ 10170798.223892083391547, 2671338.80869427556172 ], [ 10170798.327958462759852, 2671336.371266460046172 ], [ 10170799.122095635160804, 2671334.3434250773862 ], [ 10170799.019906815141439, 2671330.956855010706931 ], [ 10170799.249668605625629, 2671326.258402029983699 ], [ 10170799.0877122618258, 2671320.114124860614538 ], [ 10170799.5967908333987, 2671318.085743326228112 ], [ 10170808.351644119247794, 2671316.980130939744413 ], [ 10170814.815250098705292, 2671315.461312568746507 ], [ 10170814.088815791532397, 2671311.632170557975769 ], [ 10170812.082876605913043, 2671306.134600011166185 ], [ 10170810.306869976222515, 2671300.780929453205317 ], [ 10170809.742792887613177, 2671297.955873274710029 ], [ 10170808.835300324484706, 2671296.663341983687133 ], [ 10170807.785640314221382, 2671295.171868764329702 ], [ 10170801.568362729623914, 2671294.41892700875178 ], [ 10170800.173674939200282, 2671290.246377235744148 ], [ 10170795.962802076712251, 2671289.906094724778086 ], [ 10170791.421262005344033, 2671290.226839371025562 ], [ 10170770.24563592299819, 2671288.613196558319032 ], [ 10170763.228166621178389, 2671287.648922350723296 ], [ 10170754.490416904911399, 2671285.952788299880922 ], [ 10170748.438713459298015, 2671284.781033095438033 ], [ 10170736.621606172993779, 2671281.886707378085703 ], [ 10170724.913515776395798, 2671279.257341821677983 ], [ 10170725.41055710054934, 2671272.72855650819838 ], [ 10170727.053503444418311, 2671265.865589173045009 ], [ 10170727.912505807355046, 2671262.277349390555173 ], [ 10170729.022140616551042, 2671256.477904724422842 ], [ 10170733.224081356078386, 2671246.030486788135022 ], [ 10170735.881848592311144, 2671239.462393864057958 ], [ 10170737.383313696831465, 2671235.020550949964672 ], [ 10170737.277533872053027, 2671233.244486923329532 ], [ 10170746.557827081531286, 2671237.577998673077673 ], [ 10170752.562921391800046, 2671240.029222642071545 ], [ 10170760.79735435731709, 2671241.150652267970145 ], [ 10170769.108302529901266, 2671242.437677385751158 ], [ 10170775.795879628509283, 2671243.721128258854151 ], [ 10170779.891244200989604, 2671241.799975137226284 ], [ 10170784.73398607224226, 2671239.152465315535665 ], [ 10170790.189834063872695, 2671236.958555022720248 ], [ 10170794.206932354718447, 2671235.69909903081134 ], [ 10170800.360290052369237, 2671235.547395980451256 ], [ 10170804.923218473792076, 2671235.447270155884326 ], [ 10170806.94047737121582, 2671235.826791652478278 ], [ 10170813.859892345964909, 2671236.448935845866799 ], [ 10170820.02253288961947, 2671237.069276608526707 ], [ 10170825.90062734298408, 2671237.413343148771673 ], [ 10170830.738964982330799, 2671236.762372075114399 ], [ 10170833.327143888920546, 2671236.878408906515688 ], [ 10170836.137585194781423, 2671235.671329483389854 ], [ 10170839.155511748045683, 2671234.905929795466363 ], [ 10170843.733477616682649, 2671232.941716894973069 ], [ 10170846.406049955636263, 2671231.927575861569494 ], [ 10170849.079276163130999, 2671230.912998334039003 ], [ 10170851.703829538077116, 2671229.451909930910915 ], [ 10170853.298141630366445, 2671227.679504581261426 ], [ 10170855.318818403407931, 2671226.514867111574858 ], [ 10170858.361419133841991, 2671224.480990328360349 ], [ 10170861.91919369995594, 2671222.602826101705432 ], [ 10170863.941105576232076, 2671220.886509555391967 ], [ 10170867.605792125687003, 2671220.277059237938374 ], [ 10170871.764707481488585, 2671219.304530880879611 ], [ 10170873.893792852759361, 2671218.757866862230003 ], [ 10170875.977671133354306, 2671218.762435256037861 ], [ 10170878.907430602237582, 2671218.162298310082406 ], [ 10170881.408062452450395, 2671218.167867071460932 ], [ 10170881.187796644866467, 2671213.611858106218278 ], [ 10170881.690468411892653, 2671209.465626781340688 ], [ 10170881.887922417372465, 2671204.502445507794619 ], [ 10170881.157821603119373, 2671202.349929198622704 ], [ 10170878.479351721704006, 2671198.417100478895009 ], [ 10170873.591320786625147, 2671191.743952199816704 ], [ 10170863.857207145541906, 2671179.335299246944487 ], [ 10170857.450125934556127, 2671170.209915392100811 ], [ 10170854.049597440287471, 2671165.415245492011309 ], [ 10170849.837908575311303, 2671160.442291812971234 ], [ 10170841.918042102828622, 2671150.949580208398402 ], [ 10170839.906154392287135, 2671148.165458760689944 ], [ 10170838.387337408959866, 2671145.580994429532439 ], [ 10170836.37404715269804, 2671143.370440728962421 ], [ 10170835.834524761885405, 2671139.36527937464416 ], [ 10170835.235054830089211, 2671132.668555228505284 ], [ 10170834.823490543290973, 2671125.872288591228426 ], [ 10170834.769465291872621, 2671124.979498200118542 ], [ 10170833.863342225551605, 2671118.094566494226456 ], [ 10170833.634047951549292, 2671112.634093499742448 ], [ 10170833.281676879152656, 2671108.320543020963669 ], [ 10170832.30654713883996, 2671107.833034542854875 ], [ 10170833.352218937128782, 2671106.169735159724951 ], [ 10170834.570133060216904, 2671105.929764072876424 ], [ 10170841.237228874117136, 2671101.58776064356789 ], [ 10170852.55876849219203, 2671095.403041562065482 ], [ 10170860.508380800485611, 2671091.372581553645432 ], [ 10170870.949971571564674, 2671101.278941882308573 ], [ 10170875.336012586951256, 2671106.748737104702741 ], [ 10170878.739071717485785, 2671110.374141290318221 ], [ 10170882.89531210064888, 2671115.61181742278859 ], [ 10170886.483874198049307, 2671119.678949342109263 ], [ 10170889.469336938112974, 2671123.66752445558086 ], [ 10170892.761107491329312, 2671127.976648654788733 ], [ 10170895.677891893312335, 2671133.288632670883089 ], [ 10170899.030859246850014, 2671139.737756491173059 ], [ 10170901.214286049827933, 2671144.342210068833083 ], [ 10170902.48927797190845, 2671148.095381801016629 ], [ 10170908.175720950588584, 2671150.777303021866828 ], [ 10170912.75422945804894, 2671153.556100452318788 ], [ 10170916.291428785771132, 2671156.012719861697406 ], [ 10170919.577185103669763, 2671158.104714235290885 ], [ 10170919.714860364794731, 2671158.191007029730827 ], [ 10170926.630800580605865, 2671162.521493474487215 ], [ 10170932.872813545167446, 2671166.96960575459525 ], [ 10170939.604560859501362, 2671163.124010073486716 ], [ 10170948.124156991019845, 2671159.27134715905413 ], [ 10170953.689167903736234, 2671157.30929953372106 ], [ 10170952.557327527552843, 2671143.320343438070267 ], [ 10170952.394132807850838, 2671132.74201443605125 ], [ 10170952.473564462736249, 2671126.54317553434521 ], [ 10170952.237907480448484, 2671118.975907951127738 ], [ 10170952.298905650153756, 2671116.185388644691557 ], [ 10170951.959410469979048, 2671110.978352447040379 ], [ 10170952.131942465901375, 2671106.005391642916948 ], [ 10170952.216969152912498, 2671103.555577558465302 ], [ 10170951.323459172621369, 2671090.946056583430618 ], [ 10170958.62231925688684, 2671088.557684210594743 ], [ 10170960.456353353336453, 2671087.458769802004099 ], [ 10170964.857485439628363, 2671086.122915235813707 ], [ 10170967.117675013840199, 2671085.752821838483214 ], [ 10170970.905952559784055, 2671083.742706006392837 ], [ 10170976.471398554742336, 2671081.60421125497669 ], [ 10170980.138230821117759, 2671079.957833820022643 ], [ 10170982.882249413058162, 2671079.037457067519426 ], [ 10170988.688644172623754, 2671077.03171696420759 ], [ 10170990.389000415802002, 2671076.892187085468322 ], [ 10170994.670219991356134, 2671075.169942148495466 ], [ 10170998.016989486292005, 2671074.460342213045806 ], [ 10171003.109323993325233, 2671073.015760485548526 ], [ 10171008.847780337557197, 2671071.969575483351946 ], [ 10171014.148318259045482, 2671070.569436869118363 ], [ 10171017.248620267957449, 2671069.795801287516952 ], [ 10171020.063244426622987, 2671069.093540335539728 ], [ 10171025.199329463765025, 2671067.648958749137819 ], [ 10171029.061470676213503, 2671067.017671293579042 ], [ 10171034.121024454012513, 2671065.495714769233018 ], [ 10171037.852697264403105, 2671064.312840294092894 ], [ 10171040.487621106207371, 2671063.072214440908283 ], [ 10171042.232337463647127, 2671062.70107095502317 ], [ 10171045.19782630354166, 2671060.832476584706455 ], [ 10171047.85499500669539, 2671059.492738445289433 ], [ 10171048.219557948410511, 2671058.269181795418262 ], [ 10171048.628794020041823, 2671056.736848922912031 ], [ 10171049.123737409710884, 2671056.098152492661029 ], [ 10171050.304138820618391, 2671052.979280168190598 ], [ 10171051.035079216584563, 2671049.715933037456125 ], [ 10171051.798759197816253, 2671046.585119384340942 ], [ 10171052.574133371934295, 2671043.145442713052034 ], [ 10171053.086577074602246, 2671039.528620367869735 ], [ 10171054.409822667017579, 2671031.247914991807193 ], [ 10171054.825153002515435, 2671026.935989470686764 ], [ 10171054.429577389732003, 2671022.225232664495707 ], [ 10171053.92506555840373, 2671017.260570934042335 ], [ 10171053.503513550385833, 2671014.402783898171037 ], [ 10171052.789517717435956, 2671009.923020352143794 ], [ 10171052.45706532150507, 2671006.458738536573946 ], [ 10171051.98097674921155, 2671003.479527826420963 ], [ 10171051.264349479228258, 2671000.168893670663238 ], [ 10171051.064092673361301, 2670996.473349151667207 ], [ 10171050.599228946492076, 2670993.405945945996791 ], [ 10171049.727770814672112, 2670990.657522705383599 ], [ 10171049.174654699862003, 2670987.832557168323547 ], [ 10171047.848596565425396, 2670982.336600260809064 ], [ 10171047.730873085558414, 2670981.034819662570953 ], [ 10171045.175870047882199, 2670980.775516437366605 ], [ 10171041.425298785790801, 2670980.623702444136143 ], [ 10171037.619473669677973, 2670980.582185081206262 ], [ 10171032.760544195771217, 2670980.692755471915007 ], [ 10171027.967940144240856, 2670980.538719055242836 ], [ 10171023.120249066501856, 2670980.472868365701288 ], [ 10171017.592397052794695, 2670980.537764719687402 ], [ 10171011.888219064101577, 2670980.97730693873018 ], [ 10171007.040173375979066, 2670981.087898425292224 ], [ 10171002.696216639131308, 2670981.38711215974763 ], [ 10171000.186713796108961, 2670980.421911812853068 ], [ 10170997.053411403670907, 2670978.848650559317321 ], [ 10170993.699073184281588, 2670978.013978263363242 ], [ 10170991.189984304830432, 2670976.850219157524407 ], [ 10170988.768649347126484, 2670975.675747065339237 ], [ 10170984.429888758808374, 2670973.62543205358088 ], [ 10170980.73666519112885, 2670971.987960046157241 ], [ 10170980.704486044123769, 2670971.973644846118987 ], [ 10170977.298258725553751, 2670969.804198283236474 ], [ 10170974.251866331323981, 2670968.584169817622751 ], [ 10170971.972020016983151, 2670967.950361368712038 ], [ 10170972.010354140773416, 2670965.457645194139332 ], [ 10170972.042449731379747, 2670960.82510043354705 ], [ 10170972.643184205517173, 2670956.998919986188412 ], [ 10170973.049193417653441, 2670951.892867595888674 ], [ 10170974.042514165863395, 2670949.060415022540838 ], [ 10170977.49600487574935, 2670949.68573977984488 ], [ 10170980.994408972561359, 2670949.869954641442746 ], [ 10170985.305466059595346, 2670949.537603256292641 ], [ 10170989.396399714052677, 2670949.513558548409492 ], [ 10170990.104434723034501, 2670946.768680431880057 ], [ 10170990.32931712642312, 2670944.27635370567441 ], [ 10170990.729271894320846, 2670941.927883612923324 ], [ 10170994.064144441857934, 2670941.593373579438776 ], [ 10170998.034829650074244, 2670941.436671440023929 ], [ 10171001.170847926288843, 2670941.807640709448606 ], [ 10171004.692126484587789, 2670941.528681474737823 ], [ 10171010.978044515475631, 2670940.880855503957719 ], [ 10171015.004315605387092, 2670940.404458267614245 ], [ 10171019.127581175416708, 2670940.667273821309209 ], [ 10171023.67016295157373, 2670939.828076247125864 ], [ 10171027.103223908692598, 2670939.736380748916417 ], [ 10171030.932616464793682, 2670939.005840795114636 ], [ 10171034.805494597181678, 2670938.418806390371174 ], [ 10171038.252419663593173, 2670937.025680631399155 ], [ 10171039.965367084369063, 2670936.147004981059581 ], [ 10171047.489429915323853, 2670931.067840343341231 ], [ 10171056.68466023914516, 2670924.106149888597429 ], [ 10171061.400088001042604, 2670919.942156544420868 ], [ 10171065.022513018921018, 2670916.743424793239683 ], [ 10171067.113275496289134, 2670914.897040828131139 ], [ 10171079.565310388803482, 2670903.243723442777991 ], [ 10171087.433224454522133, 2670896.400443560443819 ], [ 10171093.289578167721629, 2670891.582284159492701 ], [ 10171100.229744767770171, 2670887.681959831155837 ], [ 10171108.860330682247877, 2670888.131284176371992 ], [ 10171117.565794855356216, 2670889.49620323907584 ], [ 10171132.644590405747294, 2670890.32370189903304 ], [ 10171142.01731114089489, 2670892.495332726277411 ], [ 10171149.732947759330273, 2670895.082344527356327 ], [ 10171157.822869123890996, 2670897.052560020238161 ], [ 10171163.11577532812953, 2670899.082795447204262 ], [ 10171173.525240117684007, 2670898.620516248978674 ], [ 10171190.372479351237416, 2670898.282638462726027 ], [ 10171195.842524943873286, 2670899.5853231982328 ], [ 10171204.231471600010991, 2670900.210404668003321 ], [ 10171209.961556896567345, 2670900.589723438024521 ], [ 10171214.748054740950465, 2670900.906453075818717 ], [ 10171217.973435528576374, 2670900.483384098857641 ], [ 10171221.239667320623994, 2670896.46471035387367 ], [ 10171222.397187579423189, 2670895.337282394059002 ], [ 10171236.561302222311497, 2670881.541682064067572 ], [ 10171255.868563210591674, 2670864.597960964776576 ], [ 10171264.850442960858345, 2670864.893463701475412 ], [ 10171281.701489700004458, 2670862.790813706349581 ], [ 10171311.486900392919779, 2670859.0730573059991 ], [ 10171345.090135354548693, 2670854.911384602077305 ], [ 10171355.500758534297347, 2670853.908486339263618 ], [ 10171366.156137440353632, 2670851.284712050110102 ], [ 10171371.51677730306983, 2670849.836797910742462 ], [ 10171350.650778289884329, 2670843.53877345379442 ], [ 10171332.872062096372247, 2670837.102955386973917 ], [ 10171327.15663056448102, 2670835.034235099796206 ], [ 10171327.534430760890245, 2670829.473994533997029 ], [ 10171329.749331101775169, 2670815.479278118349612 ], [ 10171332.197100831195712, 2670807.263688266277313 ], [ 10171335.242111986503005, 2670795.231348936911672 ], [ 10171327.999709451571107, 2670792.692100184038281 ], [ 10171322.634069185703993, 2670791.76376197906211 ], [ 10171317.956092985346913, 2670791.788971024099737 ], [ 10171309.408926321193576, 2670794.635210051666945 ], [ 10171299.286739699542522, 2670790.43116162577644 ], [ 10171296.975577555596828, 2670791.375924224965274 ], [ 10171289.354691913351417, 2670793.322225942742079 ], [ 10171286.170576501637697, 2670793.247711003292352 ], [ 10171283.082967886701226, 2670790.892021065577865 ], [ 10171279.765447877347469, 2670787.176805740222335 ], [ 10171275.150473311543465, 2670783.747462677303702 ], [ 10171272.326079521328211, 2670783.420390432234854 ], [ 10171268.686519358307123, 2670787.206339586526155 ], [ 10171266.031513337045908, 2670795.454965753015131 ], [ 10171264.366292497143149, 2670800.116866459138691 ], [ 10171260.650057287886739, 2670803.211935902480036 ], [ 10171254.205778976902366, 2670803.633187476079911 ], [ 10171249.594415726140141, 2670805.489673460833728 ], [ 10171248.210773488506675, 2670807.311119878664613 ], [ 10171248.288135847076774, 2670808.736685143783689 ], [ 10171251.027026606723666, 2670811.465481068007648 ], [ 10171252.89370690099895, 2670814.392172073014081 ], [ 10171253.20022870413959, 2670816.047876487486064 ], [ 10171252.352542091161013, 2670820.358282079454511 ], [ 10171246.905114093795419, 2670827.281890366692096 ], [ 10171236.99662290327251, 2670832.684286980889738 ], [ 10171228.605405125766993, 2670824.443347827531397 ], [ 10171224.16456357575953, 2670820.476565855555236 ], [ 10171218.653491074219346, 2670814.141787304077297 ], [ 10171215.367022588849068, 2670808.002799467649311 ], [ 10171213.956786939874291, 2670802.882462495006621 ], [ 10171212.284268284216523, 2670796.797219573520124 ], [ 10171212.685897151008248, 2670794.044322454370558 ], [ 10171216.834939002990723, 2670786.014083136338741 ], [ 10171221.114093268290162, 2670776.755418315529823 ], [ 10171221.929002346470952, 2670772.412101989611983 ], [ 10171223.290253069251776, 2670769.74635564070195 ], [ 10171225.434782493859529, 2670764.470035509672016 ], [ 10171228.463215794414282, 2670760.059453969821334 ], [ 10171230.8720294367522, 2670758.522467211354524 ], [ 10171232.767666459083557, 2670755.94405850674957 ], [ 10171229.798331605270505, 2670751.06600848166272 ], [ 10171225.740180626511574, 2670748.601356409490108 ], [ 10171221.476898996159434, 2670749.207539170514792 ], [ 10171219.634668968617916, 2670750.173886696342379 ], [ 10171212.584587629884481, 2670757.559069178067148 ], [ 10171201.210310935974121, 2670756.207078050356358 ], [ 10171198.474855065345764, 2670758.45707861892879 ], [ 10171195.915008179843426, 2670762.352034377865493 ], [ 10171194.576359689235687, 2670766.278898214455694 ], [ 10171194.053294014185667, 2670766.772701193578541 ], [ 10171190.454713461920619, 2670766.577871927525848 ], [ 10171185.263240767642856, 2670765.188695626333356 ], [ 10171181.282756552100182, 2670764.697975270915776 ], [ 10171179.091277007013559, 2670765.116106967907399 ], [ 10171177.206400426104665, 2670767.530024298932403 ], [ 10171171.26681349799037, 2670772.447127124294639 ], [ 10171166.437177781015635, 2670773.865067880600691 ], [ 10171162.173546440899372, 2670773.977690082043409 ], [ 10171156.82939013466239, 2670772.457079012412578 ], [ 10171156.981244502589107, 2670771.283547547645867 ], [ 10171156.978357043117285, 2670767.105322698131204 ], [ 10171157.510205257683992, 2670763.464090413413942 ], [ 10171158.740738054737449, 2670760.886118469294161 ], [ 10171158.532019142061472, 2670758.627237202133983 ], [ 10171157.45038590207696, 2670755.5464275078848 ], [ 10171155.354902254417539, 2670752.970708122942597 ], [ 10171152.267934039235115, 2670751.503358014859259 ], [ 10171148.342108458280563, 2670751.089285447262228 ], [ 10171147.29580994322896, 2670751.890590297523886 ], [ 10171145.152624353766441, 2670759.30537174269557 ], [ 10171144.740714441984892, 2670762.946482410654426 ], [ 10171143.641358094289899, 2670765.721715162042528 ], [ 10171135.187702886760235, 2670761.779652240220457 ], [ 10171127.67152164131403, 2670757.365351620130241 ], [ 10171132.288933347910643, 2670732.292992095462978 ], [ 10171136.626606056466699, 2670712.835632717702538 ], [ 10171130.441419541835785, 2670709.341575927101076 ], [ 10171117.066851001232862, 2670700.796942736022174 ], [ 10171112.712361147627234, 2670695.590896481182426 ], [ 10171101.528081141412258, 2670684.719859081320465 ], [ 10171095.50917630456388, 2670685.228423851542175 ], [ 10171070.726126773282886, 2670689.204304357524961 ], [ 10171056.410406850278378, 2670691.889840067829937 ], [ 10171045.889444604516029, 2670694.452115799766034 ], [ 10171028.970715880393982, 2670685.49312967248261 ], [ 10171022.282645294442773, 2670680.124235452152789 ], [ 10171010.483329555019736, 2670662.728535363450646 ], [ 10171004.993960302323103, 2670656.097613223362714 ], [ 10171001.577168030664325, 2670650.474275396671146 ], [ 10170999.631565967574716, 2670643.599706287495792 ], [ 10170999.575266726315022, 2670641.00072429375723 ], [ 10170999.933081509545445, 2670637.951771579217166 ], [ 10170998.696854896843433, 2670631.877250549849123 ], [ 10170994.340020544826984, 2670622.98654866265133 ], [ 10170990.848438106477261, 2670619.611260371282697 ], [ 10170986.266297858208418, 2670616.236795429605991 ], [ 10170984.5291658192873, 2670611.171453337650746 ], [ 10170984.580821234732866, 2670607.004250961821526 ], [ 10170985.832560908049345, 2670603.527078618761152 ], [ 10170986.425774415954947, 2670593.733722023200244 ], [ 10170985.833886131644249, 2670589.270813872106373 ], [ 10170980.067902630195022, 2670576.586788553278893 ], [ 10170973.429413832724094, 2670563.64005532162264 ], [ 10170966.618435896933079, 2670553.588534320238978 ], [ 10170963.857102517038584, 2670549.78514289855957 ], [ 10170967.520563827827573, 2670549.168574950192124 ], [ 10170972.639026813209057, 2670555.733900916296989 ], [ 10170982.724621748551726, 2670570.750852020923048 ], [ 10170989.308477843180299, 2670583.368634983431548 ], [ 10170992.104641200974584, 2670590.407107167411596 ], [ 10170992.991072840988636, 2670595.067162946332246 ], [ 10170992.613807735964656, 2670601.625340693630278 ], [ 10170989.49984492175281, 2670608.667818436864763 ], [ 10170990.5049107670784, 2670611.463492440525442 ], [ 10170994.96848089620471, 2670617.0094781559892 ], [ 10171003.241560472175479, 2670628.332090674899518 ], [ 10171003.802421685308218, 2670635.32819302752614 ], [ 10171003.544801969081163, 2670641.502402257639915 ], [ 10171005.293547857552767, 2670647.412132501602173 ], [ 10171010.881757106631994, 2670655.238254127092659 ], [ 10171020.278575304895639, 2670667.283877089153975 ], [ 10171023.368130976334214, 2670672.688309589400887 ], [ 10171026.948003029450774, 2670677.554859837517142 ], [ 10171034.180539662018418, 2670681.783012252766639 ], [ 10171044.270322535187006, 2670686.710952407214791 ], [ 10171047.890524160116911, 2670686.456330460030586 ], [ 10171061.410858517512679, 2670684.845969648566097 ], [ 10171074.396082408726215, 2670682.095496611203998 ], [ 10171093.55313134752214, 2670679.165447308681905 ], [ 10171102.984087258577347, 2670677.17402737447992 ], [ 10171106.585724899545312, 2670681.843268053606153 ], [ 10171117.802863704040647, 2670692.801952796522528 ], [ 10171128.549671767279506, 2670701.578675664495677 ], [ 10171135.58583321608603, 2670705.708085673861206 ], [ 10171141.357219565659761, 2670710.156496290583163 ], [ 10171140.934301938861609, 2670713.512540055904537 ], [ 10171135.052844086661935, 2670739.835908269975334 ], [ 10171132.064725654199719, 2670755.443201158195734 ], [ 10171140.746726671233773, 2670758.551692627370358 ], [ 10171143.381186133250594, 2670751.937143431510776 ], [ 10171144.077160943299532, 2670749.129321192391217 ], [ 10171145.50407881103456, 2670746.869189783930779 ], [ 10171147.476819064468145, 2670745.442271079402417 ], [ 10171149.99587063677609, 2670745.65975535986945 ], [ 10171154.391670985147357, 2670747.608789892401546 ], [ 10171161.951448049396276, 2670752.001189799979329 ], [ 10171165.225960617884994, 2670756.582882818765938 ], [ 10171165.09596000239253, 2670757.931822170503438 ], [ 10171163.657887076959014, 2670759.79711383767426 ], [ 10171162.112502662464976, 2670764.239519753493369 ], [ 10171161.003258861601353, 2670768.714604863431305 ], [ 10171161.767270440235734, 2670769.810765614267439 ], [ 10171164.384374180808663, 2670769.743151417467743 ], [ 10171168.876165037974715, 2670768.57760259648785 ], [ 10171174.063573215156794, 2670763.990058714523911 ], [ 10171176.973759133368731, 2670762.057950912974775 ], [ 10171179.916299849748611, 2670759.698168160393834 ], [ 10171182.805667765438557, 2670759.19168962771073 ], [ 10171188.717809118330479, 2670762.0608877427876 ], [ 10171191.607553215697408, 2670762.201412397902459 ], [ 10171195.081065071746707, 2670754.741870651487261 ], [ 10171197.67433830536902, 2670751.965551713481545 ], [ 10171200.082771312445402, 2670749.825458413921297 ], [ 10171204.280612599104643, 2670749.230382448527962 ], [ 10171211.314358303323388, 2670749.718988895881921 ], [ 10171215.119124734774232, 2670748.521073534619063 ], [ 10171217.65890565700829, 2670747.137457617558539 ], [ 10171222.693672182038426, 2670742.560993331950158 ], [ 10171226.421659601852298, 2670740.672196289524436 ], [ 10171228.461497914046049, 2670741.679669786710292 ], [ 10171232.564997246488929, 2670746.699506152886897 ], [ 10171233.766613705083728, 2670749.769242696464062 ], [ 10171237.554505797103047, 2670755.655588090885431 ], [ 10171236.357341716066003, 2670759.088955114129931 ], [ 10171230.277274308726192, 2670765.793587156105787 ], [ 10171225.984613593667746, 2670771.268808041233569 ], [ 10171225.866817146539688, 2670774.405334781389683 ], [ 10171224.147779077291489, 2670779.999443831853569 ], [ 10171220.619157750159502, 2670786.559771709609777 ], [ 10171219.619597401469946, 2670791.758563627488911 ], [ 10171217.910553261637688, 2670796.234045250806957 ], [ 10171218.152058428153396, 2670798.569747644942254 ], [ 10171219.267627045512199, 2670803.372204595245421 ], [ 10171223.142860976979136, 2670809.324368892237544 ], [ 10171231.895190741866827, 2670819.484180078376085 ], [ 10171239.78376354649663, 2670826.234063212759793 ], [ 10171242.519631957635283, 2670824.620107980910689 ], [ 10171243.346257824450731, 2670821.581876484211534 ], [ 10171244.17372571118176, 2670819.596305161248893 ], [ 10171245.807786064222455, 2670817.325209112372249 ], [ 10171246.623670468106866, 2670814.440410468261689 ], [ 10171244.15388866700232, 2670806.688862465322018 ], [ 10171244.687311396002769, 2670805.229884279426187 ], [ 10171246.048985267058015, 2670803.276921452954412 ], [ 10171254.847363352775574, 2670801.099509142804891 ], [ 10171256.689660126343369, 2670800.275778361596167 ], [ 10171261.135427599772811, 2670795.436455946881324 ], [ 10171263.464940430596471, 2670789.589678964577615 ], [ 10171266.612258726730943, 2670783.621813449077308 ], [ 10171269.957718413323164, 2670780.384348042774945 ], [ 10171271.963431119918823, 2670779.37409414164722 ], [ 10171277.056725926697254, 2670780.686473596841097 ], [ 10171280.373283766210079, 2670782.976217156741768 ], [ 10171284.160338692367077, 2670787.732957227621228 ], [ 10171286.614492014050484, 2670788.674422099255025 ], [ 10171291.543612845242023, 2670789.087606575340033 ], [ 10171295.83921442180872, 2670787.944160812068731 ], [ 10171301.606914462521672, 2670786.865455927327275 ], [ 10171313.809867382049561, 2670788.030311574693769 ], [ 10171317.702195992693305, 2670787.270978388842195 ], [ 10171324.517155781388283, 2670786.772744982037693 ], [ 10171328.682992717251182, 2670787.35104755917564 ], [ 10171338.576457692310214, 2670791.785539273638278 ], [ 10171341.533983983099461, 2670795.237862275913358 ], [ 10171338.148997481912374, 2670804.375349273439497 ], [ 10171335.255983674898744, 2670815.299944033846259 ], [ 10171333.249237099662423, 2670830.654350600671023 ], [ 10171344.375083599239588, 2670835.395079370588064 ], [ 10171362.230856291949749, 2670842.752067883498967 ], [ 10171379.896137535572052, 2670847.573705541435629 ], [ 10171404.477861614897847, 2670840.93442981177941 ], [ 10171487.507702896371484, 2670818.703412774484605 ], [ 10171559.054805917665362, 2670801.289013200905174 ], [ 10171590.980458902195096, 2670792.915316712576896 ], [ 10171596.464894764125347, 2670791.476850777398795 ], [ 10171618.983966462314129, 2670785.249882488511503 ], [ 10171619.961891334503889, 2670784.99587377673015 ], [ 10171673.844060085713863, 2670851.046665841247886 ], [ 10171821.185406103730202, 2671037.534208029508591 ], [ 10171822.474484113976359, 2671037.251658845692873 ], [ 10171855.258564524352551, 2671030.06576755316928 ], [ 10171807.996699532493949, 2670890.781324211973697 ], [ 10171762.64352304674685, 2670754.346732267644256 ], [ 10171800.410067876800895, 2670731.226113402750343 ], [ 10171822.181538768112659, 2670740.311233244370669 ], [ 10171850.704616015776992, 2670752.070663508493453 ], [ 10171877.600874040275812, 2670759.108632127288729 ], [ 10171907.020685667172074, 2670765.559312856756151 ], [ 10171938.049272201955318, 2670772.34917253209278 ], [ 10171969.771146342158318, 2670780.174056611955166 ], [ 10172048.897371573373675, 2670797.630288695450872 ], [ 10172081.456922732293606, 2670813.639667296316475 ], [ 10172088.871994620189071, 2670817.103619152214378 ], [ 10172140.467872994020581, 2670841.206688343547285 ], [ 10172180.419968681409955, 2670859.870123081840575 ], [ 10172195.146574856713414, 2670866.844862229656428 ], [ 10172203.386441940441728, 2670853.014404732268304 ], [ 10172227.393702454864979, 2670864.770347864367068 ], [ 10172250.311300532892346, 2670825.1717609455809 ], [ 10172286.889680922031403, 2670815.378261784091592 ], [ 10172282.891547299921513, 2670815.259706070180982 ], [ 10172279.777180429548025, 2670811.813056862913072 ], [ 10172274.711107024922967, 2670813.064460108056664 ], [ 10172269.728165244683623, 2670800.999526769388467 ], [ 10172267.843261772766709, 2670794.901802390348166 ], [ 10172267.189144814386964, 2670791.140894494019449 ], [ 10172277.086951483041048, 2670788.422843676526099 ], [ 10172287.293178865686059, 2670786.484264886006713 ], [ 10172298.361954947933555, 2670785.015833803452551 ], [ 10172305.041985038667917, 2670782.785322019364685 ], [ 10172310.533016212284565, 2670780.44119370309636 ], [ 10172311.10983800329268, 2670780.194975987076759 ], [ 10172317.504891155287623, 2670776.181315203662962 ], [ 10172321.486827958375216, 2670772.568076435942203 ], [ 10172323.565579164773226, 2670770.246465346775949 ], [ 10172323.2741679251194, 2670764.791984100826085 ], [ 10172323.20726303011179, 2670763.539615773130208 ], [ 10172323.152564527466893, 2670750.392735142726451 ], [ 10172330.919781820848584, 2670740.672644969075918 ], [ 10172340.070885954424739, 2670732.446162418927997 ], [ 10172349.350253064185381, 2670727.44812765577808 ], [ 10172358.988009553402662, 2670725.79296519048512 ], [ 10172366.938453864306211, 2670732.563762899953872 ], [ 10172373.747530043125153, 2670740.953895364888012 ], [ 10172383.302167350426316, 2670746.91062019765377 ], [ 10172390.788638278841972, 2670752.530041593126953 ], [ 10172398.527349146082997, 2670763.568812311161309 ], [ 10172392.811492284759879, 2670769.589732742868364 ], [ 10172379.761879608035088, 2670779.101456975098699 ], [ 10172391.689797712489963, 2670789.20683389948681 ], [ 10172402.825487550348043, 2670799.655512737110257 ], [ 10172398.062904750928283, 2670801.2364361891523 ], [ 10172397.786831345409155, 2670801.430124127306044 ], [ 10172422.212366295978427, 2670805.152595903724432 ], [ 10172436.310419110581279, 2670796.886736578773707 ], [ 10172452.807925032451749, 2670797.287664058618248 ], [ 10172471.309289146214724, 2670790.944539540912956 ], [ 10172485.813516672700644, 2670784.429587756749243 ], [ 10172487.35675572603941, 2670784.984993303194642 ], [ 10172500.065801260992885, 2670787.994718273170292 ], [ 10172506.388810342177749, 2670785.937025782652199 ], [ 10172514.734740054234862, 2670784.037208104971796 ], [ 10172522.250381298363209, 2670781.774595709051937 ], [ 10172526.246446181088686, 2670780.172190076205879 ], [ 10172535.171316381543875, 2670780.968587407376617 ], [ 10172551.533641435205936, 2670779.516492731869221 ], [ 10172563.11868049018085, 2670776.215782360173762 ], [ 10172564.56094765663147, 2670776.501655600965023 ], [ 10172572.124864347279072, 2670777.868327078875154 ], [ 10172579.586391050368547, 2670778.536063929088414 ], [ 10172587.145688148215413, 2670778.803760156501085 ], [ 10172594.704851739108562, 2670779.038286766037345 ], [ 10172602.231195252388716, 2670779.339495162013918 ], [ 10172615.73272698931396, 2670781.613298403564841 ], [ 10172626.346864897757769, 2670775.142132254783064 ], [ 10172630.806489799171686, 2670772.237133918330073 ], [ 10172631.354308297857642, 2670771.880278273485601 ], [ 10172631.80965281650424, 2670772.283370623830706 ], [ 10172653.849745431914926, 2670773.300596418790519 ], [ 10172676.699633207172155, 2670755.802784339990467 ], [ 10172690.633137535303831, 2670745.13294342905283 ], [ 10172689.27703477256, 2670743.135713526513427 ], [ 10172688.427137643098831, 2670743.901718509849161 ], [ 10172685.534244228154421, 2670741.984521399252117 ], [ 10172683.689074987545609, 2670738.282993320841342 ], [ 10172679.560815995559096, 2670730.948436488863081 ], [ 10172677.651826800778508, 2670727.867809144314378 ], [ 10172677.027211636304855, 2670725.577240304555744 ], [ 10172677.928492683917284, 2670723.124081157147884 ], [ 10172680.638070460408926, 2670713.922452204395086 ], [ 10172684.530078938230872, 2670702.646235541440547 ], [ 10172686.145626356825233, 2670697.361380903050303 ], [ 10172688.794215779751539, 2670692.788118052762002 ], [ 10172696.355647584423423, 2670681.664882163051516 ], [ 10172705.423672456294298, 2670670.21547923842445 ], [ 10172711.379753416404128, 2670660.976509982254356 ], [ 10172719.648374503478408, 2670649.383109126705676 ], [ 10172728.436498839408159, 2670637.130026053637266 ], [ 10172736.707444788888097, 2670624.733773258514702 ], [ 10172745.589805947616696, 2670612.4337631999515 ], [ 10172754.801733048632741, 2670600.040245121344924 ], [ 10172761.323229247704148, 2670590.519681707024574 ], [ 10172762.230464372783899, 2670586.082762415055186 ], [ 10172764.284339757636189, 2670575.840236321557313 ], [ 10172766.108643082901835, 2670563.707695333752781 ], [ 10172767.560924295336008, 2670550.110018766950816 ], [ 10172767.73254769295454, 2670539.956087972037494 ], [ 10172769.042841762304306, 2670526.641341905109584 ], [ 10172769.266166383400559, 2670514.929121642839164 ], [ 10172770.146990759298205, 2670503.643929787911475 ], [ 10172771.005758058279753, 2670483.99910517083481 ], [ 10172772.598209055140615, 2670455.052327757235616 ], [ 10172774.415309919044375, 2670429.601305850315839 ], [ 10172775.825119540095329, 2670414.492161741945893 ], [ 10172777.345285560935736, 2670409.63216254953295 ], [ 10172777.927148923277855, 2670403.872023577336222 ], [ 10172776.507847977802157, 2670401.780878754332662 ], [ 10172771.739608880132437, 2670396.416704370640218 ], [ 10172767.09106514044106, 2670391.539254236035049 ], [ 10172766.429162798449397, 2670390.139059276785702 ], [ 10172766.675036363303661, 2670388.923966044560075 ], [ 10172767.588382551446557, 2670387.285448312759399 ], [ 10172771.718614468351007, 2670383.224887013435364 ], [ 10172776.761053442955017, 2670377.890510003082454 ], [ 10172777.614344457164407, 2670376.069378192070872 ], [ 10172777.378213422372937, 2670374.062573903705925 ], [ 10172777.648505950346589, 2670364.701457807328552 ], [ 10172778.796353925019503, 2670345.434059941209853 ], [ 10172780.365229658782482, 2670327.140590648632497 ], [ 10172780.758269179612398, 2670315.623992973938584 ], [ 10172755.724979847669601, 2670316.702527055516839 ], [ 10172739.55687884055078, 2670316.248916242737323 ], [ 10172716.84849676117301, 2670315.489657206926495 ], [ 10172694.095241971313953, 2670315.348342451732606 ], [ 10172671.341890500858426, 2670315.159382345154881 ], [ 10172671.319906016811728, 2670315.159216784406453 ], [ 10172671.286267302930355, 2670315.852636110037565 ], [ 10172670.672673858702183, 2670319.810923994518816 ], [ 10172669.130208550021052, 2670327.676020330283791 ], [ 10172667.16793167591095, 2670335.595542382448912 ], [ 10172664.943136600777507, 2670343.51625865092501 ], [ 10172662.661660645157099, 2670350.435211322270334 ], [ 10172661.378175048157573, 2670357.455333176068962 ], [ 10172660.148828169330955, 2670364.844459665473551 ], [ 10172657.819879416376352, 2670372.976609306409955 ], [ 10172655.808854041621089, 2670381.793012390378863 ], [ 10172653.850092858076096, 2670390.556467597838491 ], [ 10172652.474225629121065, 2670400.583325657527894 ], [ 10172642.915153963491321, 2670400.043599784374237 ], [ 10172627.370109437033534, 2670399.529074276797473 ], [ 10172613.18925328925252, 2670398.74503883998841 ], [ 10172599.422727718949318, 2670396.588058186229318 ], [ 10172589.916422614827752, 2670396.100755399093032 ], [ 10172586.542724132537842, 2670392.950433581136167 ], [ 10172575.161186557263136, 2670383.504780773073435 ], [ 10172563.778780771419406, 2670373.848312687128782 ], [ 10172552.133679574355483, 2670364.14005448622629 ], [ 10172537.611436136066914, 2670369.633751169778407 ], [ 10172519.991914326325059, 2670375.298790272325277 ], [ 10172502.945279262959957, 2670379.853653417900205 ], [ 10172501.82428808324039, 2670376.879839844070375 ], [ 10172488.203044867143035, 2670355.805913441348821 ], [ 10172502.296899456530809, 2670347.911806607618928 ], [ 10172521.682595914229751, 2670341.214235075283796 ], [ 10172541.938081445172429, 2670335.296327281743288 ], [ 10172562.194309119135141, 2670329.552540378645062 ], [ 10172564.002264553681016, 2670329.134999435860664 ], [ 10172572.367951039224863, 2670327.202744432725012 ], [ 10172582.54159009642899, 2670324.852942319586873 ], [ 10172591.671285063028336, 2670321.549959444906563 ], [ 10172600.800867533311248, 2670318.246971695218235 ], [ 10172608.588474282994866, 2670315.254356038291007 ], [ 10172609.119392447173595, 2670314.731424930971116 ], [ 10172617.996502265334129, 2670305.98722892254591 ], [ 10172627.230169238522649, 2670296.459591812454164 ], [ 10172627.843021530658007, 2670295.556077461224049 ], [ 10172633.862733857706189, 2670286.681774403899908 ], [ 10172639.538632031530142, 2670276.124608863610774 ], [ 10172643.032726781442761, 2670270.165419344324619 ], [ 10172645.218201953917742, 2670266.437948218546808 ], [ 10172650.547548949718475, 2670255.882205214351416 ], [ 10172655.791227938607335, 2670245.588063023518771 ], [ 10172660.944910727441311, 2670234.510769947431982 ], [ 10172663.599183913320303, 2670226.751991135068238 ], [ 10172663.02937438338995, 2670214.82846790086478 ], [ 10172663.450170051306486, 2670204.032230996061116 ], [ 10172700.924710597842932, 2670202.733068034052849 ], [ 10172739.83350613899529, 2670201.120602342300117 ], [ 10172761.916688079014421, 2670202.830807771999389 ], [ 10172787.64378422126174, 2670201.905957223847508 ], [ 10172788.198735594749451, 2670192.778800392057747 ], [ 10172777.176865572109818, 2670193.300755372736603 ], [ 10172768.679315965622663, 2670193.954673321917653 ], [ 10172766.245448637753725, 2670194.07752291765064 ], [ 10172761.70030271448195, 2670184.336921700742096 ], [ 10172756.304969077929854, 2670174.153170579113066 ], [ 10172755.479278296232224, 2670172.580515382345766 ], [ 10172757.191680496558547, 2670171.54736389964819 ], [ 10172773.077893868088722, 2670162.389318915084004 ], [ 10172772.724316149950027, 2670158.270442167297006 ], [ 10172768.521982729434967, 2670135.22227613767609 ], [ 10172765.558773867785931, 2670119.469191761221737 ], [ 10172763.720760513097048, 2670110.78376279072836 ], [ 10172762.668340323492885, 2670101.873332374263555 ], [ 10172764.126339975744486, 2670095.498325770255178 ], [ 10172759.732344349846244, 2670081.281532284803689 ], [ 10172749.774176668375731, 2670043.21499955188483 ], [ 10172740.175033278763294, 2670005.390369509812444 ], [ 10172730.693612655624747, 2669968.288397938944399 ], [ 10172725.832323556765914, 2669949.977765307761729 ], [ 10172720.849680380895734, 2669932.148322616238147 ], [ 10172715.626877391710877, 2669914.438573521096259 ], [ 10172710.404085846617818, 2669896.72873257426545 ], [ 10172706.135544236749411, 2669880.707009682431817 ], [ 10172699.655264023691416, 2669855.981426146347076 ], [ 10172694.922233344987035, 2669839.446103734429926 ], [ 10172688.843382881954312, 2669818.293986429460347 ], [ 10172685.970075329765677, 2669807.035931828897446 ], [ 10172679.238643461838365, 2669784.563958258368075 ], [ 10172674.411365928128362, 2669768.216608251444995 ], [ 10172669.538596548140049, 2669751.398517952300608 ], [ 10172664.196763748303056, 2669734.626091451384127 ], [ 10172660.66654179058969, 2669723.554340649861842 ], [ 10172657.232482854276896, 2669711.68275741674006 ], [ 10172651.936294896528125, 2669695.334058031905442 ], [ 10172647.989427963271737, 2669682.472517891786993 ], [ 10172643.528460528701544, 2669669.044691272545606 ], [ 10172637.785812370479107, 2669649.443778610788286 ], [ 10172635.130503170192242, 2669649.802123909350485 ], [ 10172628.681374682113528, 2669651.820224430877715 ], [ 10172621.539793653413653, 2669654.596029374282807 ], [ 10172607.336088767275214, 2669654.024525878950953 ], [ 10172605.445464551448822, 2669653.852235289290547 ], [ 10172607.861641632393003, 2669646.527977138757706 ], [ 10172611.174446348100901, 2669639.906275494489819 ], [ 10172612.934589626267552, 2669636.585347425658256 ], [ 10172612.885727796703577, 2669634.300778286997229 ], [ 10172602.781916383653879, 2669631.242094193119556 ], [ 10172580.98711621016264, 2669620.084632257465273 ], [ 10172567.936335891485214, 2669613.687718540430069 ], [ 10172565.820241337642074, 2669612.731732011307031 ], [ 10172542.978134615346789, 2669624.267110862303525 ], [ 10172525.354073287919164, 2669632.734914264176041 ], [ 10172506.430830076336861, 2669640.48838566429913 ], [ 10172484.443479131907225, 2669648.001402815338224 ], [ 10172484.530136147513986, 2669651.512132966890931 ], [ 10172483.982020469382405, 2669658.355640788562596 ], [ 10172483.543921802192926, 2669665.633075828664005 ], [ 10172484.261232418939471, 2669673.448578847106546 ], [ 10172485.520846219733357, 2669681.696163205429912 ], [ 10172486.664913160726428, 2669688.170575722586364 ], [ 10172488.173724260181189, 2669695.657029974274337 ], [ 10172490.331073850393295, 2669703.140662171877921 ], [ 10172492.736520877107978, 2669709.609887750819325 ], [ 10172495.284227533265948, 2669715.643975697923452 ], [ 10172497.468634249642491, 2669720.955744652077556 ], [ 10172499.65415882691741, 2669726.557124689221382 ], [ 10172502.420934004709125, 2669733.241917044855654 ], [ 10172505.223139870911837, 2669739.817898817360401 ], [ 10172507.518436474725604, 2669745.780753538478166 ], [ 10172504.898399466648698, 2669748.361789441667497 ], [ 10172497.000387404114008, 2669755.59826071979478 ], [ 10172493.295798715204, 2669748.70025248778984 ], [ 10172490.099692480638623, 2669742.741215311922133 ], [ 10172487.009444558992982, 2669736.238808633759618 ], [ 10172484.063546435907483, 2669729.808135900646448 ], [ 10172481.154521813616157, 2669723.558262909762561 ], [ 10172477.993710111826658, 2669717.418182098306715 ], [ 10172474.942323481664062, 2669711.603233152534813 ], [ 10172472.250655986368656, 2669705.605878208298236 ], [ 10172469.595266077667475, 2669699.680745990015566 ], [ 10172467.516727635636926, 2669693.825610778294504 ], [ 10172465.224514607340097, 2669688.586792617570609 ], [ 10172462.932664019986987, 2669683.420214084908366 ], [ 10172460.642165264114738, 2669678.579474360216409 ], [ 10172458.494412139058113, 2669673.412392348516732 ], [ 10172456.454479698091745, 2669668.172475361730903 ], [ 10172454.378885602578521, 2669663.005033928900957 ], [ 10172452.305507097393274, 2669658.380582626909018 ], [ 10172448.136021824553609, 2669660.968128080945462 ], [ 10172443.81350920535624, 2669661.456898032221943 ], [ 10172439.272388696670532, 2669661.331198862753808 ], [ 10172434.767669394612312, 2669661.313947676680982 ], [ 10172431.333187209442258, 2669658.686096338555217 ], [ 10172426.314109977334738, 2669656.318171567749232 ], [ 10172422.327925311401486, 2669659.665109027177095 ], [ 10172416.619543889537454, 2669664.829097588080913 ], [ 10172410.625073177739978, 2669670.537304635159671 ], [ 10172404.522653229534626, 2669676.282009487506002 ], [ 10172398.421091742813587, 2669682.244084847625345 ], [ 10172395.285938583314419, 2669682.257265064399689 ], [ 10172394.226945504546165, 2669678.895400306675583 ], [ 10172393.188540341332555, 2669671.841388415545225 ], [ 10172394.430933326482773, 2669667.311472810339183 ], [ 10172396.594562405720353, 2669658.977132469415665 ], [ 10172398.830488283187151, 2669650.714781109243631 ], [ 10172412.723461385816336, 2669646.529838562011719 ], [ 10172428.270026268437505, 2669641.396912419702858 ], [ 10172443.457695856690407, 2669636.591074041556567 ], [ 10172458.467939238995314, 2669632.437637694180012 ], [ 10172473.227990308776498, 2669628.791942639742047 ], [ 10172488.956458643078804, 2669624.056295188609511 ], [ 10172504.35801986977458, 2669618.706656788475811 ], [ 10172518.753161886706948, 2669613.976541791576892 ], [ 10172542.644940251484513, 2669602.100656329654157 ], [ 10172541.495937971398234, 2669601.569181577302516 ], [ 10172499.583878992125392, 2669581.558607022743672 ], [ 10172464.540451493114233, 2669564.517312190495431 ], [ 10172419.125268436968327, 2669543.49678426515311 ], [ 10172397.194796722382307, 2669532.977533758152276 ], [ 10172350.489585153758526, 2669510.636974181514233 ], [ 10172312.070855861529708, 2669493.003269820474088 ], [ 10172276.587994582951069, 2669476.106643986422569 ], [ 10172251.328014327213168, 2669463.292272117454559 ], [ 10172227.952258663251996, 2669452.823186363559216 ], [ 10172224.760655971243978, 2669451.176394902169704 ], [ 10172226.614685006439686, 2669442.8557273093611 ], [ 10172228.616572441533208, 2669428.831520973704755 ], [ 10172230.969589713960886, 2669406.678823352325708 ], [ 10172233.165471345186234, 2669393.310963204596192 ], [ 10172233.630003705620766, 2669388.426597795449197 ], [ 10172234.312377646565437, 2669381.251054080203176 ], [ 10172234.175988916307688, 2669361.582169098779559 ], [ 10172233.659194625914097, 2669338.17499962542206 ], [ 10172234.331400422379375, 2669310.313440659083426 ], [ 10172233.52466987632215, 2669296.34635051060468 ], [ 10172233.112272249534726, 2669281.593797164037824 ], [ 10172233.358671240508556, 2669264.941958891227841 ], [ 10172233.554702559486032, 2669243.372857247944921 ], [ 10172232.895663768053055, 2669223.768020689021796 ], [ 10172232.8885901812464, 2669204.55857053026557 ], [ 10172232.686846725642681, 2669184.955287845805287 ], [ 10172232.679329665377736, 2669165.876999550033361 ], [ 10172232.407684160396457, 2669147.781323338858783 ], [ 10172231.874134359881282, 2669129.881558198481798 ], [ 10172232.181053284555674, 2669114.803544917609543 ], [ 10172232.147062, 2669104.444879316259176 ], [ 10172231.642898151651025, 2669098.411758730188012 ], [ 10172231.658772479742765, 2669093.166901845950633 ], [ 10172230.909068802371621, 2669068.958805325906724 ], [ 10172231.278317781165242, 2669040.10337020130828 ], [ 10172231.171970741823316, 2669029.824460901785642 ], [ 10172231.028650870546699, 2669007.624494236428291 ], [ 10172230.88079634681344, 2668986.904472360387444 ], [ 10172231.122252529487014, 2668976.756952528376132 ], [ 10172230.576011417433619, 2668955.897384301293641 ], [ 10172230.197363758459687, 2668944.941780507564545 ], [ 10172231.020917853340507, 2668931.385576158296317 ], [ 10172231.493236077949405, 2668925.021009583491832 ], [ 10172228.921176053583622, 2668917.655050777830184 ], [ 10172226.554384475573897, 2668910.537736753001809 ], [ 10172221.190395655110478, 2668900.434909463860095 ], [ 10172217.177056593820453, 2668893.064476748462766 ], [ 10172211.383907560259104, 2668888.706311231479049 ], [ 10172202.507058940827847, 2668882.767790551297367 ], [ 10172192.849243957549334, 2668876.330918270163238 ], [ 10172187.80437777377665, 2668873.857025559060276 ], [ 10172175.239251174032688, 2668852.168051549233496 ], [ 10172163.401370903477073, 2668830.933529057074338 ], [ 10172162.08971431478858, 2668818.564308716449887 ], [ 10172161.708931624889374, 2668802.710268244612962 ], [ 10172159.709352366626263, 2668779.744191605132073 ], [ 10172158.778026791289449, 2668755.834322378970683 ], [ 10172157.997245594859123, 2668744.481843403540552 ], [ 10172157.718447223305702, 2668740.428404927253723 ], [ 10172156.41557346470654, 2668724.198087969794869 ], [ 10172153.812893958762288, 2668690.666820779442787 ], [ 10172153.603750761598349, 2668685.332973405253142 ], [ 10172144.700404230505228, 2668684.025541179813445 ], [ 10172140.20992299169302, 2668683.440563131123781 ], [ 10172139.607939099892974, 2668666.770507137291133 ], [ 10172139.101712891831994, 2668655.641735139302909 ], [ 10172137.468702359125018, 2668644.134339492302388 ], [ 10172138.432781269773841, 2668629.56650999840349 ], [ 10172137.6303132455796, 2668628.58447997784242 ], [ 10172133.445482401177287, 2668623.463315395172685 ], [ 10172132.268414540216327, 2668622.02284409571439 ], [ 10172130.984569078311324, 2668618.886928516440094 ], [ 10172131.995435738936067, 2668611.776708730496466 ], [ 10172134.357336029410362, 2668607.18849198333919 ], [ 10172134.276979953050613, 2668604.224013174884021 ], [ 10172134.157231606543064, 2668599.810514020267874 ], [ 10172130.249944830313325, 2668585.903101348783821 ], [ 10172129.018895288929343, 2668579.653234663885087 ], [ 10172126.97067286260426, 2668570.086118855047971 ], [ 10172127.072331657633185, 2668563.989748825784773 ], [ 10172126.63955863751471, 2668555.336506936233491 ], [ 10172130.014076175168157, 2668551.253704400267452 ], [ 10172135.095447648316622, 2668546.509900071658194 ], [ 10172142.342660911381245, 2668540.264991543255746 ], [ 10172146.2874312736094, 2668534.725227664690465 ], [ 10172149.951614616438746, 2668525.449786958750337 ], [ 10172149.526111757382751, 2668521.529981482774019 ], [ 10172147.158407982438803, 2668512.632413102313876 ], [ 10172143.775468681007624, 2668496.329421415925026 ], [ 10172142.287105482071638, 2668476.723989913240075 ], [ 10172141.461678370833397, 2668464.795046033337712 ], [ 10172140.450966579839587, 2668455.619199512060732 ], [ 10172140.348809026181698, 2668454.287679793313146 ], [ 10172139.571584770455956, 2668444.151211496908218 ], [ 10172138.796651946380734, 2668440.487820954062045 ], [ 10172135.221480013802648, 2668430.60285284742713 ], [ 10172131.174255609512329, 2668419.730816221330315 ], [ 10172130.053252598270774, 2668416.456587768625468 ], [ 10172124.936136266216636, 2668412.378030637744814 ], [ 10172117.877257395535707, 2668406.736219087615609 ], [ 10172114.734766812995076, 2668404.224501708522439 ], [ 10172106.283998617902398, 2668398.601196877192706 ], [ 10172108.989642322063446, 2668393.631651611533016 ], [ 10172114.812855856493115, 2668385.551950838882476 ], [ 10172116.786654686555266, 2668382.798244453500956 ], [ 10172118.19215720333159, 2668383.203747899271548 ], [ 10172121.842114580795169, 2668384.256709922570735 ], [ 10172130.361717125400901, 2668387.897312420420349 ], [ 10172134.024279776960611, 2668389.043330112472177 ], [ 10172133.955961203202605, 2668381.580426248721778 ], [ 10172133.904697386547923, 2668370.679239343851805 ], [ 10172133.655808724462986, 2668360.843838917091489 ], [ 10172132.32601623237133, 2668344.350510376505554 ], [ 10172131.160040512681007, 2668328.95050375116989 ], [ 10172130.454381048679352, 2668317.7693514470011 ], [ 10172130.452443646267056, 2668304.642517771106213 ], [ 10172130.313617108389735, 2668290.702630691230297 ], [ 10172130.287443570792675, 2668276.37091917404905 ], [ 10172130.484210733324289, 2668262.095939498394728 ], [ 10172130.822419438511133, 2668233.34964708564803 ], [ 10172131.213703364133835, 2668223.824387191329151 ], [ 10172131.119258904829621, 2668213.639263791497797 ], [ 10172139.137766635045409, 2668197.977470558602363 ], [ 10172146.647411812096834, 2668185.169128170702606 ], [ 10172157.075055988505483, 2668164.279700047336519 ], [ 10172168.10001908801496, 2668143.039545533712953 ], [ 10172176.00019421055913, 2668128.64623397262767 ], [ 10172187.48218241892755, 2668107.055004107300192 ], [ 10172199.665685242041945, 2668085.430692438501865 ], [ 10172207.601492198184133, 2668070.825960163492709 ], [ 10172218.944224720820785, 2668048.846679377369583 ], [ 10172223.140189565718174, 2668041.527346373535693 ], [ 10172223.906085817143321, 2668034.989544851705432 ], [ 10172223.053301451727748, 2668017.468831597827375 ], [ 10172222.527032047510147, 2668003.855413023848087 ], [ 10172222.670490665361285, 2667992.315853894688189 ], [ 10172222.089813571423292, 2667974.603493822272867 ], [ 10172222.40881865285337, 2667961.263260951731354 ], [ 10172222.517039231956005, 2667940.878571992740035 ], [ 10172222.470359671860933, 2667920.555670202244073 ], [ 10172222.36133604682982, 2667900.356955094728619 ], [ 10172222.376494912430644, 2667880.065343454480171 ], [ 10172221.400926806032658, 2667859.95735735213384 ], [ 10172221.10469407401979, 2667840.286820630542934 ], [ 10172220.685160914435983, 2667820.49155855551362 ], [ 10172220.817753493785858, 2667817.568701040465385 ], [ 10172217.398059645667672, 2667806.359891474246979 ], [ 10172211.118262453004718, 2667790.589348007924855 ], [ 10172205.211280690506101, 2667774.353574115317315 ], [ 10172198.378877259790897, 2667757.150953480042517 ], [ 10172196.14772248826921, 2667751.065392422955483 ], [ 10172176.985826356336474, 2667747.77276996197179 ], [ 10171995.437108535319567, 2667743.232576922047883 ], [ 10171994.186123298481107, 2667743.191687760874629 ], [ 10171999.072025960311294, 2667690.899651977233589 ], [ 10171999.337912743911147, 2667672.835011355578899 ], [ 10172012.787486109882593, 2667663.678467642515898 ], [ 10172028.074531797319651, 2667654.103702888824046 ], [ 10172043.974907580763102, 2667644.594865711871535 ], [ 10172056.14612103253603, 2667639.275347744114697 ], [ 10172070.816950498148799, 2667628.950523076113313 ], [ 10172086.374221689999104, 2667618.827158643864095 ], [ 10172103.228111008182168, 2667609.314291622955352 ], [ 10172119.808456318452954, 2667599.528755418490618 ], [ 10172135.363996835425496, 2667588.994969626888633 ], [ 10172150.918517967686057, 2667578.255869897548109 ], [ 10172167.221454542130232, 2667567.308247586712241 ], [ 10172178.499445410445333, 2667561.371979628223926 ], [ 10172176.198259169235826, 2667560.228341455571353 ], [ 10172166.861314626410604, 2667555.265931234229356 ], [ 10172158.360536575317383, 2667551.153478456195444 ], [ 10172156.721374463289976, 2667550.360539540182799 ], [ 10172145.192136630415916, 2667546.106421378906816 ], [ 10172130.557546967640519, 2667541.865395083557814 ], [ 10172115.22530166991055, 2667550.158141023479402 ], [ 10172099.841231117025018, 2667558.881483558565378 ], [ 10172084.831916391849518, 2667567.603158554062247 ], [ 10172076.698642088100314, 2667555.91292782034725 ], [ 10172087.63135239854455, 2667545.433575472328812 ], [ 10172099.260647874325514, 2667535.058893142733723 ], [ 10172111.266131684184074, 2667525.05901466216892 ], [ 10172118.202862376347184, 2667519.329142 ], [ 10172113.027244625613093, 2667510.745942753739655 ], [ 10172107.316921832039952, 2667502.326284194365144 ], [ 10172101.605820540338755, 2667493.745208085048944 ], [ 10172090.933203969150782, 2667476.526344204787165 ], [ 10172086.504937810823321, 2667467.40218122722581 ], [ 10172081.100147783756256, 2667455.216552369762212 ], [ 10172093.069990199059248, 2667449.519430228043348 ], [ 10172100.977501820772886, 2667458.413897317368537 ], [ 10172108.091784114018083, 2667469.67800535261631 ], [ 10172110.850229389965534, 2667476.389057757332921 ], [ 10172113.931071247905493, 2667483.367640683427453 ], [ 10172122.660806627944112, 2667496.83001434803009 ], [ 10172127.775449940934777, 2667503.638760944828391 ], [ 10172134.184789136052132, 2667512.754590042401105 ], [ 10172143.999787863343954, 2667516.8008385412395 ], [ 10172155.101560510694981, 2667521.271842658519745 ], [ 10172166.471330959349871, 2667525.795514259953052 ], [ 10172170.651272762566805, 2667527.439526990056038 ], [ 10172178.377171812579036, 2667530.478259859606624 ], [ 10172195.965789318084717, 2667536.911861399654299 ], [ 10172216.403092492371798, 2667534.532892392016947 ], [ 10172232.40770005621016, 2667533.781499683856964 ], [ 10172248.889780515804887, 2667533.164833098649979 ], [ 10172258.727492716163397, 2667531.2135373018682 ], [ 10172259.49974824860692, 2667523.957177272066474 ], [ 10172259.639891507104039, 2667513.791587110608816 ], [ 10172261.270079120993614, 2667499.305589651688933 ], [ 10172261.849880076944828, 2667491.945768831763417 ], [ 10172258.366750551387668, 2667478.613207510206848 ], [ 10172255.210726724937558, 2667464.854809110052884 ], [ 10172254.711954012513161, 2667457.829616047907621 ], [ 10172258.617371633648872, 2667448.522108859848231 ], [ 10172263.091598566621542, 2667440.485632029362023 ], [ 10172271.597473127767444, 2667442.241976719815284 ], [ 10172270.738935535773635, 2667450.310528881382197 ], [ 10172268.75738718546927, 2667459.326970299240202 ], [ 10172280.899025117978454, 2667465.973066040314734 ], [ 10172281.801099816337228, 2667468.374656076543033 ], [ 10172284.136531194671988, 2667476.712665803730488 ], [ 10172284.675046844407916, 2667493.311853056307882 ], [ 10172284.68190067447722, 2667493.440786152612418 ], [ 10172289.056891959160566, 2667490.320101047400385 ], [ 10172295.138657948002219, 2667485.795915324240923 ], [ 10172295.855543622747064, 2667491.570828660856932 ], [ 10172310.727783566340804, 2667488.797025843523443 ], [ 10172313.135942570865154, 2667484.118819418828934 ], [ 10172319.943785715848207, 2667470.969235481694341 ], [ 10172327.243802541866899, 2667457.389310385100543 ], [ 10172333.47565957531333, 2667444.238042071461678 ], [ 10172345.008962551131845, 2667422.003040244802833 ], [ 10172350.631022455170751, 2667411.962894931435585 ], [ 10172363.430367378517985, 2667387.53929911646992 ], [ 10172371.50606126524508, 2667372.288261785171926 ], [ 10172371.922061257064342, 2667371.476008787285537 ], [ 10172378.37913528457284, 2667358.867291521281004 ], [ 10172379.484852327033877, 2667356.667642566375434 ], [ 10172384.820616191253066, 2667346.053022461943328 ], [ 10172391.63849482126534, 2667333.619465708266944 ], [ 10172387.150368634611368, 2667321.875551833305508 ], [ 10172381.921944068744779, 2667309.714768225792795 ], [ 10172378.411643771454692, 2667303.074016483034939 ], [ 10172373.348969561979175, 2667289.494522928260267 ], [ 10172374.998564895242453, 2667284.329401803202927 ], [ 10172378.547740742564201, 2667265.240240116138011 ], [ 10172381.414146587252617, 2667260.017076542600989 ], [ 10172387.238909408450127, 2667243.565894948784262 ], [ 10172396.518208799883723, 2667221.631426080595702 ], [ 10172405.912205183878541, 2667195.30985115468502 ], [ 10172416.273593021556735, 2667168.021977640222758 ], [ 10172423.623107248917222, 2667146.336747308727354 ], [ 10172429.227780917659402, 2667133.912141184788197 ], [ 10172433.555765287950635, 2667122.715613414067775 ], [ 10172439.646285284310579, 2667108.443172371480614 ], [ 10172433.147370768710971, 2667110.488561159465462 ], [ 10172424.498135911300778, 2667115.078667379915714 ], [ 10172416.397094840183854, 2667120.65934482216835 ], [ 10172410.006342235952616, 2667125.404068851843476 ], [ 10172407.610688151791692, 2667129.303163816221058 ], [ 10172394.381934341043234, 2667153.330256105400622 ], [ 10172386.942882219329476, 2667165.474820233881474 ], [ 10172369.464384458959103, 2667159.683032055385411 ], [ 10172372.157508859410882, 2667151.00113783031702 ], [ 10172380.390214715152979, 2667131.33037132397294 ], [ 10172385.952809417620301, 2667110.586998438462615 ], [ 10172387.685354800894856, 2667099.869172647129744 ], [ 10172381.009615419432521, 2667097.155818236991763 ], [ 10172369.876824798062444, 2667091.018669734708965 ], [ 10172360.139709049835801, 2667084.748090783599764 ], [ 10172350.802315989509225, 2667083.00228173751384 ], [ 10172339.183546049520373, 2667080.775992956478149 ], [ 10172338.58699650876224, 2667083.142592668533325 ], [ 10172326.960086708888412, 2667098.50338961975649 ], [ 10172314.073353037238121, 2667114.099736069329083 ], [ 10172304.517277358099818, 2667103.778469438198954 ], [ 10172312.146181641146541, 2667091.658115398604423 ], [ 10172322.390996543690562, 2667074.691353651229292 ], [ 10172329.200363755226135, 2667058.429821827914566 ], [ 10172315.635646859183908, 2667048.816171704325825 ], [ 10172300.689425073564053, 2667037.711769977584481 ], [ 10172306.035127051174641, 2667027.788365819957107 ], [ 10172324.746332546696067, 2667034.732388397213072 ], [ 10172346.545436598360538, 2667044.992263870313764 ], [ 10172348.748030746355653, 2667046.029000016395003 ], [ 10172372.974125400185585, 2667056.173283871263266 ], [ 10172396.966750450432301, 2667065.28235876141116 ], [ 10172425.635038262233138, 2667068.730603981297463 ], [ 10172448.335306689143181, 2667070.246673014946282 ], [ 10172453.620065404102206, 2667070.085781875997782 ], [ 10172459.210326796397567, 2667056.157576496247202 ], [ 10172460.608025768771768, 2667052.729559537023306 ], [ 10172462.963911913335323, 2667046.951081318315119 ], [ 10172464.127190506085753, 2667038.897175825666636 ], [ 10172545.357828868553042, 2667041.04370346525684 ], [ 10172546.616496900096536, 2667034.581957603804767 ], [ 10172546.835003145039082, 2667033.459954430349171 ], [ 10172546.862227786332369, 2667005.862950415350497 ], [ 10172546.943097801879048, 2666991.134734771214426 ], [ 10172531.423500075936317, 2666990.413826005998999 ], [ 10172529.821025447919965, 2666981.626783625688404 ], [ 10172529.385353421792388, 2666979.683571171481162 ], [ 10172527.355054326355457, 2666970.627002217806876 ], [ 10172525.53029633872211, 2666959.767628470435739 ], [ 10172524.489697923883796, 2666949.190852233674377 ], [ 10172535.118883511051536, 2666937.850004313047975 ], [ 10172523.269529549404979, 2666929.678159504197538 ], [ 10172523.218518048524857, 2666917.452823596075177 ], [ 10172539.025429531931877, 2666918.816071222536266 ], [ 10172549.316393632441759, 2666928.781774782575667 ], [ 10172549.98529963940382, 2666935.570904385764152 ], [ 10172550.742745041847229, 2666946.506321908440441 ], [ 10172551.286588063463569, 2666957.442623195238411 ], [ 10172561.052600927650928, 2666960.976098879706115 ], [ 10172572.629382034763694, 2666954.993146251887083 ], [ 10172578.215763485059142, 2666963.26288588764146 ], [ 10172582.888098582625389, 2666974.253299538046122 ], [ 10172583.215486878529191, 2666984.475675038062036 ], [ 10172584.623114924877882, 2666997.696095581166446 ], [ 10172586.737667938694358, 2667009.769727281294763 ], [ 10172588.779567727819085, 2667021.486212415620685 ], [ 10172593.758144102990627, 2667041.002372524235398 ], [ 10172597.20914251729846, 2667038.218240892980248 ], [ 10172597.053853027522564, 2667036.456084845587611 ], [ 10172596.363759703934193, 2667032.403119015973061 ], [ 10172596.042194565758109, 2667030.514800635166466 ], [ 10172606.014983505010605, 2667022.075642561074346 ], [ 10172612.580435182899237, 2667014.684904005378485 ], [ 10172617.869061062112451, 2667016.304001317825168 ], [ 10172621.141942737624049, 2667017.305894991848618 ], [ 10172622.62102796882391, 2667017.918882095254958 ], [ 10172630.759831001982093, 2667011.469225474633276 ], [ 10172634.296029502525926, 2667007.516020196024328 ], [ 10172642.424282565712929, 2666998.428899565245956 ], [ 10172658.80553175508976, 2666986.441744898445904 ], [ 10172684.097757492214441, 2666954.967143144924194 ], [ 10172714.115695811808109, 2666916.775617216713727 ], [ 10172721.150676172226667, 2666907.792527476791292 ], [ 10172748.719489179551601, 2666874.187769160605967 ], [ 10172758.17693829536438, 2666862.261555563192815 ], [ 10172753.852394320070744, 2666859.229364574886858 ], [ 10172738.110302228480577, 2666846.867088478524238 ], [ 10172722.261639591306448, 2666839.502491708379239 ], [ 10172719.003957336768508, 2666853.610872167162597 ], [ 10172715.702239161357284, 2666865.153744098730385 ], [ 10172711.334667265415192, 2666880.423016508575529 ], [ 10172707.534079408273101, 2666886.717595675960183 ], [ 10172695.512828171253204, 2666879.464911199640483 ], [ 10172704.493605069816113, 2666861.232056706678122 ], [ 10172707.214115265756845, 2666840.719354209955782 ], [ 10172710.065983206033707, 2666821.103035760112107 ], [ 10172710.236437080428004, 2666800.857466585934162 ], [ 10172709.943313390016556, 2666761.265952910296619 ], [ 10172710.134782524779439, 2666750.737538576126099 ], [ 10172710.150698985904455, 2666749.86136553902179 ], [ 10172704.976991802453995, 2666732.841754370834678 ], [ 10172699.922824941575527, 2666713.899656857829541 ], [ 10172655.280520329251885, 2666714.985350194387138 ], [ 10172648.678553886711597, 2666691.949671853799373 ], [ 10172630.72044281475246, 2666698.688447227235883 ], [ 10172620.914415126666427, 2666702.573817061726004 ], [ 10172613.752342039719224, 2666698.119438964407891 ], [ 10172613.451102524995804, 2666687.101420905441046 ], [ 10172643.251952407881618, 2666675.44367041811347 ], [ 10172637.726735051721334, 2666665.857260645367205 ], [ 10172634.503538472577929, 2666659.636895353440195 ], [ 10172633.354315467178822, 2666657.41909353621304 ], [ 10172625.614619815722108, 2666649.972420505713671 ], [ 10172615.896137278527021, 2666646.342656897380948 ], [ 10172607.123632181435823, 2666642.89881780045107 ], [ 10172605.352340955287218, 2666641.197470768820494 ], [ 10172602.991924144327641, 2666634.245691566262394 ], [ 10172597.891371807083488, 2666619.900496535934508 ], [ 10172592.774954408407211, 2666601.758161915000528 ], [ 10172606.847778163850307, 2666591.952078241854906 ], [ 10172613.070225, 2666588.255116507876664 ], [ 10172619.292560487985611, 2666584.558043458033353 ], [ 10172630.590497927740216, 2666574.13085630023852 ], [ 10172657.35236599855125, 2666559.839419373311102 ], [ 10172655.897857002913952, 2666558.039860437624156 ], [ 10172644.229865493252873, 2666543.317866575904191 ], [ 10172633.26360153593123, 2666529.464130457490683 ], [ 10172635.96617553755641, 2666525.306140183005482 ], [ 10172644.422407936304808, 2666513.566347864456475 ], [ 10172654.910673065111041, 2666497.550539595540613 ], [ 10172670.51469374448061, 2666476.590859229676425 ], [ 10172686.576716661453247, 2666454.397779244463891 ], [ 10172707.942365737631917, 2666424.881565435789526 ], [ 10172723.446248291060328, 2666402.496361916419119 ], [ 10172711.867169292643666, 2666401.704931635875255 ], [ 10172687.077492410317063, 2666396.677345042582601 ], [ 10172684.021824944764376, 2666398.43256364390254 ], [ 10172676.530635168775916, 2666406.318379418924451 ], [ 10172671.179808700457215, 2666414.777476384304464 ], [ 10172664.951853318139911, 2666413.611615323927253 ], [ 10172656.117732847109437, 2666425.547246588859707 ], [ 10172651.647801853716373, 2666430.861419909168035 ], [ 10172648.531497489660978, 2666434.566283512860537 ], [ 10172647.293639089912176, 2666439.887825177516788 ], [ 10172643.605334272608161, 2666446.865125024691224 ], [ 10172640.336858613416553, 2666448.77759425714612 ], [ 10172632.943358605727553, 2666458.681861349847168 ], [ 10172612.66425515152514, 2666475.982058180961758 ], [ 10172602.613340681418777, 2666468.176758719142526 ], [ 10172589.883727300912142, 2666467.660905664321035 ], [ 10172569.597153620794415, 2666468.126354388426989 ], [ 10172567.538395626470447, 2666457.945617749821395 ], [ 10172565.050749542191625, 2666450.677883485797793 ], [ 10172566.934354573488235, 2666449.087660688441247 ], [ 10172581.725538076832891, 2666445.354529418051243 ], [ 10172596.645364398136735, 2666442.253665548283607 ], [ 10172601.398157149553299, 2666433.689533294644207 ], [ 10172607.524134505540133, 2666422.018615923821926 ], [ 10172603.637926854193211, 2666411.782253452111036 ], [ 10172600.577964792028069, 2666403.251262435223907 ], [ 10172600.863040247932076, 2666396.098533405922353 ], [ 10172603.110192196443677, 2666375.963297232519835 ], [ 10172612.972634198144078, 2666368.833276938647032 ], [ 10172626.299812497571111, 2666361.56217747926712 ], [ 10172639.881356880068779, 2666354.859432863071561 ], [ 10172654.429646806791425, 2666353.342324073426425 ], [ 10172670.238070921972394, 2666351.819878642912954 ], [ 10172677.625248761847615, 2666351.737812337931246 ], [ 10172679.436760710552335, 2666351.717697743792087 ], [ 10172691.669230204075575, 2666353.880964764859527 ], [ 10172704.284735484048724, 2666357.245189184788615 ], [ 10172723.641115706413984, 2666360.390965225175023 ], [ 10172725.16854483447969, 2666348.992642376571894 ], [ 10172726.300685485824943, 2666340.137964576017112 ], [ 10172740.792153, 2666343.033983343746513 ], [ 10172747.758406901732087, 2666343.22930860100314 ], [ 10172747.534869758412242, 2666329.230029806494713 ], [ 10172747.276805944740772, 2666326.881264463532716 ], [ 10172748.263365302234888, 2666327.060391184408218 ], [ 10172750.320949798449874, 2666336.924664656165987 ], [ 10172753.891674349084496, 2666347.035613949410617 ], [ 10172759.84624252282083, 2666339.605699290521443 ], [ 10172771.62275717779994, 2666323.737046636175364 ], [ 10172772.767574926838279, 2666326.96983747323975 ], [ 10172774.801634406670928, 2666331.091476448345929 ], [ 10172781.901161635294557, 2666322.8494508638978 ], [ 10172806.32550591416657, 2666294.38002145756036 ], [ 10172831.861528851091862, 2666269.830281866714358 ], [ 10172839.596549576148391, 2666261.806540991179645 ], [ 10172839.206727631390095, 2666230.78928506327793 ], [ 10172838.239250861108303, 2666200.418868810869753 ], [ 10172837.868780931457877, 2666171.663635911885649 ], [ 10172832.592049218714237, 2666154.827913615852594 ], [ 10172820.860117370262742, 2666119.640042233746499 ], [ 10172818.959301520138979, 2666113.938897806219757 ], [ 10172818.881761429831386, 2666113.706278579309583 ], [ 10172815.894532416015863, 2666106.172106713056564 ], [ 10172812.220485933125019, 2666098.561236260924488 ], [ 10172768.758545018732548, 2666095.121601916383952 ], [ 10172778.454871268942952, 2666067.012701223604381 ], [ 10172786.449022015556693, 2666040.57581696100533 ], [ 10172779.1728122420609, 2666032.234259090851992 ], [ 10172767.068496761843562, 2666020.258642865344882 ], [ 10172760.942208433523774, 2666011.516775948461145 ], [ 10172754.968741850927472, 2666000.76459814235568 ], [ 10172747.949734460562468, 2665987.29512883303687 ], [ 10172745.309542566537857, 2665982.228562000673264 ], [ 10172742.396576143801212, 2665974.997845201287419 ], [ 10172736.79148967936635, 2665962.022654064930975 ], [ 10172735.311738589778543, 2665958.293820144608617 ], [ 10172730.283769035711884, 2665945.623655028641224 ], [ 10172727.141764605417848, 2665937.706161387264729 ], [ 10172743.419708238914609, 2665937.786534022074193 ], [ 10172754.304944897070527, 2665937.487804545555264 ], [ 10172752.279605183750391, 2665924.035137104801834 ], [ 10172748.706636419519782, 2665902.738329218700528 ], [ 10172745.783378722146153, 2665882.775123968254775 ], [ 10172743.253415299579501, 2665862.268334644846618 ], [ 10172740.455554220825434, 2665841.251625665929168 ], [ 10172737.644630657508969, 2665821.797167123761028 ], [ 10172735.545936273410916, 2665814.807794105261564 ], [ 10172735.499758956953883, 2665811.018846491351724 ], [ 10172736.802117107436061, 2665806.323464708868414 ], [ 10172746.214708652347326, 2665791.522344931494445 ], [ 10172744.124505400657654, 2665788.165354454889894 ], [ 10172734.858816083520651, 2665776.057598469778895 ], [ 10172727.052585113793612, 2665761.384495079051703 ], [ 10172719.589868396520615, 2665740.484723510686308 ], [ 10172720.712236909195781, 2665734.069413593504578 ], [ 10172724.176712462678552, 2665719.452493190765381 ], [ 10172729.958625186234713, 2665699.601934497244656 ], [ 10172731.998472686856985, 2665695.030031379777938 ], [ 10172725.275462819263339, 2665680.951957757584751 ], [ 10172716.427077980712056, 2665658.439357961528003 ], [ 10172707.758675841614604, 2665640.856335024349391 ], [ 10172707.426558841019869, 2665640.182534698862582 ], [ 10172702.023783816024661, 2665630.919647365342826 ], [ 10172700.225224571302533, 2665625.221765092108399 ], [ 10172702.738489490002394, 2665612.82305220561102 ], [ 10172705.415737356990576, 2665606.381879495922476 ], [ 10172713.892870258539915, 2665584.91382820205763 ], [ 10172710.541959244757891, 2665578.929481083061546 ], [ 10172702.126479843631387, 2665562.767276623751968 ], [ 10172695.930147109553218, 2665548.47891263756901 ], [ 10172695.178878961130977, 2665543.024236944504082 ], [ 10172696.545116284862161, 2665541.950228840112686 ], [ 10172698.054387522861362, 2665540.763769927434623 ], [ 10172703.838475048542023, 2665539.269884039647877 ], [ 10172708.836109820753336, 2665538.862970500718802 ], [ 10172721.290207961574197, 2665539.143825703300536 ], [ 10172720.311041098088026, 2665533.062347335740924 ], [ 10172718.230186488479376, 2665518.265717732254416 ], [ 10172716.226280586794019, 2665517.988264340441674 ], [ 10172712.88292033970356, 2665517.525540721602738 ], [ 10172711.20080173574388, 2665517.745466108899564 ], [ 10172708.62053732201457, 2665518.082813445478678 ], [ 10172705.833585998043418, 2665518.447208688594401 ], [ 10172703.043233843520284, 2665519.125200362410396 ], [ 10172699.902356626465917, 2665520.262093422468752 ], [ 10172697.146705526858568, 2665521.029242611955851 ], [ 10172694.168979478999972, 2665519.249120887834579 ], [ 10172692.114698067307472, 2665518.020871492568403 ], [ 10172690.858054604381323, 2665517.269547978416085 ], [ 10172688.92506267875433, 2665517.564443204551935 ], [ 10172686.384493928402662, 2665517.951894239522517 ], [ 10172682.430738490074873, 2665519.003552043810487 ], [ 10172677.141165571287274, 2665521.363237394485623 ], [ 10172671.685595186427236, 2665516.019794121850282 ], [ 10172675.678297506645322, 2665508.793406824115664 ], [ 10172676.701848620548844, 2665506.145469520706683 ], [ 10172678.583906980231404, 2665501.276580242905766 ], [ 10172678.504811221733689, 2665498.855731833260506 ], [ 10172678.287438251078129, 2665492.196704867761582 ], [ 10172677.546766050159931, 2665488.802062577102333 ], [ 10172676.496315971016884, 2665483.987531313207 ], [ 10172676.330777920782566, 2665483.228921093977988 ], [ 10172675.715234203264117, 2665478.753067696001381 ], [ 10172674.835884856060147, 2665472.359681307338178 ], [ 10172674.250797493383288, 2665464.432179414667189 ], [ 10172669.533140357583761, 2665462.203152744565159 ], [ 10172663.728034732863307, 2665459.914344730321318 ], [ 10172664.054279720410705, 2665454.236923723015934 ], [ 10172664.951193114742637, 2665449.425394835416228 ], [ 10172668.873686211183667, 2665448.597543907351792 ], [ 10172674.10939022526145, 2665449.386359713040292 ], [ 10172679.857402032241225, 2665444.837767031043768 ], [ 10172680.009069418534636, 2665442.636468671262264 ], [ 10172680.220018861815333, 2665439.577451508492231 ], [ 10172680.944965960457921, 2665429.170295517425984 ], [ 10172681.499805169180036, 2665419.386746817268431 ], [ 10172682.008107006549835, 2665414.688583223614842 ], [ 10172682.402003243565559, 2665411.048349812161177 ], [ 10172684.402861339971423, 2665399.526169435121119 ], [ 10172685.137868551537395, 2665395.016247428487986 ], [ 10172686.000286739319563, 2665388.776910192798823 ], [ 10172684.225565269589424, 2665382.050715506076813 ], [ 10172682.055954739451408, 2665369.207497955765575 ], [ 10172681.999117957428098, 2665365.249460079707205 ], [ 10172681.978276968002319, 2665363.804274546913803 ], [ 10172678.673988806083798, 2665360.498763218522072 ], [ 10172672.56155058182776, 2665353.674538225866854 ], [ 10172666.236016260460019, 2665347.135361106600612 ], [ 10172665.21180553548038, 2665346.248296548612416 ], [ 10172659.590263776481152, 2665341.380029990337789 ], [ 10172653.440038830041885, 2665335.697085231076926 ], [ 10172647.325037064030766, 2665330.156806134153157 ], [ 10172645.096902580931783, 2665328.761363652534783 ], [ 10172640.29936551861465, 2665328.412770168390125 ], [ 10172632.158370148390532, 2665327.915808248333633 ], [ 10172624.66199654713273, 2665330.236776050645858 ], [ 10172623.188436169177294, 2665330.858798711095005 ], [ 10172619.696644695475698, 2665321.449713983107358 ], [ 10172615.336523098871112, 2665310.221477174665779 ], [ 10172603.415497798472643, 2665314.778110940009356 ], [ 10172600.415822319686413, 2665307.055594298988581 ], [ 10172599.764587292447686, 2665303.368185037281364 ], [ 10172609.175453029572964, 2665298.32533990079537 ], [ 10172611.629882091656327, 2665295.669602500740439 ], [ 10172608.306048542261124, 2665290.850417220965028 ], [ 10172600.137037750333548, 2665283.268238113727421 ], [ 10172599.182638749480247, 2665284.038206201512367 ], [ 10172594.620018629357219, 2665287.139155022799969 ], [ 10172590.641903692856431, 2665290.059627814218402 ], [ 10172587.11789252795279, 2665287.046253600623459 ], [ 10172587.926976969465613, 2665285.439609099645168 ], [ 10172591.847594231367111, 2665281.50410987669602 ], [ 10172596.443313799798489, 2665277.832944493740797 ], [ 10172600.684159100055695, 2665274.145553928334266 ], [ 10172603.989451287314296, 2665271.477330712135881 ], [ 10172607.294997604563832, 2665268.880450427066535 ], [ 10172611.575364684686065, 2665266.172587520908564 ], [ 10172615.511345028877258, 2665263.906453334260732 ], [ 10172651.017959747463465, 2665238.788821681868285 ], [ 10172645.693484062328935, 2665234.915209237951785 ], [ 10172644.433741496875882, 2665233.762641218490899 ], [ 10172640.4976577591151, 2665230.161414736881852 ], [ 10172633.874639900401235, 2665221.927682971116155 ], [ 10172630.128122413530946, 2665216.675671921111643 ], [ 10172629.849161023274064, 2665216.284656801726669 ], [ 10172626.886361796408892, 2665210.46554861497134 ], [ 10172625.692885419353843, 2665205.256379236932844 ], [ 10172625.716445321217179, 2665202.38557028863579 ], [ 10172625.822555549442768, 2665201.727128816768527 ], [ 10172626.236385591328144, 2665199.159097910393029 ], [ 10172628.478895971551538, 2665193.421987710520625 ], [ 10172631.389814972877502, 2665189.826083385851234 ], [ 10172632.614603606984019, 2665188.31285708816722 ], [ 10172636.709080018103123, 2665186.0923230657354 ], [ 10172636.059953769668937, 2665183.077446101233363 ], [ 10172633.960835872218013, 2665179.239422316197306 ], [ 10172636.36067814193666, 2665174.44767395965755 ], [ 10172638.461216162890196, 2665172.370759230107069 ], [ 10172638.862170536071062, 2665171.974257169757038 ], [ 10172643.795185010880232, 2665166.599192622117698 ], [ 10172649.153925072401762, 2665160.797051670961082 ], [ 10172655.574671875685453, 2665155.21120612276718 ], [ 10172662.242813926190138, 2665149.804017059504986 ], [ 10172663.554824564605951, 2665148.950818477664143 ], [ 10172661.279938535764813, 2665144.399157216772437 ], [ 10172656.484241915866733, 2665134.403874080628157 ], [ 10172651.651010604575276, 2665123.201377483550459 ], [ 10172651.479237616062164, 2665122.803197622299194 ], [ 10172649.398471539840102, 2665118.031117694452405 ], [ 10172646.685526348650455, 2665111.809253375511616 ], [ 10172644.129325222223997, 2665106.294096535537392 ], [ 10172646.949662754312158, 2665103.749940826557577 ], [ 10172652.128850242123008, 2665099.160064208321273 ], [ 10172656.881466127932072, 2665095.460872276220471 ], [ 10172659.070512764155865, 2665093.659928405191749 ], [ 10172661.421573463827372, 2665091.725576756056398 ], [ 10172665.856170313432813, 2665087.633412625174969 ], [ 10172668.975767407566309, 2665085.927955514285713 ], [ 10172668.64870529063046, 2665081.30894884839654 ], [ 10172671.648113824427128, 2665077.73101290455088 ], [ 10172677.784983824938536, 2665072.394158942159265 ], [ 10172680.56839064694941, 2665070.598777085542679 ], [ 10172678.438018290325999, 2665064.656674195546657 ], [ 10172674.815401155501604, 2665052.381283199414611 ], [ 10172672.793647376820445, 2665045.692564841825515 ], [ 10172670.910872654989362, 2665039.463546250015497 ], [ 10172667.324846427887678, 2665026.617643291596323 ], [ 10172663.774115044623613, 2665013.843071584124118 ], [ 10172660.252814253792167, 2665004.028704139403999 ], [ 10172656.593688145279884, 2665001.114844298455864 ], [ 10172649.414765873923898, 2664996.42839332530275 ], [ 10172642.588950285688043, 2664992.24201116990298 ], [ 10172636.011575944721699, 2664987.735115382354707 ], [ 10172629.399294525384903, 2664983.049994753673673 ], [ 10172623.672894051298499, 2664978.009878817945719 ], [ 10172620.218846019357443, 2664970.014459588099271 ], [ 10172615.814522583037615, 2664959.092724733054638 ], [ 10172612.763597123324871, 2664953.0774020915851 ], [ 10172608.853969756513834, 2664942.72722996538505 ], [ 10172606.406420627608895, 2664936.035492460709065 ], [ 10172602.321756696328521, 2664933.441691057290882 ], [ 10172597.883454497903585, 2664930.561731702182442 ], [ 10172594.753018269315362, 2664928.897032248787582 ], [ 10172592.446792319417, 2664922.384011586662382 ], [ 10172589.045119328424335, 2664914.727397591806948 ], [ 10172586.565492931753397, 2664906.395072911866009 ], [ 10172579.408916924148798, 2664881.933899276424199 ], [ 10172576.790070643648505, 2664872.424548703245819 ], [ 10172573.773852543905377, 2664866.76593385450542 ], [ 10172569.342315876856446, 2664860.569416309706867 ], [ 10172561.328776625916362, 2664848.427809413056821 ], [ 10172555.859011413529515, 2664839.073131642770022 ], [ 10172553.585511578246951, 2664833.91536878189072 ], [ 10172552.024321131408215, 2664826.690658765379339 ], [ 10172549.150670269504189, 2664811.849291527178138 ], [ 10172544.714621199294925, 2664799.180157966446131 ], [ 10172541.063083508983254, 2664792.557389940135181 ], [ 10172536.916798237711191, 2664785.434304582420737 ], [ 10172532.273858109489083, 2664778.738213059026748 ], [ 10172527.942086739465594, 2664775.787194033153355 ], [ 10172523.39731134288013, 2664773.085430547129363 ], [ 10172514.340982176363468, 2664768.787542663514614 ], [ 10172505.318991152569652, 2664765.02457235660404 ], [ 10172496.369200970977545, 2664760.548488835804164 ], [ 10172487.666844371706247, 2664756.322506934870034 ], [ 10172479.282910007983446, 2664752.239907552953809 ], [ 10172467.380374051630497, 2664745.81431120634079 ], [ 10172438.809190599247813, 2664732.489258375018835 ], [ 10172436.208891494199634, 2664730.818466402124614 ], [ 10172386.423642784357071, 2664732.176510845776647 ], [ 10172375.120269158855081, 2664730.657356412149966 ], [ 10172360.129380961880088, 2664729.011324883904308 ], [ 10172347.687039447948337, 2664726.404901309870183 ], [ 10172336.142735157161951, 2664723.794756955932826 ], [ 10172326.674449043348432, 2664720.273785965517163 ], [ 10172319.496322728693485, 2664721.87078357161954 ], [ 10172311.931594355031848, 2664721.427791477646679 ], [ 10172301.902399392798543, 2664719.428454887121916 ], [ 10172294.645432062447071, 2664724.776504713110626 ], [ 10172289.086180709302425, 2664729.215282455086708 ], [ 10172286.578294245526195, 2664728.561192312277853 ], [ 10172270.113900585100055, 2664724.927222155034542 ], [ 10172263.594101551920176, 2664723.703575854655355 ], [ 10172259.412467835471034, 2664737.544300012290478 ], [ 10172231.117822483181953, 2664729.47590129589662 ], [ 10172231.373768854886293, 2664718.300776441581547 ], [ 10172209.995556840673089, 2664715.162119382526726 ], [ 10172209.208701722323895, 2664709.276832462288439 ], [ 10172206.788816813379526, 2664693.724814486689866 ], [ 10172211.423286451026797, 2664682.880491949152201 ], [ 10172211.530054055154324, 2664680.644828164950013 ], [ 10172217.184647860005498, 2664679.825415814295411 ], [ 10172223.384638184681535, 2664678.624883824493736 ], [ 10172229.624100763350725, 2664677.859821765683591 ], [ 10172236.25793351046741, 2664676.67637687921524 ], [ 10172243.55002280883491, 2664675.054438752122223 ], [ 10172250.804175494238734, 2664673.375831197947264 ], [ 10172258.81037849187851, 2664671.297266707755625 ], [ 10172265.810861229896545, 2664668.828774929977953 ], [ 10172268.976212760433555, 2664667.084385020658374 ], [ 10172269.573544979095459, 2664665.960348654538393 ], [ 10172271.385656971484423, 2664662.550105098169297 ], [ 10172271.958233257755637, 2664658.967734010424465 ], [ 10172271.866332996636629, 2664655.702933199703693 ], [ 10172271.085107939317822, 2664649.906203164719045 ], [ 10172268.755426103249192, 2664641.602581312414259 ], [ 10172264.951390270143747, 2664632.414365353994071 ], [ 10172253.763296404853463, 2664643.432083633262664 ], [ 10172248.499574763700366, 2664648.847584725823253 ], [ 10172236.198455652222037, 2664660.633717268239707 ], [ 10172230.883808819577098, 2664660.619925081264228 ], [ 10172227.406612878665328, 2664650.237808004487306 ], [ 10172219.206504676491022, 2664632.63252821797505 ], [ 10172213.781365443021059, 2664621.624797550030053 ], [ 10172223.075104286894202, 2664616.367407788988203 ], [ 10172232.994856636971235, 2664610.897607010323554 ], [ 10172241.827485470101237, 2664605.388677333947271 ], [ 10172252.57794096134603, 2664598.147910627536476 ], [ 10172260.272132225334644, 2664591.898030867800117 ], [ 10172267.637942178174853, 2664585.743153872899711 ], [ 10172270.662509372457862, 2664582.195555028971285 ], [ 10172285.498502789065242, 2664569.563068670220673 ], [ 10172293.51311562769115, 2664561.200412235688418 ], [ 10172292.667641947045922, 2664560.261963296681643 ], [ 10172293.714265584945679, 2664548.622324461117387 ], [ 10172305.099886033684015, 2664542.554261240642518 ], [ 10172320.680216491222382, 2664533.516254141926765 ], [ 10172330.0472197458148, 2664527.051501822657883 ], [ 10172334.366124853491783, 2664526.331256805453449 ], [ 10172346.158233834430575, 2664521.01393508259207 ], [ 10172351.725012023001909, 2664515.37557487655431 ], [ 10172355.527861224487424, 2664511.064826717600226 ], [ 10172353.579993575811386, 2664501.490744601003826 ], [ 10172353.497257243841887, 2664500.48182681761682 ], [ 10172353.077542645856738, 2664495.370917296502739 ], [ 10172352.463770287111402, 2664487.973923617042601 ], [ 10172351.212599346414208, 2664480.260179561097175 ], [ 10172349.906505694612861, 2664472.067604217212647 ], [ 10172349.843116713687778, 2664469.56586981471628 ], [ 10172357.273461479693651, 2664468.127306681126356 ], [ 10172371.767212949693203, 2664465.321115059778094 ], [ 10172382.858966698870063, 2664463.039148510433733 ], [ 10172382.813917437568307, 2664454.162032309919596 ], [ 10172382.550242774188519, 2664444.57644149614498 ], [ 10172382.233428025618196, 2664439.728411230258644 ], [ 10172386.109604645520449, 2664429.23009041743353 ], [ 10172382.990423761308193, 2664429.737546109128743 ], [ 10172342.418002771213651, 2664458.400741232559085 ], [ 10172337.296137485653162, 2664463.000444181729108 ], [ 10172330.90416738204658, 2664468.031374525278807 ], [ 10172324.666397493332624, 2664459.167454370763153 ], [ 10172321.032137954607606, 2664451.88963907957077 ], [ 10172323.462302640080452, 2664450.016231380868703 ], [ 10172330.688725061714649, 2664441.734528640750796 ], [ 10172338.531723685562611, 2664434.554035548586398 ], [ 10172356.210716787725687, 2664421.918829024769366 ], [ 10172352.6464963555336, 2664413.105572752188891 ], [ 10172350.072171662002802, 2664404.568071579094976 ], [ 10172348.034529451280832, 2664398.178788485936821 ], [ 10172343.106545327231288, 2664382.726778437849134 ], [ 10172342.043472297489643, 2664379.393452589400113 ], [ 10172337.714087484404445, 2664371.315490072593093 ], [ 10172337.465577326714993, 2664370.851807412225753 ], [ 10172331.999642543494701, 2664370.599355559330434 ], [ 10172325.812614448368549, 2664370.472299389541149 ], [ 10172322.504402482882142, 2664370.40427996776998 ], [ 10172316.821778744459152, 2664369.624979942105711 ], [ 10172306.242537215352058, 2664367.014945916831493 ], [ 10172298.800896214321256, 2664363.753416350577027 ], [ 10172297.355357311666012, 2664357.060725322924554 ], [ 10172295.38784041441977, 2664350.015910986810923 ], [ 10172292.551220072433352, 2664341.960388569161296 ], [ 10172292.632930882275105, 2664333.910839893855155 ], [ 10172294.883925400674343, 2664319.439302873797715 ], [ 10172286.944617079570889, 2664314.531776790041476 ], [ 10172286.902872368693352, 2664314.347633990924805 ], [ 10172285.368984652683139, 2664307.575518776662648 ], [ 10172279.037672352045774, 2664304.51368371816352 ], [ 10172273.381381003186107, 2664301.475137426517904 ], [ 10172272.786813359707594, 2664295.484583062585443 ], [ 10172272.634483745321631, 2664293.950418229680508 ], [ 10172266.82325142994523, 2664292.117877683602273 ], [ 10172259.791751854121685, 2664290.633854310028255 ], [ 10172261.182123621925712, 2664281.66588089754805 ], [ 10172255.809656342491508, 2664278.298944292124361 ], [ 10172249.302385997027159, 2664276.070278868079185 ], [ 10172238.4169104937464, 2664274.205305815674365 ], [ 10172229.531072245910764, 2664274.274668380618095 ], [ 10172220.555276615545154, 2664275.747690679971129 ], [ 10172222.249048832803965, 2664267.526059683412313 ], [ 10172223.247115954756737, 2664258.688936471939087 ], [ 10172224.810222189873457, 2664250.46708666998893 ], [ 10172227.800264300778508, 2664236.655115010682493 ], [ 10172230.701693739742041, 2664223.588692507240921 ], [ 10172230.773082649335265, 2664223.11095564533025 ], [ 10172231.282548734918237, 2664219.700080534908921 ], [ 10172231.386256452649832, 2664219.006006010342389 ], [ 10172226.64193182066083, 2664206.647626226302236 ], [ 10172228.764225924387574, 2664201.892489653546363 ], [ 10172231.453584274277091, 2664196.699845430441201 ], [ 10172232.08962775580585, 2664195.791378066409379 ], [ 10172239.688075883314013, 2664184.938482510391623 ], [ 10172243.249666258692741, 2664179.2212591515854 ], [ 10172244.457772923633456, 2664174.157088930718601 ], [ 10172242.971902711316943, 2664165.885089726187289 ], [ 10172239.26309922337532, 2664158.398105759173632 ], [ 10172234.374976402148604, 2664152.487911610864103 ], [ 10172233.282194962725043, 2664149.001042005140334 ], [ 10172231.107749003916979, 2664142.062783395405859 ], [ 10172224.902677612379193, 2664141.194586904253811 ], [ 10172218.152025654911995, 2664140.829707715660334 ], [ 10172217.665807889774442, 2664133.656510750763118 ], [ 10172217.484992675483227, 2664126.220745257101953 ], [ 10172215.600855646654963, 2664110.380934746004641 ], [ 10172212.454305032268167, 2664094.143672423437238 ], [ 10172208.715509435161948, 2664080.032766245305538 ], [ 10172209.016300810500979, 2664071.369775605853647 ], [ 10172210.570963080972433, 2664056.589894797187299 ], [ 10172211.47850146330893, 2664049.463432664517313 ], [ 10172211.820556558668613, 2664041.941083914134651 ], [ 10172211.641431652009487, 2664033.671857527457178 ], [ 10172211.33344779163599, 2664024.481157588772476 ], [ 10172208.848872110247612, 2664014.759566787164658 ], [ 10172206.796650087460876, 2664006.574263390153646 ], [ 10172203.09228815510869, 2663996.893962093628943 ], [ 10172201.984200710430741, 2663994.340154260862619 ], [ 10172199.082192277535796, 2663987.6518410211429 ], [ 10172195.336456721648574, 2663976.96255063964054 ], [ 10172197.805508133023977, 2663972.99778818199411 ], [ 10172203.042821515351534, 2663967.832354045473039 ], [ 10172205.249537903815508, 2663964.349534693174064 ], [ 10172208.892276179045439, 2663961.527654051780701 ], [ 10172216.090044541284442, 2663956.146911806892604 ], [ 10172222.59054016135633, 2663950.984182075131685 ], [ 10172228.828477563336492, 2663946.391141282394528 ], [ 10172235.153216840699315, 2663941.973710481543094 ], [ 10172241.173121182247996, 2663937.467854714952409 ], [ 10172246.845002638176084, 2663932.829698434099555 ], [ 10172252.647097405046225, 2663928.323389772325754 ], [ 10172258.536552147939801, 2663923.773430685512722 ], [ 10172264.381591269746423, 2663919.61822449369356 ], [ 10172270.356389490887523, 2663915.901983661577106 ], [ 10172274.225845938548446, 2663913.202454859390855 ], [ 10172279.101790986955166, 2663909.800681332591921 ], [ 10172287.325552731752396, 2663903.259621899574995 ], [ 10172292.604089371860027, 2663899.190921415574849 ], [ 10172297.030979419127107, 2663896.282970464322716 ], [ 10172296.103405764326453, 2663891.960239837411791 ], [ 10172292.040682002902031, 2663887.148478121496737 ], [ 10172287.629947241395712, 2663882.116670415271074 ], [ 10172279.066660592332482, 2663873.632968872319907 ], [ 10172274.075416270643473, 2663875.618541006464511 ], [ 10172264.27102667093277, 2663877.703880388755351 ], [ 10172259.19454400241375, 2663878.768200797494501 ], [ 10172254.619672069326043, 2663879.460497108753771 ], [ 10172249.333470527082682, 2663876.57647948898375 ], [ 10172240.677333215251565, 2663870.943681420758367 ], [ 10172233.76328943669796, 2663865.358472872991115 ], [ 10172227.24010413326323, 2663860.344194735400379 ], [ 10172222.041509004309773, 2663857.197043349035084 ], [ 10172219.588441848754883, 2663853.353662319015712 ], [ 10172215.832043644040823, 2663847.884571121074259 ], [ 10172211.989857196807861, 2663841.713494465686381 ], [ 10172205.219987520948052, 2663829.548540336545557 ], [ 10172199.103761440142989, 2663817.20956161338836 ], [ 10172192.596467148512602, 2663804.431171423755586 ], [ 10172188.522442445158958, 2663794.552875142078847 ], [ 10172186.230415327474475, 2663786.520674664992839 ], [ 10172184.680291609838605, 2663777.744205889757723 ], [ 10172183.980008289217949, 2663768.772225897759199 ], [ 10172178.566350560635328, 2663764.308638026472181 ], [ 10172168.56549122184515, 2663755.997277000918984 ], [ 10172159.609006740152836, 2663748.170671289786696 ], [ 10172151.784266801550984, 2663740.653442807961255 ], [ 10172143.784793714061379, 2663733.442879434674978 ], [ 10172137.004315992817283, 2663726.498045864049345 ], [ 10172133.517190845683217, 2663723.263839860446751 ], [ 10172130.938940055668354, 2663720.872471821494401 ], [ 10172129.135629950091243, 2663719.199962180107832 ], [ 10172120.874864179641008, 2663711.944958586245775 ], [ 10172121.121695213019848, 2663708.370384159963578 ], [ 10172121.062113447114825, 2663705.584854880347848 ], [ 10172123.141647405922413, 2663700.391030172351748 ], [ 10172126.261707067489624, 2663697.568192518316209 ], [ 10172129.772275967523456, 2663695.448012087494135 ], [ 10172136.097959190607071, 2663690.504315440542996 ], [ 10172142.203247664496303, 2663686.83216492831707 ], [ 10172148.394997509196401, 2663683.511224613524973 ], [ 10172153.629414370283484, 2663679.74962513288483 ], [ 10172161.173507161438465, 2663675.334782011341304 ], [ 10172168.017861874774098, 2663672.366069790441543 ], [ 10172174.863002471625805, 2663669.002604571636766 ], [ 10172182.057385884225368, 2663665.245065706316382 ], [ 10172184.908286917954683, 2663662.248113535344601 ], [ 10172186.596900876611471, 2663660.473124505020678 ], [ 10172188.846194611862302, 2663657.429107689764351 ], [ 10172193.951061958447099, 2663653.097030155360699 ], [ 10172196.986769607290626, 2663648.914109444711357 ], [ 10172201.242810908704996, 2663644.295159876812249 ], [ 10172208.098836591467261, 2663635.623898637946695 ], [ 10172209.657278193160892, 2663629.639457918237895 ], [ 10172210.358572896569967, 2663616.8103076829575 ], [ 10172217.258446123450994, 2663618.601172923576087 ], [ 10172225.748583791777492, 2663620.154004617594182 ], [ 10172231.263730328530073, 2663617.555379229132086 ], [ 10172236.415807059034705, 2663615.653416272718459 ], [ 10172241.071110984310508, 2663613.934748264495283 ], [ 10172241.831301279366016, 2663613.737578131724149 ], [ 10172255.081666637212038, 2663610.300854219123721 ], [ 10172258.594670807942748, 2663606.952426480129361 ], [ 10172265.235388409346342, 2663602.417395254597068 ], [ 10172266.663684202358127, 2663601.442068236880004 ], [ 10172277.545185254886746, 2663594.380285337567329 ], [ 10172273.615718837827444, 2663591.957913811318576 ], [ 10172272.868842378258705, 2663591.497456750366837 ], [ 10172262.77337796613574, 2663586.870812456123531 ], [ 10172252.89493128284812, 2663582.639362593181431 ], [ 10172243.539344597607851, 2663578.277414347976446 ], [ 10172234.922164143994451, 2663574.969665101263672 ], [ 10172227.002911085262895, 2663571.137010013218969 ], [ 10172218.648403206840158, 2663567.128066475968808 ], [ 10172210.336402060464025, 2663563.645489566493779 ], [ 10172208.063061501830816, 2663557.126807342749089 ], [ 10172203.998307272791862, 2663542.730621006339788 ], [ 10172200.066692057996988, 2663527.106449590530246 ], [ 10172196.94881746545434, 2663518.239211722277105 ], [ 10172198.867290399968624, 2663506.553000753279775 ], [ 10172199.781836355105042, 2663502.046381336636841 ], [ 10172201.898477511480451, 2663491.616271708160639 ], [ 10172203.174923531711102, 2663485.845052551012486 ], [ 10172203.949507836252451, 2663482.342672660481185 ], [ 10172206.063467804342508, 2663472.450751189608127 ], [ 10172208.485505744814873, 2663462.43577771820128 ], [ 10172211.404199, 2663450.442662543151528 ], [ 10172204.637245293706656, 2663447.150519119109958 ], [ 10172195.039817294105887, 2663442.739269874524325 ], [ 10172189.935547556728125, 2663439.38871339475736 ], [ 10172186.86101608723402, 2663437.217561026103795 ], [ 10172185.695048905909061, 2663435.235898491926491 ], [ 10172182.814776571467519, 2663428.426204619463533 ], [ 10172181.783519389107823, 2663420.754541671369225 ], [ 10172179.76545462757349, 2663413.884821390267462 ], [ 10172178.363817404955626, 2663406.707175225485116 ], [ 10172177.085173301398754, 2663399.591555486898869 ], [ 10172175.806481277570128, 2663392.537863836623728 ], [ 10172174.773409673944116, 2663385.793887074105442 ], [ 10172173.801185350865126, 2663379.421183270402253 ], [ 10172173.014983786270022, 2663372.36855049803853 ], [ 10172167.299739394336939, 2663366.728260372765362 ], [ 10172162.014161743223667, 2663361.707344242371619 ], [ 10172156.850121764466166, 2663357.490782818756998 ], [ 10172152.611267426982522, 2663352.533943143673241 ], [ 10172147.940459409728646, 2663348.070952792651951 ], [ 10172142.898374544456601, 2663344.411264503374696 ], [ 10172137.979342674836516, 2663340.87563349539414 ], [ 10172133.738045139238238, 2663337.093940623570234 ], [ 10172131.403586974367499, 2663334.429409899748862 ], [ 10172126.899861555546522, 2663325.585055413190275 ], [ 10172122.001681420952082, 2663317.376441339030862 ], [ 10172118.941384419798851, 2663311.728124231100082 ], [ 10172115.966160533949733, 2663307.402332559227943 ], [ 10172102.963345700874925, 2663284.86105366749689 ], [ 10172097.751380344852805, 2663276.97516151284799 ], [ 10172095.254833208397031, 2663273.674558043479919 ], [ 10172092.806775005534291, 2663270.471671753562987 ], [ 10172089.533886209130287, 2663285.801641253288835 ], [ 10172087.552691329270601, 2663308.228204829618335 ], [ 10172085.433499177917838, 2663312.480999673251063 ], [ 10172079.14010370709002, 2663325.110781541559845 ], [ 10172076.449882766231894, 2663330.509576725307852 ], [ 10172071.919053355231881, 2663344.000807385426015 ], [ 10172069.045778395608068, 2663347.7640286013484 ], [ 10172056.310531860217452, 2663336.155843876767904 ], [ 10172050.801255909726024, 2663327.715100989211351 ], [ 10172052.926054501906037, 2663310.970551688689739 ], [ 10172055.796578478068113, 2663292.317466406151652 ], [ 10172053.464651705697179, 2663283.476101513486356 ], [ 10172051.615788452327251, 2663274.151422788854688 ], [ 10172050.785730995237827, 2663267.552539607044309 ], [ 10172050.317841771990061, 2663260.651864222250879 ], [ 10172049.670012261718512, 2663253.327100410591811 ], [ 10172049.082761349156499, 2663245.881382287014276 ], [ 10172047.954824013635516, 2663237.587237140163779 ], [ 10172046.766728073358536, 2663229.292940613813698 ], [ 10172045.398337731137872, 2663220.756173028144985 ], [ 10172044.570772206410766, 2663212.886332570109516 ], [ 10172044.392001029103994, 2663193.106679785065353 ], [ 10172028.105697458609939, 2663190.568883344065398 ], [ 10172015.681398019194603, 2663189.301432146225125 ], [ 10172007.940881418064237, 2663188.370373383630067 ], [ 10171998.892652681097388, 2663190.573505309410393 ], [ 10171992.31768493168056, 2663192.324289816431701 ], [ 10171986.133489429950714, 2663193.945232384372503 ], [ 10171980.209797566756606, 2663195.370570664759725 ], [ 10171974.676711268723011, 2663196.731383394915611 ], [ 10171969.46906659938395, 2663198.027611612342298 ], [ 10171966.429247096180916, 2663198.813926033210009 ], [ 10171964.456477934494615, 2663199.324124623090029 ], [ 10171959.050185026600957, 2663202.319038958288729 ], [ 10171954.750614175572991, 2663204.924047097563744 ], [ 10171951.164563713595271, 2663208.641605855431408 ], [ 10171948.3593410551548, 2663212.295324631035328 ], [ 10171946.464604584500194, 2663216.147023270372301 ], [ 10171944.241560388356447, 2663221.435812845360488 ], [ 10171942.019017338752747, 2663226.528437612578273 ], [ 10171940.18742348998785, 2663231.295276811346412 ], [ 10171918.335417019203305, 2663226.871196023188531 ], [ 10171917.309658171609044, 2663219.484522779472172 ], [ 10171916.479065669700503, 2663212.09824948804453 ], [ 10171915.518196089193225, 2663204.777067199815065 ], [ 10171911.876979418098927, 2663203.658454046584666 ], [ 10171901.924932884052396, 2663202.461437613237649 ], [ 10171892.361306846141815, 2663202.180067363195121 ], [ 10171892.863704990595579, 2663209.511548023205251 ], [ 10171893.576759859919548, 2663226.96255669882521 ], [ 10171894.093230435624719, 2663240.810503449756652 ], [ 10171881.423009121790528, 2663240.403780726250261 ], [ 10171878.594048760831356, 2663245.456754705403 ], [ 10171873.76951726526022, 2663252.185597105417401 ], [ 10171869.031245017424226, 2663261.163210135884583 ], [ 10171865.329551238566637, 2663269.360924707725644 ], [ 10171863.233668552711606, 2663273.921066346112639 ], [ 10171852.967691591009498, 2663273.20393637008965 ], [ 10171840.501340424641967, 2663275.413976374082267 ], [ 10171833.143570045009255, 2663277.382689505815506 ], [ 10171828.347955904901028, 2663268.103067761752754 ], [ 10171823.262289423495531, 2663259.892374320887029 ], [ 10171814.140852846205235, 2663258.300745725631714 ], [ 10171805.027193827554584, 2663258.804944347590208 ], [ 10171802.57186078466475, 2663261.882761019282043 ], [ 10171801.992475628852844, 2663270.971389839891344 ], [ 10171802.723892452195287, 2663280.015620844438672 ], [ 10171803.230590576305985, 2663290.652906754054129 ], [ 10171786.167133256793022, 2663293.366920181550086 ], [ 10171780.873942511156201, 2663291.488184677436948 ], [ 10171771.708597585558891, 2663289.832629771437496 ], [ 10171763.49583457224071, 2663292.564504890237004 ], [ 10171765.29677408374846, 2663276.057698775082827 ], [ 10171766.802510526031256, 2663263.50446050055325 ], [ 10171758.602155616506934, 2663260.48983455169946 ], [ 10171754.82227673754096, 2663259.100256044883281 ], [ 10171742.096690351143479, 2663255.263897749595344 ], [ 10171729.746445180848241, 2663251.802244191989303 ], [ 10171717.210125027224422, 2663248.52959096385166 ], [ 10171703.801368465647101, 2663245.197872348129749 ], [ 10171690.082575345411897, 2663242.243884868454188 ], [ 10171669.312075667083263, 2663239.050053075887263 ], [ 10171659.484130337834358, 2663237.10343819623813 ], [ 10171649.953898401930928, 2663235.553102389909327 ], [ 10171640.22454028390348, 2663233.55651546549052 ], [ 10171630.741613265126944, 2663231.509035419672728 ], [ 10171620.914271524176002, 2663229.71152179222554 ], [ 10171610.694025309756398, 2663228.362859281245619 ], [ 10171604.733978915959597, 2663218.996571254916489 ], [ 10171596.307383928447962, 2663209.839264512993395 ], [ 10171587.434235135093331, 2663200.087585650850087 ], [ 10171576.693652112036943, 2663192.182194928172976 ], [ 10171566.300860922783613, 2663184.871572085656226 ], [ 10171556.549412133172154, 2663177.508576179388911 ], [ 10171546.996503002941608, 2663170.44291831785813 ], [ 10171537.20104219391942, 2663164.372007733210921 ], [ 10171527.699912989512086, 2663157.90241917502135 ], [ 10171518.346764679998159, 2663151.382450234610587 ], [ 10171508.698883840814233, 2663145.211589824873954 ], [ 10171498.70619835332036, 2663139.191132593899965 ], [ 10171488.95599390566349, 2663132.126253414899111 ], [ 10171479.206302126869559, 2663125.160714067984372 ], [ 10171468.913652993738651, 2663118.197468698956072 ], [ 10171458.573420567438006, 2663111.63200686359778 ], [ 10171453.035087259486318, 2663096.798260581679642 ], [ 10171448.086816526949406, 2663081.46521061938256 ], [ 10171450.921486807987094, 2663074.795243665575981 ], [ 10171455.508489236235619, 2663062.254755070433021 ], [ 10171459.453257273882627, 2663049.567846745718271 ], [ 10171460.883017182350159, 2663037.239333671052009 ], [ 10171461.029527781531215, 2663024.866438789758831 ], [ 10171454.561211287975311, 2663011.87513677822426 ], [ 10171447.697520455345511, 2662998.736311447806656 ], [ 10171440.987056560814381, 2662986.839213446248323 ], [ 10171433.88339133001864, 2662975.34107726579532 ], [ 10171426.581604478880763, 2662963.645168046932667 ], [ 10171419.37889388948679, 2662952.048098301049322 ], [ 10171411.832569006830454, 2662940.899788342881948 ], [ 10171407.052640907466412, 2662930.48519498668611 ], [ 10171402.806951083242893, 2662917.981601783074439 ], [ 10171398.559688692912459, 2662905.08043434843421 ], [ 10171394.804402014240623, 2662891.829486470669508 ], [ 10171391.84067383594811, 2662879.072074142284691 ], [ 10171388.295104451477528, 2662868.851229457650334 ], [ 10171378.312145985662937, 2662865.116405333392322 ], [ 10171369.704850265756249, 2662859.934917859733105 ], [ 10171361.536676518619061, 2662853.559223467018455 ], [ 10171354.248648099601269, 2662845.192265531048179 ], [ 10171347.649738235399127, 2662836.424947835039347 ], [ 10171341.149811290204525, 2662827.706905692350119 ], [ 10171335.189956655725837, 2662818.340750050731003 ], [ 10171329.085422437638044, 2662809.77024494484067 ], [ 10171323.524421041831374, 2662801.396130189299583 ], [ 10171319.035713633522391, 2662801.812207178678364 ], [ 10171314.315852217376232, 2662793.981201178859919 ], [ 10171308.604045001789927, 2662784.912193588912487 ], [ 10171302.73859010823071, 2662786.526451600249857 ], [ 10171293.422899672761559, 2662789.099201690405607 ], [ 10171284.554447492584586, 2662792.415323739871383 ], [ 10171276.471605099737644, 2662794.784097594209015 ], [ 10171269.56696598418057, 2662783.633142553735524 ], [ 10171275.529089668765664, 2662769.497276491485536 ], [ 10171282.553366646170616, 2662758.628181687090546 ], [ 10171282.647191299125552, 2662758.482921009883285 ], [ 10171294.597477573901415, 2662740.169588075019419 ], [ 10171291.455553974956274, 2662736.443987707141787 ], [ 10171285.758869180455804, 2662729.226488409563899 ], [ 10171279.275932161137462, 2662730.394598796032369 ], [ 10171273.611074779182673, 2662730.929660413879901 ], [ 10171268.178271766752005, 2662730.873564532026649 ], [ 10171264.939454982057214, 2662722.583261310122907 ], [ 10171261.37486506998539, 2662720.630312867462635 ], [ 10171254.287230001762509, 2662717.314539305865765 ], [ 10171249.770989766344428, 2662712.02040253020823 ], [ 10171243.718208014965057, 2662703.702452466823161 ], [ 10171239.837782442569733, 2662700.428383832331747 ], [ 10171228.80309452675283, 2662698.457060419023037 ], [ 10171239.543937148526311, 2662686.862960553262383 ], [ 10171236.273174138739705, 2662669.213981165084988 ], [ 10171237.177452765405178, 2662667.938310585450381 ], [ 10171243.363936407491565, 2662665.430996521841735 ], [ 10171249.894707465544343, 2662661.007726998068392 ], [ 10171256.500520329922438, 2662657.718621500302106 ], [ 10171260.778504963964224, 2662653.446519846562296 ], [ 10171265.74201195128262, 2662644.633571366779506 ], [ 10171270.85940713621676, 2662639.010797564405948 ], [ 10171275.907383976504207, 2662633.600959097966552 ], [ 10171281.108032893389463, 2662631.097713966853917 ], [ 10171292.039982816204429, 2662628.639417031314224 ], [ 10171293.128548474982381, 2662602.186926215421408 ], [ 10171294.208798291161656, 2662568.893705346621573 ], [ 10171293.084903109818697, 2662565.984677129425108 ], [ 10171291.105517249554396, 2662560.321148818358779 ], [ 10171291.358098046854138, 2662560.076313305646181 ], [ 10171295.622465210035443, 2662559.561743530444801 ], [ 10171300.562783936038613, 2662558.055791363120079 ], [ 10171303.185681832954288, 2662557.049511240329593 ], [ 10171317.56743062287569, 2662551.542690768372267 ], [ 10171322.305442193523049, 2662552.742936744354665 ], [ 10171331.790997732430696, 2662554.406512044835836 ], [ 10171337.371296031400561, 2662555.660059201065451 ], [ 10171341.419843833893538, 2662556.564740807749331 ], [ 10171351.453412190079689, 2662558.832008273806423 ], [ 10171361.585410188883543, 2662561.066160488408059 ], [ 10171372.286648185923696, 2662563.563165324740112 ], [ 10171383.020564582198858, 2662565.961020765360445 ], [ 10171392.407707538455725, 2662567.657780666369945 ], [ 10171396.382430570200086, 2662575.382000986952335 ], [ 10171401.289188727736473, 2662584.292192748747766 ], [ 10171403.101820472627878, 2662588.248152344021946 ], [ 10171405.122456781566143, 2662592.368653867393732 ], [ 10171406.092366294935346, 2662596.06235215254128 ], [ 10171405.537880016490817, 2662597.702382185962051 ], [ 10171409.945022486150265, 2662597.50640947278589 ], [ 10171414.364175859838724, 2662597.838337377645075 ], [ 10171417.546837784349918, 2662597.853798820637167 ], [ 10171419.460160123184323, 2662597.508947069291025 ], [ 10171422.022659871727228, 2662599.153544462285936 ], [ 10171425.503594979643822, 2662600.642353737726808 ], [ 10171428.623352428898215, 2662602.010856186505407 ], [ 10171433.258425863459706, 2662600.923510565422475 ], [ 10171438.166639771312475, 2662599.758547235745937 ], [ 10171442.856994966045022, 2662598.95699565904215 ], [ 10171442.561334552243352, 2662593.370094669982791 ], [ 10171447.300467286258936, 2662589.697712908033282 ], [ 10171456.103399286046624, 2662583.652198894880712 ], [ 10171457.208540996536613, 2662583.902893585618585 ], [ 10171457.320470819249749, 2662574.377572285942733 ], [ 10171456.060364617034793, 2662573.225209487602115 ], [ 10171451.121383341029286, 2662569.979622954968363 ], [ 10171447.824103351682425, 2662567.390600145794451 ], [ 10171445.108258778229356, 2662565.647254764568061 ], [ 10171438.126847503706813, 2662563.791635971982032 ], [ 10171433.05122666247189, 2662563.362047376576811 ], [ 10171433.611506853252649, 2662559.192311035003513 ], [ 10171433.877189565449953, 2662555.32014483679086 ], [ 10171434.473015174269676, 2662552.503160834312439 ], [ 10171446.825689991936088, 2662555.007618213072419 ], [ 10171453.150115324184299, 2662556.457594526465982 ], [ 10171459.24481731466949, 2662557.897010747343302 ], [ 10171458.976422283798456, 2662560.383363949134946 ], [ 10171457.842192344367504, 2662567.370036493521184 ], [ 10171457.586603973060846, 2662570.791273277252913 ], [ 10171463.568850180134177, 2662570.669104135595262 ], [ 10171466.795083018019795, 2662570.618481098674238 ], [ 10171471.136827670037746, 2662570.510608667973429 ], [ 10171475.718662802129984, 2662570.149220915045589 ], [ 10171480.66126111894846, 2662569.732215585187078 ], [ 10171481.864207489416003, 2662569.685697830282152 ], [ 10171485.669894611462951, 2662569.523903806228191 ], [ 10171491.006466787308455, 2662569.249057094566524 ], [ 10171496.507449066266418, 2662569.127803322393447 ], [ 10171502.161543326452374, 2662569.028172732330859 ], [ 10171507.936269320547581, 2662569.016378358006477 ], [ 10171513.918717224150896, 2662569.026131003163755 ], [ 10171519.594469634816051, 2662568.838481560349464 ], [ 10171525.478034051135182, 2662568.59546900074929 ], [ 10171531.503595873713493, 2662568.297139682807028 ], [ 10171537.671494781970978, 2662568.064494061283767 ], [ 10171543.641932249069214, 2662567.502354801166803 ], [ 10171549.776256207376719, 2662566.917776717338711 ], [ 10171556.030975779518485, 2662566.344013828318566 ], [ 10171566.638009868562222, 2662565.486348525155336 ], [ 10171571.352116903290153, 2662565.674591689836234 ], [ 10171572.350691195577383, 2662561.910895499400795 ], [ 10171573.393897926434875, 2662558.598056821618229 ], [ 10171574.394684759899974, 2662555.956294701900333 ], [ 10171575.537398334592581, 2662553.160098806023598 ], [ 10171577.293290568515658, 2662550.714719884563237 ], [ 10171579.289681436493993, 2662548.235835954081267 ], [ 10171581.670739721506834, 2662546.680114004295319 ], [ 10171585.659778963774443, 2662545.27508406015113 ], [ 10171590.327344086021185, 2662544.022583180107176 ], [ 10171595.062356656417251, 2662543.737925255205482 ], [ 10171598.571449594572186, 2662542.960704721044749 ], [ 10171603.535005206242204, 2662542.048669113311917 ], [ 10171606.967361979186535, 2662541.161624770611525 ], [ 10171608.377384955063462, 2662540.795744590461254 ], [ 10171613.875625748187304, 2662539.288638192228973 ], [ 10171619.931882472708821, 2662537.967330687213689 ], [ 10171626.000595834106207, 2662537.382881289348006 ], [ 10171629.116874162107706, 2662537.024516785517335 ], [ 10171631.697355816140771, 2662536.722189642023295 ], [ 10171636.63973275013268, 2662536.217067183926702 ], [ 10171638.15317634306848, 2662532.870228859595954 ], [ 10171639.861400110647082, 2662528.489168303553015 ], [ 10171641.503969447687268, 2662524.130146159324795 ], [ 10171642.971844214946032, 2662519.892543696798384 ], [ 10171644.199574632570148, 2662515.93033844511956 ], [ 10171645.394408997148275, 2662511.858207973185927 ], [ 10171646.72053587064147, 2662507.87383366888389 ], [ 10171648.0134257953614, 2662503.658643476199359 ], [ 10171649.251497484743595, 2662499.355460979044437 ], [ 10171650.839451687410474, 2662494.996521838009357 ], [ 10171652.394835898652673, 2662490.780706571880728 ], [ 10171653.622306074947119, 2662486.664577641058713 ], [ 10171655.549668805673718, 2662482.514063208829612 ], [ 10171657.400551039725542, 2662478.407548657152802 ], [ 10171657.557697914540768, 2662475.008607533294708 ], [ 10171657.539115773513913, 2662471.246977513190359 ], [ 10171657.312935898080468, 2662467.584800565615296 ], [ 10171657.020923102274537, 2662463.845652279444039 ], [ 10171657.068070212379098, 2662460.116907557006925 ], [ 10171657.628672506660223, 2662456.178137874696404 ], [ 10171659.274877881631255, 2662453.568046480882913 ], [ 10171661.169898627325892, 2662449.681442848872393 ], [ 10171662.86800023727119, 2662445.718401183374226 ], [ 10171664.599081927910447, 2662441.832137221004814 ], [ 10171666.176479123532772, 2662437.682251652702689 ], [ 10171667.885792853310704, 2662433.884110531769693 ], [ 10171669.901564, 2662430.206345738843083 ], [ 10171670.006706973537803, 2662428.116274484433234 ], [ 10171669.823559740558267, 2662424.091114141978323 ], [ 10171672.693107064813375, 2662420.77452555205673 ], [ 10171676.076556820422411, 2662417.368801578879356 ], [ 10171678.989297298714519, 2662413.7112104636617 ], [ 10171681.486189916729927, 2662409.999366173986346 ], [ 10171684.255431544035673, 2662411.115592836868018 ], [ 10171690.374168949201703, 2662413.599759697914124 ], [ 10171696.438265927135944, 2662416.139030231628567 ], [ 10171700.830243531614542, 2662419.275652850978076 ], [ 10171699.66399010270834, 2662421.213843212462962 ], [ 10171696.892996784299612, 2662424.618324630893767 ], [ 10171694.11039948835969, 2662427.670720181427896 ], [ 10171691.885379247367382, 2662430.655973939690739 ], [ 10171690.765441171824932, 2662433.870023597963154 ], [ 10171690.028748786076903, 2662437.336260018404573 ], [ 10171689.357993941754103, 2662440.923230179585516 ], [ 10171687.102528810501099, 2662445.041484633926302 ], [ 10171685.043099641799927, 2662448.818368933629245 ], [ 10171683.869217419996858, 2662452.406436639372259 ], [ 10171682.848346011713147, 2662455.928277958650142 ], [ 10171681.728276511654258, 2662459.065312347374856 ], [ 10171681.381060445681214, 2662460.407867138739675 ], [ 10171680.936114570125937, 2662462.14664115011692 ], [ 10171680.74571243301034, 2662465.28172422805801 ], [ 10171680.599065056070685, 2662468.449742668773979 ], [ 10171680.802371326833963, 2662471.661012787837535 ], [ 10171681.060556847602129, 2662474.894197675865144 ], [ 10171681.26374002173543, 2662477.984469684306532 ], [ 10171681.32091155089438, 2662479.227211230434477 ], [ 10171681.390154557302594, 2662481.019950310699642 ], [ 10171681.506363300606608, 2662484.385362665168941 ], [ 10171681.782388649880886, 2662490.995194555725902 ], [ 10171682.501722453162074, 2662495.151411016937345 ], [ 10171687.774798858910799, 2662501.310953780077398 ], [ 10171688.874905209988356, 2662504.443391155917197 ], [ 10171689.348542360588908, 2662506.092338025104254 ], [ 10171698.807560302317142, 2662505.478845480829477 ], [ 10171707.238855076953769, 2662504.966492788866162 ], [ 10171715.057637071236968, 2662504.477483901195228 ], [ 10171721.062653489410877, 2662504.839056578464806 ], [ 10171724.171848256140947, 2662506.38349498109892 ], [ 10171726.322778416797519, 2662504.586251483764499 ], [ 10171730.70113655179739, 2662501.024565360508859 ], [ 10171735.057812096551061, 2662497.517851817421615 ], [ 10171739.556244840845466, 2662493.878911036532372 ], [ 10171744.371818833053112, 2662490.140254438854754 ], [ 10171748.50894520431757, 2662486.260124406311661 ], [ 10171752.755345545709133, 2662482.35774168651551 ], [ 10171756.684533951804042, 2662478.411975715309381 ], [ 10171760.723128892481327, 2662474.476997022051364 ], [ 10171764.203905660659075, 2662470.532142900396138 ], [ 10171766.656045390293002, 2662466.325438636820763 ], [ 10171769.250444876030087, 2662462.129498378839344 ], [ 10171771.878185126930475, 2662458.208463991060853 ], [ 10171774.982527187094092, 2662457.366155420430005 ], [ 10171781.554279347881675, 2662456.758561497088522 ], [ 10171788.848021039739251, 2662456.237629086244851 ], [ 10171795.584673902019858, 2662456.058658696711063 ], [ 10171802.781524421647191, 2662456.285779544152319 ], [ 10171810.05470216460526, 2662456.358728936873376 ], [ 10171817.293905464932323, 2662455.936869713943452 ], [ 10171824.543424865230918, 2662455.140878311824054 ], [ 10171831.333520524203777, 2662454.356927909422666 ], [ 10171837.480959353968501, 2662454.872207711916417 ], [ 10171843.530214918777347, 2662455.453637375496328 ], [ 10171849.043496787548065, 2662455.99210024997592 ], [ 10171851.747913850471377, 2662457.493338480126113 ], [ 10171852.815767470747232, 2662460.911869283299893 ], [ 10171853.951374877244234, 2662465.397139912471175 ], [ 10171855.233199711889029, 2662471.784860835410655 ], [ 10171857.492515651509166, 2662474.881890668533742 ], [ 10171860.032475573942065, 2662476.163569321390241 ], [ 10171866.606361662968993, 2662476.633887362200767 ], [ 10171873.298461949452758, 2662476.01508036442101 ], [ 10171875.689321948215365, 2662473.931261320598423 ], [ 10171879.739494493231177, 2662470.348230887204409 ], [ 10171883.877727845683694, 2662467.039919118862599 ], [ 10171885.917406555265188, 2662464.329954251181334 ], [ 10171886.746333552524447, 2662463.228344689588994 ], [ 10171889.483426289632916, 2662459.329017008654773 ], [ 10171892.198994491249323, 2662455.550742255989462 ], [ 10171894.673641143366694, 2662451.674037420656532 ], [ 10171897.104559728875756, 2662447.753349397797137 ], [ 10171900.208607582375407, 2662446.768027609679848 ], [ 10171905.74276278167963, 2662446.844519311096519 ], [ 10171911.199213735759258, 2662446.38222057139501 ], [ 10171915.392386596649885, 2662443.194827822037041 ], [ 10171919.606850937008858, 2662439.721403124276549 ], [ 10171923.722473040223122, 2662436.06119119329378 ], [ 10171927.368211822584271, 2662432.589026867412031 ], [ 10171927.944767270237207, 2662431.059000943321735 ], [ 10171927.903006788343191, 2662426.681496202480048 ], [ 10171927.740669652819633, 2662422.194168682210147 ], [ 10171927.939196052029729, 2662417.69519638363272 ], [ 10171928.819371858611703, 2662414.888690284918994 ], [ 10171929.177888678386807, 2662413.755011308938265 ], [ 10171928.735702805221081, 2662411.413209900259972 ], [ 10171928.415102336555719, 2662409.764019554946572 ], [ 10171926.39351999014616, 2662405.247590883169323 ], [ 10171924.119878670200706, 2662400.522755711339414 ], [ 10171921.409444790333509, 2662396.106834330130368 ], [ 10171918.62219506315887, 2662391.570044325198978 ], [ 10171915.890527416020632, 2662387.418165387120098 ], [ 10171913.705607080832124, 2662383.265078853350133 ], [ 10171911.662996727973223, 2662379.188724470790476 ], [ 10171907.510388266295195, 2662375.512671061325818 ], [ 10171902.329677738249302, 2662371.7508060997352 ], [ 10171897.6638815831393, 2662368.438822699245065 ], [ 10171892.275915268808603, 2662364.985259550623596 ], [ 10171887.62157323025167, 2662361.95928023615852 ], [ 10171883.525074088945985, 2662358.932012365665287 ], [ 10171880.303701493889093, 2662356.001975204329938 ], [ 10171877.759856829419732, 2662352.806537250988185 ], [ 10171875.433733167126775, 2662349.126796779222786 ], [ 10171873.676120234653354, 2662345.357728798873723 ], [ 10171874.085483880713582, 2662342.299268114380538 ], [ 10171870.45040831528604, 2662340.304963458329439 ], [ 10171865.20513161458075, 2662337.08216712391004 ], [ 10171860.977474624291062, 2662334.088144042529166 ], [ 10171857.34175044298172, 2662331.796920263208449 ], [ 10171856.255756519734859, 2662330.193339232355356 ], [ 10171857.045355319976807, 2662325.891209135763347 ], [ 10171858.643515149131417, 2662321.257286067120731 ], [ 10171865.005876082926989, 2662319.858256360981613 ], [ 10171868.422779371961951, 2662322.171992507297546 ], [ 10171873.317887311801314, 2662325.307558455970138 ], [ 10171878.39927408285439, 2662328.596659431234002 ], [ 10171883.557475687935948, 2662332.050607951823622 ], [ 10171888.736743437126279, 2662335.053547961171716 ], [ 10171893.91582758538425, 2662338.001566853374243 ], [ 10171898.907415961846709, 2662340.168956274632365 ], [ 10171899.325260261073709, 2662341.267993379849941 ], [ 10171902.363482965156436, 2662345.540343567728996 ], [ 10171905.740337762981653, 2662349.646844388451427 ], [ 10171909.138986896723509, 2662353.654393617063761 ], [ 10171912.209776792675257, 2662357.827711798716336 ], [ 10171913.68988430686295, 2662359.606371549889445 ], [ 10171915.4659592974931, 2662361.736540282145143 ], [ 10171918.885906361043453, 2662365.458060301840305 ], [ 10171922.404142692685127, 2662369.157407850027084 ], [ 10171925.769370753318071, 2662372.92309398483485 ], [ 10171928.959680650383234, 2662376.645113298203796 ], [ 10171932.073299741372466, 2662380.367262321524322 ], [ 10171934.847950795665383, 2662384.090174295473844 ], [ 10171937.62241773866117, 2662387.758057051803917 ], [ 10171940.408292558044195, 2662391.601887895260006 ], [ 10171943.23742787912488, 2662395.247595042921603 ], [ 10171945.487146742641926, 2662398.993654701858759 ], [ 10171947.393773736432195, 2662400.782501147594303 ], [ 10171948.555323917418718, 2662401.857976927421987 ], [ 10171954.707808269187808, 2662404.814855287782848 ], [ 10171960.816483048722148, 2662407.760897020809352 ], [ 10171967.371898863464594, 2662409.870074572041631 ], [ 10171973.479382378980517, 2662412.178186365868896 ], [ 10171978.556903246790171, 2662413.55349439335987 ], [ 10171980.924702113494277, 2662416.221373970620334 ], [ 10171985.660694312304258, 2662421.743993099313229 ], [ 10171992.814558243378997, 2662422.356012154836208 ], [ 10171998.973580101504922, 2662423.146186421159655 ], [ 10172005.066666690632701, 2662423.771428294479847 ], [ 10172010.273685477674007, 2662424.365603337995708 ], [ 10172016.952289933338761, 2662422.5478754658252 ], [ 10172024.647394116967916, 2662420.41999285062775 ], [ 10172032.496315017342567, 2662418.632854169234633 ], [ 10172040.171354163438082, 2662417.37400237005204 ], [ 10172048.371115624904633, 2662416.048126697074622 ], [ 10172056.560653276741505, 2662415.019137560389936 ], [ 10172064.662226252257824, 2662413.803386670071632 ], [ 10172072.905406959354877, 2662412.257275251671672 ], [ 10172080.885038351640105, 2662410.27188668679446 ], [ 10172088.776504272595048, 2662407.879619648680091 ], [ 10172095.792624371126294, 2662405.346258590463549 ], [ 10172102.589718639850616, 2662402.659385680221021 ], [ 10172109.233173087239265, 2662399.730773240793496 ], [ 10172115.55492845736444, 2662399.882633208762854 ], [ 10172122.359017597511411, 2662400.55036151362583 ], [ 10172128.987231584265828, 2662400.866453188471496 ], [ 10172136.943547997623682, 2662398.122166240122169 ], [ 10172143.414562420919538, 2662396.392796843778342 ], [ 10172144.034275755286217, 2662394.609612195752561 ], [ 10172148.935241682454944, 2662384.678384739439934 ], [ 10172157.182965751737356, 2662369.515663585625589 ], [ 10172165.121192112565041, 2662363.317619256675243 ], [ 10172174.317872105166316, 2662357.480011749546975 ], [ 10172183.558825707063079, 2662351.939212139695883 ], [ 10172192.153108166530728, 2662345.695917365141213 ], [ 10172199.902061805129051, 2662337.903397098183632 ], [ 10172207.979777725413442, 2662330.484234937466681 ], [ 10172215.732263341546059, 2662324.418624483980238 ], [ 10172219.972232712432742, 2662322.726921870373189 ], [ 10172221.414709538221359, 2662322.162949942983687 ], [ 10172224.899941755458713, 2662315.12745370157063 ], [ 10172219.319332834333181, 2662308.484794768039137 ], [ 10172212.904343852773309, 2662300.227086309343576 ], [ 10172205.374923393130302, 2662292.510562903247774 ], [ 10172198.808461088687181, 2662285.089057683479041 ], [ 10172192.275226639583707, 2662277.821456713136286 ], [ 10172186.321120653301477, 2662270.310727113392204 ], [ 10172180.487675355747342, 2662262.964629916008562 ], [ 10172172.312344089150429, 2662260.243006343021989 ], [ 10172157.287002965807915, 2662255.687889397609979 ], [ 10172149.245449829846621, 2662259.4663299866952 ], [ 10172140.626130046322942, 2662264.191893932875246 ], [ 10172131.370687333866954, 2662268.005816240794957 ], [ 10172122.158265063539147, 2662271.456633490044624 ], [ 10172119.100224597379565, 2662273.486777700018138 ], [ 10172113.851208807900548, 2662279.096233694814146 ], [ 10172107.977659940719604, 2662284.112874587532133 ], [ 10172102.792586443945765, 2662288.875292792916298 ], [ 10172098.088502472266555, 2662293.526597045361996 ], [ 10172094.16119603253901, 2662298.31928340299055 ], [ 10172089.122546585276723, 2662299.880670183338225 ], [ 10172085.690241686999798, 2662300.734656975138932 ], [ 10172083.144148673862219, 2662301.773850085679442 ], [ 10172081.375228585675359, 2662303.141393497120589 ], [ 10172080.186430055648088, 2662304.727705681696534 ], [ 10172075.730228317901492, 2662307.640714082401246 ], [ 10172071.68950230255723, 2662310.453926752787083 ], [ 10172068.340026538819075, 2662314.398493051994592 ], [ 10172064.582632727921009, 2662316.760062221903354 ], [ 10172060.401763964444399, 2662320.563322241418064 ], [ 10172054.48212493211031, 2662324.447313400916755 ], [ 10172048.639245197176933, 2662328.474051696248353 ], [ 10172043.092258933931589, 2662332.753176864236593 ], [ 10172040.615992883220315, 2662330.558529149740934 ], [ 10172037.028847839683294, 2662325.253572051879019 ], [ 10172040.565862322226167, 2662322.122565615456551 ], [ 10172046.734423726797104, 2662316.951241185422987 ], [ 10172051.874719021841884, 2662311.672015078831464 ], [ 10172055.293716812506318, 2662309.64117069169879 ], [ 10172062.821446228772402, 2662305.940864180214703 ], [ 10172066.309201491996646, 2662300.115175487473607 ], [ 10172074.567802330479026, 2662295.489359164144844 ], [ 10172082.496789855882525, 2662290.138452992308885 ], [ 10172089.506996229290962, 2662284.745350796263665 ], [ 10172091.82594702206552, 2662279.615063331555575 ], [ 10172094.36012064665556, 2662272.801540737506002 ], [ 10172097.922840123996139, 2662266.238687296863645 ], [ 10172101.813932763412595, 2662259.818247949704528 ], [ 10172109.427800823003054, 2662260.759270146954805 ], [ 10172119.016994509845972, 2662259.672385940793902 ], [ 10172128.527980709448457, 2662257.771788742858917 ], [ 10172150.489443304017186, 2662247.529955397825688 ], [ 10172149.783342124894261, 2662244.583719682414085 ], [ 10172147.864828813821077, 2662237.04258680017665 ], [ 10172147.52082534879446, 2662234.623504207003862 ], [ 10172147.111355861648917, 2662232.281708975322545 ], [ 10172146.865403639152646, 2662229.71945539675653 ], [ 10172146.073392692953348, 2662227.488372890744358 ], [ 10172146.025096328929067, 2662225.310626228805631 ], [ 10172144.795460844412446, 2662222.992427120916545 ], [ 10172144.341920768842101, 2662220.485652974806726 ], [ 10172143.320478526875377, 2662218.38701138086617 ], [ 10172142.582659021019936, 2662215.935846356209368 ], [ 10172141.647391932085156, 2662213.232113464269787 ], [ 10172140.52653581649065, 2662210.616735811810941 ], [ 10172139.010837381705642, 2662207.518211877904832 ], [ 10172137.637686749920249, 2662204.573435598053038 ], [ 10172136.385559717193246, 2662201.94732751743868 ], [ 10172135.121314791962504, 2662198.826260306406766 ], [ 10172133.716314550489187, 2662196.29953207122162 ], [ 10172132.572935385629535, 2662193.43116446165368 ], [ 10172130.938030062243342, 2662190.838860053103417 ], [ 10172130.560313289985061, 2662187.99095640797168 ], [ 10172131.319759491831064, 2662185.030677678063512 ], [ 10172131.683295072987676, 2662180.982375501189381 ], [ 10172124.998616168275476, 2662179.808445010799915 ], [ 10172122.873388640582561, 2662178.130121372174472 ], [ 10172120.121619330719113, 2662174.858186562545598 ], [ 10172117.106622302904725, 2662171.278923614416271 ], [ 10172113.642861880362034, 2662167.502567110583186 ], [ 10172110.463511923328042, 2662163.74762119166553 ], [ 10172107.678112337365746, 2662160.057800586335361 ], [ 10172105.341685632243752, 2662156.697011545300484 ], [ 10172103.322176575660706, 2662153.236611219123006 ], [ 10172101.336071662604809, 2662150.029121550731361 ], [ 10172099.327944315969944, 2662146.755716513376683 ], [ 10172096.980902781710029, 2662143.548937110230327 ], [ 10172094.983448212966323, 2662140.143514357041568 ], [ 10172092.449320985004306, 2662136.376233311835676 ], [ 10172101.092073064297438, 2662132.464619402773678 ], [ 10172103.963385805487633, 2662135.351331231649965 ], [ 10172107.3399120233953, 2662139.24878207128495 ], [ 10172110.343281941488385, 2662142.564136494416744 ], [ 10172113.554510548710823, 2662145.846113215666264 ], [ 10172116.896801650524139, 2662149.050753890536726 ], [ 10172120.337538287043571, 2662152.299189753364772 ], [ 10172123.767657851800323, 2662155.701743145473301 ], [ 10172127.3624267000705, 2662159.378768960013986 ], [ 10172131.001036092638969, 2662163.055798457935452 ], [ 10172136.591018116101623, 2662169.060429441276938 ], [ 10172141.445288468152285, 2662173.581772977486253 ], [ 10172144.608050318434834, 2662174.587111447006464 ], [ 10172153.152081659063697, 2662175.823151642922312 ], [ 10172153.881565060466528, 2662179.539176664780825 ], [ 10172144.821337627246976, 2662187.873253231868148 ], [ 10172145.654324624687433, 2662188.751370464451611 ], [ 10172149.323725476861, 2662196.783827187027782 ], [ 10172152.838079553097486, 2662203.848785967566073 ], [ 10172155.924772698432207, 2662210.375597030855715 ], [ 10172158.693837005645037, 2662216.727097461000085 ], [ 10172160.508633188903332, 2662221.683797609526664 ], [ 10172161.300832001492381, 2662223.969907702878118 ], [ 10172161.906988436356187, 2662226.223374844994396 ], [ 10172162.512961883097887, 2662228.377943499945104 ], [ 10172163.107871221378446, 2662230.477455303538591 ], [ 10172164.293649153783917, 2662232.718741735443473 ], [ 10172165.57761200144887, 2662234.849786543287337 ], [ 10172166.763077281415462, 2662236.915156034752727 ], [ 10172167.88291609287262, 2662239.035494646523148 ], [ 10172168.893667289987206, 2662241.233227016869932 ], [ 10172169.904574101790786, 2662243.54079848760739 ], [ 10172170.982156546786427, 2662246.321263269986957 ], [ 10172175.329297211021185, 2662248.885988992173225 ], [ 10172179.76382340490818, 2662251.395363376010209 ], [ 10172180.429829640313983, 2662250.866046759765595 ], [ 10172183.126262923702598, 2662248.495709961745888 ], [ 10172185.810363788157701, 2662250.71186507679522 ], [ 10172191.590069822967052, 2662253.229514513164759 ], [ 10172197.205103263258934, 2662255.439540386199951 ], [ 10172202.349399004131556, 2662257.408545815385878 ], [ 10172206.416052889078856, 2662261.83257858036086 ], [ 10172210.450331838801503, 2662266.454653486609459 ], [ 10172214.364060249179602, 2662270.999947083648294 ], [ 10172217.801192229613662, 2662272.433632309548557 ], [ 10172225.495360279455781, 2662275.211213653441519 ], [ 10172232.971166413277388, 2662278.1323113408871 ], [ 10172240.468918537721038, 2662281.108272517565638 ], [ 10172247.855055274441838, 2662283.017610712908208 ], [ 10172255.262035937979817, 2662284.387979859020561 ], [ 10172262.344911618158221, 2662282.43729689810425 ], [ 10172270.005855912342668, 2662279.715506033506244 ], [ 10172277.47005938179791, 2662277.060159846674651 ], [ 10172284.694161970168352, 2662274.625293299555779 ], [ 10172291.558136980980635, 2662272.598111770581454 ], [ 10172295.407323908060789, 2662272.326072810683399 ], [ 10172299.669085605069995, 2662275.880739282350987 ], [ 10172302.815966494381428, 2662279.767747297883034 ], [ 10172305.819797920063138, 2662283.270062046591192 ], [ 10172308.276386613026261, 2662286.542542106471956 ], [ 10172310.696859011426568, 2662288.187368193175644 ], [ 10172310.411054344847798, 2662292.785423202440143 ], [ 10172310.093165764585137, 2662297.680640299338847 ], [ 10172309.632674289867282, 2662302.400122418534011 ], [ 10172308.964354025200009, 2662307.098067158367485 ], [ 10172308.361418040469289, 2662311.707784813828766 ], [ 10172307.440615616738796, 2662315.933345090132207 ], [ 10172307.264506913721561, 2662320.685179640073329 ], [ 10172307.308163467794657, 2662325.898597568273544 ], [ 10172309.548580719158053, 2662330.381495655048639 ], [ 10172311.800167357549071, 2662335.00730170821771 ], [ 10172314.095408266410232, 2662339.577973077073693 ], [ 10172316.237405374646187, 2662344.094098183792084 ], [ 10172318.89380344748497, 2662348.752016513608396 ], [ 10172321.407758435234427, 2662353.300277841743082 ], [ 10172324.840387184172869, 2662357.89061101526022 ], [ 10172330.39146220125258, 2662360.84863887168467 ], [ 10172335.830967824906111, 2662362.762030544225127 ], [ 10172336.052343007177114, 2662364.004526603966951 ], [ 10172339.222115959972143, 2662368.397371522616595 ], [ 10172342.228003922849894, 2662372.856640986166894 ], [ 10172348.580192893743515, 2662377.132933595683426 ], [ 10172355.631191013380885, 2662380.857772349379957 ], [ 10172360.335440017282963, 2662376.294326866511256 ], [ 10172364.032147975638509, 2662371.08403061889112 ], [ 10172364.548794878646731, 2662367.079283044673502 ], [ 10172365.16093279980123, 2662361.666562843136489 ], [ 10172365.674094146117568, 2662355.990042028948665 ], [ 10172366.253222418949008, 2662350.467401562724262 ], [ 10172366.88695964962244, 2662344.944574751425534 ], [ 10172367.892255045473576, 2662339.267024144530296 ], [ 10172368.723128540441394, 2662333.820849944837391 ], [ 10172370.79268311150372, 2662329.757843560539186 ], [ 10172375.496619705110788, 2662325.095507906749845 ], [ 10172380.342208484187722, 2662320.12480451958254 ], [ 10172385.450762609019876, 2662315.395458147395402 ], [ 10172389.924231747165322, 2662310.326652577146888 ], [ 10172394.167820060625672, 2662305.137244993355125 ], [ 10172398.532244777306914, 2662300.255565070547163 ], [ 10172402.831920001655817, 2662295.725882097613066 ], [ 10172406.595409445464611, 2662291.065513400826603 ], [ 10172410.118319604545832, 2662286.471591798122972 ], [ 10172406.143003650009632, 2662283.928224344272166 ], [ 10172398.608247002586722, 2662278.928542579058558 ], [ 10172391.969110559672117, 2662273.366097361780703 ], [ 10172385.756591459736228, 2662267.901674096938223 ], [ 10172379.853182842954993, 2662263.745603690389544 ], [ 10172374.278337819501758, 2662259.87470775609836 ], [ 10172369.950995683670044, 2662256.30917495302856 ], [ 10172366.292108565568924, 2662253.435128873679787 ], [ 10172366.220918148756027, 2662250.707580660004169 ], [ 10172365.61742721311748, 2662244.516457352321595 ], [ 10172364.55460368655622, 2662238.304356932174414 ], [ 10172367.573658218607306, 2662233.315543201286346 ], [ 10172370.494764890521765, 2662228.557971345260739 ], [ 10172371.999391444027424, 2662226.344056297559291 ], [ 10172373.427808808162808, 2662224.24022198561579 ], [ 10172378.422329684719443, 2662217.322488842532039 ], [ 10172382.587781531736255, 2662211.407367816194892 ], [ 10172388.007512183859944, 2662203.806754138320684 ], [ 10172390.607864087447524, 2662202.591413146350533 ], [ 10172395.681947054341435, 2662202.34973080130294 ], [ 10172401.017693437635899, 2662196.465177861507982 ], [ 10172405.167398121207952, 2662193.497815881390125 ], [ 10172411.941564101725817, 2662190.359837341122329 ], [ 10172421.113325504586101, 2662188.404708354733884 ], [ 10172427.334361035376787, 2662187.489748512860388 ], [ 10172431.335416793823242, 2662186.689443665090948 ], [ 10172435.325728295370936, 2662185.922039898112416 ], [ 10172439.305236840620637, 2662185.253724378533661 ], [ 10172443.318204095587134, 2662184.904396009631455 ], [ 10172447.211311228573322, 2662184.720173473004252 ], [ 10172452.405989537015557, 2662184.665200476534665 ], [ 10172456.791915146633983, 2662184.810000562574714 ], [ 10172451.139359623193741, 2662180.356393600348383 ], [ 10172443.101625235751271, 2662175.401863321196288 ], [ 10172439.78028168156743, 2662171.801199274603277 ], [ 10172446.065085222944617, 2662164.726825827267021 ], [ 10172452.437501333653927, 2662157.762077406980097 ], [ 10172461.041609231382608, 2662151.122706300579011 ], [ 10172461.871701119467616, 2662150.571045607794076 ], [ 10172470.106235451996326, 2662145.021228638477623 ], [ 10172479.358775934204459, 2662139.88732638489455 ], [ 10172480.974642116576433, 2662138.542116038966924 ], [ 10172487.252295764163136, 2662133.337370936758816 ], [ 10172495.375102890655398, 2662126.622040221467614 ], [ 10172499.259419510141015, 2662122.291300144046545 ], [ 10172503.01225177384913, 2662117.817894753068686 ], [ 10172492.324030390009284, 2662111.032170144375414 ], [ 10172486.08851988427341, 2662110.198464349843562 ], [ 10172478.804107824340463, 2662109.894852129276842 ], [ 10172472.931495532393456, 2662110.006300715729594 ], [ 10172469.747737457975745, 2662114.676431472413242 ], [ 10172465.077905500307679, 2662125.201136646792293 ], [ 10172456.821962680667639, 2662125.757430044934154 ], [ 10172446.952218253165483, 2662128.604913499671966 ], [ 10172439.679281095042825, 2662133.822628627996892 ], [ 10172430.331960884854198, 2662124.955340987537056 ], [ 10172435.954692423343658, 2662104.562798227649182 ], [ 10172433.828946182504296, 2662097.407085482031107 ], [ 10172429.551254475489259, 2662086.142386990599334 ], [ 10172424.083829088136554, 2662081.281429154332727 ], [ 10172424.5653514303267, 2662076.188022773712873 ], [ 10172424.152478704228997, 2662061.769612169358879 ], [ 10172419.226881748065352, 2662054.509819077793509 ], [ 10172418.485285125672817, 2662034.460667335428298 ], [ 10172418.084133740514517, 2662025.640620163176209 ], [ 10172418.319638594985008, 2662017.951975563541055 ], [ 10172419.109003456309438, 2662008.392492580693215 ], [ 10172419.759921725839376, 2662000.582064385525882 ], [ 10172423.256209617480636, 2661998.957904445007443 ], [ 10172426.323929168283939, 2661996.377700569108129 ], [ 10172426.639996394515038, 2661995.838186882436275 ], [ 10172425.629509313032031, 2661983.257754203863442 ], [ 10172421.83079919219017, 2661981.451037409715354 ], [ 10172415.39612146653235, 2661979.51777760265395 ], [ 10172416.580185011029243, 2661975.654754115734249 ], [ 10172417.946610422804952, 2661970.097606662195176 ], [ 10172419.489860342815518, 2661965.419935051351786 ], [ 10172422.226768955588341, 2661961.509582519996911 ], [ 10172426.307535525411367, 2661956.958529804833233 ], [ 10172430.913113104179502, 2661952.384424797724932 ], [ 10172436.022063881158829, 2661947.919256707653403 ], [ 10172440.838558776304126, 2661944.807479358278215 ], [ 10172442.405862633138895, 2661941.152644348796457 ], [ 10172445.12404640763998, 2661933.546861986164004 ], [ 10172440.761563614010811, 2661934.09494453528896 ], [ 10172440.922778461128473, 2661927.473446764051914 ], [ 10172440.105572372674942, 2661918.423311690799892 ], [ 10172438.653062475845218, 2661908.912518747150898 ], [ 10172437.211700269952416, 2661899.467727075330913 ], [ 10172433.813828248530626, 2661901.06970567535609 ], [ 10172429.221612349152565, 2661901.574311806354672 ], [ 10172424.93632553704083, 2661902.441264892928302 ], [ 10172421.64957588352263, 2661904.878893709275872 ], [ 10172416.770929824560881, 2661909.684537087567151 ], [ 10172411.270505921915174, 2661915.173423829954118 ], [ 10172408.224424319341779, 2661917.676541548222303 ], [ 10172402.446395, 2661921.230218631681055 ], [ 10172396.593795059248805, 2661925.664035264402628 ], [ 10172390.79712082631886, 2661930.735570499673486 ], [ 10172386.90011815726757, 2661934.241334329824895 ], [ 10172384.876379039138556, 2661934.025664699263871 ], [ 10172383.297230733558536, 2661931.961200125981122 ], [ 10172383.0571917463094, 2661932.203669104259461 ], [ 10172380.611282698810101, 2661934.089562456589192 ], [ 10172376.153996933251619, 2661936.37562267947942 ], [ 10172371.36775678396225, 2661938.233526715543121 ], [ 10172366.810121862217784, 2661939.595891765318811 ], [ 10172359.714811526238918, 2661940.765660854056478 ], [ 10172353.50638241507113, 2661942.450563488528132 ], [ 10172347.889604153111577, 2661944.651046968996525 ], [ 10172344.905649602413177, 2661945.427235746290535 ], [ 10172344.68512381054461, 2661944.58079770533368 ], [ 10172333.214541040360928, 2661945.418792169541121 ], [ 10172325.13397878408432, 2661946.08464295277372 ], [ 10172317.238184660673141, 2661946.255277507007122 ], [ 10172314.352654829621315, 2661952.310540002770722 ], [ 10172308.752670895308256, 2661952.091368015855551 ], [ 10172308.917597120627761, 2661941.972282479051501 ], [ 10172298.916405491530895, 2661939.386558210942894 ], [ 10172289.023408392444253, 2661936.261660393793136 ], [ 10172278.613159278407693, 2661931.598155961371958 ], [ 10172268.400783132761717, 2661927.406991647090763 ], [ 10172267.270307566970587, 2661925.451646337751299 ], [ 10172271.994161745533347, 2661914.542073377873749 ], [ 10172279.262062845751643, 2661917.540550631005317 ], [ 10172286.801230728626251, 2661919.438404990825802 ], [ 10172294.580571027472615, 2661921.170915012713522 ], [ 10172303.323324387893081, 2661923.352242304012179 ], [ 10172312.863968025892973, 2661925.367030068766326 ], [ 10172321.835043340921402, 2661926.910045161377639 ], [ 10172330.791707901284099, 2661926.75919701391831 ], [ 10172342.58040146715939, 2661926.415519047528505 ], [ 10172349.291483050212264, 2661924.56464079907164 ], [ 10172355.904515808448195, 2661922.856930263340473 ], [ 10172362.754946686327457, 2661919.630933764390647 ], [ 10172366.532800730317831, 2661916.697356923017651 ], [ 10172370.921055067330599, 2661912.761611525435001 ], [ 10172375.155616892501712, 2661908.562258702237159 ], [ 10172378.648033926263452, 2661905.068375191651285 ], [ 10172372.254351060837507, 2661896.502812728285789 ], [ 10172378.025376671925187, 2661889.616635276470333 ], [ 10172384.146765016019344, 2661882.949606496375054 ], [ 10172390.904402703046799, 2661877.183135410305113 ], [ 10172397.47678985260427, 2661871.757949518971145 ], [ 10172401.568024439737201, 2661866.975905179046094 ], [ 10172404.830077107995749, 2661863.163522885646671 ], [ 10172406.861951131373644, 2661856.813121231738478 ], [ 10172408.53765032812953, 2661852.751078065019101 ], [ 10172407.337300039827824, 2661843.503850353416055 ], [ 10172406.433157546445727, 2661834.72889258665964 ], [ 10172406.274939300492406, 2661826.975221732165664 ], [ 10172405.097750578075647, 2661818.3767982237041 ], [ 10172403.492016084492207, 2661814.013719845097512 ], [ 10172400.344827895984054, 2661809.972918646875769 ], [ 10172394.536060003563762, 2661803.946945947594941 ], [ 10172390.014796309173107, 2661801.745761359110475 ], [ 10172384.926576493307948, 2661800.403647099155933 ], [ 10172375.208856776356697, 2661797.37751805363223 ], [ 10172367.624975712969899, 2661794.984689030330628 ], [ 10172358.662499617785215, 2661792.264941586647183 ], [ 10172350.628465447574854, 2661789.026290074922144 ], [ 10172346.081224381923676, 2661790.080708981025964 ], [ 10172340.04930037073791, 2661792.491024146787822 ], [ 10172330.707424975931644, 2661796.668153584003448 ], [ 10172325.997194720432162, 2661798.250759784132242 ], [ 10172320.67195070721209, 2661798.580930286087096 ], [ 10172316.546902313828468, 2661797.610703592188656 ], [ 10172309.882255593314767, 2661795.458037987817079 ], [ 10172305.355025164783001, 2661795.698467248119414 ], [ 10172299.813635678961873, 2661797.271930074319243 ], [ 10172292.567092828452587, 2661799.332864793017507 ], [ 10172283.975672090426087, 2661801.495582432951778 ], [ 10172274.184625489637256, 2661805.28863426623866 ], [ 10172267.616336232051253, 2661807.469013676047325 ], [ 10172264.082153694704175, 2661801.328284199815243 ], [ 10172260.174267787486315, 2661794.308458786923438 ], [ 10172267.145315224304795, 2661791.247153513133526 ], [ 10172275.384445406496525, 2661787.952367144171149 ], [ 10172283.732581416144967, 2661784.481289100833237 ], [ 10172292.375495729967952, 2661780.756724021397531 ], [ 10172298.246438186615705, 2661779.84246754553169 ], [ 10172307.205386077985168, 2661775.589221831411123 ], [ 10172309.318643854930997, 2661776.827669773250818 ], [ 10172312.631915545091033, 2661776.622740671504289 ], [ 10172317.724855018779635, 2661775.028213813900948 ], [ 10172323.167371701449156, 2661773.191063282079995 ], [ 10172329.93635007366538, 2661772.934830497018993 ], [ 10172336.836256643757224, 2661772.480483261868358 ], [ 10172341.00165250711143, 2661771.822749298997223 ], [ 10172343.557575823739171, 2661770.299597299657762 ], [ 10172344.479891935363412, 2661766.833179996348917 ], [ 10172350.928927505388856, 2661765.169810143299401 ], [ 10172357.32176410779357, 2661762.846735046245158 ], [ 10172363.813125196844339, 2661760.534412499982864 ], [ 10172370.260808458551764, 2661758.244073991198093 ], [ 10172376.567107982933521, 2661756.328057758975774 ], [ 10172378.865267433226109, 2661757.104216977953911 ], [ 10172381.80484807677567, 2661750.729821018408984 ], [ 10172386.644263219088316, 2661742.888679352588952 ], [ 10172390.952477250248194, 2661737.292438091244549 ], [ 10172390.860332686454058, 2661729.824619245249778 ], [ 10172391.251937534660101, 2661723.554632339160889 ], [ 10172392.112841419875622, 2661716.843775377143174 ], [ 10172393.128413578495383, 2661710.8254743819125 ], [ 10172395.06853243149817, 2661702.429496506229043 ], [ 10172397.425452610477805, 2661694.648637126665562 ], [ 10172400.175040915608406, 2661686.316987502854317 ], [ 10172402.255671285092831, 2661682.397146545816213 ], [ 10172401.913886416703463, 2661681.06709562940523 ], [ 10172402.831957682967186, 2661675.53296772763133 ], [ 10172403.663229735568166, 2661670.339938182849437 ], [ 10172404.397221464663744, 2661665.67504880297929 ], [ 10172404.030532604083419, 2661662.882187727838755 ], [ 10172401.106132421642542, 2661655.541378135792911 ], [ 10172398.271019712090492, 2661649.025215355679393 ], [ 10172396.957516744732857, 2661643.187822234816849 ], [ 10172395.626765524968505, 2661634.325892188586295 ], [ 10172395.055136065930128, 2661632.952263242565095 ], [ 10172377.924481624737382, 2661625.476386033929884 ], [ 10172369.997633742168546, 2661626.372922445647418 ], [ 10172367.391824655234814, 2661624.970667670946568 ], [ 10172360.892411617562175, 2661628.63575333962217 ], [ 10172356.907490672543645, 2661631.877683841157705 ], [ 10172350.946975344792008, 2661637.037525234743953 ], [ 10172344.342189, 2661642.616563259623945 ], [ 10172337.12547367438674, 2661648.471898703835905 ], [ 10172329.231608510017395, 2661654.713635824620724 ], [ 10172320.528608025982976, 2661661.05601851362735 ], [ 10172309.266500614583492, 2661667.392813752871007 ], [ 10172307.975518206134439, 2661677.679061295930296 ], [ 10172307.920728500932455, 2661682.936437747906893 ], [ 10172304.47618287615478, 2661683.097597207408398 ], [ 10172298.964702900499105, 2661683.274124418385327 ], [ 10172297.171232301741838, 2661678.064621689729393 ], [ 10172296.172667248174548, 2661671.159756666980684 ], [ 10172294.826058711856604, 2661665.179390187840909 ], [ 10172294.36442225985229, 2661664.0585259902291 ], [ 10172293.320233391597867, 2661661.542010124307126 ], [ 10172290.95220097899437, 2661658.731426693499088 ], [ 10172286.098279993981123, 2661654.287178195547312 ], [ 10172281.366827912628651, 2661650.920585117768496 ], [ 10172276.60542425327003, 2661648.939864040818065 ], [ 10172272.041411940008402, 2661647.189710728824139 ], [ 10172267.905922109261155, 2661646.40652284771204 ], [ 10172263.602305553853512, 2661648.945176772773266 ], [ 10172259.312200143933296, 2661652.7156742955558 ], [ 10172254.967007249593735, 2661656.332217755261809 ], [ 10172250.906479822471738, 2661660.036244485061616 ], [ 10172245.515853816643357, 2661665.777652685530484 ], [ 10172241.389407996088266, 2661669.393882541451603 ], [ 10172236.138664405792952, 2661673.980198374483734 ], [ 10172231.406427677720785, 2661670.23966542026028 ], [ 10172227.820755045861006, 2661665.62778019439429 ], [ 10172233.326409315690398, 2661657.34538183780387 ], [ 10172233.69779490493238, 2661657.124698747415096 ], [ 10172238.459997691214085, 2661654.255101792048663 ], [ 10172243.474304161965847, 2661651.615995114669204 ], [ 10172247.304515335708857, 2661647.582532879896462 ], [ 10172251.517121506854892, 2661643.361234725918621 ], [ 10172247.84775354899466, 2661640.564368502702564 ], [ 10172243.831627480685711, 2661639.340940484311432 ], [ 10172240.414519397541881, 2661636.928486049175262 ], [ 10172238.113461185246706, 2661634.777624879963696 ], [ 10172232.889104332774878, 2661636.306355985347182 ], [ 10172227.883814051747322, 2661638.010574598331004 ], [ 10172223.426088796928525, 2661640.065614062361419 ], [ 10172219.692715080454946, 2661643.317895893473178 ], [ 10172215.346596198156476, 2661646.483599448110908 ], [ 10172213.22119658254087, 2661649.941527524963021 ], [ 10172206.904935775324702, 2661657.576714995782822 ], [ 10172201.331205997616053, 2661664.649326074402779 ], [ 10172197.829027947038412, 2661668.693143340293318 ], [ 10172194.480193819850683, 2661667.578299492131919 ], [ 10172188.258381359279156, 2661662.718946208711714 ], [ 10172184.859726950526237, 2661658.656708042602986 ], [ 10172192.029275942593813, 2661651.140780419576913 ], [ 10172198.641794079914689, 2661643.955876254476607 ], [ 10172205.211757104843855, 2661637.376155642326921 ], [ 10172206.783521557226777, 2661635.910016673151404 ], [ 10172211.138705842196941, 2661631.831533774267882 ], [ 10172217.8431860152632, 2661626.846179246902466 ], [ 10172221.38786993175745, 2661622.208452771883458 ], [ 10172221.61050658673048, 2661618.842450422700495 ], [ 10172219.322453252971172, 2661607.133853540755808 ], [ 10172217.583156963810325, 2661601.594346841331571 ], [ 10172215.142745207995176, 2661600.818571999669075 ], [ 10172213.510540975257754, 2661599.491220301017165 ], [ 10172219.781729429960251, 2661591.262245921418071 ], [ 10172227.388647446408868, 2661594.25991716561839 ], [ 10172234.535224983468652, 2661612.656274789012969 ], [ 10172239.126220632344484, 2661616.837080274242908 ], [ 10172246.586465690284967, 2661622.980511003173888 ], [ 10172254.39753764308989, 2661624.239948145579547 ], [ 10172267.636086056008935, 2661627.038868140429258 ], [ 10172280.217831030488014, 2661629.498054308351129 ], [ 10172291.289518494158983, 2661631.531518656294793 ], [ 10172300.280500462278724, 2661632.238556945696473 ], [ 10172311.358430933207273, 2661632.028404375072569 ], [ 10172320.782492697238922, 2661630.578800169751048 ], [ 10172328.221912117674947, 2661626.680720639415085 ], [ 10172335.25585518963635, 2661622.376611474435776 ], [ 10172339.577994342893362, 2661618.232045702636242 ], [ 10172344.102807836607099, 2661611.590473153628409 ], [ 10172348.248809797689319, 2661606.896503491327167 ], [ 10172350.373118059709668, 2661602.954592728521675 ], [ 10172351.468285230919719, 2661598.409893600735813 ], [ 10172363.17699309438467, 2661596.526570705231279 ], [ 10172368.785380439832807, 2661595.656914932653308 ], [ 10172367.894740154966712, 2661593.327110283076763 ], [ 10172370.113315764814615, 2661587.339398395270109 ], [ 10172372.383275482803583, 2661579.789638344198465 ], [ 10172371.885086376219988, 2661576.909155775792897 ], [ 10172371.322836752980947, 2661569.475430405233055 ], [ 10172371.655770817771554, 2661561.247925753705204 ], [ 10172372.100798290222883, 2661554.372960207052529 ], [ 10172373.158348135650158, 2661547.584787228144705 ], [ 10172373.840161226689816, 2661538.872577939648181 ], [ 10172379.693446952849627, 2661534.80196005711332 ], [ 10172377.204708745703101, 2661521.246214611455798 ], [ 10172375.086058719083667, 2661512.18793276976794 ], [ 10172374.409260548651218, 2661507.504048875998706 ], [ 10172370.176465274766088, 2661507.271016129292548 ], [ 10172362.76768952794373, 2661504.856032486073673 ], [ 10172360.247248208150268, 2661502.397678594570607 ], [ 10172356.559856634587049, 2661501.437573075294495 ], [ 10172350.065167458727956, 2661502.100048372987658 ], [ 10172343.96448683552444, 2661502.926750463899225 ], [ 10172336.342428164556623, 2661503.118770231027156 ], [ 10172328.171617837622762, 2661502.399094544351101 ], [ 10172324.693047091364861, 2661501.966477842535824 ], [ 10172318.853572173044086, 2661496.864471368025988 ], [ 10172314.349600501358509, 2661492.430581816937774 ], [ 10172310.479305349290371, 2661487.720453421119601 ], [ 10172307.550349906086922, 2661483.360183255746961 ], [ 10172301.956165548413992, 2661480.534457726869732 ], [ 10172297.410396406427026, 2661477.057454931549728 ], [ 10172291.302852408960462, 2661479.775899748783559 ], [ 10172286.233418403193355, 2661482.173197486903518 ], [ 10172278.526623504236341, 2661483.696100428234786 ], [ 10172278.220545621588826, 2661483.773750915657729 ], [ 10172271.312409581616521, 2661485.459951754193753 ], [ 10172264.764168974012136, 2661486.650526913348585 ], [ 10172261.746047602966428, 2661486.777764932718128 ], [ 10172260.052580665796995, 2661482.294090766459703 ], [ 10172256.67183736525476, 2661476.285041873343289 ], [ 10172252.678732490167022, 2661470.299362588208169 ], [ 10172249.342460023239255, 2661464.642138076946139 ], [ 10172250.181821383535862, 2661463.342596515547484 ], [ 10172253.656303811818361, 2661461.784544365946203 ], [ 10172258.191423242911696, 2661460.158329357393086 ], [ 10172263.064175914973021, 2661457.893453907687217 ], [ 10172267.620314545929432, 2661455.871168991550803 ], [ 10172272.244338110089302, 2661454.915664867497981 ], [ 10172275.775953115895391, 2661454.545354444999248 ], [ 10172281.96702378988266, 2661455.170264588668942 ], [ 10172289.208250110968947, 2661455.913938316516578 ], [ 10172296.208783710375428, 2661456.60316810104996 ], [ 10172304.054051496088505, 2661458.588386108633131 ], [ 10172312.218388505280018, 2661461.463806457351893 ], [ 10172320.325666628777981, 2661463.206503086257726 ], [ 10172325.761705251410604, 2661463.624013878870755 ], [ 10172330.773167384788394, 2661459.676092563197017 ], [ 10172337.324306026101112, 2661454.592108434997499 ], [ 10172337.045178581029177, 2661446.574881879612803 ], [ 10172336.157129457220435, 2661434.951514699030668 ], [ 10172335.105413623154163, 2661423.52650733711198 ], [ 10172336.791384801268578, 2661419.134668226353824 ], [ 10172338.562435643747449, 2661413.620870625134557 ], [ 10172339.721232971176505, 2661408.130227531306446 ], [ 10172341.587260378524661, 2661406.212609996087849 ], [ 10172344.962277393788099, 2661404.148881836328655 ], [ 10172351.112616775557399, 2661400.968452771194279 ], [ 10172353.647171502932906, 2661399.698309316299856 ], [ 10172355.675732312723994, 2661391.764260129071772 ], [ 10172358.0341308824718, 2661384.676466084085405 ], [ 10172360.298019336536527, 2661379.46948175644502 ], [ 10172360.892977386713028, 2661376.355761969462037 ], [ 10172361.042596291750669, 2661369.426513090729713 ], [ 10172362.087518699467182, 2661361.780508949887007 ], [ 10172362.885145917534828, 2661356.169714877381921 ], [ 10172364.547125432640314, 2661350.76614463981241 ], [ 10172366.03854557685554, 2661347.507482589688152 ], [ 10172359.320709215477109, 2661345.981813771650195 ], [ 10172354.858831150457263, 2661345.980219052638859 ], [ 10172354.152257012203336, 2661337.557079252321273 ], [ 10172353.798557139933109, 2661325.184821401722729 ], [ 10172353.340969946235418, 2661315.518293922767043 ], [ 10172353.690463153645396, 2661304.750377832446247 ], [ 10172353.303199576213956, 2661292.059173455927521 ], [ 10172353.177774904295802, 2661284.33877022145316 ], [ 10172353.225312322378159, 2661275.628028540406376 ], [ 10172353.599991610273719, 2661266.509761068038642 ], [ 10172354.149453673511744, 2661257.27019091648981 ], [ 10172358.090663082897663, 2661254.028440628200769 ], [ 10172362.995978385210037, 2661251.675474099814892 ], [ 10172368.996667014434934, 2661250.178151865955442 ], [ 10172374.942908333614469, 2661248.746871503069997 ], [ 10172382.319267399609089, 2661246.179693578276783 ], [ 10172387.94879294373095, 2661244.947132287546992 ], [ 10172397.294299226254225, 2661242.683857910335064 ], [ 10172405.733074400573969, 2661240.884385131299496 ], [ 10172414.597513692453504, 2661238.644045344553888 ], [ 10172423.056244868785143, 2661235.920671586412936 ], [ 10172431.654022093862295, 2661231.67925861896947 ], [ 10172438.99309703335166, 2661226.945629573892802 ], [ 10172443.402399891987443, 2661222.734954873099923 ], [ 10172448.817450348287821, 2661218.346352707594633 ], [ 10172454.877464318647981, 2661213.813358520623296 ], [ 10172461.440588016062975, 2661209.312170825898647 ], [ 10172468.003707818686962, 2661204.811091044452041 ], [ 10172474.357976082712412, 2661199.793573919683695 ], [ 10172480.89779101498425, 2661194.654665224254131 ], [ 10172485.457316743209958, 2661189.013936541508883 ], [ 10172489.128954762592912, 2661182.451374718919396 ], [ 10172493.118336599320173, 2661176.14101355150342 ], [ 10172495.577363090589643, 2661170.174834365025163 ], [ 10172499.034490564838052, 2661165.592302930075675 ], [ 10172496.868978029116988, 2661160.262796729337424 ], [ 10172495.702100832015276, 2661156.536929400637746 ], [ 10172495.316695434972644, 2661155.294873487669975 ], [ 10172488.057874044403434, 2661151.317914745304734 ], [ 10172475.905717596411705, 2661144.931631242856383 ], [ 10172460.08529432117939, 2661146.746713710948825 ], [ 10172444.920736998319626, 2661148.406369495205581 ], [ 10172442.325824042782187, 2661152.184202924836427 ], [ 10172438.275683401152492, 2661155.547211872879416 ], [ 10172429.177143352106214, 2661155.621397838462144 ], [ 10172416.698042541742325, 2661155.031765713356435 ], [ 10172416.151282368227839, 2661155.054870111402124 ], [ 10172411.59125248529017, 2661155.174467435572296 ], [ 10172404.684197179973125, 2661157.267640853766352 ], [ 10172393.929274402558804, 2661160.160796948242933 ], [ 10172385.818578450009227, 2661161.970612968318164 ], [ 10172378.42889616638422, 2661163.371827501803637 ], [ 10172375.416092500090599, 2661166.017779564484954 ], [ 10172364.568129839375615, 2661166.260506441351026 ], [ 10172357.729403648525476, 2661159.159185733646154 ], [ 10172350.725805157795548, 2661151.662203326821327 ], [ 10172345.342130308970809, 2661144.876605303492397 ], [ 10172335.788700873032212, 2661147.05233532236889 ], [ 10172334.313061434775591, 2661147.396421637851745 ], [ 10172324.282918201759458, 2661151.739760048687458 ], [ 10172315.776519371196628, 2661157.784574687946588 ], [ 10172315.285049753263593, 2661158.137530045583844 ], [ 10172304.353540124371648, 2661160.228098487947136 ], [ 10172295.006723655387759, 2661161.864478669594973 ], [ 10172291.913009755313396, 2661162.39879914233461 ], [ 10172280.333841726183891, 2661163.33599170204252 ], [ 10172266.461945276707411, 2661166.103567778598517 ], [ 10172256.011562580242753, 2661168.226189489010721 ], [ 10172256.656810780987144, 2661173.492859426885843 ], [ 10172258.842416552826762, 2661183.298629087395966 ], [ 10172261.036876756697893, 2661192.103582395706326 ], [ 10172262.945556279271841, 2661200.150143304374069 ], [ 10172262.982293469831347, 2661207.353939685039222 ], [ 10172262.069501776248217, 2661210.160394315607846 ], [ 10172260.211384698748589, 2661215.905259854160249 ], [ 10172258.924182422459126, 2661222.73787771910429 ], [ 10172255.871699348092079, 2661227.374468702822924 ], [ 10172251.529992211610079, 2661232.574736426584423 ], [ 10172246.947116829454899, 2661237.522449790965766 ], [ 10172241.442970728501678, 2661241.163378003053367 ], [ 10172236.145663842558861, 2661244.352929407730699 ], [ 10172229.480208666995168, 2661247.017478644382209 ], [ 10172223.448078960180283, 2661249.196740706451237 ], [ 10172218.796183202415705, 2661252.450959121342748 ], [ 10172214.156002039089799, 2661256.145081467926502 ], [ 10172211.922356609255075, 2661260.142072828952223 ], [ 10172211.25775945559144, 2661261.331229624338448 ], [ 10172208.718985876068473, 2661265.845856600441039 ], [ 10172206.192828366532922, 2661271.130215909797698 ], [ 10172204.615344017744064, 2661275.114895857404917 ], [ 10172204.506521012634039, 2661275.39007098833099 ], [ 10172204.322858959436417, 2661281.736446023918688 ], [ 10172204.484399080276489, 2661291.09556207805872 ], [ 10172204.809734532609582, 2661295.076282612979412 ], [ 10172205.862400870770216, 2661296.426842076238245 ], [ 10172210.234943361952901, 2661300.838928680866957 ], [ 10172216.656928496435285, 2661307.347476067021489 ], [ 10172221.754445882514119, 2661313.264838832430542 ], [ 10172224.445575591176748, 2661318.989275753032416 ], [ 10172223.967152139171958, 2661330.890305287670344 ], [ 10172215.341464504599571, 2661332.250209424179047 ], [ 10172216.881002640351653, 2661325.779967546928674 ], [ 10172211.103560209274292, 2661318.951122648082674 ], [ 10172204.362625919282436, 2661311.508501593954861 ], [ 10172199.33888022787869, 2661304.260209996253252 ], [ 10172191.427973261103034, 2661307.499260372947901 ], [ 10172185.768662692978978, 2661310.205664077308029 ], [ 10172183.480491638183594, 2661324.805061181541532 ], [ 10172181.110596217215061, 2661331.639852624386549 ], [ 10172170.874050771817565, 2661326.162129691336304 ], [ 10172161.336436459794641, 2661320.199067975860089 ], [ 10172152.607548475265503, 2661313.948300160467625 ], [ 10172152.180459462106228, 2661313.663320451974869 ], [ 10172145.160695629194379, 2661308.893673388753086 ], [ 10172146.774080758914351, 2661301.114622159395367 ], [ 10172146.635575801134109, 2661297.584429920185357 ], [ 10172146.589748404920101, 2661296.572740181814879 ], [ 10172140.571732975542545, 2661289.744465874508023 ], [ 10172134.915457246825099, 2661283.278345287777483 ], [ 10172128.836604544892907, 2661278.770718570332974 ], [ 10172123.26352191157639, 2661275.515867221169174 ], [ 10172119.336525352671742, 2661275.040158323012292 ], [ 10172113.135829584673047, 2661275.020119592081755 ], [ 10172108.477297915145755, 2661275.106887175701559 ], [ 10172108.102041782811284, 2661273.435903985518962 ], [ 10172104.475374322384596, 2661275.434155270922929 ], [ 10172095.537993347272277, 2661279.423138550948352 ], [ 10172087.391622234135866, 2661285.203196628019214 ], [ 10172081.681206546723843, 2661289.60340209165588 ], [ 10172079.726815165951848, 2661291.103188620414585 ], [ 10172072.038875214755535, 2661296.475399902556092 ], [ 10172065.501087956130505, 2661302.713921272661537 ], [ 10172062.31470924243331, 2661306.042119858320802 ], [ 10172059.411906199529767, 2661309.072622206062078 ], [ 10172055.747307624667883, 2661313.864489855710417 ], [ 10172054.53663569316268, 2661315.439709523692727 ], [ 10172050.573100604116917, 2661323.773663605097681 ], [ 10172046.642439985647798, 2661332.096547557972372 ], [ 10172043.333648446947336, 2661339.780206266790628 ], [ 10172042.485646478831768, 2661342.20154915843159 ], [ 10172040.354652089998126, 2661348.276977128814906 ], [ 10172038.397657500579953, 2661353.857188126072288 ], [ 10172048.77679218351841, 2661364.866821566130966 ], [ 10172055.724843440577388, 2661371.946218408178538 ], [ 10172060.932164713740349, 2661378.127362025901675 ], [ 10172064.946310641244054, 2661383.717098224442452 ], [ 10172068.34668087400496, 2661388.692309387028217 ], [ 10172071.700760463252664, 2661392.413732742425054 ], [ 10172076.773414365947247, 2661402.18061736272648 ], [ 10172081.591721784323454, 2661410.639247317798436 ], [ 10172086.2466303948313, 2661419.362085970584303 ], [ 10172082.803902475163341, 2661425.737297347746789 ], [ 10172078.728846540674567, 2661427.725542538799345 ], [ 10172073.251487545669079, 2661417.849515798967332 ], [ 10172069.47274380363524, 2661415.063742886763066 ], [ 10172064.926864286884665, 2661411.443818365689367 ], [ 10172061.291736366227269, 2661409.328680591657758 ], [ 10172059.480617454275489, 2661406.087980785407126 ], [ 10172055.483545564115047, 2661398.155580394435674 ], [ 10172051.531906453892589, 2661391.047921201679856 ], [ 10172046.318674717098475, 2661387.308345007710159 ], [ 10172040.950142258778214, 2661382.535348435863853 ], [ 10172035.788332344964147, 2661377.233960354235023 ], [ 10172030.999740470200777, 2661372.569669197313488 ], [ 10172028.511513007804751, 2661369.79226174717769 ], [ 10172031.059086026623845, 2661364.243765884079039 ], [ 10172026.269794942811131, 2661359.216612093616277 ], [ 10172021.254262667149305, 2661361.250756575260311 ], [ 10172016.610272485762835, 2661363.086104961112142 ], [ 10172012.851885203272104, 2661370.132805285975337 ], [ 10172007.955963807180524, 2661377.1598289180547 ], [ 10172003.169208316132426, 2661384.032779780216515 ], [ 10171998.38145487755537, 2661390.443644179031253 ], [ 10171994.125643741339445, 2661394.928779326379299 ], [ 10171988.840632025152445, 2661398.844147109426558 ], [ 10171983.140558620914817, 2661403.002391631249338 ], [ 10171977.440563106909394, 2661407.171574882231653 ], [ 10171971.948142919689417, 2661411.285393330268562 ], [ 10171967.169578662142158, 2661416.860392646398395 ], [ 10171962.960480591282248, 2661422.808263881597668 ], [ 10171958.487858638167381, 2661428.228714893572032 ], [ 10171954.441017985343933, 2661433.296374471858144 ], [ 10171951.464882839471102, 2661437.888748658820987 ], [ 10171951.159639708697796, 2661438.362406563479453 ], [ 10171948.665592551231384, 2661443.382781891152263 ], [ 10171946.47668207064271, 2661447.885632348712534 ], [ 10171945.228415811434388, 2661452.452509487047791 ], [ 10171943.483079094439745, 2661459.935025669168681 ], [ 10171942.677709294483066, 2661467.151522472966462 ], [ 10171935.006691912189126, 2661464.846815260127187 ], [ 10171934.851878747344017, 2661474.62464031111449 ], [ 10171934.580695729702711, 2661481.081241554580629 ], [ 10171938.562684930860996, 2661481.677917468361557 ], [ 10171945.00727778300643, 2661488.560399298556149 ], [ 10171950.726819142699242, 2661493.893708766903728 ], [ 10171956.952201498672366, 2661500.534842994064093 ], [ 10171961.284445086494088, 2661506.618955365847796 ], [ 10171966.32515512406826, 2661511.51368973357603 ], [ 10171971.325031580403447, 2661517.871380791068077 ], [ 10171976.282124496996403, 2661524.669062508735806 ], [ 10171982.58646035566926, 2661532.431714103557169 ], [ 10171992.813276020810008, 2661549.13901231624186 ], [ 10171997.511248944327235, 2661557.565050521399826 ], [ 10172003.641651351004839, 2661565.889010040555149 ], [ 10172008.252674343064427, 2661574.546202348079532 ], [ 10172012.699426850304008, 2661583.126614463981241 ], [ 10172016.304422607645392, 2661591.807905132416636 ], [ 10172019.39266155846417, 2661604.515627707354724 ], [ 10172020.651366369798779, 2661610.331124772317708 ], [ 10172022.102114591747522, 2661619.148856320418417 ], [ 10172024.889446070417762, 2661623.784418232738972 ], [ 10172028.731648702174425, 2661630.826373606454581 ], [ 10172032.695806626230478, 2661638.715049616061151 ], [ 10172037.175727572292089, 2661647.438446879852563 ], [ 10172041.962755165994167, 2661656.579224732704461 ], [ 10172047.700777450576425, 2661665.487040863838047 ], [ 10172053.309028472751379, 2661675.120921240188181 ], [ 10172059.51817680709064, 2661684.456718617118895 ], [ 10172062.130270032212138, 2661688.971612638328224 ], [ 10172055.511814905330539, 2661693.296820848248899 ], [ 10172050.219132862985134, 2661688.215542640071362 ], [ 10172044.104011541232467, 2661682.05818765424192 ], [ 10172037.813586207106709, 2661675.714185846503824 ], [ 10172031.096409859135747, 2661669.250057142693549 ], [ 10172024.722663167864084, 2661664.951892173383385 ], [ 10172013.838913049548864, 2661658.595466572791338 ], [ 10172008.86007035523653, 2661646.540506313554943 ], [ 10172004.142642280086875, 2661634.012103739194572 ], [ 10171999.500337921082973, 2661620.779717020690441 ], [ 10171994.9124416988343, 2661607.415110529400408 ], [ 10171992.835336361080408, 2661602.437223745044321 ], [ 10171986.343923287466168, 2661594.058921954594553 ], [ 10171979.392989411950111, 2661585.615545246750116 ], [ 10171972.758657628670335, 2661576.896653984673321 ], [ 10171966.324980864301324, 2661569.981026920955628 ], [ 10171961.042957723140717, 2661564.75680479966104 ], [ 10171956.408611180260777, 2661560.674934930633754 ], [ 10171945.353518690913916, 2661550.667398127261549 ], [ 10171946.838575346395373, 2661544.24126200331375 ], [ 10171944.845498403534293, 2661542.947631946764886 ], [ 10171942.351152310147882, 2661542.512885730247945 ], [ 10171937.725810380652547, 2661542.819467245601118 ], [ 10171931.52501393482089, 2661542.799247276037931 ], [ 10171926.383764451369643, 2661542.205033469945192 ], [ 10171922.032357780262828, 2661542.752991855144501 ], [ 10171920.824051221832633, 2661545.516053178813308 ], [ 10171917.597769901156425, 2661550.802032469771802 ], [ 10171914.116423636674881, 2661554.339746192097664 ], [ 10171907.69695751927793, 2661559.676305228844285 ], [ 10171904.716798873618245, 2661562.344085596036166 ], [ 10171902.017965978011489, 2661563.515506320167333 ], [ 10171897.737586706876755, 2661566.735867354087532 ], [ 10171892.750221703201532, 2661571.838419038336724 ], [ 10171885.171936806291342, 2661577.386386618949473 ], [ 10171876.795610452070832, 2661583.078873514197767 ], [ 10171868.136671414598823, 2661589.662862511351705 ], [ 10171859.74093578197062, 2661596.598257796373218 ], [ 10171851.694746324792504, 2661603.301981691736728 ], [ 10171846.657200708985329, 2661605.314054896589369 ], [ 10171839.8049331381917, 2661607.615910788532346 ], [ 10171841.834325015544891, 2661615.992539447266608 ], [ 10171833.838884362950921, 2661620.760400251019746 ], [ 10171828.541708290576935, 2661624.158836686983705 ], [ 10171830.031798977404833, 2661630.831860697828233 ], [ 10171831.712937412783504, 2661640.034091081470251 ], [ 10171833.362550077959895, 2661649.907175774220377 ], [ 10171834.108720727264881, 2661656.449736625887454 ], [ 10171824.679259579628706, 2661660.61569774383679 ], [ 10171813.905392954126, 2661665.12527818325907 ], [ 10171814.930368222296238, 2661668.994687944184989 ], [ 10171817.32606191560626, 2661685.355447168461978 ], [ 10171820.753510845825076, 2661698.205501075368375 ], [ 10171823.313921928405762, 2661709.561680009122938 ], [ 10171824.705422978848219, 2661721.503169350791723 ], [ 10171827.134760783985257, 2661738.281855973415077 ], [ 10171829.791661620140076, 2661754.004150849301368 ], [ 10171831.793281665071845, 2661764.85557720484212 ], [ 10171832.809630785137415, 2661775.181093014311045 ], [ 10171834.776552034541965, 2661779.763402824290097 ], [ 10171840.292588695883751, 2661792.444242077413946 ], [ 10171846.246841033920646, 2661805.531218160875142 ], [ 10171851.148642368614674, 2661817.355533569119871 ], [ 10171853.920540269464254, 2661825.158761575818062 ], [ 10171853.778043204918504, 2661830.32832640176639 ], [ 10171862.019468972459435, 2661838.769215887412429 ], [ 10171869.974418953061104, 2661846.176752506755292 ], [ 10171876.755871962755919, 2661851.969917341601104 ], [ 10171888.793935094028711, 2661861.26072338828817 ], [ 10171894.949979977682233, 2661866.054441613610834 ], [ 10171901.348733803257346, 2661871.859410456381738 ], [ 10171899.116903992369771, 2661876.824358631391078 ], [ 10171890.826873976737261, 2661887.323272116016597 ], [ 10171885.109137361869216, 2661882.979654178023338 ], [ 10171877.431614581495523, 2661877.540248947683722 ], [ 10171868.485556462779641, 2661872.125446878839284 ], [ 10171862.835039712488651, 2661868.551617014221847 ], [ 10171855.890868928283453, 2661863.429614374879748 ], [ 10171848.256989886984229, 2661857.946227674372494 ], [ 10171840.009595403447747, 2661851.914036144968122 ], [ 10171833.175128787755966, 2661846.945799591485411 ], [ 10171827.28040080703795, 2661841.557725618593395 ], [ 10171821.238355252891779, 2661833.684290064033121 ], [ 10171815.052271604537964, 2661824.887162153143436 ], [ 10171809.08827393501997, 2661817.717471553012729 ], [ 10171805.45682686008513, 2661812.115718608256429 ], [ 10171803.801943741738796, 2661805.014116272330284 ], [ 10171800.960011253133416, 2661795.055241245310754 ], [ 10171798.40642910823226, 2661787.053591573145241 ], [ 10171797.107593586668372, 2661782.953815161250532 ], [ 10171796.282462775707245, 2661780.557937725447118 ], [ 10171796.54479343444109, 2661775.157105734571815 ], [ 10171795.818629756569862, 2661767.690575161017478 ], [ 10171795.254798883572221, 2661759.321830076631159 ], [ 10171795.225821975618601, 2661750.534174039494246 ], [ 10171794.60343549400568, 2661740.273802603129297 ], [ 10171793.597034748643637, 2661729.431320229545236 ], [ 10171792.557185037061572, 2661718.314061244484037 ], [ 10171792.124387947842479, 2661709.879058881197125 ], [ 10171791.976320501416922, 2661707.008854964748025 ], [ 10171790.68866422958672, 2661697.673813199624419 ], [ 10171788.930136017501354, 2661688.031787521205842 ], [ 10171787.437747772783041, 2661680.225923637393862 ], [ 10171778.420114172622561, 2661682.565236295573413 ], [ 10171765.324285136535764, 2661685.407884562388062 ], [ 10171749.779924849048257, 2661688.772539718076587 ], [ 10171749.196587828919291, 2661686.980956312268972 ], [ 10171749.353003369644284, 2661683.263173730112612 ], [ 10171747.898847814649343, 2661672.696664086077362 ], [ 10171747.300740813836455, 2661663.62412598496303 ], [ 10171742.220393234863877, 2661666.109313510358334 ], [ 10171733.356571532785892, 2661668.74524630792439 ], [ 10171723.542161451652646, 2661671.877987655811012 ], [ 10171719.986833410337567, 2661682.069897761102766 ], [ 10171715.486722234636545, 2661690.207062100060284 ], [ 10171713.300069937482476, 2661695.864749918691814 ], [ 10171711.848767567425966, 2661702.785814135801047 ], [ 10171711.045016530901194, 2661710.849362668581307 ], [ 10171707.713061166927218, 2661718.016273180488497 ], [ 10171704.170278051868081, 2661728.989010178949684 ], [ 10171702.617585144937038, 2661739.880732872057706 ], [ 10171699.511858193203807, 2661750.68768123164773 ], [ 10171697.059980507940054, 2661760.360464023426175 ], [ 10171695.608444957062602, 2661772.560757424682379 ], [ 10171694.09686016663909, 2661782.143561394885182 ], [ 10171690.989512825384736, 2661792.18069891911 ], [ 10171686.64053663611412, 2661804.716973941773176 ], [ 10171691.98833179846406, 2661815.440532272215933 ], [ 10171691.034145973622799, 2661824.84627572959289 ], [ 10171689.655920699238777, 2661835.440733433235437 ], [ 10171690.236305167898536, 2661846.526029950007796 ], [ 10171690.840052271261811, 2661858.381230442784727 ], [ 10171697.283467765897512, 2661864.681201944127679 ], [ 10171697.242970379069448, 2661866.298003661446273 ], [ 10171697.073138894513249, 2661874.162427765782923 ], [ 10171696.45207973010838, 2661886.042134545277804 ], [ 10171695.620709603652358, 2661896.712448059115559 ], [ 10171694.422846771776676, 2661904.60101060429588 ], [ 10171693.99113236553967, 2661907.417446449864656 ], [ 10171695.757469294592738, 2661910.130539838690311 ], [ 10171700.986076412722468, 2661910.636675481684506 ], [ 10171710.603323256596923, 2661912.651580345351249 ], [ 10171710.950076177716255, 2661916.467433327808976 ], [ 10171712.318510036915541, 2661922.513852793257684 ], [ 10171714.041115649044514, 2661930.594263255596161 ], [ 10171716.452473107725382, 2661938.607331251725554 ], [ 10171717.411040153354406, 2661947.437220265623182 ], [ 10171718.721181839704514, 2661957.113355126231909 ], [ 10171721.423740722239017, 2661968.425354805309325 ], [ 10171724.886867405846715, 2661982.705480023287237 ], [ 10171723.7157509829849, 2661987.602307829540223 ], [ 10171723.201084410771728, 2661992.640767956152558 ], [ 10171723.185640700161457, 2661995.808381097391248 ], [ 10171723.049913519993424, 2661998.965288705658168 ], [ 10171722.859597623348236, 2662002.199290614109486 ], [ 10171722.581205187365413, 2662005.081454592291266 ], [ 10171722.543350961059332, 2662007.99619003618136 ], [ 10171722.253866996616125, 2662010.834457024931908 ], [ 10171722.019047502428293, 2662013.650658786296844 ], [ 10171721.871270889416337, 2662016.29062658501789 ], [ 10171721.855233781039715, 2662019.139343619346619 ], [ 10171721.784243060275912, 2662021.911119695287198 ], [ 10171721.297997577115893, 2662024.782790486235172 ], [ 10171721.315509477630258, 2662027.994364784099162 ], [ 10171721.005089601501822, 2662031.316563752479851 ], [ 10171720.661409432068467, 2662034.374914688058197 ], [ 10171720.350756641477346, 2662037.576227892655879 ], [ 10171719.809897892177105, 2662040.49195654084906 ], [ 10171719.433260874822736, 2662043.506463513709605 ], [ 10171719.100586416199803, 2662046.641753208823502 ], [ 10171718.691438686102629, 2662049.777172532863915 ], [ 10171718.249438691884279, 2662052.912725676782429 ], [ 10171717.993450038135052, 2662056.091867292299867 ], [ 10171717.890464236959815, 2662059.248762289062142 ], [ 10171717.677716860547662, 2662062.152877648826689 ], [ 10171717.640198118984699, 2662065.232598754111677 ], [ 10171717.088635599240661, 2662068.291289690416306 ], [ 10171715.760206893086433, 2662071.120734640862793 ], [ 10171714.377112938091159, 2662073.972245724871755 ], [ 10171712.348310142755508, 2662076.649114313535392 ], [ 10171710.330445809289813, 2662079.260043504647911 ], [ 10171708.31278520449996, 2662082.002800106536597 ], [ 10171706.14193551056087, 2662084.712994281668216 ], [ 10171703.883464084938169, 2662087.401299163233489 ], [ 10171701.253313690423965, 2662090.079446185845882 ], [ 10171698.564090993255377, 2662090.689891895279288 ], [ 10171695.546451199799776, 2662091.092059313319623 ], [ 10171692.047874512150884, 2662091.627206414937973 ], [ 10171688.429425582289696, 2662092.371650455053896 ], [ 10171686.658582193776965, 2662092.793256829492748 ], [ 10171686.544823681935668, 2662101.394415331073105 ], [ 10171687.457994531840086, 2662109.432657132390887 ], [ 10171688.49199534021318, 2662117.73454354936257 ], [ 10171686.908669924363494, 2662124.32614436885342 ], [ 10171686.03726964443922, 2662131.400088447146118 ], [ 10171684.213345017284155, 2662137.981111921370029 ], [ 10171682.698017397895455, 2662145.749387215357274 ], [ 10171680.89218027330935, 2662150.460594499949366 ], [ 10171679.1510049123317, 2662154.731635491829365 ], [ 10171672.194011593237519, 2662154.053048579953611 ], [ 10171666.462263163179159, 2662153.569870002102107 ], [ 10171660.750855930149555, 2662152.327833028044552 ], [ 10171660.486708838492632, 2662151.536399269476533 ], [ 10171663.322841625660658, 2662142.555585117544979 ], [ 10171665.827708970755339, 2662131.980608426500112 ], [ 10171665.354855764657259, 2662125.349402696825564 ], [ 10171666.442880313843489, 2662117.208064504899085 ], [ 10171665.423442475497723, 2662110.687902595847845 ], [ 10171662.74029009975493, 2662098.099806233774871 ], [ 10171660.254910143092275, 2662091.373767093755305 ], [ 10171657.859529560431838, 2662085.857270289212465 ], [ 10171655.758819939568639, 2662080.010281132534146 ], [ 10171660.128471419215202, 2662077.592565971892327 ], [ 10171662.324373530223966, 2662076.433185626752675 ], [ 10171669.883143352344632, 2662071.90821334766224 ], [ 10171677.737255305051804, 2662067.338498373050243 ], [ 10171686.08345621265471, 2662062.822903381660581 ], [ 10171688.258318495005369, 2662062.059492314700037 ], [ 10171688.857199279591441, 2662055.415026820730418 ], [ 10171689.199777152389288, 2662051.773788976948708 ], [ 10171689.464815990999341, 2662047.659743840806186 ], [ 10171689.7291016317904, 2662043.204699486028403 ], [ 10171689.894816890358925, 2662038.628841242287308 ], [ 10171689.633660150691867, 2662033.932954587507993 ], [ 10171689.427637273445725, 2662029.412908424623311 ], [ 10171689.884092003107071, 2662028.015207743272185 ], [ 10171692.84317990578711, 2662025.677286684978753 ], [ 10171695.84418180026114, 2662022.48156476020813 ], [ 10171697.918828869238496, 2662020.882410148158669 ], [ 10171694.044184664264321, 2662019.317639669403434 ], [ 10171694.404816398397088, 2662013.861522045452148 ], [ 10171694.799597702920437, 2662008.999314486514777 ], [ 10171695.347642136737704, 2662004.224698920734227 ], [ 10171695.830114958807826, 2661999.483280613087118 ], [ 10171696.137667713686824, 2661994.742283068131655 ], [ 10171696.511019170284271, 2661990.133065503556281 ], [ 10171696.775306245312095, 2661985.634058169554919 ], [ 10171698.218995619565248, 2661980.329775194171816 ], [ 10171696.463621912524104, 2661972.260302546434104 ], [ 10171693.208720196038485, 2661963.556131698656827 ], [ 10171691.535513130947948, 2661952.813827846664935 ], [ 10171688.677748985588551, 2661940.446277983952314 ], [ 10171685.917558968067169, 2661927.616562815383077 ], [ 10171682.4173887334764, 2661916.66921098716557 ], [ 10171679.984626863151789, 2661908.865153762046248 ], [ 10171679.02957733348012, 2661901.718061296734959 ], [ 10171678.885043101385236, 2661900.60750795295462 ], [ 10171678.756140127778053, 2661890.983930717222393 ], [ 10171678.177472149953246, 2661880.712423220742494 ], [ 10171677.60976299457252, 2661870.451999929267913 ], [ 10171677.553313316777349, 2661869.605218924116343 ], [ 10171675.360869387164712, 2661861.668672173749655 ], [ 10171673.394438968971372, 2661851.972062931861728 ], [ 10171671.121592091396451, 2661842.144038926810026 ], [ 10171667.416241910308599, 2661832.439843740314245 ], [ 10171664.047481270506978, 2661821.503287117462605 ], [ 10171663.018882052972913, 2661810.48488353472203 ], [ 10171660.480537297204137, 2661799.172536534257233 ], [ 10171660.90938595123589, 2661794.937222488224506 ], [ 10171662.166336821392179, 2661789.237372370436788 ], [ 10171663.158945862203836, 2661782.570305513218045 ], [ 10171664.248626841232181, 2661775.254000102635473 ], [ 10171664.43966918811202, 2661767.015757914166898 ], [ 10171665.793589290231466, 2661760.578829997219145 ], [ 10171667.748148642480373, 2661753.733667160384357 ], [ 10171670.34816424921155, 2661746.986240730620921 ], [ 10171671.218312308192253, 2661739.252573876176029 ], [ 10171672.096075175330043, 2661729.956954017747194 ], [ 10171675.067896392196417, 2661723.164777691010386 ], [ 10171679.678989103063941, 2661715.830327334348112 ], [ 10171683.523510823026299, 2661707.991528752725571 ], [ 10171687.793181793764234, 2661699.458840328268707 ], [ 10171691.60130020044744, 2661689.871348438318819 ], [ 10171694.88776495680213, 2661681.86865053512156 ], [ 10171695.0945227406919, 2661681.373401578981429 ], [ 10171698.238450080156326, 2661673.172983443830162 ], [ 10171698.347123440355062, 2661672.875815999228507 ], [ 10171694.210055101662874, 2661671.278561440762132 ], [ 10171687.88512116111815, 2661669.432852713391185 ], [ 10171679.898098256438971, 2661667.656543294899166 ], [ 10171670.967522485181689, 2661664.408459363039583 ], [ 10171660.996169278398156, 2661660.271541887894273 ], [ 10171650.510454300791025, 2661655.948725142050534 ], [ 10171639.849644526839256, 2661651.571294501889497 ], [ 10171627.264349842444062, 2661647.274821774102747 ], [ 10171626.680620422586799, 2661647.116642113775015 ], [ 10171570.037958754226565, 2661696.090938460547477 ], [ 10171564.989265827462077, 2661700.456148199271411 ], [ 10171561.930656686425209, 2661703.100599021185189 ], [ 10171545.749843629077077, 2661725.710322752129287 ], [ 10171540.460853243246675, 2661733.100727387703955 ], [ 10171526.103544905781746, 2661758.360255496576428 ], [ 10171531.896767219528556, 2661758.698242256417871 ], [ 10171536.238772692158818, 2661764.210548992734402 ], [ 10171542.464236257597804, 2661770.961897137574852 ], [ 10171545.893102172762156, 2661773.803497941698879 ], [ 10171549.389173045754433, 2661782.881054937839508 ], [ 10171552.078438879922032, 2661793.093150301836431 ], [ 10171552.219669071957469, 2661803.431508452631533 ], [ 10171552.231886897236109, 2661804.091428551357239 ], [ 10171550.14355574734509, 2661809.726963011082262 ], [ 10171543.92644976079464, 2661817.911615748889744 ], [ 10171537.198060378432274, 2661827.406177941709757 ], [ 10171528.051628969609737, 2661836.388779138680547 ], [ 10171520.532800335437059, 2661844.466102193109691 ], [ 10171516.392711477354169, 2661857.606903645209968 ], [ 10171509.006243519484997, 2661866.233866841066629 ], [ 10171502.393130503594875, 2661873.286534405313432 ], [ 10171506.278378367424011, 2661880.064744575414807 ], [ 10171500.818116791546345, 2661884.002360382582992 ], [ 10171494.135720325633883, 2661889.24036762630567 ], [ 10171488.261428343132138, 2661893.937873218208551 ], [ 10171483.074006920680404, 2661902.98926963377744 ], [ 10171479.286735646426678, 2661906.769573636353016 ], [ 10171476.742782860994339, 2661907.579789767507464 ], [ 10171478.671617725864053, 2661899.700487486086786 ], [ 10171481.069587400183082, 2661894.18509660102427 ], [ 10171487.58893202804029, 2661886.089069298934191 ], [ 10171492.897541737183928, 2661877.913950830232352 ], [ 10171496.402237489819527, 2661867.477005712222308 ], [ 10171499.569165214896202, 2661856.116845533717424 ], [ 10171502.393103051930666, 2661842.530745472759008 ], [ 10171495.546464772894979, 2661831.9268035935238 ], [ 10171488.450728829950094, 2661821.617916316259652 ], [ 10171485.940068943426013, 2661818.355548004619777 ], [ 10171487.1108069550246, 2661798.417778177652508 ], [ 10171488.402215383946896, 2661785.188180893659592 ], [ 10171490.515437072142959, 2661768.684176150709391 ], [ 10171493.275327706709504, 2661751.429772527888417 ], [ 10171496.217516152188182, 2661733.380325600039214 ], [ 10171499.442069325596094, 2661716.262170568108559 ], [ 10171503.449021074920893, 2661697.602923654951155 ], [ 10171521.493213374167681, 2661699.180609698873013 ], [ 10171530.84546085074544, 2661688.862338632810861 ], [ 10171543.145102217793465, 2661675.701216843444854 ], [ 10171544.986099436879158, 2661667.356303145643324 ], [ 10171546.294995669275522, 2661656.932992017362267 ], [ 10171547.587415646761656, 2661642.531209349166602 ], [ 10171549.201112769544125, 2661630.379038543440402 ], [ 10171551.001292193308473, 2661625.659994136076421 ], [ 10171556.492965849116445, 2661620.977950247470289 ], [ 10171562.65505069680512, 2661614.984351230319589 ], [ 10171569.027735510841012, 2661609.618035516235977 ], [ 10171578.630599373951554, 2661600.491994033101946 ], [ 10171574.839410100132227, 2661598.203796066343784 ], [ 10171564.604822877794504, 2661592.026560032740235 ], [ 10171550.69415614195168, 2661582.968709371518344 ], [ 10171536.547870427370071, 2661573.793400325812399 ], [ 10171524.518342530354857, 2661564.727766977157444 ], [ 10171517.092643728479743, 2661557.541570227593184 ], [ 10171509.972937826067209, 2661553.17378311464563 ], [ 10171514.14599522203207, 2661545.676622560247779 ], [ 10171520.316342703998089, 2661547.459187132306397 ], [ 10171526.773006116971374, 2661549.405061271972954 ], [ 10171533.596904864534736, 2661551.308244452346116 ], [ 10171540.463362865149975, 2661553.622209739405662 ], [ 10171547.57490593008697, 2661556.017328866757452 ], [ 10171554.97386953048408, 2661558.822229224722832 ], [ 10171562.333921005949378, 2661562.079488061834127 ], [ 10171569.89992200769484, 2661565.787885819561779 ], [ 10171573.215643828734756, 2661568.157650986686349 ], [ 10171576.723019506782293, 2661568.174363622907549 ], [ 10171576.509518921375275, 2661560.709804869722575 ], [ 10171577.385769870132208, 2661554.458566124085337 ], [ 10171578.748003244400024, 2661546.746519198641181 ], [ 10171579.917424991726875, 2661538.677559414412826 ], [ 10171580.408384267240763, 2661531.79476317204535 ], [ 10171581.889090109616518, 2661523.612633096519858 ], [ 10171581.302809746935964, 2661518.842856981325895 ], [ 10171581.057559149339795, 2661516.847380182240158 ], [ 10171579.165302600711584, 2661508.70851826807484 ], [ 10171577.215796317905188, 2661499.909415834583342 ], [ 10171574.442908486351371, 2661490.288026106078178 ], [ 10171571.968079036101699, 2661480.032487430609763 ], [ 10171571.603009415790439, 2661478.775013985577971 ], [ 10171569.334098927676678, 2661470.960966019425541 ], [ 10171566.830481167882681, 2661467.008193345740438 ], [ 10171563.475700763985515, 2661458.714128836523741 ], [ 10171562.625959662720561, 2661458.789688306860626 ], [ 10171557.271972933784127, 2661455.421953807584941 ], [ 10171546.748363129794598, 2661449.451419661287218 ], [ 10171547.79436669498682, 2661446.039919839706272 ], [ 10171547.926556598395109, 2661445.608918905258179 ], [ 10171538.790839979425073, 2661441.446162042673677 ], [ 10171538.425883447751403, 2661440.566980701405555 ], [ 10171535.821245308965445, 2661434.292356237769127 ], [ 10171530.4379180688411, 2661432.895628026220948 ], [ 10171523.342016691341996, 2661428.301822499372065 ], [ 10171520.406880313530564, 2661426.207208118867129 ], [ 10171532.65337279252708, 2661425.280281973071396 ], [ 10171538.307484058663249, 2661425.356658179312944 ], [ 10171539.324634715914726, 2661420.020386610645801 ], [ 10171539.574646525084972, 2661413.860880106221884 ], [ 10171539.422160329297185, 2661410.950785257387906 ], [ 10171539.920316554605961, 2661406.632506157271564 ], [ 10171540.259134378284216, 2661403.695254532620311 ], [ 10171540.666134510189295, 2661400.345105380751193 ], [ 10171541.662293016910553, 2661392.146134002134204 ], [ 10171539.428559632971883, 2661391.015382701065391 ], [ 10171538.771118629723787, 2661390.593695544172078 ], [ 10171532.475368674844503, 2661386.555318938102573 ], [ 10171525.701010396704078, 2661382.557587286457419 ], [ 10171525.579466391354799, 2661382.489335001446307 ], [ 10171518.714572828263044, 2661378.632046677637845 ], [ 10171512.596629612147808, 2661373.772792543750256 ], [ 10171508.97460893727839, 2661368.893486084416509 ], [ 10171509.046556103974581, 2661367.950689432676882 ], [ 10171509.301908623427153, 2661364.397770878393203 ], [ 10171515.14593718573451, 2661366.486425412818789 ], [ 10171520.597204929217696, 2661369.026836533099413 ], [ 10171524.634996419772506, 2661370.195345379412174 ], [ 10171527.145604031160474, 2661367.90253882529214 ], [ 10171529.178053243085742, 2661367.073499256744981 ], [ 10171532.528602967038751, 2661369.123354338109493 ], [ 10171535.264345142990351, 2661369.997573825065047 ], [ 10171543.001157378777862, 2661372.47831784421578 ], [ 10171553.540832977741957, 2661376.548019228968769 ], [ 10171563.893632372841239, 2661380.156235497910529 ], [ 10171565.907338773831725, 2661375.466808583121747 ], [ 10171567.18718634173274, 2661370.251025336328894 ], [ 10171568.444625861942768, 2661364.782373278401792 ], [ 10171568.788427481427789, 2661361.724150656256825 ], [ 10171568.311529273167253, 2661358.491596412379295 ], [ 10171567.821180509403348, 2661353.939376792870462 ], [ 10171567.4589714538306, 2661347.913069143891335 ], [ 10171566.059259634464979, 2661342.559784381184727 ], [ 10171568.588345613330603, 2661338.584202960133553 ], [ 10171574.199877265840769, 2661333.909438660368323 ], [ 10171576.27171765640378, 2661330.924655063077807 ], [ 10171578.014401230961084, 2661327.434702089522034 ], [ 10171578.304746529087424, 2661325.025494766421616 ], [ 10171578.319389697164297, 2661321.462000464089215 ], [ 10171578.33261583186686, 2661317.183718445710838 ], [ 10171578.32291541993618, 2661312.432464636862278 ], [ 10171578.355502618476748, 2661306.933282400947064 ], [ 10171583.757794216275215, 2661306.911184965632856 ], [ 10171589.892675060778856, 2661306.810594000853598 ], [ 10171598.345393626019359, 2661306.397277290467173 ], [ 10171598.125027121976018, 2661294.80569214001298 ], [ 10171593.927977848798037, 2661290.613017987925559 ], [ 10171589.645045598968863, 2661281.768230065703392 ], [ 10171584.258862612769008, 2661273.618609644472599 ], [ 10171576.839561453089118, 2661265.891193171031773 ], [ 10171569.706515368074179, 2661259.108925729990005 ], [ 10171563.217590983957052, 2661251.841427586041391 ], [ 10171556.720399951562285, 2661245.838833454530686 ], [ 10171550.540739092975855, 2661240.000503870192915 ], [ 10171544.800503419712186, 2661235.184079370927066 ], [ 10171540.078900141641498, 2661231.102383004035801 ], [ 10171539.438840040937066, 2661222.866180695127696 ], [ 10171545.39540184661746, 2661215.782083215657622 ], [ 10171549.249355876818299, 2661212.562738876324147 ], [ 10171557.676930464804173, 2661216.009893147740513 ], [ 10171564.216681333258748, 2661221.407528702169657 ], [ 10171571.395372841507196, 2661229.124455659184605 ], [ 10171578.125234445556998, 2661236.600418673828244 ], [ 10171583.01333455555141, 2661241.880515723489225 ], [ 10171584.208039810881019, 2661243.175800276454538 ], [ 10171589.887928163632751, 2661250.642896224278957 ], [ 10171595.56702796369791, 2661257.659068377222866 ], [ 10171601.056954693049192, 2661263.080872505437583 ], [ 10171608.268490437418222, 2661265.419625279959291 ], [ 10171617.833859581500292, 2661269.007347857579589 ], [ 10171626.414942385628819, 2661272.630128865130246 ], [ 10171627.012563789263368, 2661281.438484689220786 ], [ 10171627.619252087548375, 2661289.388887929264456 ], [ 10171632.749446487054229, 2661290.016304810997099 ], [ 10171639.401131931692362, 2661291.300336697604507 ], [ 10171645.336850361898541, 2661290.056360770016909 ], [ 10171652.395352229475975, 2661287.039291415829211 ], [ 10171659.266480764374137, 2661283.285725077614188 ], [ 10171662.570716839283705, 2661284.05988246621564 ], [ 10171667.830726586282253, 2661283.994065542705357 ], [ 10171670.794307522475719, 2661283.954970011487603 ], [ 10171678.929797867313027, 2661283.509278829209507 ], [ 10171681.389100274071097, 2661282.877261932939291 ], [ 10171686.187450079247355, 2661281.635558407288045 ], [ 10171691.881203107535839, 2661279.732162195257843 ], [ 10171696.648463932797313, 2661279.326366913039237 ], [ 10171702.772997228428721, 2661279.522711797617376 ], [ 10171707.631596751511097, 2661281.030459746252745 ], [ 10171709.307122889906168, 2661282.148896309547126 ], [ 10171711.727253025397658, 2661283.760562292765826 ], [ 10171716.575802447274327, 2661285.708266329485923 ], [ 10171720.616258258000016, 2661288.163534130901098 ], [ 10171726.215196747332811, 2661293.387148320674896 ], [ 10171731.485159158706665, 2661298.204489748459309 ], [ 10171736.18515151552856, 2661302.34111654991284 ], [ 10171740.390138223767281, 2661305.070953025482595 ], [ 10171745.973384259268641, 2661307.984985662158579 ], [ 10171750.723791847005486, 2661310.03186673624441 ], [ 10171756.995513077825308, 2661312.680436525959522 ], [ 10171761.918183244764805, 2661318.719246623106301 ], [ 10171766.246311051771045, 2661322.845713570713997 ], [ 10171770.57392349280417, 2661326.70810015546158 ], [ 10171774.442488295957446, 2661330.703520258422941 ], [ 10171778.486670771613717, 2661335.017407706007361 ], [ 10171781.148726146668196, 2661337.266594205982983 ], [ 10171789.199142595753074, 2661338.01981084048748 ], [ 10171797.217778321355581, 2661339.246073517948389 ], [ 10171801.748177070170641, 2661335.354311360511929 ], [ 10171806.674864446744323, 2661332.682564535643905 ], [ 10171810.642610486596823, 2661331.651434855535626 ], [ 10171813.174517622217536, 2661329.094674228690565 ], [ 10171818.514153867959976, 2661325.179194740019739 ], [ 10171824.13911815173924, 2661321.725116556975991 ], [ 10171827.960450163111091, 2661318.659736678004265 ], [ 10171829.259370286017656, 2661312.124152555130422 ], [ 10171829.531733579933643, 2661306.239537983201444 ], [ 10171829.044810116291046, 2661298.079844106454402 ], [ 10171827.936541998758912, 2661290.944333017338067 ], [ 10171826.500339070335031, 2661283.842432593926787 ], [ 10171827.256083631888032, 2661279.023710083216429 ], [ 10171828.221146617084742, 2661274.996344645041972 ], [ 10171826.810392251238227, 2661269.676113835070282 ], [ 10171824.836800526827574, 2661261.827523406594992 ], [ 10171823.151918262243271, 2661256.090011232532561 ], [ 10171824.667214455083013, 2661248.443131296895444 ], [ 10171826.667244791984558, 2661242.477917622774839 ], [ 10171835.02613783441484, 2661244.319395245518535 ], [ 10171841.832064270973206, 2661246.196985031943768 ], [ 10171843.528852179646492, 2661252.341360002290457 ], [ 10171844.196882413700223, 2661263.514220500830561 ], [ 10171845.104621212929487, 2661274.191497816238552 ], [ 10171846.446365099400282, 2661283.262247496284544 ], [ 10171846.699316246435046, 2661294.644854780752212 ], [ 10171846.525236930698156, 2661305.764361404348165 ], [ 10171846.74457317404449, 2661311.384095304645598 ], [ 10171851.283718630671501, 2661311.748565397690982 ], [ 10171856.917306045070291, 2661312.517790405079722 ], [ 10171864.870109116658568, 2661313.623184182681143 ], [ 10171871.400321239605546, 2661314.313450334127992 ], [ 10171872.489866310730577, 2661312.386554925702512 ], [ 10171876.710630977526307, 2661306.768711812794209 ], [ 10171880.100438980385661, 2661301.284582359716296 ], [ 10171881.380365138873458, 2661296.123822053894401 ], [ 10171881.882331751286983, 2661290.282690226100385 ], [ 10171880.215230025351048, 2661282.565398904960603 ], [ 10171881.876269759610295, 2661276.611976330634207 ], [ 10171884.903305454179645, 2661270.193780920933932 ], [ 10171888.191070599481463, 2661262.928129246924073 ], [ 10171890.614305790513754, 2661255.400317607447505 ], [ 10171892.480235669761896, 2661248.06064424617216 ], [ 10171894.312559787184, 2661240.336147466208786 ], [ 10171896.593207323923707, 2661232.544773233123124 ], [ 10171898.578135725110769, 2661224.566993986722082 ], [ 10171901.087800037115812, 2661216.544086130335927 ], [ 10171904.145505977794528, 2661209.059070375282317 ], [ 10171905.942324865609407, 2661205.337878860998899 ], [ 10171910.475708357989788, 2661202.930928514804691 ], [ 10171915.7860306520015, 2661200.709225378930569 ], [ 10171921.27433986403048, 2661199.960970903281122 ], [ 10171927.93256538361311, 2661199.111383586656302 ], [ 10171932.633213559165597, 2661198.243705112021416 ], [ 10171938.268079057335854, 2661194.294740612152964 ], [ 10171944.723109312355518, 2661190.343960740603507 ], [ 10171950.882314370945096, 2661186.162905008066446 ], [ 10171957.701461577787995, 2661183.806057104840875 ], [ 10171963.010834112763405, 2661181.100489592179656 ], [ 10171968.53511106595397, 2661176.579868565779179 ], [ 10171973.848804637789726, 2661170.695765493437648 ], [ 10171979.380194917321205, 2661164.327393163461238 ], [ 10171984.276839733123779, 2661157.762330416124314 ], [ 10171989.775609638541937, 2661151.470997526776046 ], [ 10171995.352129317820072, 2661145.740398790221661 ], [ 10172002.441888228058815, 2661142.06320094037801 ], [ 10172010.100138045847416, 2661138.285953371785581 ], [ 10172017.527506228536367, 2661133.893205386586487 ], [ 10172025.348005250096321, 2661129.235754446592182 ], [ 10172032.886096430942416, 2661125.524699501227587 ], [ 10172040.849727112799883, 2661121.295888287015259 ], [ 10172048.057571835815907, 2661116.56267821835354 ], [ 10172055.056501911953092, 2661111.258002874907106 ], [ 10172062.197522692382336, 2661105.8540357532911 ], [ 10172069.8211375977844, 2661101.229974338784814 ], [ 10172078.759240200743079, 2661097.604016190394759 ], [ 10172087.729423712939024, 2661093.681024613790214 ], [ 10172095.014687554910779, 2661089.332517989445478 ], [ 10172102.342940716072917, 2661084.632092859596014 ], [ 10172110.525719035416842, 2661080.699730949942023 ], [ 10172119.299769481644034, 2661077.073987782467157 ], [ 10172128.032942488789558, 2661074.889170410577208 ], [ 10172135.7923045437783, 2661072.387442835140973 ], [ 10172143.592352660372853, 2661073.767848873045295 ], [ 10172151.985197948291898, 2661076.224894055631012 ], [ 10172160.318976748734713, 2661076.548398511949927 ], [ 10172151.30278298817575, 2661068.82466278783977 ], [ 10172146.999215189367533, 2661066.018143808934838 ], [ 10172138.383354905992746, 2661061.482930672354996 ], [ 10172132.054069830104709, 2661057.404854671563953 ], [ 10172125.579157754778862, 2661051.655424500349909 ], [ 10172117.024288861081004, 2661044.876494034193456 ], [ 10172105.551996802911162, 2661049.871541814412922 ], [ 10172099.892474707216024, 2661052.434896609280258 ], [ 10172095.019193802028894, 2661054.391725321300328 ], [ 10172090.97480115480721, 2661055.312989890575409 ], [ 10172088.639205705374479, 2661057.572491606231779 ], [ 10172080.087244022637606, 2661057.502288455143571 ], [ 10172066.035441260784864, 2661057.861579776741564 ], [ 10172055.800006261095405, 2661058.080846650060266 ], [ 10172049.338070632889867, 2661058.633219689130783 ], [ 10172042.296660637483001, 2661059.241743280552328 ], [ 10172036.906662808731198, 2661059.890849065966904 ], [ 10172030.676805822178721, 2661061.652497489005327 ], [ 10172024.275671241804957, 2661065.185211549047381 ], [ 10172015.799389243125916, 2661069.976049427874386 ], [ 10172007.135973539203405, 2661074.228295732289553 ], [ 10172006.035592384636402, 2661081.555335772689432 ], [ 10172003.587334953248501, 2661087.499336413107812 ], [ 10172001.915414206683636, 2661088.118772995658219 ], [ 10171992.469676913693547, 2661089.480137471109629 ], [ 10171992.548146111890674, 2661085.124742012470961 ], [ 10171985.600722685456276, 2661083.599443092010915 ], [ 10171975.504462039098144, 2661082.388703694101423 ], [ 10171964.18308824300766, 2661081.004462158307433 ], [ 10171953.004248442128301, 2661079.81792698148638 ], [ 10171945.130531802773476, 2661079.856284773908556 ], [ 10171942.111967643722892, 2661074.40747431665659 ], [ 10171935.929379841312766, 2661072.52860813587904 ], [ 10171931.093123676255345, 2661071.273923431523144 ], [ 10171927.315089261159301, 2661068.719216963741928 ], [ 10171921.360382128506899, 2661065.993030867073685 ], [ 10171915.043798727914691, 2661062.79474967205897 ], [ 10171908.408527199178934, 2661058.783179073594511 ], [ 10171901.814430331811309, 2661053.561827557627112 ], [ 10171895.80090819299221, 2661048.790162887889892 ], [ 10171888.272786695510149, 2661046.705088167451322 ], [ 10171881.871365379542112, 2661044.782755139283836 ], [ 10171878.10544703155756, 2661042.810917971655726 ], [ 10171878.628229854628444, 2661036.442000395618379 ], [ 10171879.302809081971645, 2661029.456831840332597 ], [ 10171879.775309011340141, 2661025.177627895027399 ], [ 10171881.610840322449803, 2661024.381961388513446 ], [ 10171886.765380807220936, 2661026.218904989771545 ], [ 10171891.854331459850073, 2661028.056005289312452 ], [ 10171898.802552133798599, 2661030.021319034509361 ], [ 10171903.748006973415613, 2661031.231770318001509 ], [ 10171907.953162387013435, 2661034.049579083919525 ], [ 10171913.024186158552766, 2661037.833381914999336 ], [ 10171918.542927538976073, 2661041.319264001213014 ], [ 10171924.522332791239023, 2661045.398153895977885 ], [ 10171930.543584557250142, 2661048.641060994472355 ], [ 10171937.601770913228393, 2661050.825978231616318 ], [ 10171944.365362646058202, 2661053.40755440434441 ], [ 10171952.068408282473683, 2661055.448205574415624 ], [ 10171959.37808376736939, 2661057.676537959836423 ], [ 10171967.167388595640659, 2661059.123073677532375 ], [ 10171974.890392925590277, 2661060.294857820495963 ], [ 10171981.754572417587042, 2661058.553906674031168 ], [ 10171987.720545917749405, 2661056.154927952680737 ], [ 10171995.758374771103263, 2661050.848171885125339 ], [ 10171999.446835625916719, 2661047.002157405018806 ], [ 10172002.663231128826737, 2661042.299251233227551 ], [ 10172003.926769308745861, 2661039.866120611783117 ], [ 10172007.301800418645144, 2661037.86847287742421 ], [ 10172012.065218336880207, 2661035.658910133875906 ], [ 10172016.958230119198561, 2661032.580336588900536 ], [ 10172022.244891421869397, 2661029.544786349870265 ], [ 10172027.076772464439273, 2661028.720966091845185 ], [ 10172029.536440297961235, 2661028.308894940186292 ], [ 10172033.428460408002138, 2661027.761814445257187 ], [ 10172035.024139937013388, 2661027.26360576832667 ], [ 10172038.799174759536982, 2661023.032530044671148 ], [ 10172046.729092480614781, 2661023.763849312905222 ], [ 10172053.126184215769172, 2661023.552616248838603 ], [ 10172057.423312993720174, 2661023.246693409513682 ], [ 10172064.293067265301943, 2661024.255202337633818 ], [ 10172073.140646317973733, 2661024.50065810373053 ], [ 10172082.372389065101743, 2661025.43824393954128 ], [ 10172087.920397140085697, 2661027.186436801217496 ], [ 10172090.861987056210637, 2661027.136267845053226 ], [ 10172101.30278055742383, 2661025.717688649427146 ], [ 10172108.844083793461323, 2661023.57936852844432 ], [ 10172115.390285726636648, 2661021.498098055832088 ], [ 10172121.29984026029706, 2661018.219302398152649 ], [ 10172122.967525133863091, 2661015.587347315158695 ], [ 10172126.343429142609239, 2661008.673572859726846 ], [ 10172129.111043982207775, 2661003.817657889332622 ], [ 10172127.141532940790057, 2660997.992784624453634 ], [ 10172125.572414232417941, 2660990.121445290278643 ], [ 10172124.407542990520597, 2660982.062340382952243 ], [ 10172123.016926987096667, 2660975.939450331963599 ], [ 10172130.336050380021334, 2660972.151790920644999 ], [ 10172137.078593410551548, 2660975.096183447167277 ], [ 10172138.26197637245059, 2660981.52757165953517 ], [ 10172139.600166939198971, 2660988.761427261400968 ], [ 10172140.948659291490912, 2660995.709360308945179 ], [ 10172142.296498732641339, 2661002.316317736171186 ], [ 10172144.886303404346108, 2661006.666097828187048 ], [ 10172147.868768166750669, 2661010.509199069347233 ], [ 10172151.809953542426229, 2661017.858619250822812 ], [ 10172153.432240910828114, 2661019.680906088091433 ], [ 10172159.770994266495109, 2661028.323183319531381 ], [ 10172166.204620912671089, 2661035.293418666813523 ], [ 10172173.003502272069454, 2661044.319649901706725 ], [ 10172179.473827404901385, 2661053.115530898794532 ], [ 10172185.22825269587338, 2661054.159296568017453 ], [ 10172186.499938195571303, 2661050.395295942667872 ], [ 10172189.362307181581855, 2661043.735494371503592 ], [ 10172191.556979248300195, 2661042.092155287507921 ], [ 10172194.099584799259901, 2661039.436296049039811 ], [ 10172197.361541479825974, 2661035.657182822935283 ], [ 10172201.519708255305886, 2661031.612254340201616 ], [ 10172205.950543098151684, 2661027.192700701300055 ], [ 10172210.73074934259057, 2661022.519598334096372 ], [ 10172215.203227492049336, 2661017.121196196880192 ], [ 10172219.652788631618023, 2661011.194915932137519 ], [ 10172224.320718416944146, 2661005.15827402099967 ], [ 10172229.622857702895999, 2660999.054237157572061 ], [ 10172236.063231401145458, 2660993.365756222046912 ], [ 10172241.763410260900855, 2660989.383536071516573 ], [ 10172248.260436398908496, 2660984.640787939541042 ], [ 10172255.588465005159378, 2660979.907284713815898 ], [ 10172263.222137346863747, 2660974.876251636072993 ], [ 10172271.480216344818473, 2660970.338758196216077 ], [ 10172279.825060188770294, 2660965.471119580790401 ], [ 10172289.930461723357439, 2660960.577806661371142 ], [ 10172299.477303974330425, 2660955.256752974819392 ], [ 10172309.176131762564182, 2660949.407392480410635 ], [ 10172318.469519091770053, 2660943.229029836133122 ], [ 10172328.583034615963697, 2660936.927951563615352 ], [ 10172339.256041331216693, 2660931.582531995605677 ], [ 10172345.296780942007899, 2660928.314399725291878 ], [ 10172353.410028772428632, 2660927.813511994667351 ], [ 10172364.489673042669892, 2660928.626037802547216 ], [ 10172376.618273269385099, 2660929.073467554524541 ], [ 10172389.982628161087632, 2660929.485219506081194 ], [ 10172395.504994602873921, 2660929.418633230961859 ], [ 10172401.163356984034181, 2660931.617248548194766 ], [ 10172409.360482515767217, 2660934.591499062255025 ], [ 10172418.007562329992652, 2660938.356600154656917 ], [ 10172422.505349565297365, 2660939.941829657182097 ], [ 10172429.68756834231317, 2660938.683932521846145 ], [ 10172437.971786078065634, 2660936.25791777158156 ], [ 10172447.644878527149558, 2660933.850985575933009 ], [ 10172457.986110946163535, 2660931.937474387697875 ], [ 10172468.327075066044927, 2660929.914016918279231 ], [ 10172473.978267347440124, 2660928.670345288235694 ], [ 10172481.787779100239277, 2660929.346769702155143 ], [ 10172490.867086170241237, 2660930.592320822179317 ], [ 10172500.385074332356453, 2660932.44184790737927 ], [ 10172510.209633210673928, 2660934.488730382639915 ], [ 10172520.711519749835134, 2660936.193298193626106 ], [ 10172531.585806809365749, 2660938.215938053093851 ], [ 10172544.122619675472379, 2660940.312059004791081 ], [ 10172551.821281937882304, 2660940.26278715627268 ], [ 10172560.357737764716148, 2660938.221100387629122 ], [ 10172569.438955187797546, 2660935.133368336595595 ], [ 10172579.274359444156289, 2660931.890248800162226 ], [ 10172590.292366400361061, 2660929.414352144580334 ], [ 10172595.561918700113893, 2660928.710280887316912 ], [ 10172602.836865365505219, 2660930.014617180451751 ], [ 10172611.711191594600677, 2660932.580379028338939 ], [ 10172621.866195725277066, 2660935.759260138962418 ], [ 10172632.402780584990978, 2660938.376502952538431 ], [ 10172644.175655495375395, 2660941.222015955485404 ], [ 10172656.176422964781523, 2660943.286164952907711 ], [ 10172665.440582003444433, 2660944.003396359272301 ], [ 10172676.166010079905391, 2660942.814788305666298 ], [ 10172687.286796309053898, 2660942.41731887916103 ], [ 10172698.669255262240767, 2660941.60120651172474 ], [ 10172708.28293908201158, 2660942.174685231875628 ], [ 10172718.522915026172996, 2660944.143626022618264 ], [ 10172728.886989181861281, 2660947.893891731277108 ], [ 10172739.830855943262577, 2660951.763877374120057 ], [ 10172751.398538229987025, 2660955.852584321051836 ], [ 10172763.237894110381603, 2660959.093745135236531 ], [ 10172775.689438147470355, 2660962.245655738282949 ], [ 10172788.655826637521386, 2660965.825384488794953 ], [ 10172801.960466790944338, 2660969.030526562593877 ], [ 10172815.756886409595609, 2660972.058485942427069 ], [ 10172830.188267651945353, 2660975.459102557506412 ], [ 10172845.483487073332071, 2660978.791884168051183 ], [ 10172861.238307323306799, 2660982.244616134557873 ], [ 10172875.856328504160047, 2660985.919804450124502 ], [ 10172890.226677220314741, 2660991.46507638739422 ], [ 10172897.781869223341346, 2660995.947193164378405 ], [ 10172907.57049335539341, 2661001.656216897536069 ], [ 10172919.308111403137445, 2661008.504895930178463 ], [ 10172930.325900485739112, 2661016.25697473064065 ], [ 10172941.843827333301306, 2661022.622118952218443 ], [ 10172953.225986216217279, 2661026.821045448537916 ], [ 10172963.390625949949026, 2661029.328848343342543 ], [ 10172972.881300026550889, 2661028.571644654031843 ], [ 10172999.922879980877042, 2660795.01606366597116 ], [ 10173007.727186301723123, 2660700.35194943472743 ], [ 10173007.90740355104208, 2660692.510079273954034 ], [ 10173007.604395259171724, 2660683.646489125210792 ], [ 10173008.531999871134758, 2660677.62873974442482 ], [ 10173008.574892273172736, 2660677.221696441527456 ], [ 10173009.294580785557628, 2660671.09436250012368 ], [ 10173011.195672184228897, 2660654.791562307626009 ], [ 10173012.184907026588917, 2660646.871024647261947 ], [ 10173014.20659001916647, 2660630.710978319868445 ], [ 10173016.746848221868277, 2660606.411446187179536 ], [ 10173019.493236036971211, 2660581.363695610314608 ], [ 10173021.081032553687692, 2660566.898269279394299 ], [ 10173022.110859449952841, 2660557.48208045354113 ], [ 10173022.325316749513149, 2660555.490962733048946 ], [ 10173025.09128775447607, 2660529.343535510823131 ], [ 10173027.328633343800902, 2660506.639487713575363 ], [ 10173027.406228072941303, 2660501.99829240469262 ], [ 10173026.979088740423322, 2660496.500401181168854 ], [ 10173023.86621830612421, 2660498.277675846125931 ], [ 10173017.268750162795186, 2660501.855023831129074 ], [ 10173011.418015299364924, 2660506.860581686720252 ], [ 10173005.711297301575541, 2660512.778481862507761 ], [ 10173000.288686759769917, 2660518.607946559321135 ], [ 10172994.136708442121744, 2660520.798698449041694 ], [ 10172988.215366231277585, 2660523.494753495790064 ], [ 10172984.999681191518903, 2660528.329638473689556 ], [ 10172979.851368864998221, 2660534.598336815368384 ], [ 10172973.838761404156685, 2660540.649027893319726 ], [ 10172968.472402004525065, 2660547.204105691984296 ], [ 10172962.765492346137762, 2660553.056151710916311 ], [ 10172954.909058403223753, 2660555.987313153687865 ], [ 10172943.356839139014482, 2660559.080437272787094 ], [ 10172932.758803373202682, 2660563.546181385405362 ], [ 10172922.268494540825486, 2660567.208833446726203 ], [ 10172914.184523714706302, 2660571.130364306736737 ], [ 10172913.772010359913111, 2660571.326113443356007 ], [ 10172913.495798252522945, 2660571.995865130331367 ], [ 10172906.854204742237926, 2660583.062557781580836 ], [ 10172900.380577884614468, 2660593.115635035093874 ], [ 10172898.875596979632974, 2660595.213318508118391 ], [ 10172898.522714903578162, 2660596.007690902799368 ], [ 10172893.866414256393909, 2660602.194932658690959 ], [ 10172892.561506625264883, 2660604.013740741182119 ], [ 10172884.405933709815145, 2660614.067163048777729 ], [ 10172868.681940184906125, 2660625.642408329993486 ], [ 10172867.643240915611386, 2660626.311434396076947 ], [ 10172866.198586111888289, 2660627.684233572799712 ], [ 10172860.655344728380442, 2660633.392946876585484 ], [ 10172853.189205624163151, 2660639.897527198307216 ], [ 10172844.333402844145894, 2660646.009266400709748 ], [ 10172835.608396960422397, 2660651.966656357515603 ], [ 10172826.948707297444344, 2660657.769968774635345 ], [ 10172817.982338381931186, 2660663.287976693361998 ], [ 10172809.956912633031607, 2660669.122864464763552 ], [ 10172802.260369680821896, 2660675.276035407558084 ], [ 10172794.924189226701856, 2660681.252468639519066 ], [ 10172787.083596624433994, 2660686.548086903057992 ], [ 10172779.001325935125351, 2660691.316374085843563 ], [ 10172771.389247070997953, 2660696.050627944990993 ], [ 10172763.940255708992481, 2660700.377594479825348 ], [ 10172757.114580737426877, 2660704.681309309788048 ], [ 10172750.866625349968672, 2660708.103924923576415 ], [ 10172744.032122245058417, 2660713.408429578877985 ], [ 10172737.960642090067267, 2660717.589458668138832 ], [ 10172733.69182275980711, 2660720.9089091187343 ], [ 10172722.082812121137977, 2660723.078172601293772 ], [ 10172710.40743388235569, 2660724.906616285908967 ], [ 10172698.797402933239937, 2660726.614012755919248 ], [ 10172687.786534348502755, 2660727.220265027135611 ], [ 10172678.602352766320109, 2660728.053547564893961 ], [ 10172675.394807605072856, 2660721.208682185504586 ], [ 10172667.061382992193103, 2660720.984453316777945 ], [ 10172660.239145167171955, 2660721.746832375880331 ], [ 10172658.775487259030342, 2660727.765728225931525 ], [ 10172651.01184200681746, 2660728.046138626988977 ], [ 10172642.693952372297645, 2660730.032397131901234 ], [ 10172634.264082543551922, 2660730.743087883107364 ], [ 10172627.548681929707527, 2660730.284486075397581 ], [ 10172626.472549766302109, 2660722.918211976997554 ], [ 10172624.822093157097697, 2660718.104643133003265 ], [ 10172618.510612087324262, 2660717.326114186085761 ], [ 10172610.764443082734942, 2660715.54989403532818 ], [ 10172607.139398537576199, 2660712.962099788710475 ], [ 10172609.064733618870378, 2660708.053065160289407 ], [ 10172611.80919897928834, 2660702.68022376857698 ], [ 10172609.2087287530303, 2660698.517629249021411 ], [ 10172603.717771761119366, 2660692.667430846951902 ], [ 10172598.587829399853945, 2660686.904461841564626 ], [ 10172593.777383549138904, 2660682.251527411863208 ], [ 10172586.095921102911234, 2660680.013289405964315 ], [ 10172578.359352014958858, 2660677.544093616306782 ], [ 10172572.420177446678281, 2660676.995780404657125 ], [ 10172568.113837948068976, 2660678.060763371177018 ], [ 10172562.293383600190282, 2660682.021278700325638 ], [ 10172555.617865465581417, 2660684.949808995705098 ], [ 10172555.127587979659438, 2660685.786599155981094 ], [ 10172554.430190427228808, 2660686.975864260923117 ], [ 10172550.491948261857033, 2660691.526309299748391 ], [ 10172549.480513850226998, 2660699.446890233084559 ], [ 10172549.02319741807878, 2660705.62859245063737 ], [ 10172547.60224411636591, 2660711.174465961288661 ], [ 10172540.717928364872932, 2660718.821579018142074 ], [ 10172534.312184754759073, 2660725.268803102895617 ], [ 10172532.630796231329441, 2660726.559151559136808 ], [ 10172527.761324748396873, 2660730.297732568811625 ], [ 10172521.528833851218224, 2660735.930764395277947 ], [ 10172515.7649189196527, 2660740.748936079908162 ], [ 10172505.259230507537723, 2660742.365813004318625 ], [ 10172496.26153302565217, 2660743.517577038146555 ], [ 10172488.982187237590551, 2660745.325697005726397 ], [ 10172482.774920893833041, 2660747.296373942866921 ], [ 10172480.693847563117743, 2660750.97403001319617 ], [ 10172476.387812066823244, 2660757.46084889350459 ], [ 10172473.234446616843343, 2660760.799825480673462 ], [ 10172470.519115883857012, 2660764.478815413080156 ], [ 10172466.369791056960821, 2660767.446050998289138 ], [ 10172461.741771215572953, 2660771.612957538571209 ], [ 10172456.392120122909546, 2660775.836433194112033 ], [ 10172450.791221419349313, 2660780.181455424055457 ], [ 10172445.673540322110057, 2660785.537174844648689 ], [ 10172441.692286496981978, 2660790.428591712377965 ], [ 10172440.294525440782309, 2660791.432399671524763 ], [ 10172435.097036572173238, 2660789.936631892807782 ], [ 10172431.445296423509717, 2660785.050299633760005 ], [ 10172426.293126985430717, 2660779.100237286183983 ], [ 10172420.356910143047571, 2660779.992662572767586 ], [ 10172413.723230728879571, 2660782.008169598411769 ], [ 10172406.182922197505832, 2660784.586577007547021 ], [ 10172398.107064379379153, 2660787.232088627759367 ], [ 10172389.769975785166025, 2660790.504942459519953 ], [ 10172386.654645232483745, 2660785.903406581841409 ], [ 10172380.913631703704596, 2660780.713511744048446 ], [ 10172368.938950050622225, 2660780.650776132475585 ], [ 10172368.792981455102563, 2660778.803441834170371 ], [ 10172370.265858434140682, 2660771.937672690954059 ], [ 10172374.155430169776082, 2660770.224839636590332 ], [ 10172378.353994745761156, 2660769.897032257635146 ], [ 10172383.367562364786863, 2660772.327967324759811 ], [ 10172388.23769699037075, 2660774.143427537288517 ], [ 10172391.169025685638189, 2660774.39017446199432 ], [ 10172394.119731064885855, 2660773.471189346164465 ], [ 10172397.95794415101409, 2660773.397116371430457 ], [ 10172401.224559059366584, 2660771.905510860960931 ], [ 10172404.510526906698942, 2660769.171052836347371 ], [ 10172407.939003083854914, 2660766.601374221965671 ], [ 10172411.718562809750438, 2660764.602849629707634 ], [ 10172415.893595658242702, 2660763.472260768990964 ], [ 10172420.067596130073071, 2660761.846783185377717 ], [ 10172424.669100059196353, 2660760.682278668042272 ], [ 10172430.279365921393037, 2660760.846392339095473 ], [ 10172436.314861817285419, 2660760.349776300601661 ], [ 10172440.262256570160389, 2660760.198523735161871 ], [ 10172445.125219650566578, 2660758.571630160324275 ], [ 10172449.637015108019114, 2660756.362533291336149 ], [ 10172454.858448576182127, 2660753.547036406584084 ], [ 10172459.84834997355938, 2660749.896183792036027 ], [ 10172465.155429761856794, 2660746.244719288311899 ], [ 10172468.835267443209887, 2660743.630495311692357 ], [ 10172471.924155028536916, 2660740.79750992404297 ], [ 10172470.835622508078814, 2660732.72747845062986 ], [ 10172470.821262428537011, 2660725.842820835765451 ], [ 10172470.435700803995132, 2660719.244914844632149 ], [ 10172468.985640827566385, 2660716.069641918409616 ], [ 10172459.186710523441434, 2660715.77132991887629 ], [ 10172448.85186168551445, 2660715.430182123091072 ], [ 10172439.000760056078434, 2660716.36379221174866 ], [ 10172429.873722182586789, 2660718.340649041812867 ], [ 10172422.157561149448156, 2660720.446473786607385 ], [ 10172414.757415281608701, 2660721.979787010233849 ], [ 10172414.134278493002057, 2660722.102022194769233 ], [ 10172410.540657391771674, 2660718.843260478693992 ], [ 10172406.463316166773438, 2660714.386744366958737 ], [ 10172400.771531334146857, 2660706.601274094544351 ], [ 10172394.479962339624763, 2660699.597943814471364 ], [ 10172388.222619732841849, 2660693.298411383293569 ], [ 10172382.172668188810349, 2660686.800428910646588 ], [ 10172376.091670675203204, 2660681.138329376466572 ], [ 10172370.383515788242221, 2660676.003353110980242 ], [ 10172365.161563558503985, 2660673.275883972644806 ], [ 10172358.353646596893668, 2660675.643693159334362 ], [ 10172356.229172257706523, 2660674.207529499195516 ], [ 10172350.926319500431418, 2660669.368613525293767 ], [ 10172346.279607657343149, 2660664.561352625023574 ], [ 10172342.315256997942924, 2660661.842243944294751 ], [ 10172336.071021638810635, 2660656.521454934496433 ], [ 10172330.419181732460856, 2660652.178165031597018 ], [ 10172326.350729092955589, 2660646.676883480511606 ], [ 10172321.18546699360013, 2660639.660140808206052 ], [ 10172316.589818915352225, 2660633.08209363091737 ], [ 10172312.87050274759531, 2660627.206174676772207 ], [ 10172306.704482031986117, 2660627.9779596272856 ], [ 10172295.671697469428182, 2660628.583993393927813 ], [ 10172287.906407894566655, 2660628.072347749955952 ], [ 10172278.303042180836201, 2660627.11371347354725 ], [ 10172273.596335263922811, 2660630.224931882228702 ], [ 10172272.726643739268184, 2660631.02179304510355 ], [ 10172266.968612777069211, 2660636.806978160981089 ], [ 10172261.397764192894101, 2660640.797331735491753 ], [ 10172259.099643947556615, 2660642.638809023424983 ], [ 10172251.664768589660525, 2660648.516275502741337 ], [ 10172244.382796516641974, 2660654.360331999603659 ], [ 10172238.564882492646575, 2660659.519538841210306 ], [ 10172233.456655023619533, 2660664.182296691462398 ], [ 10172227.265742124989629, 2660668.748303760308772 ], [ 10172225.749091908335686, 2660669.666345975361764 ], [ 10172217.105264639481902, 2660680.991951911710203 ], [ 10172203.232502380385995, 2660704.054298552684486 ], [ 10172196.253107160329819, 2660709.208000760525465 ], [ 10172191.280337978154421, 2660711.579700741451234 ], [ 10172189.862589295953512, 2660714.621488659176975 ], [ 10172187.216102877631783, 2660719.905905994586647 ], [ 10172184.907266963273287, 2660724.496890506707132 ], [ 10172182.578673165291548, 2660724.798721756786108 ], [ 10172176.240879317745566, 2660727.143495543859899 ], [ 10172168.702348079532385, 2660730.55753314262256 ], [ 10172161.294785227626562, 2660733.839432901702821 ], [ 10172154.356838015839458, 2660736.845343232620507 ], [ 10172148.261004908010364, 2660739.84948273235932 ], [ 10172142.897361759096384, 2660742.621191878803074 ], [ 10172138.320569453760982, 2660745.138187037780881 ], [ 10172133.833141218870878, 2660748.611925830598921 ], [ 10172130.677794592455029, 2660749.970085732638836 ], [ 10172130.915335169062018, 2660753.73287149053067 ], [ 10172132.682421945035458, 2660760.912709033116698 ], [ 10172127.721238195896149, 2660765.728112655226141 ], [ 10172120.742456467822194, 2660775.443192038685083 ], [ 10172112.081990541890264, 2660787.185878545511514 ], [ 10172105.87490494735539, 2660791.493448345456272 ], [ 10172104.314000790938735, 2660794.402620019391179 ], [ 10172100.326085919514298, 2660801.438552416395396 ], [ 10172095.821960795670748, 2660807.397838404402137 ], [ 10172088.356862286105752, 2660809.294020290020853 ], [ 10172082.060102181509137, 2660810.373982292599976 ], [ 10172071.263792879879475, 2660808.966801901813596 ], [ 10172062.291811781004071, 2660806.708884631283581 ], [ 10172056.370418863371015, 2660804.169719183817506 ], [ 10172050.881066052243114, 2660799.034172170329839 ], [ 10172046.5946393199265, 2660793.852068328298628 ], [ 10172040.975154066458344, 2660789.288738596253097 ], [ 10172034.560350898653269, 2660786.079694493208081 ], [ 10172026.496934046968818, 2660784.215837645810097 ], [ 10172018.85269239731133, 2660784.110757350921631 ], [ 10172011.625325452536345, 2660784.620763599872589 ], [ 10172007.511890888214111, 2660785.981019832659513 ], [ 10172007.464695777744055, 2660791.423218595329672 ], [ 10172008.391477746888995, 2660804.853937020525336 ], [ 10172000.570937070995569, 2660809.331997086293995 ], [ 10171991.625534346327186, 2660817.144566382281482 ], [ 10171992.780722228810191, 2660820.623027624096721 ], [ 10171991.115959726274014, 2660824.706679028458893 ], [ 10171986.42442861944437, 2660830.006374035496265 ], [ 10171981.61113584972918, 2660834.514525713864714 ], [ 10171976.457146063446999, 2660838.264587635640055 ], [ 10171971.531162060797215, 2660841.156187017913908 ], [ 10171967.805953685194254, 2660843.055648482870311 ], [ 10171965.029105853289366, 2660843.435270846355706 ], [ 10171957.964384166523814, 2660843.285059859976172 ], [ 10171951.295033130794764, 2660843.99174875812605 ], [ 10171947.078908314928412, 2660841.1410291204229 ], [ 10171942.707028398290277, 2660836.970972222741693 ], [ 10171938.915037, 2660832.920559679158032 ], [ 10171935.330981582403183, 2660829.012785269878805 ], [ 10171931.233971809968352, 2660825.523964284919202 ], [ 10171926.170227229595184, 2660825.29250285634771 ], [ 10171918.671994073316455, 2660827.034717481117696 ], [ 10171911.260793453082442, 2660828.600815291516483 ], [ 10171905.194574635475874, 2660830.120075564365834 ], [ 10171901.246558962389827, 2660829.996294795535505 ], [ 10171894.151626657694578, 2660831.11087102163583 ], [ 10171887.339201068505645, 2660831.366906743030995 ], [ 10171881.333887282758951, 2660830.554527773056179 ], [ 10171875.558089349418879, 2660829.697672591544688 ], [ 10171875.385004639625549, 2660829.66604712465778 ], [ 10171867.363126669079065, 2660837.899701911490411 ], [ 10171853.152596239000559, 2660855.555823571514338 ], [ 10171847.263326810672879, 2660860.427173835225403 ], [ 10171843.293542265892029, 2660864.968767049256712 ], [ 10171837.780661892145872, 2660869.654361835215241 ], [ 10171832.47887215949595, 2660874.268524310085922 ], [ 10171835.664319787174463, 2660891.035835998132825 ], [ 10171825.320932032540441, 2660897.034503707196563 ], [ 10171821.872239779680967, 2660891.206338169053197 ], [ 10171817.770698498934507, 2660884.995685549452901 ], [ 10171816.434969283640385, 2660886.096417348366231 ], [ 10171813.218343025073409, 2660890.711180263664573 ], [ 10171811.828592978417873, 2660895.608107099309564 ], [ 10171812.945290120318532, 2660901.566740309819579 ], [ 10171814.018679471686482, 2660907.701384169980884 ], [ 10171813.965320298448205, 2660913.739354725927114 ], [ 10171813.371027683839202, 2660917.23791790381074 ], [ 10171814.998775497078896, 2660921.743737619835883 ], [ 10171817.420117767527699, 2660929.305299888364971 ], [ 10171818.463206464424729, 2660936.693727963138372 ], [ 10171820.630750672891736, 2660943.167060259729624 ], [ 10171819.955365959554911, 2660949.82226033648476 ], [ 10171819.33778646402061, 2660957.984054420609027 ], [ 10171819.233258998021483, 2660965.649778005667031 ], [ 10171809.57379537448287, 2660969.442153258714825 ], [ 10171801.586553113535047, 2660972.791015980765224 ], [ 10171795.228172075003386, 2660975.850608456414193 ], [ 10171792.262312442064285, 2660980.058009938336909 ], [ 10171788.434069918468595, 2660985.037012884393334 ], [ 10171786.556209370493889, 2660986.558594718109816 ], [ 10171777.610601563006639, 2660991.834094795398414 ], [ 10171768.28329942561686, 2660997.660375021863729 ], [ 10171758.812968138605356, 2661003.057898423168808 ], [ 10171750.250821257010102, 2661008.651624312624335 ], [ 10171742.245082560926676, 2661013.639228411950171 ], [ 10171732.675618607550859, 2661018.707102106418461 ], [ 10171723.203735817223787, 2661023.345749781932682 ], [ 10171713.707730928435922, 2661026.873775135725737 ], [ 10171704.975697677582502, 2661029.619220299646258 ], [ 10171692.582679839804769, 2661028.302997539751232 ], [ 10171682.082590410485864, 2661027.433863406535238 ], [ 10171672.3918312266469, 2661026.628966948948801 ], [ 10171663.522084176540375, 2661026.251305154059082 ], [ 10171657.090310843661427, 2661025.483665281906724 ], [ 10171654.470451900735497, 2661027.820683191996068 ], [ 10171648.716593094170094, 2661032.396674721501768 ], [ 10171644.012593511492014, 2661036.981529607437551 ], [ 10171642.994315033778548, 2661041.723787491209805 ], [ 10171640.492898004129529, 2661048.49272880051285 ], [ 10171638.121809413656592, 2661054.832426424138248 ], [ 10171632.50803729146719, 2661058.39635314559564 ], [ 10171624.445533649995923, 2661062.427232649177313 ], [ 10171616.546675112098455, 2661066.22684177942574 ], [ 10171608.929100902751088, 2661068.552017214242369 ], [ 10171601.514410864561796, 2661068.424361759331077 ], [ 10171591.341897826641798, 2661067.356488360557705 ], [ 10171581.882061541080475, 2661067.177866137120873 ], [ 10171572.844657776877284, 2661070.385946327354759 ], [ 10171566.979634122923017, 2661074.104316238313913 ], [ 10171562.118503184989095, 2661076.720766428858042 ], [ 10171558.858275575563312, 2661081.412648257333785 ], [ 10171555.371693197637796, 2661087.74374216562137 ], [ 10171551.830573964864016, 2661094.173805393278599 ], [ 10171548.386703561991453, 2661100.05387665797025 ], [ 10171545.730025965720415, 2661105.767322795465589 ], [ 10171542.974461460486054, 2661111.315984418615699 ], [ 10171540.480109345167875, 2661116.215315235778689 ], [ 10171539.560364291071892, 2661121.034312583971769 ], [ 10171540.843480441719294, 2661128.224484502337873 ], [ 10171542.271342977881432, 2661136.690018678549677 ], [ 10171543.240137293934822, 2661145.255545883905143 ], [ 10171543.793434569612145, 2661153.854997174348682 ], [ 10171529.559266371652484, 2661150.584759065881371 ], [ 10171528.989724785089493, 2661144.77884857589379 ], [ 10171527.288903662934899, 2661136.500751965213567 ], [ 10171525.698095897212625, 2661128.585476875770837 ], [ 10171524.326059941202402, 2661120.702611139509827 ], [ 10171526.812537506222725, 2661111.910062469542027 ], [ 10171529.560891857370734, 2661102.841985054779798 ], [ 10171531.628069018945098, 2661097.613691392354667 ], [ 10171538.096444712951779, 2661089.406864514574409 ], [ 10171543.538095319643617, 2661081.873075998853892 ], [ 10171548.228861374780536, 2661076.111462703440338 ], [ 10171550.244562277570367, 2661072.488930157385767 ], [ 10171551.856148904189467, 2661063.654187759384513 ], [ 10171553.261102024465799, 2661055.435776524245739 ], [ 10171559.485481102019548, 2661056.401793777011335 ], [ 10171565.254769148305058, 2661053.992394741158932 ], [ 10171578.304352816194296, 2661050.171263568103313 ], [ 10171589.024717224761844, 2661051.798916075844318 ], [ 10171599.524792773649096, 2661052.635185130871832 ], [ 10171607.724393391981721, 2661051.496588876936585 ], [ 10171616.393601305782795, 2661050.092951821628958 ], [ 10171618.967079261317849, 2661046.469355829060078 ], [ 10171622.558273319154978, 2661037.817549163475633 ], [ 10171626.357743127271533, 2661029.385184542275965 ], [ 10171632.946887487545609, 2661021.475122013129294 ], [ 10171639.89662653952837, 2661013.432213856838644 ], [ 10171650.351163599640131, 2661008.043668949976563 ], [ 10171659.462665524333715, 2661003.625758490990847 ], [ 10171667.743285749107599, 2661004.719501644838601 ], [ 10171677.064927646890283, 2661006.888876265380532 ], [ 10171683.51778600551188, 2661007.23846357036382 ], [ 10171692.555441306903958, 2661004.206455522216856 ], [ 10171704.508135244250298, 2660998.759755260311067 ], [ 10171714.537717964500189, 2660994.152879241388291 ], [ 10171722.261041270568967, 2660995.434719906188548 ], [ 10171727.609503123909235, 2660995.87461665738374 ], [ 10171728.971258347854018, 2660993.331284148618579 ], [ 10171736.993467606604099, 2660985.660119249019772 ], [ 10171744.458963049575686, 2660978.54004652518779 ], [ 10171751.717715254053473, 2660977.282321156002581 ], [ 10171762.005662620067596, 2660975.996262036263943 ], [ 10171770.467216044664383, 2660974.659065193030983 ], [ 10171778.687751464545727, 2660967.768261639866978 ], [ 10171787.399051392450929, 2660960.205641365610063 ], [ 10171795.903854712843895, 2660953.292382582090795 ], [ 10171802.672706693410873, 2660947.746390402782708 ], [ 10171802.896668996661901, 2660944.952438718639314 ], [ 10171801.983654908835888, 2660936.980846192222089 ], [ 10171800.480342470109463, 2660929.131336817517877 ], [ 10171799.96103042177856, 2660921.224878556095064 ], [ 10171798.907049633562565, 2660913.803501032292843 ], [ 10171798.776694433763623, 2660908.90962134487927 ], [ 10171798.502385752275586, 2660908.43731982447207 ], [ 10171794.583098312839866, 2660900.977763293776661 ], [ 10171789.099069578573108, 2660893.070668018423021 ], [ 10171783.582381887361407, 2660885.218513930216432 ], [ 10171777.475786857306957, 2660877.719585669692606 ], [ 10171771.655459282919765, 2660871.077830584719777 ], [ 10171766.907802177593112, 2660865.005842465441674 ], [ 10171762.839903552085161, 2660859.724227291997522 ], [ 10171754.248641857877374, 2660856.409632585942745 ], [ 10171745.396832020953298, 2660854.041359178256243 ], [ 10171737.027272386476398, 2660852.199962724000216 ], [ 10171728.803771983832121, 2660852.227897414471954 ], [ 10171721.652550287544727, 2660852.594670135062188 ], [ 10171714.739369114860892, 2660851.718058324884623 ], [ 10171708.3927111197263, 2660849.729531408753246 ], [ 10171704.918025210499763, 2660851.144433258101344 ], [ 10171694.784832175821066, 2660853.188933726400137 ], [ 10171685.199809420853853, 2660855.925117250066251 ], [ 10171675.778088426217437, 2660858.30915183853358 ], [ 10171670.539797836914659, 2660858.990902692545205 ], [ 10171664.902346488088369, 2660861.515954370610416 ], [ 10171662.185988575220108, 2660864.165996735915542 ], [ 10171658.938308889046311, 2660867.604680580552667 ], [ 10171653.841611281037331, 2660873.31739170383662 ], [ 10171653.535683, 2660873.255991029087454 ], [ 10171651.229950118809938, 2660875.648392564617097 ], [ 10171645.76288272254169, 2660881.400613052770495 ], [ 10171640.360810438171029, 2660886.833688490558416 ], [ 10171634.937566163018346, 2660887.273737464565784 ], [ 10171628.573506772518158, 2660887.517816008999944 ], [ 10171624.419633889570832, 2660888.34021574491635 ], [ 10171622.348875734955072, 2660886.419799577444792 ], [ 10171620.944633478298783, 2660878.867118143942207 ], [ 10171620.351836865767837, 2660872.368577553424984 ], [ 10171613.096178561449051, 2660869.744041858706623 ], [ 10171599.843456227332354, 2660865.009106872137636 ], [ 10171586.723466910421848, 2660861.065848099533468 ], [ 10171573.572089605033398, 2660857.738481772132218 ], [ 10171561.328939752653241, 2660854.717259170487523 ], [ 10171549.305387061089277, 2660852.124432269949466 ], [ 10171537.25017299503088, 2660850.125510170124471 ], [ 10171526.725043503567576, 2660847.672558535356075 ], [ 10171521.508486608043313, 2660847.562322440091521 ], [ 10171509.647919911891222, 2660844.452252771705389 ], [ 10171495.840165542438626, 2660841.027172928676009 ], [ 10171483.006853904575109, 2660838.128071247600019 ], [ 10171471.85988356359303, 2660836.391175052151084 ], [ 10171463.999223098158836, 2660835.214211835991591 ], [ 10171462.178262440487742, 2660838.112472980748862 ], [ 10171461.771933207288384, 2660838.389153650496155 ], [ 10171449.648407055065036, 2660846.645222381688654 ], [ 10171441.752283539623022, 2660850.673988332506269 ], [ 10171438.91438533551991, 2660854.418244389351457 ], [ 10171432.415026957169175, 2660858.060796374455094 ], [ 10171432.03150980360806, 2660858.264790985267609 ], [ 10171425.26245559938252, 2660873.171459233853966 ], [ 10171409.367718115448952, 2660872.581620423588902 ], [ 10171409.968916868790984, 2660870.227884667925537 ], [ 10171409.868541007861495, 2660870.303539250046015 ], [ 10171407.595542311668396, 2660876.544062973000109 ], [ 10171405.387855939567089, 2660882.597371944691986 ], [ 10171403.933751368895173, 2660888.187306697480381 ], [ 10171386.069556277245283, 2660890.533386320341378 ], [ 10171385.954852629452944, 2660887.872129704337567 ], [ 10171387.674515210092068, 2660878.41042580222711 ], [ 10171389.668701764196157, 2660869.542022095061839 ], [ 10171391.983587447553873, 2660862.377582446672022 ], [ 10171398.210684958845377, 2660859.285446675494313 ], [ 10171406.755936680361629, 2660856.111657006200403 ], [ 10171410.821792082861066, 2660849.592628195416182 ], [ 10171414.8223309610039, 2660843.26059848209843 ], [ 10171409.574392445385456, 2660838.432298523839563 ], [ 10171403.367069449275732, 2660835.03560376027599 ], [ 10171401.263316532596946, 2660833.016298707108945 ], [ 10171402.618517097085714, 2660827.184587297029793 ], [ 10171395.476924568414688, 2660826.902329891454428 ], [ 10171386.793113308027387, 2660826.469110107515007 ], [ 10171379.486830662935972, 2660825.813170083798468 ], [ 10171377.589252039790154, 2660822.979547921102494 ], [ 10171372.194780739024282, 2660815.984909154009074 ], [ 10171367.588588789105415, 2660809.450580972712487 ], [ 10171363.061825657263398, 2660804.290854097809643 ], [ 10171353.890028042718768, 2660800.482273265719414 ], [ 10171343.15410890430212, 2660796.457032797392458 ], [ 10171333.392585232853889, 2660793.056563078425825 ], [ 10171323.883758610114455, 2660790.194519076496363 ], [ 10171316.89095944352448, 2660787.745252125896513 ], [ 10171313.459500383585691, 2660783.48507579555735 ], [ 10171307.672648826614022, 2660777.107132553588599 ], [ 10171302.794300803914666, 2660771.134246647357941 ], [ 10171298.826243828982115, 2660766.468242349568754 ], [ 10171292.997007431462407, 2660760.750254061538726 ], [ 10171288.052638856694102, 2660754.612453422974795 ], [ 10171283.468848295509815, 2660748.309109137393534 ], [ 10171277.106108644977212, 2660743.757902867626399 ], [ 10171270.581359958276153, 2660740.229948242660612 ], [ 10171265.004397748038173, 2660740.318210601340979 ], [ 10171252.331019382923841, 2660740.794945906382054 ], [ 10171240.249133298173547, 2660741.776316943112761 ], [ 10171228.593490980565548, 2660742.602810239885002 ], [ 10171217.583285514265299, 2660743.560076622758061 ], [ 10171205.926743324846029, 2660743.979617291595787 ], [ 10171195.100210623815656, 2660743.825613362714648 ], [ 10171191.377125654369593, 2660743.716363458428532 ], [ 10171188.897881686687469, 2660740.63080482929945 ], [ 10171183.158987570554018, 2660733.029971946962178 ], [ 10171179.341660633683205, 2660727.974150194786489 ], [ 10171170.384370991960168, 2660709.928747543133795 ], [ 10171162.40401647053659, 2660691.785188280977309 ], [ 10171162.044158771634102, 2660690.966982855461538 ], [ 10171155.375088417902589, 2660671.854091717861593 ], [ 10171147.801650015637279, 2660653.514410573989153 ], [ 10171143.366317698732018, 2660643.329638504888862 ], [ 10171140.239174790680408, 2660636.148675484117121 ], [ 10171140.087477039545774, 2660635.800633392762393 ], [ 10171144.059718715026975, 2660626.117734072729945 ], [ 10171149.220834018662572, 2660615.179663533810526 ], [ 10171154.858355553820729, 2660603.951003139838576 ], [ 10171160.58916131965816, 2660592.192928952630609 ], [ 10171150.883068766444921, 2660585.826653718948364 ], [ 10171158.08655333891511, 2660570.885410462971777 ], [ 10171163.630093036219478, 2660559.983603964559734 ], [ 10171168.165254725143313, 2660549.274513040669262 ], [ 10171161.381130101159215, 2660545.269044121261686 ], [ 10171152.329619875177741, 2660541.039359586779028 ], [ 10171143.697619330137968, 2660536.901790088042617 ], [ 10171135.391503259539604, 2660532.762780006509274 ], [ 10171134.990177281200886, 2660531.539841075893492 ], [ 10171131.949100324884057, 2660522.273425981402397 ], [ 10171128.312151217833161, 2660509.768504754174501 ], [ 10171126.150156365707517, 2660502.880026792176068 ], [ 10171121.240745551884174, 2660487.237761391326785 ], [ 10171119.097110500559211, 2660477.485097486060113 ], [ 10171126.181252006441355, 2660477.297273442149162 ], [ 10171131.692466219887137, 2660477.48574974341318 ], [ 10171137.255245443433523, 2660477.46280181594193 ], [ 10171144.345047790557146, 2660478.648911163210869 ], [ 10171152.222297186031938, 2660479.937404707074165 ], [ 10171171.004312319681048, 2660484.514886813703924 ], [ 10171193.423763670027256, 2660487.865619933232665 ], [ 10171193.270193411037326, 2660470.663785228040069 ], [ 10171197.161510394886136, 2660466.755180272739381 ], [ 10171202.25334057956934, 2660461.669650793075562 ], [ 10171207.55368092097342, 2660456.750613594427705 ], [ 10171213.227973075583577, 2660451.788258718792349 ], [ 10171218.483714835718274, 2660446.116070481482893 ], [ 10171223.615453135222197, 2660440.611795827746391 ], [ 10171227.812668308615685, 2660436.0148467682302 ], [ 10171228.87086196988821, 2660434.855815297923982 ], [ 10171238.042672898620367, 2660429.250929995439947 ], [ 10171259.330787504091859, 2660414.568479273002595 ], [ 10171265.674629237502813, 2660412.033463234081864 ], [ 10171267.948657194152474, 2660409.322889468166977 ], [ 10171271.370585013180971, 2660403.873073492199183 ], [ 10171274.294468592852354, 2660398.125177369918674 ], [ 10171277.285768616944551, 2660392.677184490952641 ], [ 10171277.934840362519026, 2660389.439789426047355 ], [ 10171285.859275586903095, 2660386.373251278884709 ], [ 10171304.160048769786954, 2660380.395706668496132 ], [ 10171307.468681506812572, 2660378.898562800139189 ], [ 10171310.988757193088531, 2660377.612328000832349 ], [ 10171314.483075376600027, 2660376.485294315498322 ], [ 10171318.185800231993198, 2660374.85398022364825 ], [ 10171321.784206623211503, 2660373.435042327735573 ], [ 10171325.671227283775806, 2660371.829479758627713 ], [ 10171329.159389909356833, 2660369.218902342487127 ], [ 10171332.410002985969186, 2660366.39745619893074 ], [ 10171336.761575736105442, 2660363.199980646371841 ], [ 10171346.871274068951607, 2660354.853953380603343 ], [ 10171347.547928178682923, 2660352.884772945195436 ], [ 10171347.697747638449073, 2660352.448816702701151 ], [ 10171352.661407679319382, 2660343.617814123164862 ], [ 10171357.895125498995185, 2660336.006107303779572 ], [ 10171363.316231068223715, 2660327.897834736853838 ], [ 10171369.037588004022837, 2660319.139931183774024 ], [ 10171375.02214371971786, 2660309.885115090291947 ], [ 10171375.192928303033113, 2660308.830407133791596 ], [ 10171376.573570501059294, 2660300.305492037907243 ], [ 10171378.596848845481873, 2660285.689366526436061 ], [ 10171380.809145759791136, 2660270.996193779632449 ], [ 10171381.374188754707575, 2660267.310545851942152 ], [ 10171382.985563475638628, 2660256.799012432340533 ], [ 10171387.420553473755717, 2660248.389664472080767 ], [ 10171392.643774311989546, 2660238.222670736722648 ], [ 10171397.753324331715703, 2660228.056149092502892 ], [ 10171404.383603908121586, 2660219.256476822309196 ], [ 10171411.733149392530322, 2660210.377417493611574 ], [ 10171418.135156705975533, 2660201.349734295159578 ], [ 10171424.686348168179393, 2660191.749365061055869 ], [ 10171430.965497381985188, 2660180.471928461454809 ], [ 10171425.981354521587491, 2660165.846835499163717 ], [ 10171406.500677483156323, 2660166.475825669709593 ], [ 10171405.653777787461877, 2660157.635903626214713 ], [ 10171404.853756967931986, 2660148.460729066748172 ], [ 10171405.445602158084512, 2660141.6911252415739 ], [ 10171407.351187912747264, 2660135.659938752651215 ], [ 10171407.1914376989007, 2660135.186968944966793 ], [ 10171406.096609149128199, 2660131.945593243464828 ], [ 10171402.471248846501112, 2660125.409417141228914 ], [ 10171398.941623216494918, 2660118.992834782693535 ], [ 10171395.693264458328485, 2660111.447246723808348 ], [ 10171392.874451784417033, 2660104.019831802230328 ], [ 10171396.675223350524902, 2660097.100161928217858 ], [ 10171390.334126532077789, 2660098.715905440971255 ], [ 10171384.856686843559146, 2660099.853486583102494 ], [ 10171353.383285356685519, 2660058.321095123887062 ], [ 10171346.677051167935133, 2660065.766805439721793 ], [ 10171335.683801954612136, 2660074.823785393964499 ], [ 10171321.58939627930522, 2660072.018301399424672 ], [ 10171308.952457521110773, 2660069.34636822482571 ], [ 10171296.183326434344053, 2660068.281619605608284 ], [ 10171282.866610798984766, 2660069.035500153433532 ], [ 10171269.06659621745348, 2660070.350125393364578 ], [ 10171255.823001034557819, 2660072.011645138263702 ], [ 10171243.0641860794276, 2660073.461673687212169 ], [ 10171231.048732684925199, 2660070.08861716138199 ], [ 10171221.99505678191781, 2660068.121309750713408 ], [ 10171207.913630969822407, 2660065.061438563279808 ], [ 10171201.789269637316465, 2660063.391163848340511 ], [ 10171195.906888147816062, 2660062.065872668754309 ], [ 10171190.949774214997888, 2660060.079152646940202 ], [ 10171190.697665536776185, 2660057.277106009423733 ], [ 10171186.237602202221751, 2660050.78957679355517 ], [ 10171177.964582283049822, 2660040.636640422046185 ], [ 10171177.931242797523737, 2660024.342072578147054 ], [ 10171178.08280254714191, 2660008.13267301954329 ], [ 10171169.01027849689126, 2659997.39003021735698 ], [ 10171161.180660951882601, 2659988.977084304671735 ], [ 10171153.797423955053091, 2659981.108744757715613 ], [ 10171147.205883273854852, 2659973.833286385983229 ], [ 10171141.973372703418136, 2659973.109787401277572 ], [ 10171131.798280525952578, 2659970.220861901063472 ], [ 10171121.52148113027215, 2659966.58718330366537 ], [ 10171111.588057767599821, 2659962.455388411413878 ], [ 10171101.75486490316689, 2659958.720485334284604 ], [ 10171091.926218498498201, 2659956.078460381831974 ], [ 10171081.654371282085776, 2659953.637075246311724 ], [ 10171071.678484410047531, 2659951.19438776280731 ], [ 10171062.304576318711042, 2659951.183504087850451 ], [ 10171052.593209402635694, 2659953.111456583719701 ], [ 10171042.338412346318364, 2659954.842931821942329 ], [ 10171032.527799742296338, 2659956.6221738839522 ], [ 10171022.769030204042792, 2659958.99747996404767 ], [ 10171012.965305391699076, 2659962.46575182909146 ], [ 10171003.260032529011369, 2659965.883961611427367 ], [ 10170993.110176581889391, 2659969.154959262348711 ], [ 10170984.777984473854303, 2659970.530735634732991 ], [ 10170975.603637987747788, 2659971.065398487728089 ], [ 10170968.897039061412215, 2659971.913311182055622 ], [ 10170967.072852922603488, 2659972.143876474350691 ], [ 10170957.805758532136679, 2659974.119549194350839 ], [ 10170948.688263732939959, 2659976.492136427201331 ], [ 10170939.770729476585984, 2659979.509640148840845 ], [ 10170931.12505517154932, 2659982.755054458975792 ], [ 10170923.426247810944915, 2659962.998619780410081 ], [ 10170913.36193773150444, 2659937.171601241454482 ], [ 10170849.802560094743967, 2659975.42149247135967 ], [ 10170844.482178993523121, 2659979.708293830044568 ], [ 10170834.484023736789823, 2659984.838060353882611 ], [ 10170826.438575154170394, 2659988.96589783532545 ], [ 10170808.386526238173246, 2659995.925705492962152 ], [ 10170799.003627263009548, 2659997.339394354261458 ], [ 10170789.774801952764392, 2659998.72975100716576 ], [ 10170775.623912623152137, 2660000.423129665665329 ], [ 10170765.344747586175799, 2660018.624166439287364 ], [ 10170762.843645110726357, 2660019.618171484209597 ], [ 10170756.618243640288711, 2660020.739212248940021 ], [ 10170725.624200856313109, 2660026.320232707075775 ], [ 10170717.949393257498741, 2660033.168678553309292 ], [ 10170709.124926591292024, 2660041.042944991029799 ], [ 10170658.40711279399693, 2660049.216981344856322 ], [ 10170611.790370065718889, 2660047.200025205034763 ], [ 10170603.631724499166012, 2660049.637119022663683 ], [ 10170589.062780220061541, 2660056.146260290872306 ], [ 10170575.80837812833488, 2660064.83886406198144 ], [ 10170558.653997430577874, 2660079.126095251645893 ], [ 10170527.845861470326781, 2660082.084054693579674 ], [ 10170516.261546514928341, 2660100.836880304850638 ], [ 10170496.344723204150796, 2660134.172926516737789 ], [ 10170500.916316600516438, 2660163.589439930394292 ], [ 10170505.827731031924486, 2660196.615595867857337 ], [ 10170511.283664038404822, 2660229.639884012751281 ], [ 10170515.105390176177025, 2660262.451259035617113 ], [ 10170517.09631136059761, 2660279.453129245899618 ], [ 10170518.582194516435266, 2660290.097141255624592 ], [ 10170519.140002680942416, 2660295.546036203857511 ], [ 10170518.275901954621077, 2660297.533814722672105 ], [ 10170500.351368503645062, 2660320.975326932966709 ], [ 10170486.057208461686969, 2660343.704618539195508 ], [ 10170477.297605570405722, 2660358.026306596584618 ], [ 10170469.266083054244518, 2660359.997285560239106 ], [ 10170444.551999446004629, 2660365.524038347881287 ], [ 10170430.404562097042799, 2660364.79934747563675 ], [ 10170416.238980719819665, 2660363.206709301564842 ], [ 10170401.639542413875461, 2660361.565310127101839 ], [ 10170394.393058139830828, 2660366.872731931507587 ], [ 10170375.201400427147746, 2660381.931538711301982 ], [ 10170363.531476642936468, 2660382.36245887959376 ], [ 10170343.679848862811923, 2660385.929856373462826 ], [ 10170323.828103952109814, 2660389.497229722794145 ], [ 10170303.975328132510185, 2660392.753913353197277 ], [ 10170284.970770245417953, 2660395.463835950940847 ], [ 10170273.218768492341042, 2660397.508496222086251 ], [ 10170262.779055016115308, 2660396.617196426261216 ], [ 10170253.791254337877035, 2660390.028477424290031 ], [ 10170248.300847943872213, 2660385.230131533462554 ], [ 10170243.601947985589504, 2660377.864058252889663 ], [ 10170242.319430332630873, 2660370.318389337975532 ], [ 10170241.641535520553589, 2660361.762074653524905 ], [ 10170241.039123862981796, 2660344.756501339375973 ], [ 10170240.259421711787581, 2660342.895568472798914 ], [ 10170238.796716507524252, 2660343.009875203948468 ], [ 10170238.260393349453807, 2660339.819330108352005 ], [ 10170229.388837281614542, 2660338.644438264425844 ], [ 10170221.027220895513892, 2660346.966238666791469 ], [ 10170214.501035574823618, 2660354.283225988503546 ], [ 10170209.874886633828282, 2660357.905719909351319 ], [ 10170207.824874982237816, 2660359.511041823774576 ], [ 10170203.577438656240702, 2660370.523294081445783 ], [ 10170202.774891462177038, 2660373.396181354299188 ], [ 10170200.189232284203172, 2660376.901883928570896 ], [ 10170199.536538146436214, 2660381.499026984442025 ], [ 10170195.648028330877423, 2660380.766902895644307 ], [ 10170185.116007015109062, 2660377.176585711538792 ], [ 10170175.194643938913941, 2660372.966366406995803 ], [ 10170170.634625200182199, 2660376.665712662506849 ], [ 10170165.171513130888343, 2660382.191155822947621 ], [ 10170164.340337883681059, 2660383.03185854293406 ], [ 10170163.939364418387413, 2660382.846675503067672 ], [ 10170158.005588412284851, 2660380.106229890137911 ], [ 10170151.197613107040524, 2660375.296420704107732 ], [ 10170141.979333037510514, 2660369.990915885195136 ], [ 10170133.839254939928651, 2660374.79721649736166 ], [ 10170124.941058903932571, 2660378.704372383654118 ], [ 10170123.609084906056523, 2660379.227915564086288 ], [ 10170108.386934163048863, 2660383.294198622461408 ], [ 10170108.189028579741716, 2660383.355139923747629 ], [ 10170100.433179419487715, 2660383.007430498022586 ], [ 10170092.555554578080773, 2660382.68334410758689 ], [ 10170088.709318405017257, 2660387.94710247265175 ], [ 10170081.099973265081644, 2660395.695833299774677 ], [ 10170074.061119580641389, 2660404.582216045819223 ], [ 10170068.111702581867576, 2660414.603938191197813 ], [ 10170062.681005924940109, 2660424.623676721937954 ], [ 10170057.067498764023185, 2660424.385333191603422 ], [ 10170048.714747941121459, 2660423.208238787949085 ], [ 10170041.021748565137386, 2660421.885908026248217 ], [ 10170035.052722282707691, 2660415.332248869352043 ], [ 10170028.987115558236837, 2660408.209070872981101 ], [ 10170023.817567011341453, 2660401.082194842863828 ], [ 10170018.511869963258505, 2660395.285770832560956 ], [ 10170012.552183343097568, 2660391.059267671778798 ], [ 10170005.322000037878752, 2660387.550409146118909 ], [ 10169998.941172348335385, 2660384.133001297712326 ], [ 10169999.519542034715414, 2660375.510394657496363 ], [ 10170000.459474289789796, 2660362.944452362135053 ], [ 10170000.33093898370862, 2660362.892691608052701 ], [ 10170000.235216567292809, 2660362.854146361351013 ], [ 10169991.294898884370923, 2660359.253471191041172 ], [ 10169988.606728702783585, 2660377.007988953962922 ], [ 10169984.735905338078737, 2660388.714517490938306 ], [ 10169979.696475252509117, 2660405.973506246693432 ], [ 10169973.104316892102361, 2660421.296608226839453 ], [ 10169969.488784933462739, 2660427.190288110636175 ], [ 10169966.781842464581132, 2660428.891160094179213 ], [ 10169963.520654670894146, 2660430.940134731121361 ], [ 10169954.297512244433165, 2660436.178353175055236 ], [ 10169945.212711524218321, 2660440.608451357576996 ], [ 10169936.54518916644156, 2660443.279613328631967 ], [ 10169930.10238834656775, 2660444.754408560693264 ], [ 10169927.35665793903172, 2660445.382941950578243 ], [ 10169918.171196702867746, 2660448.246197536587715 ], [ 10169915.09742115996778, 2660448.953692115843296 ], [ 10169900.692190481349826, 2660450.200875867623836 ], [ 10169897.692492360249162, 2660450.46051200479269 ], [ 10169868.091477949172258, 2660453.564607742708176 ], [ 10169863.959005435928702, 2660443.075682927388698 ], [ 10169859.054033109918237, 2660431.340805481187999 ], [ 10169855.754939882084727, 2660431.947912997566164 ], [ 10169846.28002618253231, 2660433.197402458172292 ], [ 10169843.889659294858575, 2660436.935494482517242 ], [ 10169837.890211367979646, 2660446.292476632166654 ], [ 10169833.691656041890383, 2660454.073145729023963 ], [ 10169829.609854558482766, 2660460.905952577944845 ], [ 10169827.021004294976592, 2660465.239568218123168 ], [ 10169818.791235426440835, 2660476.607841620221734 ], [ 10169817.358143156394362, 2660476.585236389189959 ], [ 10169806.809972098097205, 2660476.418370545841753 ], [ 10169802.311939101666212, 2660472.240924921818078 ], [ 10169794.129871180281043, 2660475.377035873942077 ], [ 10169796.958448778837919, 2660488.180839452892542 ], [ 10169800.098292974755168, 2660501.604860988911241 ], [ 10169803.698351470753551, 2660514.017639421857893 ], [ 10169806.677245358005166, 2660525.656119351275265 ], [ 10169806.861656112596393, 2660533.965175178367645 ], [ 10169800.944232393056154, 2660543.539012281689793 ], [ 10169798.068706333637238, 2660546.394122918602079 ], [ 10169796.55122010782361, 2660546.36483192583546 ], [ 10169789.130869649350643, 2660546.376569242682308 ], [ 10169780.930441059172153, 2660545.087070164270699 ], [ 10169771.078771075233817, 2660544.241455866023898 ], [ 10169761.832704901695251, 2660543.447695438750088 ], [ 10169746.110253009945154, 2660540.910770351067185 ], [ 10169735.72906137816608, 2660549.599819957278669 ], [ 10169727.623266877606511, 2660552.425015597604215 ], [ 10169713.865759510546923, 2660552.707786653656512 ], [ 10169705.927520444616675, 2660559.182333133649081 ], [ 10169691.476426793262362, 2660560.011234062258154 ], [ 10169680.92108309827745, 2660547.93427088111639 ], [ 10169671.759427201002836, 2660548.308420707006007 ], [ 10169666.314540481194854, 2660548.530709456186742 ], [ 10169646.3862424492836, 2660552.408171743154526 ], [ 10169630.314191939309239, 2660553.864203477278352 ], [ 10169624.035626463592052, 2660548.916534138843417 ], [ 10169622.577197631821036, 2660548.56720537180081 ], [ 10169621.055921724066138, 2660547.123045043554157 ], [ 10169619.612511960789561, 2660547.857149594463408 ], [ 10169614.133377177640796, 2660546.544812712352723 ], [ 10169587.580070581287146, 2660556.65897504799068 ], [ 10169582.957465318962932, 2660560.869418250396848 ], [ 10169560.467376962304115, 2660561.649623806588352 ], [ 10169539.254806915298104, 2660560.578160488046706 ], [ 10169539.256399463862181, 2660554.767834823112935 ], [ 10169535.574318094179034, 2660554.038733894005418 ], [ 10169533.297372009605169, 2660550.564306158572435 ], [ 10169512.404836380854249, 2660546.275558648165315 ], [ 10169510.246617862954736, 2660545.832524466328323 ], [ 10169475.291802449151874, 2660540.910547103732824 ], [ 10169458.577223552390933, 2660535.396981858182698 ], [ 10169457.226894496008754, 2660535.537233320064843 ], [ 10169450.231753300875425, 2660536.263417889364064 ], [ 10169441.820807272568345, 2660540.254485115408897 ], [ 10169430.689772017300129, 2660540.061596529558301 ], [ 10169407.035632723942399, 2660539.525500268209726 ], [ 10169402.836448609828949, 2660554.140964424237609 ], [ 10169398.078178139403462, 2660563.710407779552042 ], [ 10169395.108152462169528, 2660566.970805567223579 ], [ 10169393.535535268485546, 2660568.697135941125453 ], [ 10169364.348736388608813, 2660555.599676070734859 ], [ 10169356.584637865424156, 2660571.424704754259437 ], [ 10169356.18681962043047, 2660577.081566185690463 ], [ 10169355.34682791121304, 2660589.026460500434041 ], [ 10169355.038855826482177, 2660611.083502966444939 ], [ 10169354.884558018296957, 2660632.907121946569532 ], [ 10169351.027608569711447, 2660656.840785140171647 ], [ 10169329.998056357726455, 2660655.306383875664324 ], [ 10169325.668084912002087, 2660654.99047335004434 ], [ 10169315.624269105494022, 2660656.2691660374403 ], [ 10169304.705068005248904, 2660657.265841272193938 ], [ 10169303.982900630682707, 2660656.599745669402182 ], [ 10169302.454673988744617, 2660648.006667915266007 ], [ 10169265.121575562283397, 2660648.140769134275615 ], [ 10169244.480132430791855, 2660647.12758549163118 ], [ 10169238.578285168856382, 2660646.862341091968119 ], [ 10169228.4774109441787, 2660646.408411578275263 ], [ 10169208.370675079524517, 2660643.607036056462675 ], [ 10169193.829161202535033, 2660640.785664991475642 ], [ 10169185.625245295464993, 2660637.78629888035357 ], [ 10169186.22429876588285, 2660632.347772392909974 ], [ 10169173.633335504680872, 2660634.645091999787837 ], [ 10169173.096742117777467, 2660635.889670990407467 ], [ 10169171.258171442896128, 2660640.555982381571084 ], [ 10169156.036938592791557, 2660642.241426860447973 ], [ 10169130.703938195481896, 2660643.957324405200779 ], [ 10169130.456412663683295, 2660643.068065349943936 ], [ 10169128.270158208906651, 2660638.873480166308582 ], [ 10169125.469044452533126, 2660638.849437803961337 ], [ 10169122.91052676923573, 2660629.778862467035651 ], [ 10169092.146304242312908, 2660629.578376323916018 ], [ 10169079.615825911983848, 2660627.138112970162183 ], [ 10169052.394853297621012, 2660623.430034084711224 ], [ 10169029.785767268389463, 2660622.664475224446505 ], [ 10169027.502769533544779, 2660622.587156295776367 ], [ 10169014.535731393843889, 2660627.83683411590755 ], [ 10169007.198534859344363, 2660628.333037651609629 ], [ 10169010.235591344535351, 2660635.851400324609131 ], [ 10169010.654155189171433, 2660644.936302399262786 ], [ 10169011.12407323345542, 2660668.543871512170881 ], [ 10169010.66228555329144, 2660690.989901999011636 ], [ 10169009.106141151860356, 2660709.945015992969275 ], [ 10169007.864661941304803, 2660709.891364684794098 ], [ 10168994.185771826654673, 2660709.299381002318114 ], [ 10168978.39300487563014, 2660702.366178437601775 ], [ 10168963.49299075268209, 2660707.467504799831659 ], [ 10168950.141606632620096, 2660713.339834535494447 ], [ 10168938.026957351714373, 2660719.207712474279106 ], [ 10168937.610348355025053, 2660732.567185740917921 ], [ 10168937.135633500292897, 2660751.363115443848073 ], [ 10168940.780094912275672, 2660758.988139388151467 ], [ 10168943.983168367296457, 2660761.697013388387859 ], [ 10168949.439265893772244, 2660766.6534484163858 ], [ 10168954.300224054604769, 2660772.18373663816601 ], [ 10168955.065578369423747, 2660776.888244866393507 ], [ 10168956.761025499552488, 2660790.161738425027579 ], [ 10168957.704619796946645, 2660802.174940505065024 ], [ 10168955.869735956192017, 2660806.498780276626348 ], [ 10168951.937944021075964, 2660816.846986055374146 ], [ 10168948.768599791452289, 2660823.642756499815732 ], [ 10168944.67393945902586, 2660830.592608806677163 ], [ 10168940.694772331044078, 2660836.519209575839341 ], [ 10168936.893646033480763, 2660842.174468401353806 ], [ 10168936.821371195837855, 2660846.551451502833515 ], [ 10168937.004009356722236, 2660854.988219481892884 ], [ 10168942.258328093215823, 2660861.780260160565376 ], [ 10168948.139409005641937, 2660868.44955418119207 ], [ 10168953.393331423401833, 2660875.151457178406417 ], [ 10168958.526016809046268, 2660881.402659765910357 ], [ 10168963.298218693584204, 2660887.143863800447434 ], [ 10168967.979822415858507, 2660892.644921247381717 ], [ 10168971.974413741379976, 2660898.148558359593153 ], [ 10168976.500363575294614, 2660902.025812441017479 ], [ 10168980.399042056873441, 2660905.935784722678363 ], [ 10168981.10490071401, 2660914.134466215502471 ], [ 10168981.464940797537565, 2660918.655424222815782 ], [ 10168982.522921016439795, 2660929.344738211017102 ], [ 10168983.369921531528234, 2660939.58365423977375 ], [ 10168982.902847580611706, 2660949.857875512447208 ], [ 10168980.642391417175531, 2660959.868635417427868 ], [ 10168978.34991468116641, 2660969.338149317540228 ], [ 10168975.63623034209013, 2660978.0271897893399 ], [ 10168973.010958099737763, 2660986.445077458396554 ], [ 10168970.952296944335103, 2660994.620158550795168 ], [ 10168969.548475511372089, 2661002.191026592161506 ], [ 10168969.068277146667242, 2661009.156566985417157 ], [ 10168968.734781751409173, 2661015.459708500187844 ], [ 10168968.578198654577136, 2661021.190673585981131 ], [ 10168968.896090740337968, 2661026.047488778363913 ], [ 10168971.443975310772657, 2661028.278179654851556 ], [ 10168976.494384782388806, 2661028.81453998433426 ], [ 10168982.197720447555184, 2661028.295321499463171 ], [ 10168986.676819914951921, 2661028.16881607985124 ], [ 10168993.758327189832926, 2661028.399472809862345 ], [ 10168999.820371558889747, 2661027.969084978569299 ], [ 10169005.70310190320015, 2661027.479344591498375 ], [ 10169011.707642810419202, 2661027.5906140813604 ], [ 10169017.561000369489193, 2661027.221229108516127 ], [ 10169021.718861106783152, 2661028.693580047693104 ], [ 10169027.703239215537906, 2661031.241506757680327 ], [ 10169033.389085220173001, 2661033.850739544257522 ], [ 10169038.746162557974458, 2661036.401191333774477 ], [ 10169044.606680544093251, 2661037.866658217739314 ], [ 10169050.257135033607483, 2661039.062326126731932 ], [ 10169056.322235766798258, 2661039.383890020661056 ], [ 10169062.80417106859386, 2661039.34287527622655 ], [ 10169069.165048925206065, 2661038.941402312368155 ], [ 10169075.739263216033578, 2661039.561806786805391 ], [ 10169082.226522950455546, 2661040.87442325334996 ], [ 10169088.713378347456455, 2661042.096677792724222 ], [ 10169095.200072724372149, 2661043.258872808422893 ], [ 10169101.746485561132431, 2661044.420792921911925 ], [ 10169108.084401616826653, 2661045.733970801811665 ], [ 10169114.273403227329254, 2661047.168050941079855 ], [ 10169120.43233098462224, 2661048.542098491452634 ], [ 10169126.323883341625333, 2661050.278150755446404 ], [ 10169132.006127417087555, 2661051.984961549285799 ], [ 10169137.269809149205685, 2661053.57312582153827 ], [ 10169142.294377915561199, 2661055.132185558788478 ], [ 10169147.317837974056602, 2661056.420603188686073 ], [ 10169152.221593614667654, 2661057.649178968276829 ], [ 10169156.767774950712919, 2661059.089862484484911 ], [ 10169160.982966395094991, 2661059.93026752397418 ], [ 10169164.776968823745847, 2661060.020276979543269 ], [ 10169163.180614432319999, 2661064.237990701571107 ], [ 10169157.73375741392374, 2661069.178108809515834 ], [ 10169152.824139969423413, 2661073.995659491512924 ], [ 10169148.451924612745643, 2661078.750809675548226 ], [ 10169144.885597513988614, 2661083.352411700878292 ], [ 10169140.867138780653477, 2661086.903029897715896 ], [ 10169142.862861186265945, 2661093.016392181161791 ], [ 10169145.162016758695245, 2661100.30175678897649 ], [ 10169147.131860854104161, 2661107.407903557177633 ], [ 10169148.917547704651952, 2661113.281449583824724 ], [ 10169155.419468492269516, 2661118.278881726320833 ], [ 10169161.080459449440241, 2661122.121532487682998 ], [ 10169167.009398423135281, 2661125.752480743918568 ], [ 10169172.789830418303609, 2661129.594583976082504 ], [ 10169175.444496059790254, 2661136.156649744603783 ], [ 10169179.397121205925941, 2661146.082427475601435 ], [ 10169182.541663428768516, 2661155.650450349319726 ], [ 10169180.437444616109133, 2661159.825108943507075 ], [ 10169175.923010250553489, 2661166.385765795595944 ], [ 10169172.716968540102243, 2661171.452221861109138 ], [ 10169172.422586318105459, 2661174.055302537512034 ], [ 10169174.146113565191627, 2661182.542001039721072 ], [ 10169175.456920685246587, 2661191.597614127211273 ], [ 10169177.478525141254067, 2661200.471304354723543 ], [ 10169178.935774262994528, 2661209.078488927334547 ], [ 10169180.419346783310175, 2661216.849653706420213 ], [ 10169181.258282326161861, 2661231.447298495098948 ], [ 10169181.257841445505619, 2661246.428908500820398 ], [ 10169181.135799862444401, 2661260.928752911277115 ], [ 10169180.534382775425911, 2661275.310015695169568 ], [ 10169179.984141997992992, 2661287.520612196531147 ], [ 10169180.263050656765699, 2661297.436991997528821 ], [ 10169186.854199446737766, 2661298.827216903213412 ], [ 10169196.31454848125577, 2661299.090722043532878 ], [ 10169193.081141302362084, 2661314.055263842456043 ], [ 10169178.40519648231566, 2661314.8343222620897 ], [ 10169165.699836168438196, 2661316.008583736140281 ], [ 10169160.21269809268415, 2661313.205287788063288 ], [ 10169159.29227782972157, 2661302.758860388305038 ], [ 10169157.988058375194669, 2661280.740419285837561 ], [ 10169158.103124333545566, 2661258.648149949498475 ], [ 10169157.613011166453362, 2661237.37534908298403 ], [ 10169156.519682668149471, 2661217.398538344074041 ], [ 10169155.039334239438176, 2661202.120672970078886 ], [ 10169154.320684405043721, 2661191.401170615572482 ], [ 10169153.369716003537178, 2661173.227832747157663 ], [ 10169152.942604176700115, 2661158.638924658298492 ], [ 10169149.480585057288408, 2661152.846166707575321 ], [ 10169145.869437292218208, 2661146.815067432820797 ], [ 10169142.228324236348271, 2661140.724486208055168 ], [ 10169138.557083170861006, 2661134.514584534335881 ], [ 10169134.943414768204093, 2661127.856550168246031 ], [ 10169131.327220423147082, 2661120.571687907446176 ], [ 10169128.451110189780593, 2661113.015063268598169 ], [ 10169125.011464750394225, 2661105.371228749398142 ], [ 10169121.955690938979387, 2661097.367570991627872 ], [ 10169118.572806261479855, 2661089.096530822105706 ], [ 10169115.159087678417563, 2661080.527094437275082 ], [ 10169114.140807142481208, 2661077.918977428693324 ], [ 10169109.630734184756875, 2661076.996574060991406 ], [ 10169105.947707692161202, 2661075.264871530234814 ], [ 10169101.613308936357498, 2661073.744791899807751 ], [ 10169096.834129825234413, 2661072.226434336509556 ], [ 10169092.054245026782155, 2661070.528997473884374 ], [ 10169086.800835402682424, 2661069.042471108026803 ], [ 10169081.193118268623948, 2661067.885657047387213 ], [ 10169075.853394972160459, 2661067.056229789275676 ], [ 10169070.60365510545671, 2661066.495171652175486 ], [ 10169065.502719454467297, 2661066.052886805962771 ], [ 10169060.488561976701021, 2661065.102711130399257 ], [ 10169055.504209510982037, 2661064.152397703379393 ], [ 10169050.399636138230562, 2661062.814499428961426 ], [ 10169045.47049455717206, 2661060.848842951003462 ], [ 10169040.924055581912398, 2661058.195180462673306 ], [ 10169036.287527387961745, 2661055.273036604747176 ], [ 10169031.50214321911335, 2661052.172497610095888 ], [ 10169026.244918385520577, 2661049.700642757117748 ], [ 10169023.990953819826245, 2661049.485785047989339 ], [ 10169019.931455785408616, 2661050.024561534170061 ], [ 10169015.129327181726694, 2661050.178076126612723 ], [ 10169009.913822723552585, 2661050.781141254119575 ], [ 10169004.550302170217037, 2661051.414643101859838 ], [ 10168999.364628238603473, 2661052.047432967461646 ], [ 10168996.068915909156203, 2661052.435609003528953 ], [ 10168989.308603167533875, 2661050.976597941480577 ], [ 10168985.914967430755496, 2661051.13663531281054 ], [ 10168977.033203665167093, 2661051.555586625356227 ], [ 10168974.522924736142159, 2661051.673986808862537 ], [ 10168965.907331317663193, 2661052.687125747092068 ], [ 10168962.594400597736239, 2661048.170626252423972 ], [ 10168959.61110558360815, 2661048.63109506200999 ], [ 10168946.884991521015763, 2661048.758549629244953 ], [ 10168940.682393804192543, 2661048.042967699933797 ], [ 10168931.996527517214417, 2661037.172353050671518 ], [ 10168923.310672799125314, 2661026.301741072442383 ], [ 10168915.354183049872518, 2661014.035122446715832 ], [ 10168913.705499310046434, 2661009.205024206545204 ], [ 10168915.779751107096672, 2660995.918958394322544 ], [ 10168918.668531743809581, 2660982.302175567485392 ], [ 10168921.990443252027035, 2660975.814927524887025 ], [ 10168924.806965431198478, 2660964.821400745306164 ], [ 10168928.764337226748466, 2660953.495871726889163 ], [ 10168932.551970466971397, 2660940.28571118414402 ], [ 10168931.95832160115242, 2660933.894480508286506 ], [ 10168925.569177329540253, 2660926.540262533351779 ], [ 10168918.359887747094035, 2660917.959563760086894 ], [ 10168909.927537519484758, 2660909.54710422642529 ], [ 10168902.645164143294096, 2660903.343613996636122 ], [ 10168895.499779852107167, 2660889.762694457545877 ], [ 10168888.933753406628966, 2660875.817041176371276 ], [ 10168882.118293382227421, 2660869.916116500739008 ], [ 10168874.089110389351845, 2660865.178913899231702 ], [ 10168863.746463956311345, 2660858.775370156392455 ], [ 10168854.748974272981286, 2660852.109414772130549 ], [ 10168848.490083260461688, 2660840.410215727984905 ], [ 10168842.421815572306514, 2660828.259548631496727 ], [ 10168840.432899119332433, 2660827.751362377312034 ], [ 10168835.815503789111972, 2660827.123845452442765 ], [ 10168830.493040610104799, 2660826.49874072521925 ], [ 10168825.091712987050414, 2660826.033563427161425 ], [ 10168823.311642315238714, 2660825.880274431779981 ], [ 10168808.310206808149815, 2660825.289696807973087 ], [ 10168790.722872896119952, 2660836.687413833104074 ], [ 10168781.040606699883938, 2660840.955470423214138 ], [ 10168770.690750535577536, 2660845.517674737144262 ], [ 10168749.753447528928518, 2660852.16139318421483 ], [ 10168747.964769179001451, 2660853.906667823903263 ], [ 10168739.630117189139128, 2660853.421139778569341 ], [ 10168729.616160431876779, 2660849.334902135655284 ], [ 10168715.299328938126564, 2660842.945344369858503 ], [ 10168710.727221392095089, 2660841.358008882962167 ], [ 10168702.078644763678312, 2660838.355368174146861 ], [ 10168684.989987161010504, 2660845.758085966110229 ], [ 10168686.999178813770413, 2660854.012129498645663 ], [ 10168689.954626191407442, 2660862.881410580594093 ], [ 10168695.208028635010123, 2660878.402643755543977 ], [ 10168700.917645137757063, 2660894.313831757754087 ], [ 10168704.063474735245109, 2660901.876761196181178 ], [ 10168703.919488452374935, 2660916.372402945067734 ], [ 10168703.712786659598351, 2660931.521170653868467 ], [ 10168702.401629226282239, 2660946.739287246949971 ], [ 10168701.659645760431886, 2660957.515391742810607 ], [ 10168705.990037983283401, 2660969.252886577975005 ], [ 10168710.066587891429663, 2660982.754176579415798 ], [ 10168710.813810678198934, 2660991.957899398170412 ], [ 10168708.517687885090709, 2661004.306587568484247 ], [ 10168707.421026825904846, 2661006.595734558068216 ], [ 10168708.705244718119502, 2661020.694640479516238 ], [ 10168709.910351265221834, 2661030.745704216416925 ], [ 10168713.721481312066317, 2661042.680895000696182 ], [ 10168714.007624633610249, 2661043.286853392608464 ], [ 10168705.158845156431198, 2661047.086087767034769 ], [ 10168700.640758777037263, 2661037.373306954279542 ], [ 10168697.234825063496828, 2661029.811338427010924 ], [ 10168696.41163220256567, 2661017.473725685384125 ], [ 10168697.018172200769186, 2661005.131033687386662 ], [ 10168697.299183504655957, 2660992.658906317315996 ], [ 10168696.672081282362342, 2660980.647091843187809 ], [ 10168696.005251005291939, 2660975.817753612063825 ], [ 10168691.876380190253258, 2660965.907771345227957 ], [ 10168689.965239714831114, 2660958.34049023501575 ], [ 10168677.755845410749316, 2660960.603850928135216 ], [ 10168675.661740522831678, 2660937.954409204889089 ], [ 10168675.561879046261311, 2660928.030099418945611 ], [ 10168675.590181360021234, 2660917.58304207585752 ], [ 10168675.541600799188018, 2660903.741024287417531 ], [ 10168673.943979021161795, 2660897.899314158130437 ], [ 10168672.396303718909621, 2660893.390135214198381 ], [ 10168669.823769073933363, 2660887.85845605796203 ], [ 10168667.961882507428527, 2660881.093076569028199 ], [ 10168665.740797221660614, 2660873.867142722010612 ], [ 10168664.536481844261289, 2660865.354983360506594 ], [ 10168664.400116838514805, 2660860.064543423708528 ], [ 10168648.763065928593278, 2660861.021787638310343 ], [ 10168640.309664150699973, 2660863.241562912706286 ], [ 10168627.703374098986387, 2660869.34023104980588 ], [ 10168619.953453827649355, 2660871.106676050461829 ], [ 10168608.940885215997696, 2660874.687986329663545 ], [ 10168597.407281378284097, 2660875.952670556958765 ], [ 10168587.085034016519785, 2660875.345219084527344 ], [ 10168579.299413964152336, 2660866.935951396822929 ], [ 10168571.512221779674292, 2660858.075768713839352 ], [ 10168564.723474679514766, 2660851.960932062473148 ], [ 10168560.259275104850531, 2660847.939898551441729 ], [ 10168559.102503469213843, 2660847.106708023231477 ], [ 10168541.474566942080855, 2660846.976064762566239 ], [ 10168524.097354890778661, 2660845.234333549626172 ], [ 10168505.248180767521262, 2660844.1418516500853 ], [ 10168499.214086940512061, 2660841.651489872951061 ], [ 10168489.773464420810342, 2660836.532638738397509 ], [ 10168485.444347830489278, 2660834.171869314741343 ], [ 10168480.268523940816522, 2660831.349609481636435 ], [ 10168469.103641234338284, 2660828.040165641810745 ], [ 10168457.099290031939745, 2660822.994728419929743 ], [ 10168444.717548603191972, 2660820.011559447273612 ], [ 10168439.712909609079361, 2660818.61240077437833 ], [ 10168429.119882851839066, 2660813.883984865620732 ], [ 10168415.638200024142861, 2660807.942179841455072 ], [ 10168413.711048742756248, 2660807.211176198441535 ], [ 10168401.003981813788414, 2660802.390825710259378 ], [ 10168393.559126228094101, 2660799.71214338671416 ], [ 10168383.299428688362241, 2660798.653612005058676 ], [ 10168373.163910735398531, 2660796.435332322027534 ], [ 10168365.470302164554596, 2660795.947257810272276 ], [ 10168361.617602815851569, 2660794.028755640145391 ], [ 10168355.490604044869542, 2660801.650075912009925 ], [ 10168351.752863055095077, 2660814.28636787366122 ], [ 10168345.974082697182894, 2660829.828153786249459 ], [ 10168335.8036057818681, 2660829.966252039652318 ], [ 10168333.154793631285429, 2660830.002227026503533 ], [ 10168316.168540887534618, 2660830.062279999256134 ], [ 10168311.296362334862351, 2660829.886227773036808 ], [ 10168306.236170327290893, 2660831.371077679563314 ], [ 10168300.410466076806188, 2660833.08042901661247 ], [ 10168294.83233317732811, 2660834.435720014385879 ], [ 10168288.305934123694897, 2660836.021341464016587 ], [ 10168275.238416163250804, 2660838.579288216773421 ], [ 10168261.399125726893544, 2660840.36701375246048 ], [ 10168246.977782098576427, 2660840.67542983032763 ], [ 10168235.820287598297, 2660839.491095801815391 ], [ 10168229.067599119618535, 2660839.958295953460038 ], [ 10168223.067433493211865, 2660840.373357937671244 ], [ 10168211.85372581332922, 2660841.443401788361371 ], [ 10168198.915859971195459, 2660844.387147661764175 ], [ 10168186.430878363549709, 2660848.552968669682741 ], [ 10168179.970117378979921, 2660852.375565685797483 ], [ 10168173.207885880023241, 2660861.673549509607255 ], [ 10168163.90816505998373, 2660878.580201156903058 ], [ 10168170.658128472045064, 2660884.159524897113442 ], [ 10168173.181759729981422, 2660890.977477699052542 ], [ 10168185.535520348697901, 2660886.605520771816373 ], [ 10168197.510768080130219, 2660882.420531102921814 ], [ 10168209.216339651495218, 2660878.672666632104665 ], [ 10168220.329226246103644, 2660876.125990909989923 ], [ 10168231.169956682249904, 2660873.307687100023031 ], [ 10168241.250594526529312, 2660870.32861566497013 ], [ 10168248.244223825633526, 2660868.886755093932152 ], [ 10168247.563563136383891, 2660875.975370249245316 ], [ 10168255.701981583610177, 2660876.110220103524625 ], [ 10168272.788106644526124, 2660875.123310876078904 ], [ 10168289.604038799181581, 2660874.409866852685809 ], [ 10168306.094759743660688, 2660873.806521898601204 ], [ 10168306.525434313341975, 2660882.58202508976683 ], [ 10168322.076908186078072, 2660881.823745973873883 ], [ 10168334.721841286867857, 2660881.701151878573 ], [ 10168351.631564497947693, 2660880.939883776474744 ], [ 10168352.919685961678624, 2660894.342330502811819 ], [ 10168355.770704533904791, 2660911.012994411401451 ], [ 10168357.619285382330418, 2660929.40213577169925 ], [ 10168359.702065052464604, 2660948.180078804027289 ], [ 10168362.699591863900423, 2660962.355975591111928 ], [ 10168362.195539670065045, 2660973.504345971159637 ], [ 10168362.719026165083051, 2660990.105314729735255 ], [ 10168344.95552778057754, 2660990.791669169906527 ], [ 10168325.5679294411093, 2660992.886890113819391 ], [ 10168305.714445697143674, 2660994.905623567290604 ], [ 10168304.647689338773489, 2660978.228623046539724 ], [ 10168305.021739237010479, 2660958.427412764169276 ], [ 10168289.610740788280964, 2660958.438379244413227 ], [ 10168275.928139425814152, 2660958.92042970797047 ], [ 10168263.754295352846384, 2660958.789859238546342 ], [ 10168254.086727701127529, 2660959.387894519139081 ], [ 10168253.215053362771869, 2660969.366695963777602 ], [ 10168252.925566349178553, 2660973.011043241713196 ], [ 10168253.005302464589477, 2660983.507006341125816 ], [ 10168240.745375657454133, 2660983.463470302987844 ], [ 10168226.673003016039729, 2660983.599794855341315 ], [ 10168211.695215931162238, 2660984.043022843077779 ], [ 10168195.986147835850716, 2660985.226070551201701 ], [ 10168178.507910696789622, 2660986.632190215867013 ], [ 10168173.415023166686296, 2660986.910432857461274 ], [ 10168173.496261870488524, 2660985.435399233363569 ], [ 10168172.559063935652375, 2660976.634013582020998 ], [ 10168171.705909509211779, 2660964.14581082155928 ], [ 10168161.461559820920229, 2660967.531002609059215 ], [ 10168153.969348646700382, 2660969.682692106813192 ], [ 10168145.133024686947465, 2660972.418781591113657 ], [ 10168119.197353901341558, 2660979.196263671386987 ], [ 10168110.708113146945834, 2660981.660492978058755 ], [ 10168100.969029560685158, 2660984.487646768800914 ], [ 10168083.79312695376575, 2660988.866157178767025 ], [ 10168069.399948580190539, 2660991.189499114174396 ], [ 10168069.708582267165184, 2660993.233819312881678 ], [ 10168088.066879084333777, 2661003.623777364380658 ], [ 10168110.264927702024579, 2661012.409292771015316 ], [ 10168113.565927017480135, 2661008.888974094297737 ], [ 10168119.803729234263301, 2661005.045828595291823 ], [ 10168127.75024252012372, 2661002.294652420561761 ], [ 10168136.745976626873016, 2660999.583850357681513 ], [ 10168146.357457786798477, 2660997.968815556261688 ], [ 10168157.063299778848886, 2660996.745209278073162 ], [ 10168168.344353478401899, 2660997.539976140949875 ], [ 10168182.294008150696754, 2660998.896341878455132 ], [ 10168197.642096649855375, 2661000.1599400062114 ], [ 10168214.699709061533213, 2661002.735147385857999 ], [ 10168233.1976926792413, 2661004.690316286403686 ], [ 10168252.005061695352197, 2661007.610629815608263 ], [ 10168270.809147130697966, 2661009.564759410917759 ], [ 10168284.721990093588829, 2661012.897544420324266 ], [ 10168302.098510382696986, 2661019.160958941560239 ], [ 10168301.532920239493251, 2661032.471334822010249 ], [ 10168287.191093035042286, 2661031.467849320266396 ], [ 10168271.057083800435066, 2661030.514544114470482 ], [ 10168254.355436198413372, 2661029.738916911184788 ], [ 10168241.890848310664296, 2661028.026022012811154 ], [ 10168227.240655429661274, 2661026.320845750160515 ], [ 10168211.011418303474784, 2661023.127839366905391 ], [ 10168196.355136681348085, 2661019.709642517846078 ], [ 10168181.529748663306236, 2661017.917182931676507 ], [ 10168167.240342864766717, 2661019.416965803597122 ], [ 10168154.13682365603745, 2661022.537672257982194 ], [ 10168140.771844720467925, 2661025.878821189980954 ], [ 10168123.077936757355928, 2661032.667149404995143 ], [ 10168120.407613372430205, 2661045.328130244743079 ], [ 10168120.229403011500835, 2661059.116566326469183 ], [ 10168119.667839717119932, 2661071.088229167740792 ], [ 10168119.386333217844367, 2661076.846852965187281 ], [ 10168120.881754975765944, 2661081.750018964521587 ], [ 10168121.140441199764609, 2661082.598216535057873 ], [ 10168128.820173431187868, 2661101.056020346004516 ], [ 10168133.610317043960094, 2661112.554402176756412 ], [ 10168138.78815895691514, 2661127.081669 ], [ 10168142.232251619920135, 2661141.766496410127729 ], [ 10168145.748838510364294, 2661155.617854691576213 ], [ 10168149.86603070795536, 2661168.709542965050787 ], [ 10168164.200890637934208, 2661171.234803488478065 ], [ 10168166.200084576383233, 2661182.36423336295411 ], [ 10168166.353628795593977, 2661183.432128788437694 ], [ 10168167.745548006147146, 2661193.116403307765722 ], [ 10168179.744171718135476, 2661195.952952791005373 ], [ 10168200.945427754893899, 2661199.893435365054756 ], [ 10168219.804863845929503, 2661202.554270477034152 ], [ 10168235.714969521388412, 2661202.725499602034688 ], [ 10168257.273200090974569, 2661200.90701314387843 ], [ 10168278.838006448000669, 2661200.982448138296604 ], [ 10168300.019547056406736, 2661199.240950096864253 ], [ 10168319.843555426225066, 2661197.428544478490949 ], [ 10168317.98848770186305, 2661205.995735453441739 ], [ 10168313.826395398005843, 2661223.283321633003652 ], [ 10168309.210331859067082, 2661240.117959149647504 ], [ 10168305.422786250710487, 2661256.722483371850103 ], [ 10168317.355362582951784, 2661262.210685981903225 ], [ 10168330.645038804039359, 2661267.694168508052826 ], [ 10168343.178899586200714, 2661272.649876674171537 ], [ 10168354.129311546683311, 2661277.611296114511788 ], [ 10168361.302722621709108, 2661280.540482752490789 ], [ 10168383.553109422326088, 2661282.583082819357514 ], [ 10168402.408427726477385, 2661284.031619388144463 ], [ 10168419.829824509099126, 2661285.106353864073753 ], [ 10168434.835439328104258, 2661285.356345748528838 ], [ 10168442.71078853495419, 2661294.949796803761274 ], [ 10168452.241637071594596, 2661303.628327990416437 ], [ 10168460.410032097250223, 2661310.796455296222121 ], [ 10168468.422634987160563, 2661316.525717373006046 ], [ 10168478.824377734214067, 2661324.494420816656202 ], [ 10168489.175228202715516, 2661322.498016440775245 ], [ 10168503.420301793143153, 2661318.595605943351984 ], [ 10168521.754975399002433, 2661310.894329842180014 ], [ 10168541.711016219109297, 2661305.282306182198226 ], [ 10168561.668532090261579, 2661300.075569514650851 ], [ 10168580.955842634662986, 2661295.547147333621979 ], [ 10168598.902015747502446, 2661292.172123342286795 ], [ 10168616.853425497189164, 2661290.283762318082154 ], [ 10168631.851203013211489, 2661290.02781888935715 ], [ 10168643.166833102703094, 2661294.650509067345411 ], [ 10168656.577386049553752, 2661302.103936008177698 ], [ 10168667.503725547343493, 2661310.782634032890201 ], [ 10168677.959152171388268, 2661319.395362032111734 ], [ 10168687.607358125969768, 2661328.011084809433669 ], [ 10168694.298184460029006, 2661337.177774985786527 ], [ 10168701.917569424957037, 2661342.62457966664806 ], [ 10168705.570166155695915, 2661348.490778804756701 ], [ 10168710.993744887411594, 2661360.703095301520079 ], [ 10168716.616595327854156, 2661372.171324784401804 ], [ 10168719.889311255887151, 2661384.796745594125241 ], [ 10168708.489213271066546, 2661394.433363177347928 ], [ 10168704.286708164960146, 2661385.190124241169542 ], [ 10168693.864537602290511, 2661366.913534792140126 ], [ 10168683.380027633160353, 2661349.988793526776135 ], [ 10168671.355893779546022, 2661335.164404118433595 ], [ 10168657.189914088696241, 2661323.321159898303449 ], [ 10168642.699600731953979, 2661314.857839407864958 ], [ 10168629.557303335517645, 2661307.200687014497817 ], [ 10168620.070196602493525, 2661306.153072164859623 ], [ 10168606.08343113027513, 2661307.013611228670925 ], [ 10168581.07613768056035, 2661310.684049250092357 ], [ 10168557.690330380573869, 2661316.443500377703458 ], [ 10168536.65953285805881, 2661322.464844178874046 ], [ 10168518.857240587472916, 2661328.542360736057162 ], [ 10168502.600579181686044, 2661334.208931773435324 ], [ 10168487.954189853742719, 2661338.788465747144073 ], [ 10168475.927089223638177, 2661342.277561517897993 ], [ 10168469.003141060471535, 2661343.315652290824801 ], [ 10168462.052101109176874, 2661355.8421790022403 ], [ 10168444.730821771547198, 2661345.631673109252006 ], [ 10168430.168893970549107, 2661335.884423456620425 ], [ 10168416.887889882549644, 2661327.01121678808704 ], [ 10168403.777314890176058, 2661328.409090253990144 ], [ 10168394.235937811434269, 2661331.078412955161184 ], [ 10168383.490579752251506, 2661335.644091016612947 ], [ 10168374.696076452732086, 2661340.337989325635135 ], [ 10168365.528902538120747, 2661334.626319801434875 ], [ 10168351.709185406565666, 2661325.552119238767773 ], [ 10168347.631297670304775, 2661323.363040760159492 ], [ 10168337.827863356098533, 2661318.100057631265372 ], [ 10168337.143484877422452, 2661333.255499833263457 ], [ 10168336.924715984612703, 2661339.479104787576944 ], [ 10168335.297615204006433, 2661355.676085570827127 ], [ 10168334.510901648551226, 2661371.447166749276221 ], [ 10168334.679515222087502, 2661385.281708932016045 ], [ 10168333.881160343065858, 2661397.730023491661996 ], [ 10168333.012554060667753, 2661407.278744315728545 ], [ 10168324.590998873114586, 2661406.341810543090105 ], [ 10168324.019440369680524, 2661397.644067561253905 ], [ 10168323.807420555502176, 2661388.582509370986372 ], [ 10168323.594975588843226, 2661379.400183107703924 ], [ 10168323.381947565823793, 2661370.036593213677406 ], [ 10168323.708117002621293, 2661360.127334269694984 ], [ 10168323.85324190557003, 2661350.03750810213387 ], [ 10168322.314721139147878, 2661339.953559906221926 ], [ 10168320.895500646904111, 2661329.567149705253541 ], [ 10168320.31555263698101, 2661318.452900961041451 ], [ 10168319.573206469416618, 2661310.190441310871392 ], [ 10168303.002779824659228, 2661303.08566147275269 ], [ 10168296.006537912413478, 2661302.704955724533647 ], [ 10168286.566183352842927, 2661295.77777152042836 ], [ 10168277.728323759511113, 2661288.037623844575137 ], [ 10168273.044143034145236, 2661275.619891910813749 ], [ 10168269.822011835873127, 2661258.128655683249235 ], [ 10168267.1402523573488, 2661241.311404751148075 ], [ 10168239.214285233989358, 2661237.355317315552384 ], [ 10168208.403622530400753, 2661235.504202829673886 ], [ 10168179.19816542416811, 2661231.079368851613253 ], [ 10168153.149536546319723, 2661225.427143955603242 ], [ 10168147.292460514232516, 2661223.825915665365756 ], [ 10168128.380056852474809, 2661220.108098566066474 ], [ 10168112.360068708658218, 2661216.515382060781121 ], [ 10168109.757957801222801, 2661203.211769501212984 ], [ 10168106.344768485054374, 2661188.762382725253701 ], [ 10168103.939110819250345, 2661173.903882173355669 ], [ 10168103.172714129090309, 2661166.270321141462773 ], [ 10168099.050226271152496, 2661160.608383589424193 ], [ 10168092.753576209768653, 2661148.601939911488444 ], [ 10168085.908925674855709, 2661133.759028029162437 ], [ 10168080.474272757768631, 2661118.235535251442343 ], [ 10168079.431113749742508, 2661113.148322840221226 ], [ 10168079.311141606420279, 2661112.563168230932206 ], [ 10168078.100108776241541, 2661093.105407326947898 ], [ 10168076.041348282247782, 2661081.28668449446559 ], [ 10168071.487614929676056, 2661067.652318387292325 ], [ 10168069.633619511500001, 2661056.711412314325571 ], [ 10168064.900617385283113, 2661049.497354780323803 ], [ 10168051.947116142138839, 2661037.987370327115059 ], [ 10168038.99510851688683, 2661026.882796356454492 ], [ 10168026.376608753576875, 2661014.966051085386425 ], [ 10168013.758127201348543, 2661003.049414221197367 ], [ 10168001.139664173126221, 2660991.132776364218444 ], [ 10167990.273096319288015, 2660980.155969999264926 ], [ 10167989.724725352600217, 2660977.184528443031013 ], [ 10167986.181446565315127, 2660963.952152874786407 ], [ 10167983.16751710511744, 2660948.217525973916054 ], [ 10167980.233043879270554, 2660935.996476205065846 ], [ 10167976.482239356264472, 2660925.015153830405325 ], [ 10167976.360003208741546, 2660924.657314869109541 ], [ 10167972.21191131323576, 2660911.562190820928663 ], [ 10167961.180557604879141, 2660911.195502390619367 ], [ 10167949.954358888790011, 2660912.856703260913491 ], [ 10167934.952346011996269, 2660911.760571921709925 ], [ 10167921.092920685186982, 2660910.457639249041677 ], [ 10167914.899653466418386, 2660908.85748244728893 ], [ 10167905.470784872770309, 2660905.106353987939656 ], [ 10167891.062281645834446, 2660900.629261025227606 ], [ 10167881.352846536785364, 2660893.567791044246405 ], [ 10167868.799200106412172, 2660880.907562589272857 ], [ 10167860.905406750738621, 2660873.772160482592881 ], [ 10167862.003476023674011, 2660870.401870583184063 ], [ 10167856.762949846684933, 2660870.200894804205745 ], [ 10167846.581109460443258, 2660867.911256406921893 ], [ 10167836.576229561120272, 2660866.323095158673823 ], [ 10167826.579494861885905, 2660867.059954948723316 ], [ 10167818.986150521785021, 2660868.315053260419518 ], [ 10167817.59538883343339, 2660868.623407553415745 ], [ 10167813.357689891010523, 2660869.563160796649754 ], [ 10167812.203492140397429, 2660876.718339663464576 ], [ 10167810.65202846750617, 2660882.646549921482801 ], [ 10167809.056742718443274, 2660888.530990197788924 ], [ 10167806.48937582783401, 2660891.084537148941308 ], [ 10167802.623719057068229, 2660893.630778015125543 ], [ 10167799.257491927593946, 2660895.8480778131634 ], [ 10167792.154880724847317, 2660900.128473869990557 ], [ 10167785.049782546237111, 2660903.707004216499627 ], [ 10167778.817729046568274, 2660907.194707968272269 ], [ 10167773.102406240999699, 2660908.574701817240566 ], [ 10167764.702821290120482, 2660903.997563246171921 ], [ 10167754.024878580123186, 2660897.146897646132857 ], [ 10167744.760344661772251, 2660892.608636854216456 ], [ 10167740.596840236335993, 2660890.569196110591292 ], [ 10167728.513348424807191, 2660893.945680672302842 ], [ 10167714.026147805154324, 2660896.760247664526105 ], [ 10167699.882880877703428, 2660897.994200142100453 ], [ 10167686.039824647828937, 2660897.647742085158825 ], [ 10167680.908109845593572, 2660897.546565443277359 ], [ 10167672.80848241224885, 2660897.386812546290457 ], [ 10167667.246467996388674, 2660905.259377267677337 ], [ 10167661.856567483395338, 2660912.385509066749364 ], [ 10167657.033262027427554, 2660919.202587899751961 ], [ 10167651.945843970403075, 2660925.406319910194725 ], [ 10167647.46893697232008, 2660931.388528026640415 ], [ 10167642.902312856167555, 2660936.669169779866934 ], [ 10167639.33999609015882, 2660941.946227295789868 ], [ 10167634.291042240336537, 2660946.658185524865985 ], [ 10167628.616150530055165, 2660947.116729286499321 ], [ 10167623.237818861380219, 2660944.94185295747593 ], [ 10167612.882163053378463, 2660942.916068618651479 ], [ 10167603.527846915647388, 2660940.053121259901673 ], [ 10167598.588521236553788, 2660938.534749965183437 ], [ 10167593.165359761565924, 2660935.790789815131575 ], [ 10167575.381225503981113, 2660950.129538991022855 ], [ 10167561.11561650596559, 2660961.751099753193557 ], [ 10167549.757504314184189, 2660972.753506822511554 ], [ 10167548.069203795865178, 2660975.378349053673446 ], [ 10167558.048123612999916, 2660986.306415071245283 ], [ 10167564.135733937844634, 2660993.837329525966197 ], [ 10167570.341978337615728, 2661000.576147341169417 ], [ 10167577.267156757414341, 2661004.876262251287699 ], [ 10167583.08887005969882, 2661005.586902234237641 ], [ 10167591.800944659858942, 2661018.285578157752752 ], [ 10167600.810394452884793, 2661029.338863061740994 ], [ 10167608.545307433232665, 2661039.909367267042398 ], [ 10167613.384127516299486, 2661047.133809627499431 ], [ 10167619.727563705295324, 2661055.80139564210549 ], [ 10167626.589563926681876, 2661064.380326368380338 ], [ 10167632.755885036662221, 2661071.831947822123766 ], [ 10167638.316363533958793, 2661079.198810163419694 ], [ 10167642.92531175352633, 2661086.482114074751735 ], [ 10167649.767640709877014, 2661089.325746822636575 ], [ 10167658.94026848860085, 2661090.77099123923108 ], [ 10167661.383118953555822, 2661096.932191575877368 ], [ 10167669.112227646633983, 2661106.116357603110373 ], [ 10167675.01994233392179, 2661113.829568173736334 ], [ 10167681.18201489187777, 2661120.064731258433312 ], [ 10167687.600643923506141, 2661125.429857844486833 ], [ 10167681.831570077687502, 2661132.836367750074714 ], [ 10167691.28556508384645, 2661140.624140914995223 ], [ 10167700.653093075379729, 2661148.412103156559169 ], [ 10167707.07521553337574, 2661154.82008741563186 ], [ 10167714.752768214792013, 2661163.752075169701129 ], [ 10167724.353595055639744, 2661159.097426724620163 ], [ 10167731.174306578934193, 2661156.622930352576077 ], [ 10167744.815940754488111, 2661151.674039978068322 ], [ 10167760.970533430576324, 2661147.976648973766714 ], [ 10167780.959829948842525, 2661144.825974230654538 ], [ 10167797.698356883600354, 2661128.593319145496935 ], [ 10167814.575844172388315, 2661112.290280505083501 ], [ 10167827.912714002653956, 2661099.850439531728625 ], [ 10167836.139902397990227, 2661080.916942696087062 ], [ 10167840.333532614633441, 2661064.378190283663571 ], [ 10167841.301403844729066, 2661062.134236962068826 ], [ 10167851.660830713808537, 2661055.236304950900376 ], [ 10167866.754368916153908, 2661067.156423709355295 ], [ 10167861.3032749556005, 2661082.789338726084679 ], [ 10167854.320762233808637, 2661098.917837019544095 ], [ 10167846.991496132686734, 2661115.537630191072822 ], [ 10167836.792046805843711, 2661128.386475950945169 ], [ 10167825.753826657310128, 2661140.538182015530765 ], [ 10167815.903228111565113, 2661153.525971312541515 ], [ 10167809.032887365669012, 2661161.812100181356072 ], [ 10167800.743613651022315, 2661162.821282275952399 ], [ 10167788.632212875410914, 2661166.924704908393323 ], [ 10167773.73081705532968, 2661170.267653752118349 ], [ 10167756.110251972451806, 2661173.27006489597261 ], [ 10167738.420886600390077, 2661176.482624548487365 ], [ 10167724.005211837589741, 2661179.263756478205323 ], [ 10167716.475119674578309, 2661178.16978466603905 ], [ 10167729.075514825060964, 2661194.579849326517433 ], [ 10167738.806142708286643, 2661207.359168471768498 ], [ 10167748.397315317764878, 2661220.068848104216158 ], [ 10167758.261261727660894, 2661231.097270586527884 ], [ 10167767.845110664144158, 2661241.706464956048876 ], [ 10167774.363030355423689, 2661252.396410077810287 ], [ 10167779.138324247673154, 2661262.952419830486178 ], [ 10167783.354610064998269, 2661273.090270068030804 ], [ 10167786.162895988672972, 2661279.10203536786139 ], [ 10167792.192266630008817, 2661289.583741951268166 ], [ 10167797.037784330546856, 2661300.27955760108307 ], [ 10167801.883199552074075, 2661310.975378522649407 ], [ 10167805.680660732090473, 2661320.904648519586772 ], [ 10167807.741067221388221, 2661332.31050734128803 ], [ 10167809.9405816514045, 2661343.645772827323526 ], [ 10167811.790020916610956, 2661354.492149311583489 ], [ 10167828.879095388576388, 2661358.98352459166199 ], [ 10167855.296834504231811, 2661360.711525779683143 ], [ 10167880.319869654253125, 2661362.164220531005412 ], [ 10167903.239235954359174, 2661359.843347589951009 ], [ 10167924.624433759599924, 2661357.247661969158798 ], [ 10167933.558031674474478, 2661361.137395297177136 ], [ 10167949.265778031200171, 2661369.204445761628449 ], [ 10167961.356169078499079, 2661379.104632348753512 ], [ 10167972.259627321735024, 2661388.378882753197104 ], [ 10167979.953488610684872, 2661396.474049211945385 ], [ 10167986.603919841349125, 2661405.13303219107911 ], [ 10167979.034234052523971, 2661412.721624660305679 ], [ 10167974.27652008831501, 2661407.276776890270412 ], [ 10167967.216765932738781, 2661401.139929694589227 ], [ 10167960.639413945376873, 2661393.460998218972236 ], [ 10167954.008179817348719, 2661390.333396591711789 ], [ 10167945.141314852982759, 2661385.603267028927803 ], [ 10167936.069181956350803, 2661381.924054007977247 ], [ 10167926.655319020152092, 2661380.206627475563437 ], [ 10167911.810644797980785, 2661379.908591500483453 ], [ 10167898.08592020906508, 2661381.00697617419064 ], [ 10167886.105510534718633, 2661382.729372201021761 ], [ 10167881.915545310825109, 2661380.22337088547647 ], [ 10167870.068997368216515, 2661380.334968919865787 ], [ 10167853.411821860820055, 2661379.833173990249634 ], [ 10167837.663399673998356, 2661380.168301451019943 ], [ 10167825.532948346808553, 2661378.810434013139457 ], [ 10167811.728626469150186, 2661377.038218394853175 ], [ 10167806.894718490540981, 2661369.703213735949248 ], [ 10167800.863881116732955, 2661358.801490916870534 ], [ 10167800.699795762076974, 2661358.433457709383219 ], [ 10167796.439099248498678, 2661348.87434854125604 ], [ 10167791.10557565651834, 2661338.110161614604294 ], [ 10167785.972929947078228, 2661324.964598218910396 ], [ 10167780.840292083099484, 2661311.81915321899578 ], [ 10167775.432912586256862, 2661299.864894048776478 ], [ 10167770.026600843295455, 2661288.19080333923921 ], [ 10167765.530099466443062, 2661277.633709435351193 ], [ 10167765.151344239711761, 2661276.861620573326945 ], [ 10167762.512277720496058, 2661271.482741754967719 ], [ 10167756.695567306131124, 2661262.050620921887457 ], [ 10167750.810198033228517, 2661252.898793795146048 ], [ 10167740.666153194382787, 2661241.521352778188884 ], [ 10167730.592561250552535, 2661230.353603410534561 ], [ 10167720.517794584855437, 2661218.835901705082506 ], [ 10167710.44198327511549, 2661207.038041897583753 ], [ 10167700.507299575954676, 2661195.729904442094266 ], [ 10167691.406284159049392, 2661183.648548610042781 ], [ 10167682.17436096072197, 2661174.018328760750592 ], [ 10167672.803473178297281, 2661164.528720602858812 ], [ 10167665.112832862883806, 2661157.273674207739532 ], [ 10167658.531924540176988, 2661148.474429858382791 ], [ 10167655.586868859827518, 2661143.23341280175373 ], [ 10167653.537727080285549, 2661135.048451777081937 ], [ 10167646.345991212874651, 2661131.012632685247809 ], [ 10167632.30215922743082, 2661120.348905917257071 ], [ 10167620.210264977067709, 2661109.888426881749183 ], [ 10167606.648652393370867, 2661097.612634615041316 ], [ 10167594.058760223910213, 2661084.213201991282403 ], [ 10167582.584176409989595, 2661070.879971658345312 ], [ 10167571.803815670311451, 2661056.774012255016714 ], [ 10167564.172351438552141, 2661046.438094610814005 ], [ 10167556.612753946334124, 2661036.732048719655722 ], [ 10167549.265181867405772, 2661027.865433108061552 ], [ 10167543.404738375917077, 2661025.925426513887942 ], [ 10167537.545589739456773, 2661024.335367990657687 ], [ 10167529.558781238272786, 2661011.970194378867745 ], [ 10167523.03745742700994, 2661000.230025029741228 ], [ 10167519.617603503167629, 2660998.701645800378174 ], [ 10167513.823584340512753, 2660995.781011892482638 ], [ 10167507.199810488149524, 2660994.753874713554978 ], [ 10167504.965330474078655, 2660993.431374416686594 ], [ 10167497.09154225513339, 2660993.668834644369781 ], [ 10167482.186956541612744, 2660996.101217583287507 ], [ 10167466.92828481271863, 2660996.854495104402304 ], [ 10167452.791279517114162, 2660999.564283358398825 ], [ 10167441.009552769362926, 2661000.581847705412656 ], [ 10167439.276043424382806, 2661000.73155377432704 ], [ 10167435.464510457590222, 2661006.906309086829424 ], [ 10167425.822278432548046, 2661019.752904493827373 ], [ 10167416.455057481303811, 2661031.548375960439444 ], [ 10167406.798164058476686, 2661040.124034958891571 ], [ 10167392.648737588897347, 2661039.262951653450727 ], [ 10167388.146936370059848, 2661038.800306590273976 ], [ 10167378.148782182484865, 2661037.77293596137315 ], [ 10167367.591657062992454, 2661048.032054440584034 ], [ 10167361.482840741053224, 2661054.914977539330721 ], [ 10167354.116560032591224, 2661060.892015615943819 ], [ 10167353.982757875695825, 2661062.502874817233533 ], [ 10167336.012890273705125, 2661065.225835203658789 ], [ 10167322.917719149962068, 2661066.951684760395437 ], [ 10167310.989415982738137, 2661083.797204297035933 ], [ 10167303.134021462872624, 2661094.755555028561503 ], [ 10167304.342832775786519, 2661100.257337811402977 ], [ 10167305.61485018581152, 2661105.947569471318275 ], [ 10167306.819028427824378, 2661110.096480004955083 ], [ 10167303.134251357987523, 2661113.098228257615119 ], [ 10167300.046854084357619, 2661116.789996360428631 ], [ 10167296.333531312644482, 2661120.609812340699136 ], [ 10167292.495537536218762, 2661124.587451733183116 ], [ 10167288.753629367798567, 2661129.16243511531502 ], [ 10167284.667247019708157, 2661133.770120054483414 ], [ 10167280.361680122092366, 2661138.37859615823254 ], [ 10167275.960900729522109, 2661142.57832411210984 ], [ 10167270.019017122685909, 2661144.864264648407698 ], [ 10167263.919926140457392, 2661146.930526461452246 ], [ 10167257.444100577384233, 2661148.746284324210137 ], [ 10167250.528591357171535, 2661150.186101062223315 ], [ 10167240.111489906907082, 2661153.242609424516559 ], [ 10167239.15704432874918, 2661157.996713867876679 ], [ 10167238.140985449776053, 2661163.034298807382584 ], [ 10167237.500253103673458, 2661167.976044574286789 ], [ 10167236.42022142931819, 2661172.636259793769568 ], [ 10167235.558713156729937, 2661177.1069804597646 ], [ 10167235.510839641094208, 2661181.386093141976744 ], [ 10167234.305771877989173, 2661186.141123855486512 ], [ 10167233.257577065378428, 2661190.927019450347871 ], [ 10167229.81416917219758, 2661191.284983058460057 ], [ 10167222.237779891118407, 2661191.751799929421395 ], [ 10167215.006560323759913, 2661192.437520458828658 ], [ 10167207.931849047541618, 2661193.091308692470193 ], [ 10167201.231660010293126, 2661193.397646573372185 ], [ 10167194.783296998590231, 2661194.080693610943854 ], [ 10167189.117006020620465, 2661194.540753526613116 ], [ 10167188.269448751583695, 2661194.650217485614121 ], [ 10167183.608156269416213, 2661195.251995691563934 ], [ 10167178.318361101672053, 2661195.931050147395581 ], [ 10167173.435712840408087, 2661196.608652643393725 ], [ 10167169.999954676255584, 2661196.800894450861961 ], [ 10167169.240478307008743, 2661196.843334652017802 ], [ 10167165.485875675454736, 2661197.768794909119606 ], [ 10167160.913505481556058, 2661197.627275650855154 ], [ 10167156.59069455973804, 2661197.170328464359045 ], [ 10167154.142858128994703, 2661195.637111549731344 ], [ 10167152.802517103031278, 2661197.435061431955546 ], [ 10167150.242923684418201, 2661199.803696979768574 ], [ 10167147.713635647669435, 2661201.920377277303487 ], [ 10167144.995138386264443, 2661203.597295885439962 ], [ 10167142.371975492686033, 2661205.714361041318625 ], [ 10167139.999066740274429, 2661207.767716088797897 ], [ 10167137.813464930281043, 2661209.631486036349088 ], [ 10167136.004230992868543, 2661211.682859218213707 ], [ 10167134.377830345183611, 2661212.254774536471814 ], [ 10167132.132603166624904, 2661214.999865722376853 ], [ 10167128.006884027272463, 2661217.2479089172557 ], [ 10167123.878023978322744, 2661218.615104638040066 ], [ 10167119.873943669721484, 2661219.824476768262684 ], [ 10167116.932569636031985, 2661220.432519244961441 ], [ 10167112.426682282239199, 2661221.423402399756014 ], [ 10167106.639669109135866, 2661223.205326208844781 ], [ 10167101.198225425556302, 2661225.332071465440094 ], [ 10167096.317554811015725, 2661226.607493834104389 ], [ 10167094.98709549382329, 2661231.300028449390084 ], [ 10167093.030157387256622, 2661235.931789619382471 ], [ 10167091.935317616909742, 2661236.281637555453926 ], [ 10167091.383756512776017, 2661239.807444798760116 ], [ 10167088.785066351294518, 2661239.942251626867801 ], [ 10167086.752807475626469, 2661240.861736804246902 ], [ 10167077.247894320636988, 2661245.141956310719252 ], [ 10167068.307182155549526, 2661249.577611242886633 ], [ 10167060.088640568777919, 2661254.577089532278478 ], [ 10167053.145298171788454, 2661257.055225446354598 ], [ 10167046.480747554451227, 2661258.619851381517947 ], [ 10167036.973316131159663, 2661262.176512712147087 ], [ 10167029.465487433597445, 2661264.404790427070111 ], [ 10167022.614004798233509, 2661266.253290112130344 ], [ 10167016.764183769002557, 2661268.003936305642128 ], [ 10167008.453646052628756, 2661270.402503770310432 ], [ 10166993.149847161024809, 2661270.44764945609495 ], [ 10166990.211483228951693, 2661277.175617143977433 ], [ 10166986.420206032693386, 2661285.461730991955847 ], [ 10166983.537730822339654, 2661295.991202227305621 ], [ 10166980.145138382911682, 2661307.94810837879777 ], [ 10166977.482306834310293, 2661319.9457540162839 ], [ 10166975.286713007837534, 2661330.559282565955073 ], [ 10166973.885004898533225, 2661334.819412426091731 ], [ 10166973.771452384069562, 2661335.271647898480296 ], [ 10166970.988007433712482, 2661346.348736232146621 ], [ 10166970.794022668153048, 2661347.120936456602067 ], [ 10166971.542186861857772, 2661352.583422739058733 ], [ 10166974.105129506438971, 2661361.625311289448291 ], [ 10166974.969903893768787, 2661365.189924996346235 ], [ 10166982.442643541842699, 2661365.317917743697762 ], [ 10166996.397537756711245, 2661366.017461931332946 ], [ 10167009.726401520892978, 2661368.625648338347673 ], [ 10167022.200845323503017, 2661371.610621048603207 ], [ 10167033.522596251219511, 2661374.823945254553109 ], [ 10167045.544894235208631, 2661376.165577668696642 ], [ 10167057.123422993347049, 2661378.293777660001069 ], [ 10167067.169845689088106, 2661378.483438561670482 ], [ 10167075.544072158634663, 2661379.276928269769996 ], [ 10167075.164104718714952, 2661387.839030330069363 ], [ 10167072.458209669217467, 2661390.839012060314417 ], [ 10167058.871222019195557, 2661388.904654999263585 ], [ 10167045.133337672799826, 2661386.409967578947544 ], [ 10167032.400120882317424, 2661383.911832886282355 ], [ 10167021.043587857857347, 2661381.409033372066915 ], [ 10167011.252945933490992, 2661379.872669856529683 ], [ 10167004.112218139693141, 2661380.719702676404268 ], [ 10166994.77317445538938, 2661384.778755283914506 ], [ 10166981.107914075255394, 2661391.411684763617814 ], [ 10166979.154975600540638, 2661394.857429605443031 ], [ 10166979.555764285847545, 2661399.429544464219362 ], [ 10166981.359406679868698, 2661412.362293356563896 ], [ 10166982.979659542441368, 2661421.839498575311154 ], [ 10166982.146622462198138, 2661429.251440067309886 ], [ 10166983.083815734833479, 2661439.810999365057796 ], [ 10166984.317413737997413, 2661449.159982417244464 ], [ 10166985.62409832701087, 2661454.793355265632272 ], [ 10166983.879470180720091, 2661459.184345434885472 ], [ 10166984.723448628559709, 2661467.540979453362525 ], [ 10166986.559995539486408, 2661477.535845563746989 ], [ 10166988.99852317944169, 2661487.831111737992615 ], [ 10166990.932253776118159, 2661501.152222808916122 ], [ 10166992.400706874206662, 2661516.462339805904776 ], [ 10166993.486651016399264, 2661532.853723727166653 ], [ 10166994.906916797161102, 2661546.608668867032975 ], [ 10166996.157310971990228, 2661560.882654324639589 ], [ 10166996.779070150107145, 2661567.036773769650608 ], [ 10166998.064433326944709, 2661578.977788888383657 ], [ 10167000.602035827934742, 2661593.160904441494495 ], [ 10167002.868437519297004, 2661603.327201986685395 ], [ 10167004.115285914391279, 2661616.56436796952039 ], [ 10167004.075117323547602, 2661629.978866616263986 ], [ 10167013.191959487274289, 2661621.931938100606203 ], [ 10167019.742756990715861, 2661621.550303783733398 ], [ 10167030.066927107051015, 2661621.474745224695653 ], [ 10167040.949157934635878, 2661621.995802251622081 ], [ 10167050.770563511177897, 2661625.871811373624951 ], [ 10167061.339975073933601, 2661627.830292616505176 ], [ 10167067.275387609377503, 2661633.315645490307361 ], [ 10167074.168314414098859, 2661640.114337544422597 ], [ 10167081.732037596404552, 2661645.634046401362866 ], [ 10167088.534363435581326, 2661649.161410229280591 ], [ 10167100.458666205406189, 2661652.511591537389904 ], [ 10167111.669447429478168, 2661656.223226937931031 ], [ 10167122.913651652634144, 2661658.099496287759393 ], [ 10167132.488701147958636, 2661659.582467993721366 ], [ 10167140.992152035236359, 2661661.228840061929077 ], [ 10167147.590945983305573, 2661663.280709406826645 ], [ 10167148.275983944535255, 2661666.190887696575373 ], [ 10167151.395468050613999, 2661672.643469628877938 ], [ 10167159.414610847830772, 2661672.017359671648592 ], [ 10167166.953109700232744, 2661670.155973113607615 ], [ 10167171.330871362239122, 2661673.013472494669259 ], [ 10167178.497595688328147, 2661678.574337849859148 ], [ 10167185.185250073671341, 2661683.378872369416058 ], [ 10167191.43333045206964, 2661687.347002101596445 ], [ 10167197.597592586651444, 2661690.078704819083214 ], [ 10167199.552240382879972, 2661692.665233823470771 ], [ 10167203.188326049596071, 2661699.23581458022818 ], [ 10167208.258392050862312, 2661707.118045641575009 ], [ 10167212.216004019603133, 2661714.804640846326947 ], [ 10167215.577732395380735, 2661722.453419016674161 ], [ 10167219.794286945834756, 2661724.593352150637656 ], [ 10167232.992581441998482, 2661728.85665275901556 ], [ 10167245.754757653921843, 2661733.360782391391695 ], [ 10167257.724533956497908, 2661738.346483216620982 ], [ 10167269.336868839338422, 2661743.333444278687239 ], [ 10167280.431578800082207, 2661747.923108657356352 ], [ 10167290.888920087367296, 2661751.916576315183192 ], [ 10167300.631477065384388, 2661755.912575021851808 ], [ 10167307.008395783603191, 2661762.713016115128994 ], [ 10167314.980937236919999, 2661760.052121007349342 ], [ 10167324.229912521317601, 2661759.062437734566629 ], [ 10167326.935190446674824, 2661760.529253428336233 ], [ 10167333.178600618615746, 2661763.140917062293738 ], [ 10167344.272713325917721, 2661767.531110263429582 ], [ 10167354.613283773884177, 2661772.203235030639917 ], [ 10167362.446573626250029, 2661775.248189467471093 ], [ 10167365.59818671643734, 2661779.466424396261573 ], [ 10167371.500154949724674, 2661786.747270934749395 ], [ 10167378.096294017508626, 2661788.001109645701945 ], [ 10167388.275332571938634, 2661791.875793904066086 ], [ 10167397.542972560971975, 2661784.741702883504331 ], [ 10167404.433272480964661, 2661779.132015825714916 ], [ 10167411.006769830361009, 2661773.802787780296057 ], [ 10167416.707498284056783, 2661768.715883525554091 ], [ 10167423.494784338399768, 2661767.8145767073147 ], [ 10167428.925999855622649, 2661765.202338068280369 ], [ 10167437.292620919644833, 2661761.662193086463958 ], [ 10167444.90569218993187, 2661758.403986440040171 ], [ 10167451.604368384927511, 2661756.258129550144076 ], [ 10167451.325346883386374, 2661753.767885243054479 ], [ 10167451.916125744581223, 2661742.034652995411307 ], [ 10167457.536628264933825, 2661737.802780271973461 ], [ 10167469.762309998273849, 2661727.297225507441908 ], [ 10167474.931734900921583, 2661722.976320048328489 ], [ 10167481.939678605645895, 2661716.407983572687954 ], [ 10167487.468019377440214, 2661710.299575330689549 ], [ 10167498.36739662475884, 2661694.781805745325983 ], [ 10167505.990936288610101, 2661682.210007560439408 ], [ 10167508.616862012073398, 2661681.393776157405227 ], [ 10167527.524083850905299, 2661685.2718082848005 ], [ 10167532.811763705685735, 2661685.39132035151124 ], [ 10167536.908742778003216, 2661698.692254338413477 ], [ 10167538.642428800463676, 2661703.653446120209992 ], [ 10167538.174571335315704, 2661707.380571872461587 ], [ 10167546.346340479329228, 2661707.559100298210979 ], [ 10167553.970825124531984, 2661708.360385907813907 ], [ 10167563.356934532523155, 2661702.256544929929078 ], [ 10167576.307252872735262, 2661694.346585208550096 ], [ 10167590.21894745528698, 2661686.433133574668318 ], [ 10167606.66899917088449, 2661677.890025368891656 ], [ 10167623.223122574388981, 2661679.626008473802358 ], [ 10167627.979259718209505, 2661684.921718777623028 ], [ 10167636.245989976450801, 2661692.757812171243131 ], [ 10167643.953764084726572, 2661697.767133282497525 ], [ 10167654.745406098663807, 2661701.041038798633963 ], [ 10167666.302157368510962, 2661707.14087670436129 ], [ 10167670.450232455506921, 2661705.315183714032173 ], [ 10167678.317374017089605, 2661703.199815485626459 ], [ 10167683.999684806913137, 2661701.824730287306011 ], [ 10167690.302924515679479, 2661701.327137995045632 ], [ 10167704.437687292695045, 2661698.42076799320057 ], [ 10167713.255223909392953, 2661697.034600348211825 ], [ 10167721.050501996651292, 2661695.249276224058121 ], [ 10167726.990956349298358, 2661694.715737123508006 ], [ 10167729.964849712327123, 2661690.236651581712067 ], [ 10167734.359231004491448, 2661685.38627752661705 ], [ 10167739.590053170919418, 2661678.43458916945383 ], [ 10167742.820796318352222, 2661673.558362157084048 ], [ 10167750.555207971483469, 2661673.294123284053057 ], [ 10167757.401648167520761, 2661672.38015853241086 ], [ 10167761.821293061599135, 2661669.754326435271651 ], [ 10167765.940585860982537, 2661665.705590098164976 ], [ 10167771.141642285510898, 2661658.192391231190413 ], [ 10167776.131415016949177, 2661648.489894904661924 ], [ 10167782.131414333358407, 2661636.464949062559754 ], [ 10167788.609843123704195, 2661625.393121207598597 ], [ 10167795.233899962157011, 2661617.185490340460092 ], [ 10167799.713187992572784, 2661616.896969741676003 ], [ 10167806.352116089314222, 2661612.986030315048993 ], [ 10167816.487299783155322, 2661618.952591851353645 ], [ 10167803.357887674123049, 2661630.456858418416232 ], [ 10167796.875929811969399, 2661640.505609507206827 ], [ 10167791.550696359947324, 2661651.368725067470223 ], [ 10167786.629538655281067, 2661661.275666991248727 ], [ 10167783.983647141605616, 2661661.694119953550398 ], [ 10167784.550452580675483, 2661668.580833000130951 ], [ 10167786.371351042762399, 2661684.738887811545283 ], [ 10167790.360816404223442, 2661699.866381185594946 ], [ 10167805.592123163864017, 2661707.247450061608106 ], [ 10167818.646478876471519, 2661713.272023716010153 ], [ 10167830.442429659888148, 2661708.729195736348629 ], [ 10167839.202931689098477, 2661709.789787028450519 ], [ 10167853.871838925406337, 2661711.580012302845716 ], [ 10167865.141621293500066, 2661711.949774489738047 ], [ 10167874.98474976606667, 2661712.717178270686418 ], [ 10167884.764269245788455, 2661713.9787603081204 ], [ 10167884.260941218584776, 2661725.43896712642163 ], [ 10167888.956359680742025, 2661728.764529817737639 ], [ 10167899.706337744370103, 2661735.820127918384969 ], [ 10167909.639593448489904, 2661742.264824984129518 ], [ 10167918.890907555818558, 2661747.825183353386819 ], [ 10167927.327309388667345, 2661753.251947270706296 ], [ 10167934.013490350916982, 2661743.407023511361331 ], [ 10167938.959514433518052, 2661740.661523247603327 ], [ 10167944.589219659566879, 2661739.345814757980406 ], [ 10167950.771236672997475, 2661740.688273273408413 ], [ 10167951.929600968956947, 2661742.670556580182165 ], [ 10167973.937939332798123, 2661755.820314125623554 ], [ 10167977.526428358629346, 2661756.247189037501812 ], [ 10167995.785013366490602, 2661748.711510161869228 ], [ 10168006.61407938785851, 2661743.135607302654535 ], [ 10168013.083104990422726, 2661741.70651183789596 ], [ 10168023.774717088788748, 2661746.943029280751944 ], [ 10168033.153723400086164, 2661752.096290415618569 ], [ 10168040.917960081249475, 2661745.740100170020014 ], [ 10168053.627849271520972, 2661752.727640823461115 ], [ 10168047.192928191274405, 2661764.001624282449484 ], [ 10168044.248099390417337, 2661772.53853067336604 ], [ 10168048.718128122389317, 2661778.017344469204545 ], [ 10168053.364415181800723, 2661780.725948304403573 ], [ 10168058.783322324976325, 2661779.212574808392674 ], [ 10168067.963259967043996, 2661777.422242804896086 ], [ 10168071.642193464562297, 2661778.72792433295399 ], [ 10168081.533385127782822, 2661780.258388691116124 ], [ 10168099.929695824161172, 2661787.137945421971381 ], [ 10168116.398075614124537, 2661793.145274666137993 ], [ 10168130.588007004931569, 2661798.017930056899786 ], [ 10168142.90798481926322, 2661793.491536820773035 ], [ 10168155.225758897140622, 2661788.349877403583378 ], [ 10168166.404335502535105, 2661782.684697189833969 ], [ 10168173.080090448260307, 2661775.707916432060301 ], [ 10168190.752650851383805, 2661762.823116580024362 ], [ 10168208.426896542310715, 2661750.415830900426954 ], [ 10168224.885209711268544, 2661739.717826657928526 ], [ 10168240.72654664516449, 2661746.755295563023537 ], [ 10168228.612181497737765, 2661757.301590176299214 ], [ 10168216.836077587679029, 2661767.505657216068357 ], [ 10168202.740070836618543, 2661774.307585746981204 ], [ 10168191.905618632212281, 2661781.984704672824591 ], [ 10168183.918003685772419, 2661788.492304741404951 ], [ 10168175.727969629690051, 2661795.34174596471712 ], [ 10168167.176187759265304, 2661803.339057604782283 ], [ 10168165.476889844983816, 2661817.848811633419245 ], [ 10168174.243362428620458, 2661822.916265649255365 ], [ 10168187.305299865081906, 2661827.672357903793454 ], [ 10168194.373912081122398, 2661822.549090760760009 ], [ 10168202.920584140345454, 2661814.783554567955434 ], [ 10168219.153866782784462, 2661803.474878730718046 ], [ 10168235.21299647539854, 2661792.430554192978889 ], [ 10168249.609842948615551, 2661781.392035361845046 ], [ 10168254.950565645471215, 2661782.51594827324152 ], [ 10168264.836161069571972, 2661782.393179014790803 ], [ 10168282.412236995995045, 2661779.869907286018133 ], [ 10168285.915374541655183, 2661780.91238143062219 ], [ 10168288.40304047614336, 2661791.803459585178643 ], [ 10168290.824916956946254, 2661808.935823428444564 ], [ 10168299.337530774995685, 2661816.465362364891917 ], [ 10168311.085512286052108, 2661823.54399453708902 ], [ 10168323.54228918813169, 2661833.169210337568074 ], [ 10168335.451227873563766, 2661836.20373668288812 ], [ 10168355.656786046922207, 2661835.077568403445184 ], [ 10168373.933205161243677, 2661832.639629914425313 ], [ 10168387.046893315389752, 2661829.956108572427183 ], [ 10168401.903901346027851, 2661825.420667920261621 ], [ 10168414.357055274769664, 2661820.707800042815506 ], [ 10168420.465395884588361, 2661818.01528910221532 ], [ 10168429.552480321377516, 2661813.226768822409213 ], [ 10168438.240191984921694, 2661808.805465176235884 ], [ 10168445.873473865911365, 2661804.826992804650217 ], [ 10168447.209293838590384, 2661801.529341318178922 ], [ 10168454.136998131871223, 2661804.029382484965026 ], [ 10168467.4824532084167, 2661809.0313078626059 ], [ 10168479.911771442741156, 2661812.389906454831362 ], [ 10168491.997190784662962, 2661811.139699669089168 ], [ 10168505.637877197936177, 2661806.847228917758912 ], [ 10168517.890616891905665, 2661801.388835033867508 ], [ 10168530.07276757247746, 2661796.55259867105633 ], [ 10168541.087934134528041, 2661791.244972469285131 ], [ 10168550.827243803068995, 2661785.539278861600906 ], [ 10168558.182575227692723, 2661781.986848775297403 ], [ 10168560.669540906324983, 2661777.522738260682672 ], [ 10168565.140238, 2661769.741345846559852 ], [ 10168570.339815812185407, 2661762.052796539850533 ], [ 10168575.731301100924611, 2661754.904552828986198 ], [ 10168580.615827914327383, 2661747.694503881037235 ], [ 10168585.599841030314565, 2661741.757243787869811 ], [ 10168591.94309570081532, 2661735.051225267816335 ], [ 10168595.725871834903955, 2661729.818294895347208 ], [ 10168604.190453140065074, 2661722.818354974966496 ], [ 10168612.974725177511573, 2661716.644708752632141 ], [ 10168622.300251189619303, 2661711.264827139209956 ], [ 10168630.739174542948604, 2661705.983545523602515 ], [ 10168638.452703850343823, 2661701.627810145262629 ], [ 10168640.898271467536688, 2661694.458315738011152 ], [ 10168643.21710941568017, 2661687.289235576055944 ], [ 10168645.601499682292342, 2661680.724540195893496 ], [ 10168646.875895844772458, 2661673.813785486854613 ], [ 10168647.770217396318913, 2661666.904377950355411 ], [ 10168659.555481534451246, 2661667.43539826059714 ], [ 10168661.500562030822039, 2661671.088450044393539 ], [ 10168662.761516641825438, 2661678.372112312819809 ], [ 10168663.927528930827975, 2661685.688003312796354 ], [ 10168665.093952199444175, 2661693.131127285305411 ], [ 10168668.545442966744304, 2661701.807416671421379 ], [ 10168674.113347798585892, 2661708.821208009496331 ], [ 10168680.559953251853585, 2661713.476775298360735 ], [ 10168685.407234532758594, 2661713.745974562130868 ], [ 10168690.893099891021848, 2661715.413190511520952 ], [ 10168701.45651413872838, 2661719.799533967394382 ], [ 10168711.387312019243836, 2661724.41077685682103 ], [ 10168720.087915191426873, 2661730.490521008614451 ], [ 10168727.902488363906741, 2661736.859771801158786 ], [ 10168734.925910977646708, 2661743.391019544098526 ], [ 10168741.883262265473604, 2661749.190433351323009 ], [ 10168748.492047093808651, 2661754.927392803598195 ], [ 10168752.507657252252102, 2661761.851302204653621 ], [ 10168756.584981143474579, 2661768.32926288805902 ], [ 10168760.66083786636591, 2661774.393589161336422 ], [ 10168764.671787733212113, 2661780.012597199995071 ], [ 10168768.333259489387274, 2661785.346307700499892 ], [ 10168771.956375557929277, 2661788.770705580711365 ], [ 10168776.093561569228768, 2661785.25504112476483 ], [ 10168786.021103568375111, 2661779.9365602475591 ], [ 10168795.792137732729316, 2661775.159703379031271 ], [ 10168805.251484632492065, 2661771.816065053921193 ], [ 10168814.907942153513432, 2661770.444969194941223 ], [ 10168823.550421120598912, 2661769.013829601928592 ], [ 10168831.7527592536062, 2661768.539016050752252 ], [ 10168838.747012954205275, 2661766.795545066241175 ], [ 10168844.832256782799959, 2661767.760409949347377 ], [ 10168854.563039677217603, 2661769.539925016462803 ], [ 10168863.85046080686152, 2661771.352661285549402 ], [ 10168872.45070213265717, 2661775.904982353094965 ], [ 10168880.513290422037244, 2661780.682039154227823 ], [ 10168888.162440348416567, 2661785.014883782714605 ], [ 10168895.458990596234798, 2661788.139762203674763 ], [ 10168898.402167551219463, 2661787.365422524977475 ], [ 10168905.134643793106079, 2661783.267613916192204 ], [ 10168910.722466075792909, 2661777.932728027924895 ], [ 10168915.133907292038202, 2661780.335759706329554 ], [ 10168921.862362697720528, 2661784.03546250006184 ], [ 10168917.917414022609591, 2661788.186861104797572 ], [ 10168912.362719098106027, 2661793.935477275401354 ], [ 10168907.82230263017118, 2661799.87135670054704 ], [ 10168902.676493566483259, 2661804.790890688542277 ], [ 10168897.709321083500981, 2661806.495393936522305 ], [ 10168888.744947779923677, 2661806.463799973484129 ], [ 10168881.577675338834524, 2661804.070488545112312 ], [ 10168870.352605892345309, 2661800.736992887686938 ], [ 10168860.391944276168942, 2661796.666932730004191 ], [ 10168850.372005330398679, 2661793.742751910351217 ], [ 10168840.354213139042258, 2661791.423321312759072 ], [ 10168831.193641927093267, 2661789.641881783958524 ], [ 10168820.739999551326036, 2661789.488173516467214 ], [ 10168810.671518852934241, 2661790.765248266514391 ], [ 10168802.12933611869812, 2661793.691799161490053 ], [ 10168794.570597233250737, 2661797.060536305420101 ], [ 10168788.628966297954321, 2661800.900795258581638 ], [ 10168783.194246489554644, 2661804.739293020218611 ], [ 10168778.012202020734549, 2661808.385954088065773 ], [ 10168773.017642335966229, 2661811.299953269772232 ], [ 10168770.316669201478362, 2661808.890706673264503 ], [ 10168765.479197828099132, 2661802.447152910288423 ], [ 10168761.442208150401711, 2661798.419581522233784 ], [ 10168754.132818378508091, 2661791.634817189536989 ], [ 10168747.549901463091373, 2661784.242734226863831 ], [ 10168739.547830734401941, 2661778.637967975344509 ], [ 10168732.111860625445843, 2661771.885449357330799 ], [ 10168725.08613726310432, 2661764.685873690061271 ], [ 10168718.346200864762068, 2661757.676243808120489 ], [ 10168710.752795431762934, 2661751.178836920764297 ], [ 10168704.237090416252613, 2661744.868662724737078 ], [ 10168697.449668118730187, 2661742.37853806745261 ], [ 10168688.127303456887603, 2661739.642736487556249 ], [ 10168680.040219536051154, 2661736.870778584387153 ], [ 10168672.46194882132113, 2661734.669869842007756 ], [ 10168661.213755154982209, 2661733.755060043651611 ], [ 10168650.156787723302841, 2661733.157809977885336 ], [ 10168639.796661546453834, 2661732.558124617673457 ], [ 10168634.166694151237607, 2661734.933150477707386 ], [ 10168623.950937109068036, 2661739.361426507588476 ], [ 10168615.542571088299155, 2661744.324345064349473 ], [ 10168611.691550383344293, 2661748.15713662141934 ], [ 10168605.19327786937356, 2661755.850373796187341 ], [ 10168598.692994590848684, 2661762.970692091621459 ], [ 10168592.379123203456402, 2661769.040004346054047 ], [ 10168586.923553796485066, 2661775.997510050423443 ], [ 10168584.499712692573667, 2661780.334462319035083 ], [ 10168579.803061367943883, 2661786.907374267466366 ], [ 10168575.293793495744467, 2661792.747520027682185 ], [ 10168571.258595280349255, 2661798.267802516464144 ], [ 10168567.507299996912479, 2661803.43694854574278 ], [ 10168565.018006781116128, 2661807.169408907648176 ], [ 10168562.114232176914811, 2661809.853116509970278 ], [ 10168562.282542061060667, 2661812.31755246501416 ], [ 10168563.188704043626785, 2661821.497904821764678 ], [ 10168550.554609376937151, 2661832.445948803797364 ], [ 10168543.527938082814217, 2661832.87326291622594 ], [ 10168529.584491442888975, 2661833.874017287511379 ], [ 10168516.078941782936454, 2661835.165891575627029 ], [ 10168503.481694847345352, 2661835.86911563295871 ], [ 10168491.537300223484635, 2661835.801593333482742 ], [ 10168479.850664200261235, 2661836.57474219519645 ], [ 10168469.069214643910527, 2661835.844561233185232 ], [ 10168459.379090839996934, 2661834.781256839632988 ], [ 10168451.035172091796994, 2661833.420444568619132 ], [ 10168444.422045715153217, 2661837.541710599325597 ], [ 10168436.210847809910774, 2661842.875976163893938 ], [ 10168428.507655877619982, 2661847.696292467415333 ], [ 10168428.594945954158902, 2661851.830358162522316 ], [ 10168427.314385263249278, 2661859.159489765297621 ], [ 10168439.870938835665584, 2661858.702355953399092 ], [ 10168453.925906900316477, 2661858.800019202753901 ], [ 10168467.927426056936383, 2661860.4013053891249 ], [ 10168481.314717058092356, 2661862.535484494175762 ], [ 10168494.643595863133669, 2661864.787857634481043 ], [ 10168506.975398544222116, 2661867.161591044161469 ], [ 10168518.57652442343533, 2661870.36337981838733 ], [ 10168529.416816538199782, 2661874.127960453275591 ], [ 10168539.64130799844861, 2661878.01267874147743 ], [ 10168549.863739188760519, 2661881.307729564141482 ], [ 10168559.498407574370503, 2661884.339557302650064 ], [ 10168568.923597082495689, 2661886.222440250683576 ], [ 10168576.569493297487497, 2661891.089096124283969 ], [ 10168584.771561235189438, 2661895.570583820343018 ], [ 10168593.700640425086021, 2661898.192144310101867 ], [ 10168604.268308533355594, 2661899.540294204838574 ], [ 10168614.861513234674931, 2661899.797479404136539 ], [ 10168618.51908778399229, 2661896.895418644417077 ], [ 10168622.748810596764088, 2661889.834432874806225 ], [ 10168629.209560772404075, 2661883.060403916984797 ], [ 10168645.833880489692092, 2661887.895135074853897 ], [ 10168644.757561964914203, 2661890.552253741770983 ], [ 10168640.410202449187636, 2661897.554607556201518 ], [ 10168635.944539245218039, 2661904.262679000850767 ], [ 10168640.386873135343194, 2661907.607701311353594 ], [ 10168647.678908921778202, 2661911.974484075792134 ], [ 10168654.735900750383735, 2661916.253636084031314 ], [ 10168661.439847780391574, 2661920.239158728159964 ], [ 10168646.942493341863155, 2661927.867253058589995 ], [ 10168640.270721521228552, 2661924.677467540837824 ], [ 10168627.108362838625908, 2661919.771446735132486 ], [ 10168613.810748346149921, 2661918.108810732141137 ], [ 10168602.72546443156898, 2661919.79907110100612 ], [ 10168595.496911309659481, 2661916.788218127097934 ], [ 10168582.801133267581463, 2661911.054995474871248 ], [ 10168570.749209582805634, 2661904.818256891798228 ], [ 10168558.025981543585658, 2661899.615852124989033 ], [ 10168544.372709704563022, 2661896.922508188523352 ], [ 10168531.072325184941292, 2661894.463816822040826 ], [ 10168518.705830961465836, 2661890.586649800650775 ], [ 10168507.335310833528638, 2661886.204878177028149 ], [ 10168496.349140349775553, 2661882.676608365029097 ], [ 10168485.483117872849107, 2661879.914346607401967 ], [ 10168475.497973179444671, 2661877.355404800735414 ], [ 10168467.369856083765626, 2661877.207334100268781 ], [ 10168457.070647461339831, 2661877.125805141404271 ], [ 10168448.268417254090309, 2661877.215961324982345 ], [ 10168442.546303367242217, 2661877.059317545033991 ], [ 10168434.877064790576696, 2661876.737591355107725 ], [ 10168429.149325476959348, 2661875.394832510035485 ], [ 10168424.436342736706138, 2661873.324361820239574 ], [ 10168422.945531422272325, 2661871.285150213632733 ], [ 10168416.131165577098727, 2661874.418639827519655 ], [ 10168408.760196143761277, 2661875.978074199985713 ], [ 10168401.431441744789481, 2661877.494739904534072 ], [ 10168394.946536475792527, 2661877.85842073848471 ], [ 10168387.316836735233665, 2661878.183544772211462 ], [ 10168380.069560244679451, 2661878.720222578383982 ], [ 10168375.397273758426309, 2661876.13852475117892 ], [ 10168368.646493097767234, 2661873.223332648165524 ], [ 10168361.685959406197071, 2661870.905299354810268 ], [ 10168353.66639438457787, 2661868.846401511225849 ], [ 10168345.646939927712083, 2661866.787609674967825 ], [ 10168337.207342188805342, 2661865.837802970781922 ], [ 10168329.398775972425938, 2661863.480065178591758 ], [ 10168321.800997618585825, 2661860.780829838942736 ], [ 10168314.031793249770999, 2661857.571095165330917 ], [ 10168308.171298095956445, 2661854.610143744852394 ], [ 10168302.479769885540009, 2661851.520905301440507 ], [ 10168297.51065307483077, 2661848.897547809407115 ], [ 10168292.364476313814521, 2661847.161345111671835 ], [ 10168288.640011575073004, 2661845.904699644539505 ], [ 10168283.078927477821708, 2661843.709385631605983 ], [ 10168276.160121599212289, 2661841.220776638947427 ], [ 10168266.707096518948674, 2661841.42441392922774 ], [ 10168258.191851230338216, 2661843.073100986424834 ], [ 10168250.309874340891838, 2661843.995307656936347 ], [ 10168240.4738340806216, 2661843.731814360711724 ], [ 10168230.764236856251955, 2661843.297464057337493 ], [ 10168221.987932613119483, 2661843.030275922268629 ], [ 10168214.52865494042635, 2661843.567702004685998 ], [ 10168211.445072017610073, 2661846.773109546862543 ], [ 10168205.592233262956142, 2661846.027014508377761 ], [ 10168202.755036674439907, 2661845.918249941430986 ], [ 10168197.451649216935039, 2661845.714894510805607 ], [ 10168190.845907909795642, 2661847.867901102174073 ], [ 10168186.237260263413191, 2661851.376843955833465 ], [ 10168175.365567157045007, 2661845.920438953209668 ], [ 10168164.200899118557572, 2661841.529939390253276 ], [ 10168153.036237206310034, 2661837.139433351811022 ], [ 10168141.913798082619905, 2661832.706265599001199 ], [ 10168131.512851303443313, 2661828.48342477157712 ], [ 10168122.806752657517791, 2661824.041652963031083 ], [ 10168114.284483412280679, 2661823.688263028860092 ], [ 10168100.548667848110199, 2661823.566263592336327 ], [ 10168086.812852976843715, 2661823.444143025204539 ], [ 10168074.473721796646714, 2661822.635664927773178 ], [ 10168061.958394585177302, 2661819.953570503741503 ], [ 10168052.328692894428968, 2661818.070694925263524 ], [ 10168044.011527806520462, 2661815.75722320843488 ], [ 10168038.437382850795984, 2661809.813609185162932 ], [ 10168032.399246489629149, 2661804.510625918395817 ], [ 10168026.871894225478172, 2661799.844689629040658 ], [ 10168020.204434018582106, 2661796.46050519682467 ], [ 10168019.110881078988314, 2661791.725305296480656 ], [ 10168018.956225801259279, 2661791.055463450029492 ], [ 10168015.821052538231015, 2661779.395634808577597 ], [ 10168010.335734145715833, 2661774.601824297104031 ], [ 10168002.479759717360139, 2661770.795932893175632 ], [ 10167998.11517914198339, 2661771.322339250240475 ], [ 10167993.597745208069682, 2661776.705009221564978 ], [ 10167986.921864358708262, 2661783.117551721632481 ], [ 10167983.048877933993936, 2661790.925861761439592 ], [ 10167981.596165904775262, 2661799.875712030101568 ], [ 10167980.060945872217417, 2661809.464652785100043 ], [ 10167972.302486583590508, 2661809.321538482792675 ], [ 10167967.11627808585763, 2661809.115158196538687 ], [ 10167962.465962696820498, 2661808.930098049808294 ], [ 10167952.841342341154814, 2661808.537940328009427 ], [ 10167943.004819590598345, 2661808.146488016936928 ], [ 10167940.122764753177762, 2661808.326906811911613 ], [ 10167928.846020108088851, 2661808.281319600529969 ], [ 10167925.799402, 2661797.686042327433825 ], [ 10167923.542524570599198, 2661794.797553634736687 ], [ 10167914.534790655598044, 2661788.908477797172964 ], [ 10167904.936802852898836, 2661783.958649555686861 ], [ 10167896.354822833091021, 2661778.579256575088948 ], [ 10167888.071414900943637, 2661773.752619437873363 ], [ 10167880.085578104481101, 2661769.13785303896293 ], [ 10167872.484682027250528, 2661765.501315651927143 ], [ 10167865.606170618906617, 2661762.373448917176574 ], [ 10167862.857765026390553, 2661752.203171160072088 ], [ 10167850.275600880384445, 2661754.675095485057682 ], [ 10167841.143686702474952, 2661749.638282273430377 ], [ 10167828.111711362376809, 2661744.615308149717748 ], [ 10167815.420525638386607, 2661740.102101580239832 ], [ 10167803.539722194895148, 2661736.949140860233456 ], [ 10167797.209283394739032, 2661732.924879733007401 ], [ 10167784.064424257725477, 2661732.033810590859503 ], [ 10167769.650551958009601, 2661731.956420191098005 ], [ 10167757.021019821986556, 2661732.980153134092689 ], [ 10167744.133417813107371, 2661732.940019082278013 ], [ 10167738.367910100147128, 2661732.917561356909573 ], [ 10167722.469389019533992, 2661732.547195667866617 ], [ 10167708.694465138018131, 2661733.361956452019513 ], [ 10167701.98374155908823, 2661741.989336897153407 ], [ 10167695.229080831632018, 2661750.14837341196835 ], [ 10167679.583256632089615, 2661749.308496747165918 ], [ 10167668.429787883535028, 2661748.112220740411431 ], [ 10167658.083445707336068, 2661747.381649476941675 ], [ 10167655.903619077056646, 2661738.222816598135978 ], [ 10167654.792913606390357, 2661734.708214142359793 ], [ 10167629.999987967312336, 2661733.276899653486907 ], [ 10167624.838263388723135, 2661729.845344324130565 ], [ 10167616.704957980662584, 2661720.905026900582016 ], [ 10167609.063049986958504, 2661715.067410577088594 ], [ 10167600.955943973734975, 2661713.715925620403141 ], [ 10167595.949641177430749, 2661715.527112761512399 ], [ 10167584.987507676705718, 2661722.533369751181453 ], [ 10167575.800944957882166, 2661726.77378524793312 ], [ 10167563.457302378490567, 2661731.439137471374124 ], [ 10167550.220639126375318, 2661735.969663185067475 ], [ 10167541.306039128452539, 2661742.464641228783876 ], [ 10167538.256643569096923, 2661743.430198511108756 ], [ 10167531.924292474985123, 2661749.321367927826941 ], [ 10167562.704282619059086, 2661739.530071398243308 ], [ 10167566.168660119175911, 2661748.98205908248201 ], [ 10167570.672561079263687, 2661763.419198309071362 ], [ 10167547.557838145643473, 2661772.743579739704728 ], [ 10167528.161277195438743, 2661780.367719179484993 ], [ 10167509.711538141593337, 2661787.328212243504822 ], [ 10167509.190918479114771, 2661787.522103975061327 ], [ 10167490.021743286401033, 2661794.659817775711417 ], [ 10167473.169840922579169, 2661799.120308502577245 ], [ 10167460.114322891458869, 2661803.420905943028629 ], [ 10167459.494251107797027, 2661814.207699334714562 ], [ 10167450.597465701401234, 2661817.540021487977356 ], [ 10167440.76151904091239, 2661823.810253488365561 ], [ 10167433.747788935899734, 2661822.660698077641428 ], [ 10167427.605535792186856, 2661820.114336230326444 ], [ 10167409.641185272485018, 2661840.865602341014892 ], [ 10167385.756856007501483, 2661838.747631798963994 ], [ 10167363.919535741209984, 2661837.356114923488349 ], [ 10167346.254739582538605, 2661839.031503436155617 ], [ 10167342.192741703242064, 2661836.805061365477741 ], [ 10167341.865392357110977, 2661836.625691953580827 ], [ 10167311.133401375263929, 2661823.631938635371625 ], [ 10167310.7143460419029, 2661823.454711515922099 ], [ 10167284.399751203134656, 2661815.329136408865452 ], [ 10167273.441630203276873, 2661813.753096513450146 ], [ 10167254.972525455057621, 2661793.788541979156435 ], [ 10167239.729435157030821, 2661777.62773890979588 ], [ 10167225.218192970380187, 2661761.977964227553457 ], [ 10167203.786424478515983, 2661751.047531608492136 ], [ 10167182.286979136988521, 2661741.65785057656467 ], [ 10167173.144002038985491, 2661737.067519629839808 ], [ 10167158.50070290826261, 2661725.453327083028853 ], [ 10167142.537766560912132, 2661712.302885227836668 ], [ 10167137.272494250908494, 2661709.973491376265883 ], [ 10167116.086218656972051, 2661706.745335976127535 ], [ 10167092.484210439026356, 2661701.69133517332375 ], [ 10167071.513781854882836, 2661697.508603372145444 ], [ 10167053.105749083682895, 2661695.297919340897352 ], [ 10167033.970182, 2661693.896722805220634 ], [ 10167016.87519265525043, 2661691.314568870235234 ], [ 10167001.324103970080614, 2661688.766517432872206 ], [ 10166988.097545634955168, 2661689.35087307728827 ], [ 10166988.211753042414784, 2661697.6670012162067 ], [ 10166988.506299884989858, 2661708.531400266569108 ], [ 10166988.470373811200261, 2661723.155588512774557 ], [ 10166988.436709083616734, 2661738.470967131666839 ], [ 10166988.237908279523253, 2661755.687861077021807 ], [ 10166988.044034590944648, 2661774.373665210325271 ], [ 10166987.855695392936468, 2661794.658022307325155 ], [ 10166988.704298920929432, 2661816.969375149346888 ], [ 10166989.43190598860383, 2661841.570868671871722 ], [ 10166990.418587408959866, 2661866.603521419223398 ], [ 10166989.884365282952785, 2661886.154679113067687 ], [ 10166990.565264463424683, 2661909.633167936466634 ], [ 10166990.678951352834702, 2661930.391824746970087 ], [ 10166990.923991801217198, 2661951.927836713381112 ], [ 10166990.87135561555624, 2661974.242370130028576 ], [ 10166991.033530982211232, 2661996.642668744083494 ], [ 10166991.667426040396094, 2662018.911883050110191 ], [ 10166991.701896566897631, 2662041.615017337258905 ], [ 10166992.167489279061556, 2662064.878462827764452 ], [ 10166991.904467158019543, 2662088.446913490071893 ], [ 10166991.90731974132359, 2662114.477002884726971 ], [ 10166992.082920741289854, 2662140.809030591510236 ], [ 10166991.736436767503619, 2662165.069083937443793 ], [ 10166992.123405424878001, 2662190.44991508917883 ], [ 10166992.850837821140885, 2662214.965650432743132 ], [ 10166993.319489747285843, 2662239.136607900261879 ], [ 10166993.490054674446583, 2662263.999898985493928 ], [ 10166993.018526084721088, 2662289.340651179198176 ], [ 10166992.801818560808897, 2662313.902918298728764 ], [ 10166992.305737977847457, 2662319.456422396469861 ], [ 10166992.942723566666245, 2662330.060756754130125 ], [ 10166991.150062950327992, 2662333.908008462749422 ], [ 10166993.247193014249206, 2662335.530488276388496 ], [ 10167000.027133509516716, 2662344.72309379093349 ], [ 10167006.718986298888922, 2662355.921536166220903 ], [ 10167015.659726617857814, 2662357.657493442296982 ], [ 10167031.398850854486227, 2662359.990776580758393 ], [ 10167044.757057534530759, 2662360.995146167464554 ], [ 10167057.64825027436018, 2662364.436597419902682 ], [ 10167069.618343882262707, 2662362.532981295604259 ], [ 10167085.959737276658416, 2662360.327693378087133 ], [ 10167101.064235707744956, 2662357.79246810823679 ], [ 10167116.171901691704988, 2662356.164502357132733 ], [ 10167130.282697828486562, 2662354.874207343906164 ], [ 10167141.308004904538393, 2662354.645037835463881 ], [ 10167143.57159042544663, 2662353.335263126529753 ], [ 10167150.007885858416557, 2662346.527772501576692 ], [ 10167156.740802148357034, 2662340.604334036353976 ], [ 10167163.779511209577322, 2662338.219918498303741 ], [ 10167176.427571106702089, 2662334.082900607027113 ], [ 10167189.476967334747314, 2662329.243911668192595 ], [ 10167202.41738760471344, 2662324.737068666610867 ], [ 10167214.513643486425281, 2662320.23314167978242 ], [ 10167226.24364130012691, 2662315.951875326223671 ], [ 10167237.645609319210052, 2662312.335360232274979 ], [ 10167247.469009762629867, 2662308.613747609779239 ], [ 10167256.00621584802866, 2662304.417123549152166 ], [ 10167264.437363913282752, 2662301.400953774340451 ], [ 10167271.839042909443378, 2662297.87211535545066 ], [ 10167278.876933192834258, 2662295.266444313339889 ], [ 10167280.421415442600846, 2662296.146100367885083 ], [ 10167285.315507525578141, 2662299.853570985142142 ], [ 10167292.145093703642488, 2662304.233632672578096 ], [ 10167298.919843090698123, 2662300.480672928038985 ], [ 10167306.227243641391397, 2662297.471638855524361 ], [ 10167309.977945391088724, 2662293.302888340782374 ], [ 10167313.811608383432031, 2662282.42067085346207 ], [ 10167309.94326439499855, 2662267.729055870324373 ], [ 10167306.345139106735587, 2662254.528376059606671 ], [ 10167304.281801765784621, 2662240.416552795562893 ], [ 10167301.337310353294015, 2662232.275137023068964 ], [ 10167304.004206, 2662221.343654364347458 ], [ 10167307.945948382839561, 2662211.047197761945426 ], [ 10167308.019852437078953, 2662201.669841378927231 ], [ 10167307.437402723357081, 2662186.434193504042923 ], [ 10167319.839910134673119, 2662184.739514590241015 ], [ 10167321.359750555828214, 2662194.963720392435789 ], [ 10167322.453485202044249, 2662204.656661960296333 ], [ 10167323.547329844906926, 2662214.349609513301402 ], [ 10167324.64106691814959, 2662224.042562420945615 ], [ 10167325.681653063744307, 2662233.682527609169483 ], [ 10167326.722240658476949, 2662243.322389009408653 ], [ 10167327.550528457388282, 2662252.909679797943681 ], [ 10167328.85517324320972, 2662262.229002692736685 ], [ 10167335.120724814012647, 2662264.658112439792603 ], [ 10167344.739079596474767, 2662270.591997789219022 ], [ 10167345.007963245734572, 2662271.709861512295902 ], [ 10167344.031896494328976, 2662280.877239145338535 ], [ 10167342.999487387016416, 2662289.085780610796064 ], [ 10167342.284917768090963, 2662297.186714871320873 ], [ 10167342.881516367197037, 2662301.07402136316523 ], [ 10167356.334002876654267, 2662311.683142262045294 ], [ 10167367.074268272146583, 2662320.06394821498543 ], [ 10167373.786768689751625, 2662329.098111525643617 ], [ 10167381.187411846593022, 2662337.756930805742741 ], [ 10167387.844108192250133, 2662345.992090399842709 ], [ 10167390.177643263712525, 2662346.090584801509976 ], [ 10167385.973371369764209, 2662357.133930528070778 ], [ 10167382.417072156444192, 2662356.134064632467926 ], [ 10167371.941596712917089, 2662347.698982674628496 ], [ 10167361.681624488905072, 2662340.222215531859547 ], [ 10167351.953619673848152, 2662333.276367357000709 ], [ 10167342.435478081926703, 2662325.637189362663776 ], [ 10167334.092301746830344, 2662320.444752006791532 ], [ 10167324.428959038108587, 2662316.855284488759935 ], [ 10167316.862147986888885, 2662321.570129712112248 ], [ 10167309.827681144699454, 2662326.869175211526453 ], [ 10167303.05663394369185, 2662331.687722481787205 ], [ 10167300.100537285208702, 2662335.640623382758349 ], [ 10167296.853292256593704, 2662337.088057198561728 ], [ 10167291.787946593016386, 2662339.345730089116842 ], [ 10167283.526998637244105, 2662342.677705357316881 ], [ 10167277.065313421189785, 2662344.937806524801999 ], [ 10167275.956455130130053, 2662346.326850903220475 ], [ 10167268.696899576112628, 2662347.843895046506077 ], [ 10167257.672176180407405, 2662349.320655257441103 ], [ 10167246.963505594059825, 2662350.210178403183818 ], [ 10167235.564535845071077, 2662350.782409640029073 ], [ 10167224.697976995259523, 2662351.992226997856051 ], [ 10167215.530595703050494, 2662353.888727435842156 ], [ 10167209.386216510087252, 2662355.881356962025166 ], [ 10167202.976730775088072, 2662357.874860352836549 ], [ 10167198.333651820197701, 2662361.088141412474215 ], [ 10167186.891927983611822, 2662365.965045563410968 ], [ 10167176.028590798377991, 2662371.033424248918891 ], [ 10167169.007116075605154, 2662373.282788874581456 ], [ 10167164.046456161886454, 2662374.717483285814524 ], [ 10167183.197758976370096, 2662388.117127064615488 ], [ 10167196.108850155025721, 2662397.336241704411805 ], [ 10167208.350615806877613, 2662405.41159603651613 ], [ 10167219.59441121853888, 2662413.490411634091288 ], [ 10167226.791291683912277, 2662409.435086495708674 ], [ 10167233.4927381221205, 2662405.658835931681097 ], [ 10167245.017770037055016, 2662398.694965072907507 ], [ 10167255.657200111076236, 2662396.843492852058262 ], [ 10167270.998938679695129, 2662394.164047948084772 ], [ 10167284.626650681719184, 2662390.583215771242976 ], [ 10167291.431855611503124, 2662393.18600513972342 ], [ 10167301.851700108498335, 2662396.587985893245786 ], [ 10167308.515791309997439, 2662399.620967069640756 ], [ 10167319.749076636508107, 2662404.643656764179468 ], [ 10167328.171283086761832, 2662407.575025408994406 ], [ 10167336.66018233448267, 2662402.245122818276286 ], [ 10167346.819673808291554, 2662399.010576884262264 ], [ 10167357.743017353117466, 2662396.776073143817484 ], [ 10167364.911798262968659, 2662394.554615380242467 ], [ 10167376.785960195586085, 2662392.41243322333321 ], [ 10167388.849047668278217, 2662389.935141845140606 ], [ 10167390.080798035487533, 2662388.784824871923774 ], [ 10167395.363998379558325, 2662391.058601529803127 ], [ 10167409.36238725669682, 2662398.554644688498229 ], [ 10167421.156244086101651, 2662400.710256062913686 ], [ 10167434.423553070053458, 2662402.908489876426756 ], [ 10167443.272291038185358, 2662405.504065995570272 ], [ 10167457.515713725239038, 2662401.300169065594673 ], [ 10167465.938779274001718, 2662390.670055449474603 ], [ 10167472.890078110620379, 2662380.474859081208706 ], [ 10167481.387703571468592, 2662377.723503560293466 ], [ 10167493.163405051454902, 2662374.578728827647865 ], [ 10167499.182473694905639, 2662369.734848578460515 ], [ 10167509.988231409341097, 2662360.958803834859282 ], [ 10167519.748816100880504, 2662352.329531229101121 ], [ 10167527.705553123727441, 2662344.279618769884109 ], [ 10167535.758370054885745, 2662336.563654882833362 ], [ 10167555.168913789093494, 2662342.369486951734871 ], [ 10167555.130474023520947, 2662344.995989510323852 ], [ 10167552.942646525800228, 2662358.326170374639332 ], [ 10167550.326613634824753, 2662371.514663960319012 ], [ 10167549.754459049552679, 2662384.7915103957057 ], [ 10167558.761943962424994, 2662392.066138303373009 ], [ 10167570.154509780928493, 2662401.91098052309826 ], [ 10167580.313491299748421, 2662412.33310318691656 ], [ 10167593.814163528382778, 2662413.188532548956573 ], [ 10167604.932416405528784, 2662414.302543713245541 ], [ 10167617.629519941285253, 2662415.771257473155856 ], [ 10167630.115944236516953, 2662418.537519181147218 ], [ 10167637.898201061412692, 2662408.784075038041919 ], [ 10167657.474770369008183, 2662409.004019130952656 ], [ 10167680.497647831216455, 2662410.508748947177082 ], [ 10167683.394740419462323, 2662398.106616723351181 ], [ 10167685.585328595712781, 2662388.733005834743381 ], [ 10167678.149971179664135, 2662374.349770087283105 ], [ 10167673.243976783007383, 2662365.649289697408676 ], [ 10167678.0012401137501, 2662352.01605279231444 ], [ 10167681.401053478941321, 2662339.828404833562672 ], [ 10167688.3788757994771, 2662325.538994771894068 ], [ 10167695.498439535498619, 2662310.744784980546683 ], [ 10167702.112957281991839, 2662295.087830532807857 ], [ 10167707.490894066169858, 2662274.319875912275165 ], [ 10167719.732503114268184, 2662268.513470366131514 ], [ 10167723.63268144056201, 2662276.641037455294281 ], [ 10167720.665346208959818, 2662289.475456355139613 ], [ 10167717.627122070640326, 2662302.526405575219542 ], [ 10167715.353681970387697, 2662308.658185175620019 ], [ 10167713.664120603352785, 2662317.741849800106138 ], [ 10167707.897155350074172, 2662329.649557817261666 ], [ 10167703.914984030649066, 2662339.317564697470516 ], [ 10167700.294820368289948, 2662349.992991469334811 ], [ 10167696.168567394837737, 2662359.445404638070613 ], [ 10167699.156668184325099, 2662373.411904296837747 ], [ 10167700.915465701371431, 2662384.356738536152989 ], [ 10167711.366683816537261, 2662399.954295160714537 ], [ 10167712.948192486539483, 2662401.101508143823594 ], [ 10167737.33820615708828, 2662403.970247288234532 ], [ 10167742.269256243482232, 2662403.261933599598706 ], [ 10167756.304942490532994, 2662405.037068827543408 ], [ 10167775.949979230761528, 2662406.129213226959109 ], [ 10167793.783234206959605, 2662408.305702791549265 ], [ 10167789.308832321316004, 2662426.977886530570686 ], [ 10167799.34619889035821, 2662428.802859237417579 ], [ 10167812.968877425417304, 2662430.496470657642931 ], [ 10167825.601717656478286, 2662432.276524548884481 ], [ 10167842.114899599924684, 2662434.540447137318552 ], [ 10167852.350056925788522, 2662435.08496486954391 ], [ 10167870.355336723849177, 2662436.914731306489557 ], [ 10167877.083715165033937, 2662431.017745993100107 ], [ 10167878.925969436764717, 2662427.839393495582044 ], [ 10167891.200795164331794, 2662426.567709436174482 ], [ 10167907.091732924804091, 2662424.925137565936893 ], [ 10167923.333198541775346, 2662421.489467056468129 ], [ 10167926.140585796907544, 2662408.271983445156366 ], [ 10167929.512986661866307, 2662396.332283872645348 ], [ 10167932.17143139988184, 2662384.241559559013695 ], [ 10167933.509305041283369, 2662373.333004063460976 ], [ 10167948.039250852540135, 2662361.251829625573009 ], [ 10167959.509620845317841, 2662348.413552185986191 ], [ 10167966.764031603932381, 2662339.327039629220963 ], [ 10167974.364680072292686, 2662327.219086904544383 ], [ 10167984.005528651177883, 2662315.76939528202638 ], [ 10167987.360959112644196, 2662313.658722810447216 ], [ 10167987.171374728903174, 2662303.06259167380631 ], [ 10167986.524074766784906, 2662292.724120736587793 ], [ 10167985.367162313312292, 2662282.336183628067374 ], [ 10167985.571822561323643, 2662273.86673794221133 ], [ 10167985.589905811473727, 2662273.120785621460527 ], [ 10167986.165435684844851, 2662262.778035078197718 ], [ 10167988.167907856404781, 2662252.532548225484788 ], [ 10167990.219933891668916, 2662241.877503060270101 ], [ 10167992.730293584987521, 2662231.169501916039735 ], [ 10167995.086713114753366, 2662220.155077810864896 ], [ 10167996.880780441686511, 2662208.579373836982995 ], [ 10167997.655222957953811, 2662196.853752177674323 ], [ 10167995.832386534661055, 2662185.444378335028887 ], [ 10167994.077026842162013, 2662178.79563921969384 ], [ 10167990.536316944286227, 2662171.538825450465083 ], [ 10168001.620479416102171, 2662170.214357522781938 ], [ 10168002.201693203300238, 2662152.562566498760134 ], [ 10168001.244772693142295, 2662131.990490167401731 ], [ 10168016.738921234384179, 2662131.157472133636475 ], [ 10168017.997896498069167, 2662143.053459251765162 ], [ 10168019.214216202497482, 2662154.838402430061251 ], [ 10168019.265064429491758, 2662169.492676490917802 ], [ 10168020.279615696519613, 2662182.901330393273383 ], [ 10168020.635998388752341, 2662197.489761415868998 ], [ 10168021.197045460343361, 2662212.333469515200704 ], [ 10168019.546469237655401, 2662221.195361868478358 ], [ 10168016.020161850377917, 2662232.777106733061373 ], [ 10168013.309432588517666, 2662244.458428320474923 ], [ 10168011.572208054363728, 2662257.723247583955526 ], [ 10168010.70140178501606, 2662271.036154037341475 ], [ 10168010.421471538022161, 2662278.460060890298337 ], [ 10168010.899560198187828, 2662284.089430761057884 ], [ 10168019.830848556011915, 2662288.409390285611153 ], [ 10168033.207859203219414, 2662296.450744932517409 ], [ 10168039.743086216971278, 2662295.155250070616603 ], [ 10168053.295291744172573, 2662294.171293960418552 ], [ 10168064.225818192586303, 2662294.55846249544993 ], [ 10168064.775831187143922, 2662306.559113524854183 ], [ 10168076.470997966825962, 2662306.517946769483387 ], [ 10168085.324640035629272, 2662306.486888743937016 ], [ 10168100.435144064947963, 2662306.245869206730276 ], [ 10168123.257887741550803, 2662303.155750415753573 ], [ 10168142.829167935997248, 2662303.086923052556813 ], [ 10168170.590074671432376, 2662303.457374235615134 ], [ 10168171.687854167073965, 2662286.730015486013144 ], [ 10168173.782231368124485, 2662268.816522167995572 ], [ 10168161.52216618321836, 2662268.631563969422132 ], [ 10168162.030117621645331, 2662251.522079287096858 ], [ 10168163.318081311881542, 2662230.189879474230111 ], [ 10168162.590215215459466, 2662214.852729124482721 ], [ 10168162.747357515618205, 2662194.779094176832587 ], [ 10168162.346078813076019, 2662177.330711653921753 ], [ 10168160.791890664026141, 2662153.74798685265705 ], [ 10168187.011397207155824, 2662153.199463557451963 ], [ 10168208.350735198706388, 2662152.896180962212384 ], [ 10168209.534357285127044, 2662167.832622678484768 ], [ 10168209.569168891757727, 2662177.84873646683991 ], [ 10168211.207665292546153, 2662191.985237622167915 ], [ 10168211.941935556009412, 2662207.265604306478053 ], [ 10168213.026603454723954, 2662227.258303905837238 ], [ 10168230.51098139770329, 2662228.223110563121736 ], [ 10168230.648763054981828, 2662235.179838252719492 ], [ 10168230.81986596621573, 2662251.716653039678931 ], [ 10168230.992967719212174, 2662268.823796079028398 ], [ 10168221.572719227522612, 2662269.199151205364615 ], [ 10168209.770763734355569, 2662270.172435421030968 ], [ 10168209.725583218038082, 2662289.789512280840427 ], [ 10168211.20296079851687, 2662304.98651615716517 ], [ 10168212.254896234720945, 2662320.299611011985689 ], [ 10168226.496459063142538, 2662319.045482282992452 ], [ 10168242.135107763111591, 2662317.518825768958777 ], [ 10168243.090492064133286, 2662308.916911533102393 ], [ 10168245.232398603111506, 2662299.326410389970988 ], [ 10168247.687104772776365, 2662283.514404841233045 ], [ 10168250.650631528347731, 2662269.633896788116544 ], [ 10168250.131425455212593, 2662264.676251699682325 ], [ 10168250.72710582613945, 2662243.574987621977925 ], [ 10168250.912838254123926, 2662231.973804876208305 ], [ 10168253.5273606646806, 2662218.022667307872325 ], [ 10168256.846714716404676, 2662205.266101407352835 ], [ 10168264.083332110196352, 2662190.383237814065069 ], [ 10168274.543351054191589, 2662175.418668703641742 ], [ 10168284.174389347434044, 2662163.907279030419886 ], [ 10168292.898534942418337, 2662153.596079365815967 ], [ 10168296.808294059708714, 2662149.357454138342291 ], [ 10168309.954629236832261, 2662161.140544251073152 ], [ 10168301.512973165139556, 2662172.084448717534542 ], [ 10168293.496746260672808, 2662184.435127933043987 ], [ 10168285.970290128141642, 2662196.572877433616668 ], [ 10168280.96646755002439, 2662208.631316096056253 ], [ 10168278.901667581871152, 2662219.411934950388968 ], [ 10168278.935267355293036, 2662229.058412963990122 ], [ 10168277.901098, 2662238.771684526000172 ], [ 10168277.849223986268044, 2662242.31841331673786 ], [ 10168277.766001744195819, 2662248.01882382761687 ], [ 10168278.733236828818917, 2662261.465138086117804 ], [ 10168290.526327481493354, 2662257.227809744887054 ], [ 10168303.600518835708499, 2662248.309439159464091 ], [ 10168316.446696801111102, 2662254.39011634234339 ], [ 10168311.766690054908395, 2662258.842779458500445 ], [ 10168302.123576726764441, 2662266.903937390074134 ], [ 10168292.542884476482868, 2662272.782176978886127 ], [ 10168281.300505014136434, 2662277.931933832354844 ], [ 10168276.346994038671255, 2662296.947046915069222 ], [ 10168282.753230726346374, 2662310.626330319326371 ], [ 10168286.152533670887351, 2662325.745291159953922 ], [ 10168288.041526511311531, 2662339.60867806058377 ], [ 10168288.412169709801674, 2662349.946826727129519 ], [ 10168299.024114400148392, 2662352.834399912972003 ], [ 10168313.544539665803313, 2662358.522599901538342 ], [ 10168319.60523602552712, 2662354.775060324929655 ], [ 10168325.013265227898955, 2662349.102188252378255 ], [ 10168331.114694077521563, 2662342.326206702273339 ], [ 10168337.209147736430168, 2662333.598926591221243 ], [ 10168342.505960719659925, 2662324.574348811525851 ], [ 10168345.804911447688937, 2662313.855655572842807 ], [ 10168349.501847397536039, 2662303.035470540169626 ], [ 10168353.048779198899865, 2662292.015759972389787 ], [ 10168353.780302923172712, 2662287.610275947488844 ], [ 10168357.676974482834339, 2662284.56293984875083 ], [ 10168358.150444641709328, 2662284.192637421190739 ], [ 10168362.908853348344564, 2662277.871718094684184 ], [ 10168368.613078003749251, 2662271.447341669350863 ], [ 10168374.364234140142798, 2662264.222284463699907 ], [ 10168380.811263509094715, 2662256.644617792218924 ], [ 10168387.855565141886473, 2662248.964700809214264 ], [ 10168393.759778531268239, 2662242.789775139652193 ], [ 10168402.002386834472418, 2662236.056259707082063 ], [ 10168410.642444014549255, 2662229.021148598752916 ], [ 10168419.8300267662853, 2662221.934077411424369 ], [ 10168429.314366061240435, 2662214.295584443025291 ], [ 10168437.702803432941437, 2662206.51080626854673 ], [ 10168437.81068355217576, 2662194.652774182148278 ], [ 10168438.935994517058134, 2662188.945023872889578 ], [ 10168440.039045315235853, 2662189.216261798515916 ], [ 10168449.89316432736814, 2662175.247386127710342 ], [ 10168456.228147489950061, 2662164.117851132992655 ], [ 10168463.761813865974545, 2662154.034595851320773 ], [ 10168472.543451771140099, 2662144.797553115990013 ], [ 10168481.875126315280795, 2662136.209044786170125 ], [ 10168491.457263691350818, 2662128.069886657875031 ], [ 10168499.707780376076698, 2662123.587727034464478 ], [ 10168515.368095099925995, 2662116.327677205204964 ], [ 10168528.782215647399426, 2662107.524472609162331 ], [ 10168540.251266814768314, 2662097.877591087017208 ], [ 10168547.14309249073267, 2662089.347761789802462 ], [ 10168562.866469128057361, 2662085.889818476047367 ], [ 10168573.412305725738406, 2662082.750375602860004 ], [ 10168588.283742932602763, 2662077.744427079800516 ], [ 10168603.155171167105436, 2662072.738466199953109 ], [ 10168618.026590118184686, 2662067.732602330390364 ], [ 10168621.661180455237627, 2662067.569589827675372 ], [ 10168637.588450636714697, 2662065.461698865983635 ], [ 10168638.11285943724215, 2662065.390961565077305 ], [ 10168652.818832699209452, 2662063.406325334217399 ], [ 10168665.261724786832929, 2662061.661063057370484 ], [ 10168676.76412695273757, 2662061.520131395198405 ], [ 10168686.817887831479311, 2662060.08346693823114 ], [ 10168694.617569284513593, 2662069.061560600996017 ], [ 10168702.313424283638597, 2662076.839253161568195 ], [ 10168702.888710711151361, 2662076.977061782497913 ], [ 10168710.33743004873395, 2662078.761924284510314 ], [ 10168723.101244093850255, 2662083.319579876028001 ], [ 10168734.425369987264276, 2662089.13305528787896 ], [ 10168744.407489350065589, 2662095.651800313498825 ], [ 10168751.945445954799652, 2662100.978379846550524 ], [ 10168761.286566369235516, 2662109.300535991322249 ], [ 10168770.725941821932793, 2662117.222124217543751 ], [ 10168780.609579879790545, 2662124.041323806159198 ], [ 10168790.212659323588014, 2662121.905800246167928 ], [ 10168800.758100470528007, 2662118.666208491660655 ], [ 10168812.878352995961905, 2662124.276735117193311 ], [ 10168804.735396018251777, 2662131.010039593558758 ], [ 10168796.687233477830887, 2662136.342084642499685 ], [ 10168788.586147792637348, 2662140.823833032976836 ], [ 10168791.599816497415304, 2662148.167825865093619 ], [ 10168793.467663364484906, 2662155.365861617960036 ], [ 10168780.534266700968146, 2662159.264389554504305 ], [ 10168777.872799471020699, 2662152.919755872804672 ], [ 10168771.853708762675524, 2662140.533123228698969 ], [ 10168759.131991717964411, 2662133.824039725586772 ], [ 10168750.740296995267272, 2662126.449075891636312 ], [ 10168739.75749852322042, 2662118.583116827066988 ], [ 10168728.62973472289741, 2662111.968391817528754 ], [ 10168719.150075096637011, 2662106.748731949366629 ], [ 10168707.831154970452189, 2662102.436107853427529 ], [ 10168704.038173452019691, 2662099.998049343470484 ], [ 10168703.540142463520169, 2662099.97051231469959 ], [ 10168694.674667432904243, 2662099.480917943175882 ], [ 10168685.953579870983958, 2662097.560665428638458 ], [ 10168670.756127929314971, 2662094.812866516876966 ], [ 10168655.86550372838974, 2662094.365490803495049 ], [ 10168642.521581931039691, 2662094.763052253983915 ], [ 10168633.468819405883551, 2662097.647003479767591 ], [ 10168622.324426477774978, 2662100.488450819626451 ], [ 10168612.021930845454335, 2662101.975909403525293 ], [ 10168605.809532316401601, 2662105.450127020012587 ], [ 10168591.883883537724614, 2662110.352738928515464 ], [ 10168578.854560039937496, 2662115.302047186996788 ], [ 10168567.52018853276968, 2662120.745766505599022 ], [ 10168557.231797382235527, 2662126.285836982540786 ], [ 10168547.339615130797029, 2662131.22400084277615 ], [ 10168540.985471112653613, 2662136.850135105196387 ], [ 10168533.338633267208934, 2662143.081237493082881 ], [ 10168526.139705158770084, 2662149.21075812028721 ], [ 10168519.836840419098735, 2662155.286995925940573 ], [ 10168514.379951121285558, 2662161.210148030892015 ], [ 10168509.270312743261456, 2662166.731791270896792 ], [ 10168505.401290049776435, 2662171.048261635471135 ], [ 10168498.35132185742259, 2662177.077221386134624 ], [ 10168491.947508327662945, 2662182.753536282572895 ], [ 10168484.642586061730981, 2662187.082137297838926 ], [ 10168478.036612499505281, 2662191.908718121238053 ], [ 10168472.026223344728351, 2662196.182747405953705 ], [ 10168470.888559455052018, 2662198.388236542232335 ], [ 10168466.967493396252394, 2662218.550654784310609 ], [ 10168470.794269263744354, 2662227.623690753243864 ], [ 10168476.004377165809274, 2662239.693702527321875 ], [ 10168481.076699970290065, 2662256.299851675517857 ], [ 10168487.563000639900565, 2662271.682834874838591 ], [ 10168494.495223456993699, 2662286.237603555899113 ], [ 10168502.160914581269026, 2662296.656457993667573 ], [ 10168525.683297550305724, 2662300.186159088741988 ], [ 10168535.450809419155121, 2662300.667989059817046 ], [ 10168543.580765837803483, 2662310.515967108309269 ], [ 10168545.47646657936275, 2662314.223301047459245 ], [ 10168549.303543142974377, 2662313.276765188202262 ], [ 10168562.478065060451627, 2662313.346711946185678 ], [ 10168577.27462986856699, 2662312.594446128234267 ], [ 10168589.751514041796327, 2662312.317037920467556 ], [ 10168591.53774911724031, 2662325.197452377062291 ], [ 10168593.666330255568027, 2662336.385741840582341 ], [ 10168595.037081975489855, 2662348.104592358227819 ], [ 10168608.281239721924067, 2662348.454764264635742 ], [ 10168608.758958522230387, 2662353.153136625885963 ], [ 10168613.802168495953083, 2662350.340645995456725 ], [ 10168624.805617457255721, 2662343.65408040676266 ], [ 10168637.195934783667326, 2662335.271512195467949 ], [ 10168649.709340920671821, 2662328.871193978004158 ], [ 10168661.704095648601651, 2662323.522185864858329 ], [ 10168672.716518709436059, 2662319.401297396980226 ], [ 10168691.455717148259282, 2662312.017108754254878 ], [ 10168690.723254701122642, 2662323.452400083187968 ], [ 10168692.880549745634198, 2662337.70038002775982 ], [ 10168693.899047, 2662347.718034551013261 ], [ 10168712.596873017027974, 2662351.744793948251754 ], [ 10168733.749043134972453, 2662354.633605835027993 ], [ 10168749.909098314121366, 2662356.058132436126471 ], [ 10168752.355682590976357, 2662356.231137413997203 ], [ 10168772.0959591884166, 2662357.627337130717933 ], [ 10168772.247991478070617, 2662362.182140418328345 ], [ 10168772.36958017013967, 2662365.823686413932592 ], [ 10168773.064987486228347, 2662377.953323911875486 ], [ 10168777.487955467775464, 2662382.85601163469255 ], [ 10168780.919395379722118, 2662384.237362996675074 ], [ 10168781.545908153057098, 2662399.974121876992285 ], [ 10168780.846822464838624, 2662409.977394399698824 ], [ 10168780.146572617813945, 2662419.652792593464255 ], [ 10168780.05171700194478, 2662426.677217797841877 ], [ 10168773.828687716275454, 2662425.214452486019582 ], [ 10168764.031372359022498, 2662424.701171952299774 ], [ 10168758.400814734399319, 2662425.197251330595464 ], [ 10168754.979304365813732, 2662425.498737936839461 ], [ 10168753.087544735521078, 2662425.66544107394293 ], [ 10168739.891884291544557, 2662426.796493791975081 ], [ 10168733.231538526713848, 2662427.822368648834527 ], [ 10168732.35350482724607, 2662427.9575459593907 ], [ 10168729.167638907209039, 2662417.054643628187478 ], [ 10168720.156620981171727, 2662416.696037050802261 ], [ 10168709.364880939945579, 2662416.397110214922577 ], [ 10168706.46162155456841, 2662416.222713438328356 ], [ 10168694.170762125402689, 2662415.484499821439385 ], [ 10168688.531195739284158, 2662419.952031922992319 ], [ 10168677.767491992563009, 2662419.151445592287928 ], [ 10168677.751119621098042, 2662418.541266201995313 ], [ 10168662.00349285826087, 2662418.187325171194971 ], [ 10168650.65592223405838, 2662416.178278230596334 ], [ 10168643.675324996933341, 2662419.090728466864675 ], [ 10168631.224040189757943, 2662419.443847570102662 ], [ 10168624.797726508229971, 2662419.785367034375668 ], [ 10168616.609413107857108, 2662419.120053034741431 ], [ 10168614.277741234749556, 2662418.930609674658626 ], [ 10168594.045315470546484, 2662419.24836135469377 ], [ 10168577.811115529388189, 2662419.715786396060139 ], [ 10168577.378252852708101, 2662419.800017082132399 ], [ 10168575.962422763928771, 2662419.611163421534002 ], [ 10168571.115600764751434, 2662419.100906206760556 ], [ 10168567.935825433582067, 2662418.766202207654715 ], [ 10168567.053962279111147, 2662418.673366426955909 ], [ 10168566.818593701347709, 2662422.234500457998365 ], [ 10168559.395104914903641, 2662426.175035958644003 ], [ 10168543.723696703091264, 2662424.263201324269176 ], [ 10168532.741048177704215, 2662422.980864469427615 ], [ 10168528.052608901634812, 2662422.433403897099197 ], [ 10168513.27783483825624, 2662420.272429520729929 ], [ 10168513.326026381924748, 2662434.043845068197697 ], [ 10168513.1304034832865, 2662448.062055653426796 ], [ 10168509.116211425513029, 2662461.43591289408505 ], [ 10168508.250218600034714, 2662461.425169649999589 ], [ 10168499.394991198554635, 2662460.819954574573785 ], [ 10168497.032157272100449, 2662460.607760017272085 ], [ 10168490.391187261790037, 2662460.011267619207501 ], [ 10168483.130315879359841, 2662458.611444452777505 ], [ 10168481.476282883435488, 2662458.292600396089256 ], [ 10168472.522074041888118, 2662455.998801231849939 ], [ 10168467.042724266648293, 2662453.784003543667495 ], [ 10168462.049877412617207, 2662453.089178829919547 ], [ 10168456.465679559856653, 2662452.396740125026554 ], [ 10168450.27192354016006, 2662451.799627340398729 ], [ 10168443.726840913295746, 2662451.14813732681796 ], [ 10168437.107390686869621, 2662450.404100525658578 ], [ 10168430.525437207892537, 2662449.789807690307498 ], [ 10168428.927990371361375, 2662452.441161705181003 ], [ 10168427.25668440759182, 2662455.129833346232772 ], [ 10168425.807755803689361, 2662457.966056943871081 ], [ 10168424.525272071361542, 2662460.838851244188845 ], [ 10168423.242902405560017, 2662463.748733535408974 ], [ 10168428.676889900118113, 2662472.502382240723819 ], [ 10168432.324970856308937, 2662458.037645645905286 ], [ 10168432.827457429841161, 2662457.835569533053786 ], [ 10168442.32169228233397, 2662458.707806386984885 ], [ 10168466.545706352218986, 2662461.696968176867813 ], [ 10168467.42173314653337, 2662461.815940438304096 ], [ 10168478.34477561712265, 2662463.299129506573081 ], [ 10168497.176760030910373, 2662464.911276119761169 ], [ 10168498.713937250897288, 2662465.317093736026436 ], [ 10168520.420656433328986, 2662465.860432587563992 ], [ 10168542.052268389612436, 2662466.892449516803026 ], [ 10168542.068751955404878, 2662488.621840206906199 ], [ 10168542.43047059327364, 2662501.41558828484267 ], [ 10168543.250797836109996, 2662511.076800446026027 ], [ 10168543.967056538909674, 2662513.618583814706653 ], [ 10168545.366611119359732, 2662518.58510807948187 ], [ 10168553.438389711081982, 2662528.58413494611159 ], [ 10168561.40418584831059, 2662538.164511740207672 ], [ 10168564.654530232772231, 2662542.368329664226621 ], [ 10168566.083054965361953, 2662547.522239346988499 ], [ 10168567.721426598727703, 2662552.98962985444814 ], [ 10168568.787735106423497, 2662558.878370559774339 ], [ 10168570.37566882558167, 2662564.764963971450925 ], [ 10168571.382655020803213, 2662568.820608766749501 ], [ 10168570.100984496995807, 2662574.509135939646512 ], [ 10168569.23929613083601, 2662580.876920014154166 ], [ 10168569.055665146559477, 2662587.242010754067451 ], [ 10168569.028938161209226, 2662593.711366801522672 ], [ 10168568.794214023277164, 2662600.338558313902467 ], [ 10168568.926059460267425, 2662607.331091227009892 ], [ 10168569.052720043808222, 2662613.014058073982596 ], [ 10168562.082403531298041, 2662617.834634267259389 ], [ 10168558.805104833096266, 2662620.921779319643974 ], [ 10168556.469941781833768, 2662623.121350714936852 ], [ 10168554.456897027790546, 2662628.498563491273671 ], [ 10168554.431360391899943, 2662635.282144989818335 ], [ 10168554.716769641265273, 2662641.540699140168726 ], [ 10168555.132955390959978, 2662645.672384898178279 ], [ 10168555.368097456172109, 2662648.007271911017597 ], [ 10168556.438104886561632, 2662654.838895682245493 ], [ 10168557.405274037271738, 2662662.0376106351614 ], [ 10168559.754718709737062, 2662669.215257262345403 ], [ 10168560.51355998031795, 2662672.921345786191523 ], [ 10168563.753426650539041, 2662676.086602208670229 ], [ 10168569.25829060934484, 2662680.511857531964779 ], [ 10168576.036107338964939, 2662684.797358572948724 ], [ 10168583.206521859392524, 2662688.379070142284036 ], [ 10168583.872125063091516, 2662688.711551405955106 ], [ 10168591.817911345511675, 2662692.625392292160541 ], [ 10168597.714888600632548, 2662694.559963813051581 ], [ 10168599.831657905131578, 2662695.254365745931864 ], [ 10168608.871395705267787, 2662698.576653149910271 ], [ 10168617.402838602662086, 2662702.745064031332731 ], [ 10168626.265779266133904, 2662707.572680792305619 ], [ 10168634.654570432379842, 2662712.622479787096381 ], [ 10168640.624484153464437, 2662715.92030317010358 ], [ 10168661.564429329708219, 2662715.781812834553421 ], [ 10168667.612259635701776, 2662711.041514712851495 ], [ 10168672.962721833959222, 2662705.533331714104861 ], [ 10168675.252285428345203, 2662702.276109166443348 ], [ 10168689.394489567726851, 2662702.091344069223851 ], [ 10168704.012328451499343, 2662702.01467273524031 ], [ 10168718.407869013026357, 2662701.168259856756777 ], [ 10168731.811445211991668, 2662699.004471605177969 ], [ 10168745.285825790837407, 2662696.253153704106808 ], [ 10168756.599704157561064, 2662692.409421083517373 ], [ 10168760.832040697336197, 2662690.649215898942202 ], [ 10168762.880457518622279, 2662702.523689949419349 ], [ 10168765.300519816577435, 2662712.768436757382005 ], [ 10168767.828534923493862, 2662722.290222181007266 ], [ 10168769.634246814996004, 2662731.092309350147843 ], [ 10168772.569201765581965, 2662744.847202201839536 ], [ 10168774.825386399403214, 2662754.955637381412089 ], [ 10168779.85695306584239, 2662755.060689866542816 ], [ 10168793.850765474140644, 2662755.172122729942203 ], [ 10168800.819429218769073, 2662750.790548525750637 ], [ 10168806.689772963523865, 2662763.555319376755506 ], [ 10168811.817138077691197, 2662775.682499516289681 ], [ 10168779.966265043243766, 2662783.245242302771658 ], [ 10168785.68787507340312, 2662797.319419451057911 ], [ 10168802.746787115931511, 2662826.361096333712339 ], [ 10168812.963753592222929, 2662831.007089664693922 ], [ 10168799.742678441107273, 2662840.41459903260693 ], [ 10168790.164177237078547, 2662838.214472023770213 ], [ 10168768.775765631347895, 2662806.158304241020232 ], [ 10168747.997636046260595, 2662807.418670334387571 ], [ 10168737.796836737543344, 2662818.728988134302199 ], [ 10168729.836679387837648, 2662819.041440789122134 ], [ 10168712.453360853716731, 2662823.784390198532492 ], [ 10168705.834756843745708, 2662825.865380302537233 ], [ 10168703.098222229629755, 2662827.88653476908803 ], [ 10168701.047488436102867, 2662829.231843525078148 ], [ 10168692.806691391393542, 2662828.468923205044121 ], [ 10168672.969427496194839, 2662822.71691617090255 ], [ 10168659.093288807198405, 2662817.204737182706594 ], [ 10168657.544649988412857, 2662816.799550138879567 ], [ 10168654.214621720835567, 2662819.985177736263722 ], [ 10168647.723401073366404, 2662828.991145909298211 ], [ 10168646.704229569062591, 2662834.052193130366504 ], [ 10168648.39773016422987, 2662849.936784238554537 ], [ 10168639.061334136873484, 2662852.088702770415694 ], [ 10168640.227774014696479, 2662861.949435825459659 ], [ 10168644.817742854356766, 2662880.571476760320365 ], [ 10168652.527629239484668, 2662896.152160552330315 ], [ 10168661.377064822241664, 2662905.081261943094432 ], [ 10168674.564292870461941, 2662936.318486956879497 ], [ 10168681.612703302875161, 2662951.347928249742836 ], [ 10168684.631664616987109, 2662970.55470906291157 ], [ 10168685.619359409436584, 2662988.89809700101614 ], [ 10168683.496248500421643, 2663007.574159384239465 ], [ 10168684.310276607051492, 2663013.725800283253193 ], [ 10168686.604244166985154, 2663017.356384134385735 ], [ 10168703.380694001913071, 2663014.681233287788928 ], [ 10168744.573745409026742, 2663009.621557431295514 ], [ 10168759.053403053432703, 2663003.22386736376211 ], [ 10168787.597201721742749, 2663011.791156735736877 ], [ 10168793.946238467469811, 2663038.153773207683116 ], [ 10168790.471564536914229, 2663056.356131644919515 ], [ 10168778.319410640746355, 2663058.675794922281057 ], [ 10168777.824266187846661, 2663039.557034273631871 ], [ 10168775.659225109964609, 2663029.244307965505868 ], [ 10168762.230408366769552, 2663023.067331015132368 ], [ 10168739.974943749606609, 2663026.556223497260362 ], [ 10168709.200474597513676, 2663030.753113771323115 ], [ 10168700.154166176915169, 2663033.005350307095796 ], [ 10168688.482367025688291, 2663035.817188198212534 ], [ 10168671.869679449126124, 2663037.800682697445154 ], [ 10168650.83686950430274, 2663041.316174904350191 ], [ 10168648.455499291419983, 2663046.75399228464812 ], [ 10168664.135647419840097, 2663062.768591141328216 ], [ 10168674.774647455662489, 2663086.569654127582908 ], [ 10168681.460013190284371, 2663107.929782263934612 ], [ 10168686.913593640550971, 2663115.979606279637665 ], [ 10168696.885111466050148, 2663129.077267890330404 ], [ 10168688.624574646353722, 2663140.406649810727686 ], [ 10168684.869516773149371, 2663137.346997155342251 ], [ 10168684.407933900132775, 2663134.904409883078188 ], [ 10168663.821301616728306, 2663126.316995503846556 ], [ 10168661.575034970417619, 2663107.668738906271756 ], [ 10168657.927003640681505, 2663090.492693046107888 ], [ 10168649.457665842026472, 2663073.149029955267906 ], [ 10168645.624477494508028, 2663068.13812364730984 ], [ 10168639.161076590418816, 2663064.174317147582769 ], [ 10168631.120230412110686, 2663082.91727204201743 ], [ 10168620.956301854923368, 2663108.844596846029162 ], [ 10168607.413060739636421, 2663143.305289236363024 ], [ 10168591.078487366437912, 2663186.408368314616382 ], [ 10168579.194201493635774, 2663218.724431505892426 ], [ 10168573.90282573364675, 2663224.036423123907298 ], [ 10168570.233516106382012, 2663222.147733682300895 ], [ 10168567.667220329865813, 2663216.56395578244701 ], [ 10168573.082164164632559, 2663199.787774860393256 ], [ 10168587.079577481374145, 2663158.107970981858671 ], [ 10168597.371208986267447, 2663128.286405518651009 ], [ 10168609.424071440473199, 2663096.027102731633931 ], [ 10168617.639721257612109, 2663070.499593990854919 ], [ 10168621.281366800889373, 2663055.126856300979853 ], [ 10168624.081123940646648, 2663056.617031854111701 ], [ 10168627.711143674328923, 2663045.64053104352206 ], [ 10168634.192030290141702, 2663027.662488969042897 ], [ 10168638.013738803565502, 2663023.799009923823178 ], [ 10168646.120787251740694, 2663018.319338836707175 ], [ 10168655.121763670817018, 2663010.703064363449812 ], [ 10168656.614113800227642, 2663007.156693910248578 ], [ 10168651.52186930552125, 2662981.751934208907187 ], [ 10168647.928007477894425, 2662965.614645672496408 ], [ 10168642.828264135867357, 2662946.708161222282797 ], [ 10168639.450515015050769, 2662937.477712429128587 ], [ 10168637.667485995218158, 2662935.439648564439267 ], [ 10168636.013713899999857, 2662934.378387610428035 ], [ 10168632.9039854016155, 2662933.30287929950282 ], [ 10168622.229284603148699, 2662929.897429016884416 ], [ 10168617.946457574144006, 2662928.253011249005795 ], [ 10168613.754029974341393, 2662924.840311523992568 ], [ 10168601.066166022792459, 2662928.14723698142916 ], [ 10168593.809316935017705, 2662929.498971947934479 ], [ 10168559.568568110466003, 2662932.93303073477 ], [ 10168547.234713420271873, 2662934.06790106324479 ], [ 10168537.736381953582168, 2662934.728343151975423 ], [ 10168524.713849266991019, 2662938.199254927691072 ], [ 10168518.331488773226738, 2662935.208380882628262 ], [ 10168500.593075154349208, 2662931.145206811372191 ], [ 10168504.104043938219547, 2662912.436172390822321 ], [ 10168514.563076291233301, 2662912.709263359196484 ], [ 10168533.35451246984303, 2662915.402882819063962 ], [ 10168558.644992550835013, 2662913.133807180915028 ], [ 10168579.679285669699311, 2662907.732760601677001 ], [ 10168604.896716810762882, 2662905.201492831576616 ], [ 10168602.664793515577912, 2662894.887657262850553 ], [ 10168602.323827827349305, 2662878.27116629621014 ], [ 10168605.341857997700572, 2662867.506525011267513 ], [ 10168608.965225379914045, 2662854.598268198315054 ], [ 10168610.87010894343257, 2662838.383928894996643 ], [ 10168609.631903806701303, 2662819.082496932242066 ], [ 10168595.489800676703453, 2662807.127900713123381 ], [ 10168591.353699894621968, 2662804.326292158104479 ], [ 10168581.619630705565214, 2662802.067735812161118 ], [ 10168582.201707743108273, 2662804.12310357298702 ], [ 10168552.684557819738984, 2662818.323051128536463 ], [ 10168534.698770428076386, 2662814.928916182834655 ], [ 10168521.59378482028842, 2662811.408301620744169 ], [ 10168516.869077799841762, 2662809.344924411736429 ], [ 10168513.059343254193664, 2662807.015305772423744 ], [ 10168507.66737213358283, 2662795.92135664075613 ], [ 10168504.791224017739296, 2662791.400254602078348 ], [ 10168494.816457943990827, 2662784.975954635534436 ], [ 10168488.932268092408776, 2662780.150365321431309 ], [ 10168481.798539718613029, 2662770.397536851465702 ], [ 10168473.098280947655439, 2662754.816191868390888 ], [ 10168473.303751325234771, 2662752.434059443883598 ], [ 10168473.295447314158082, 2662751.898394320160151 ], [ 10168396.884025730192661, 2662766.657305454835296 ], [ 10168370.988460162654519, 2662771.825255530886352 ], [ 10168369.973414447158575, 2662782.451994962990284 ], [ 10168370.503486393019557, 2662803.153860131278634 ], [ 10168372.56742343492806, 2662816.194756228476763 ], [ 10168375.156705839559436, 2662831.850156917236745 ], [ 10168375.386160602793097, 2662845.881824539508671 ], [ 10168374.337358644232154, 2662859.922052047215402 ], [ 10168373.638649413362145, 2662874.893107542768121 ], [ 10168351.624531097710133, 2662877.428976349532604 ], [ 10168352.95498394779861, 2662862.495582617353648 ], [ 10168352.14623192884028, 2662851.759287478402257 ], [ 10168352.441365990787745, 2662839.954270055051893 ], [ 10168354.51845102198422, 2662823.285997434519231 ], [ 10168341.274985058233142, 2662794.294753207359463 ], [ 10168333.929206013679504, 2662770.749005127698183 ], [ 10168331.995854059234262, 2662763.13713519833982 ], [ 10168336.532605111598969, 2662743.684865599498153 ], [ 10168336.066791662946343, 2662733.05409367242828 ], [ 10168332.798297468572855, 2662715.449045277200639 ], [ 10168329.095217950642109, 2662710.385370947420597 ], [ 10168316.236564386636019, 2662699.747834746260196 ], [ 10168298.146623196080327, 2662685.034934333059937 ], [ 10168288.597116367891431, 2662684.941614641807973 ], [ 10168268.452759135514498, 2662687.029901151079684 ], [ 10168255.273165434598923, 2662688.398459249176085 ], [ 10168221.007687795907259, 2662692.862372415140271 ], [ 10168217.954726349562407, 2662691.1186145208776 ], [ 10168203.69886521063745, 2662683.895150498021394 ], [ 10168199.46590562723577, 2662698.364724508952349 ], [ 10168198.464491808786988, 2662707.343714389018714 ], [ 10168197.171880327165127, 2662735.210446964949369 ], [ 10168195.330898402258754, 2662760.381823044735938 ], [ 10168195.159337690100074, 2662789.445848749019206 ], [ 10168187.239930879324675, 2662797.138117884751409 ], [ 10168178.485045460984111, 2662785.397944873198867 ], [ 10168182.10545620135963, 2662775.492767874151468 ], [ 10168180.974839746952057, 2662750.845006691291928 ], [ 10168177.302819736301899, 2662742.582405041903257 ], [ 10168173.780795568600297, 2662730.55072235269472 ], [ 10168177.207972377538681, 2662728.870226718019694 ], [ 10168186.919151142239571, 2662702.596684400457889 ], [ 10168189.82216445542872, 2662672.803367760498077 ], [ 10168191.72475260309875, 2662653.383958283346146 ], [ 10168171.4217474963516, 2662658.533869880251586 ], [ 10168168.836318647488952, 2662658.359942777082324 ], [ 10168166.703082673251629, 2662657.299157094676048 ], [ 10168164.576175235211849, 2662655.569825516548008 ], [ 10168158.558657705783844, 2662651.053936446085572 ], [ 10168157.01085589826107, 2662650.593131101690233 ], [ 10168154.579699367284775, 2662649.752277996856719 ], [ 10168144.23821722343564, 2662649.442532054614276 ], [ 10168143.475591402500868, 2662651.794296381063759 ], [ 10168142.330530034378171, 2662650.509071298409253 ], [ 10168137.449988193809986, 2662649.239212044514716 ], [ 10168136.351575823500752, 2662649.206238814629614 ], [ 10168128.792170111089945, 2662652.466739044059068 ], [ 10168124.662038002163172, 2662650.180344389285892 ], [ 10168122.375232636928558, 2662648.914316126145422 ], [ 10168120.649429963901639, 2662647.958938788156956 ], [ 10168111.839929468929768, 2662643.071479902602732 ], [ 10168103.657991534098983, 2662640.951396754942834 ], [ 10168095.073577936738729, 2662641.193935813847929 ], [ 10168088.213314330205321, 2662641.387743649072945 ], [ 10168074.296820711344481, 2662643.967454622499645 ], [ 10168060.658664466813207, 2662644.540721398312598 ], [ 10168054.843743758276105, 2662644.605207501910627 ], [ 10168048.064528657123446, 2662644.680415914859623 ], [ 10168042.510301060974598, 2662646.514576842077076 ], [ 10168038.668456353247166, 2662648.77238453226164 ], [ 10168028.489844353869557, 2662646.516085810028017 ], [ 10168015.936166029423475, 2662644.602262008469552 ], [ 10168005.839501306414604, 2662638.573194364551455 ], [ 10167995.525772526860237, 2662634.151186019647866 ], [ 10167991.036640970036387, 2662632.226412860210985 ], [ 10167980.675266934558749, 2662632.071748732123524 ], [ 10167971.454615926370025, 2662631.913094874471426 ], [ 10167947.356137173250318, 2662631.233556566759944 ], [ 10167944.79579808935523, 2662631.269937818404287 ], [ 10167929.486852874979377, 2662631.487273503560573 ], [ 10167913.134260527789593, 2662630.494037293829024 ], [ 10167905.409961719065905, 2662633.927254193928093 ], [ 10167900.464108675718307, 2662636.125436984933913 ], [ 10167890.33570328168571, 2662634.632829365320504 ], [ 10167875.699637603014708, 2662635.25714668771252 ], [ 10167869.888958921656013, 2662631.648367993533611 ], [ 10167859.044860204681754, 2662629.346419881097972 ], [ 10167856.152607822790742, 2662629.232726241927594 ], [ 10167858.950190704315901, 2662632.836547276936471 ], [ 10167876.979419311508536, 2662651.722137628123164 ], [ 10167890.427077749744058, 2662667.527690440881997 ], [ 10167903.299337647855282, 2662677.665498456452042 ], [ 10167910.560324981808662, 2662683.530795552302152 ], [ 10167911.360355354845524, 2662684.875668512657285 ], [ 10167911.639474619179964, 2662686.586985079105943 ], [ 10167911.568769887089729, 2662709.891820838674903 ], [ 10167911.373260390013456, 2662722.443805632181466 ], [ 10167929.835747249424458, 2662748.679112228099257 ], [ 10167937.283819399774075, 2662765.763019195757806 ], [ 10167944.119868412613869, 2662779.790858468040824 ], [ 10167946.493875375017524, 2662801.80217210855335 ], [ 10167947.19834778085351, 2662813.549489097669721 ], [ 10167958.192611770704389, 2662812.242254361044616 ], [ 10167974.98912494070828, 2662865.650009035132825 ], [ 10168020.981933480128646, 2662860.171627492643893 ], [ 10168032.493084445595741, 2662863.942398839164525 ], [ 10168056.363857647404075, 2662869.102722798939794 ], [ 10168086.721786228939891, 2662870.913465326651931 ], [ 10168087.292567133903503, 2662889.807537413202226 ], [ 10168088.277903601527214, 2662956.630678026936948 ], [ 10168090.940998723730445, 2663016.131939616985619 ], [ 10168020.641226876527071, 2662991.098567725624889 ], [ 10168000.012518038973212, 2662986.34219166263938 ], [ 10167972.90298586152494, 2662986.076762062963098 ], [ 10167955.720672933384776, 2662984.647176674101502 ], [ 10167913.944125652313232, 2662998.658660016022623 ], [ 10167867.591223197057843, 2663015.359893667045981 ], [ 10167856.655144078657031, 2662963.804041209630668 ], [ 10167842.768212150782347, 2662905.054227557964623 ], [ 10167825.537120090797544, 2662878.172212882898748 ], [ 10167809.215923735871911, 2662852.657966498285532 ], [ 10167802.394903302192688, 2662844.13966224854812 ], [ 10167774.129867227748036, 2662803.697321184910834 ], [ 10167730.432177271693945, 2662834.977654504124075 ], [ 10167682.21338190510869, 2662837.027540588285774 ], [ 10167661.116100430488586, 2662831.618920451961458 ], [ 10167595.30663725733757, 2662809.655432406812906 ], [ 10167578.244616415351629, 2662802.126081445254385 ], [ 10167563.773998126387596, 2662792.901917692739516 ], [ 10167534.539022460579872, 2662771.598046354949474 ], [ 10167476.695145485922694, 2662730.791279831435531 ], [ 10167482.578210677951574, 2662707.785469475202262 ], [ 10167496.272096375003457, 2662667.208495980594307 ], [ 10167521.165865426883101, 2662589.98135081352666 ], [ 10167522.799151998013258, 2662584.797057691495866 ], [ 10167507.373253658413887, 2662581.771286181174219 ], [ 10167492.278702015057206, 2662587.267612594179809 ], [ 10167469.085308860987425, 2662587.157208806369454 ], [ 10167445.989993788301945, 2662587.90608371887356 ], [ 10167429.855672670528293, 2662588.187309289816767 ], [ 10167422.037966042757034, 2662588.323490573558956 ], [ 10167400.56769553758204, 2662591.740707008168101 ], [ 10167387.971260108053684, 2662591.211426240392029 ], [ 10167387.056004490703344, 2662587.633293426595628 ], [ 10167375.862703500315547, 2662580.509300203062594 ], [ 10167363.140866287052631, 2662571.098657316528261 ], [ 10167353.138647826388478, 2662564.782299776095897 ], [ 10167345.68233578465879, 2662552.488177486695349 ], [ 10167337.868041589856148, 2662546.689569004811347 ], [ 10167326.859911821782589, 2662538.084674288984388 ], [ 10167324.183105802163482, 2662537.118166813626885 ], [ 10167315.201484926044941, 2662533.875224604271352 ], [ 10167300.750973319634795, 2662533.161338997073472 ], [ 10167285.074676878750324, 2662535.316707205493003 ], [ 10167266.614567523822188, 2662543.402950048446655 ], [ 10167247.167643867433071, 2662554.739852343685925 ], [ 10167245.629491589963436, 2662554.608291806653142 ], [ 10167235.90051356330514, 2662553.7760198879987 ], [ 10167224.50318075530231, 2662556.394080907572061 ], [ 10167208.030638594180346, 2662561.990307127125561 ], [ 10167182.405027134343982, 2662573.300669874530286 ], [ 10167165.235214473679662, 2662583.483522487338632 ], [ 10167156.067055236548185, 2662584.804443879518658 ], [ 10167139.642104830592871, 2662590.097481971606612 ], [ 10167130.003678563982248, 2662593.203468035906553 ], [ 10167107.311697261407971, 2662600.731182785704732 ], [ 10167094.345344683155417, 2662589.267651774454862 ], [ 10167079.807759350165725, 2662576.997869262471795 ], [ 10167076.001177083700895, 2662575.674022063147277 ], [ 10167061.895828701555729, 2662564.691949715837836 ], [ 10167047.787439860403538, 2662552.802698063664138 ], [ 10167030.427691632881761, 2662549.137982852291316 ], [ 10167011.547331809997559, 2662545.526170353405178 ], [ 10167003.772639902308583, 2662537.339700972195715 ], [ 10166997.096595702692866, 2662530.772945935837924 ], [ 10166988.62898862361908, 2662525.121836183127016 ], [ 10166981.253918070346117, 2662527.24265976017341 ], [ 10166973.364062009379268, 2662529.408483245410025 ], [ 10166966.203416995704174, 2662531.485395527910441 ], [ 10166964.64940176717937, 2662532.259066924452782 ], [ 10166965.571143615990877, 2662559.638503689784557 ], [ 10166966.552794151008129, 2662616.426407695747912 ], [ 10166966.823809176683426, 2662647.631893795449287 ], [ 10166969.376355227082968, 2662700.53689550794661 ], [ 10166969.198694875463843, 2662732.518990874290466 ], [ 10166969.061505792662501, 2662746.595683221705258 ], [ 10167036.487775132060051, 2662771.985195665154606 ], [ 10167040.60299508459866, 2662774.040671697817743 ], [ 10167046.24627629108727, 2662735.495435969904065 ], [ 10167053.084474926814437, 2662703.771008341573179 ], [ 10167124.173415511846542, 2662712.782571720890701 ], [ 10167201.011428257450461, 2662723.381128620821983 ], [ 10167241.657421045005322, 2662726.176699983421713 ], [ 10167303.74340596050024, 2662733.209866163320839 ], [ 10167337.519043061882257, 2662738.484739636536688 ], [ 10167337.481308126822114, 2662794.492677581496537 ], [ 10167372.022506689652801, 2662799.113934316672385 ], [ 10167375.357912234961987, 2662808.701536190230399 ], [ 10167400.580415859818459, 2662810.667500668670982 ], [ 10167417.367182984948158, 2662811.438787045422941 ], [ 10167452.047536889091134, 2662812.2803587121889 ], [ 10167460.953659037128091, 2662816.814582802820951 ], [ 10167462.332031356170774, 2662819.860088277142495 ], [ 10167470.860565008595586, 2662821.864015550818294 ], [ 10167489.287127912044525, 2662829.826924947556108 ], [ 10167491.723585555329919, 2662831.518959952518344 ], [ 10167510.888402756303549, 2662856.669885701034218 ], [ 10167527.787917323410511, 2662890.4603764093481 ], [ 10167537.062506398186088, 2662921.240127534139901 ], [ 10167542.741687517613173, 2662937.061821372713894 ], [ 10167516.649194085970521, 2662971.644103059079498 ], [ 10167507.353469034656882, 2662961.71594284567982 ], [ 10167484.129537919536233, 2662929.955970366485417 ], [ 10167478.935976400971413, 2662923.666581861674786 ], [ 10167477.972628090530634, 2662919.311358488630503 ], [ 10167474.003457475453615, 2662881.92431287560612 ], [ 10167470.121641622856259, 2662867.434119151905179 ], [ 10167465.908402588218451, 2662869.530803181231022 ], [ 10167454.55226706340909, 2662850.782911588903517 ], [ 10167427.261385696008801, 2662849.72450387571007 ], [ 10167415.178460480645299, 2662856.041494356933981 ], [ 10167403.643617086112499, 2662852.202166605275124 ], [ 10167364.322890873998404, 2662842.422469472512603 ], [ 10167341.185255993157625, 2662841.743459993507713 ], [ 10167326.028108621016145, 2662840.691128123085946 ], [ 10167271.371666848659515, 2662838.690132132731378 ], [ 10167257.961457332596183, 2662842.848781405948102 ], [ 10167215.665475029498339, 2662849.344018067698926 ], [ 10167151.526222644373775, 2662859.551926233340055 ], [ 10167113.733830573037267, 2662867.170368778519332 ], [ 10167112.586325418204069, 2662892.293371140956879 ], [ 10167115.275495525449514, 2662915.852184950839728 ], [ 10167123.895573195070028, 2662963.430035351309925 ], [ 10167128.995912343263626, 2662996.276455963496119 ], [ 10167132.972651459276676, 2663034.019208903424442 ], [ 10167135.081985257565975, 2663075.562446767929941 ], [ 10167112.817566256970167, 2663077.327670113183558 ], [ 10167108.87321550026536, 2663035.005401065573096 ], [ 10167107.622426550835371, 2663014.752217242028564 ], [ 10167103.712137946859002, 2662995.867249101400375 ], [ 10167093.831498557701707, 2662956.082188938744366 ], [ 10167086.222587486729026, 2662924.012685748748481 ], [ 10167076.883237930014729, 2662881.377722539007664 ], [ 10167070.648370675742626, 2662845.729775981511921 ], [ 10167068.997230462729931, 2662838.200706242583692 ], [ 10167051.83145259693265, 2662830.094143225345761 ], [ 10167041.587812637910247, 2662827.611961463931948 ], [ 10167035.272337514907122, 2662827.285258512478322 ], [ 10167021.490461451932788, 2662829.661527190823108 ], [ 10167016.883634814992547, 2662829.616232408210635 ], [ 10167015.045966815203428, 2662829.068918040022254 ], [ 10166956.918132610619068, 2662810.317392823752016 ], [ 10166960.232259545475245, 2662827.427553683519363 ], [ 10166963.041296256706119, 2662854.362430184148252 ], [ 10166966.853392967954278, 2662876.464354590047151 ], [ 10166969.22083892673254, 2662900.229446845594794 ], [ 10166971.066481640562415, 2662921.36427694465965 ], [ 10166973.198302656412125, 2662936.975773166399449 ], [ 10166974.98258400708437, 2662947.835466465912759 ], [ 10166977.634665934368968, 2662966.999900344759226 ], [ 10166979.88560838997364, 2662994.641784995328635 ], [ 10166980.775504814460874, 2663008.178154076915234 ], [ 10166981.854901388287544, 2663010.563043306116015 ], [ 10166982.605386080220342, 2663014.369142062030733 ], [ 10166985.707171622663736, 2663043.602254495956004 ], [ 10166989.179748930037022, 2663075.593196212314069 ], [ 10166994.248611243441701, 2663112.960454789921641 ], [ 10166999.430097179487348, 2663155.790681119076908 ], [ 10167003.393951900303364, 2663196.682956859469414 ], [ 10167008.19937090575695, 2663240.739747189451009 ], [ 10167010.722123641520739, 2663267.897655834443867 ], [ 10167013.678167868405581, 2663286.863123802002519 ], [ 10167021.461475893855095, 2663347.753616970032454 ], [ 10167025.705799449235201, 2663377.778146418277174 ], [ 10167028.607186252251267, 2663402.354030656162649 ], [ 10167031.684646870940924, 2663420.838387612719089 ], [ 10167033.596840083599091, 2663430.18039677105844 ], [ 10167035.204521246254444, 2663438.956981387920678 ], [ 10167036.204659845679998, 2663452.351036847569048 ], [ 10167036.865916199982166, 2663456.593298566062003 ], [ 10167037.215981066226959, 2663456.714333906769753 ], [ 10167037.911607481539249, 2663457.427176438737661 ], [ 10167037.903591632843018, 2663458.250671307556331 ], [ 10167037.953990306705236, 2663467.241904547903687 ], [ 10167082.362433549016714, 2663438.794961899984628 ], [ 10167097.707923183217645, 2663428.198855795431882 ], [ 10167099.577111162245274, 2663399.040399979334325 ], [ 10167120.81286932900548, 2663393.11271311994642 ], [ 10167143.880169235169888, 2663385.897199985105544 ], [ 10167159.040904691442847, 2663383.391367412172258 ], [ 10167152.233349561691284, 2663314.043130329810083 ], [ 10167150.698971506208181, 2663282.829662721138448 ], [ 10167224.548226809129119, 2663281.949160160496831 ], [ 10167256.527863122522831, 2663280.44295554375276 ], [ 10167300.718323266133666, 2663281.009687104728073 ], [ 10167318.403771083801985, 2663282.377338299527764 ], [ 10167358.140604555606842, 2663281.049608586356044 ], [ 10167408.468132004141808, 2663279.367761941626668 ], [ 10167450.066761920228601, 2663277.311359825078398 ], [ 10167478.433317502960563, 2663276.523976847529411 ], [ 10167481.585992494598031, 2663276.951506131328642 ], [ 10167508.787074888125062, 2663244.476928000338376 ], [ 10167546.090796370059252, 2663195.669405010063201 ], [ 10167561.551523849368095, 2663180.380880143959075 ], [ 10167574.060907190665603, 2663192.532739321235567 ], [ 10167591.953964589163661, 2663209.967733005527407 ], [ 10167635.127668181434274, 2663247.53625769726932 ], [ 10167644.696723937988281, 2663256.722097700461745 ], [ 10167722.227445669472218, 2663264.488630393519998 ], [ 10167735.504911599680781, 2663265.279791371431202 ], [ 10167775.402096223086119, 2663296.388490186072886 ], [ 10167811.235802996903658, 2663323.494490926153958 ], [ 10167808.425954276695848, 2663341.973336628172547 ], [ 10167807.170368080958724, 2663349.445708033628762 ], [ 10167790.406199436634779, 2663409.823913778178394 ], [ 10167786.285089246928692, 2663426.558974216226488 ], [ 10167783.502162778750062, 2663442.262204283848405 ], [ 10167779.804891277104616, 2663457.295668527949601 ], [ 10167792.611299498006701, 2663480.766746093519032 ], [ 10167800.792322743684053, 2663491.686520114541054 ], [ 10167825.84974779933691, 2663515.121410858351737 ], [ 10167857.814818223938346, 2663542.137007286306471 ], [ 10167874.286037841811776, 2663559.179178800899535 ], [ 10167881.98200199007988, 2663565.864099450875074 ], [ 10167890.075137626379728, 2663572.288550979457796 ], [ 10167893.313705656677485, 2663563.860112383030355 ], [ 10167949.151725556701422, 2663584.235588813200593 ], [ 10167993.311456076800823, 2663598.199403383303434 ], [ 10168000.646272089332342, 2663601.443749704863876 ], [ 10168017.495086150243878, 2663606.929092463105917 ], [ 10168031.916906306520104, 2663611.829199043568224 ], [ 10168043.358404109254479, 2663612.073342582210898 ], [ 10168050.629413213580847, 2663596.513695321511477 ], [ 10168091.943196287378669, 2663588.053898156154901 ], [ 10168123.836367333307862, 2663581.756409681867808 ], [ 10168117.843699708580971, 2663572.596543779131025 ], [ 10168091.940790629014373, 2663542.864329226780683 ], [ 10168068.751522375270724, 2663513.28981533460319 ], [ 10168089.547193460166454, 2663488.226675834972411 ], [ 10168116.421271691098809, 2663457.193907872308046 ], [ 10168129.145361630246043, 2663458.152881679590791 ], [ 10168132.731498699635267, 2663459.439825626090169 ], [ 10168154.512784954160452, 2663458.411607655696571 ], [ 10168188.735648389905691, 2663477.770833857357502 ], [ 10168200.474489357322454, 2663488.064245057757944 ], [ 10168218.201759217306972, 2663458.430184653494507 ], [ 10168257.070502236485481, 2663479.492311527486891 ], [ 10168269.501314844936132, 2663463.834114452358335 ], [ 10168282.40205910988152, 2663447.206027426756918 ], [ 10168306.941292060539126, 2663418.010726395994425 ], [ 10168331.499048864468932, 2663449.405312551185489 ], [ 10168342.860285660251975, 2663463.552006998565048 ], [ 10168356.349523708224297, 2663477.993316573090851 ], [ 10168393.6809360999614, 2663479.819141095969826 ], [ 10168398.676797553896904, 2663480.050587155390531 ], [ 10168403.206403965130448, 2663477.692874199245125 ], [ 10168412.382805541157722, 2663468.46739940950647 ], [ 10168413.258312387391925, 2663446.719200908672065 ], [ 10168415.349588071927428, 2663437.087061876896769 ], [ 10168420.8878737334162, 2663424.318359022960067 ], [ 10168427.762907745316625, 2663411.136356365401298 ], [ 10168430.591253252699971, 2663401.844050901941955 ], [ 10168433.422005290165544, 2663385.889344345778227 ], [ 10168438.775932028889656, 2663375.992994714062661 ], [ 10168447.651068922132254, 2663360.364807720296085 ], [ 10168464.239336842671037, 2663338.465806331951171 ], [ 10168474.149606117978692, 2663327.012702784035355 ], [ 10168481.506929507479072, 2663331.899378396570683 ], [ 10168499.262017663568258, 2663306.422521215863526 ], [ 10168508.990473031997681, 2663309.31892201770097 ], [ 10168499.647924788296223, 2663329.625264816451818 ], [ 10168494.853982787579298, 2663338.739162066020072 ], [ 10168488.665560582652688, 2663348.133390995673835 ], [ 10168484.353590747341514, 2663352.643556642811745 ], [ 10168478.833116624504328, 2663356.003843521699309 ], [ 10168466.670906569808722, 2663361.575434873811901 ], [ 10168470.26351879350841, 2663368.330637854058295 ], [ 10168470.314315503463149, 2663372.095512523315847 ], [ 10168470.118165004998446, 2663374.369665597565472 ], [ 10168468.959563245996833, 2663377.072184603195637 ], [ 10168463.198169220238924, 2663387.346062669530511 ], [ 10168461.945017904043198, 2663390.835619264747947 ], [ 10168461.841839207336307, 2663392.497896859422326 ], [ 10168463.529295144602656, 2663398.17063931375742 ], [ 10168456.98728010430932, 2663421.506462152116001 ], [ 10168442.8877012450248, 2663447.281682795844972 ], [ 10168442.229429831728339, 2663452.328165331855416 ], [ 10168442.856988620012999, 2663459.512825109064579 ], [ 10168445.899771302938461, 2663469.172315569128841 ], [ 10168447.194521475583315, 2663470.410630603320897 ], [ 10168451.356909209862351, 2663472.377239024266601 ], [ 10168466.252653939649463, 2663476.761180858127773 ], [ 10168478.434457883238792, 2663478.193190878722817 ], [ 10168481.866304913535714, 2663492.671488715335727 ], [ 10168462.62315908819437, 2663491.78332530008629 ], [ 10168431.899179635569453, 2663488.352492242585868 ], [ 10168428.049433071166277, 2663501.191639615688473 ], [ 10168418.241292715072632, 2663500.547879525925964 ], [ 10168415.150142313912511, 2663500.700348993297666 ], [ 10168410.30338391289115, 2663503.849407146219164 ], [ 10168403.550339279696345, 2663512.4993309029378 ], [ 10168400.477892501279712, 2663514.06246081367135 ], [ 10168392.89172382466495, 2663513.988389718346298 ], [ 10168386.4125831797719, 2663516.542480358853936 ], [ 10168380.457841515541077, 2663523.426048486027867 ], [ 10168372.631801588460803, 2663537.774918592069298 ], [ 10168367.068610347807407, 2663545.156857282388955 ], [ 10168363.202009096741676, 2663550.463921031914651 ], [ 10168360.68024386651814, 2663559.416897810064256 ], [ 10168360.033794129267335, 2663566.498239818960428 ], [ 10168358.724636763334274, 2663570.045327086932957 ], [ 10168355.437100615352392, 2663575.241772817913443 ], [ 10168348.474102990701795, 2663584.334774736315012 ], [ 10168331.964433442801237, 2663609.271521890070289 ], [ 10168320.748565807938576, 2663629.335321255493909 ], [ 10168378.289414778351784, 2663652.404146403074265 ], [ 10168408.578964306041598, 2663665.186594235245138 ], [ 10168405.928228477016091, 2663675.295633461792022 ], [ 10168399.620491961017251, 2663693.964275985956192 ], [ 10168389.697812074795365, 2663728.593077182304114 ], [ 10168376.677469789981842, 2663765.75954349571839 ], [ 10168367.401877034455538, 2663799.38000142481178 ], [ 10168348.812863640487194, 2663860.392977103125304 ], [ 10168343.318849561735988, 2663883.990239665377885 ], [ 10168341.533285295590758, 2663890.966103426646441 ], [ 10168341.463882701471448, 2663891.237029769923538 ], [ 10168355.645699614658952, 2663898.962907109875232 ], [ 10168367.018307652324438, 2663904.37315866118297 ], [ 10168377.589093644171953, 2663909.401926860678941 ], [ 10168379.548022028058767, 2663909.869484704453498 ], [ 10168381.691463984549046, 2663909.711070294491947 ], [ 10168387.193147610872984, 2663903.755518705118448 ], [ 10168394.995771193876863, 2663893.114105826709419 ], [ 10168399.749687569215894, 2663890.649196617305279 ], [ 10168403.692723643034697, 2663888.983664117287844 ], [ 10168410.783283062279224, 2663884.837432271335274 ], [ 10168426.230369264259934, 2663877.929949871730059 ], [ 10168430.986873673275113, 2663875.195998123381287 ], [ 10168436.138478018343449, 2663868.519530934281647 ], [ 10168440.288487002253532, 2663863.896199058741331 ], [ 10168442.80534472502768, 2663862.037260714918375 ], [ 10168448.179622726514935, 2663860.02682890323922 ], [ 10168452.319269947707653, 2663859.406061585061252 ], [ 10168468.350971605628729, 2663857.002138265874237 ], [ 10168476.044606214389205, 2663855.104011792689562 ], [ 10168484.835001580417156, 2663850.531338323373348 ], [ 10168485.014441598206758, 2663850.438076604623348 ], [ 10168489.788199737668037, 2663845.910472082905471 ], [ 10168494.173643045127392, 2663836.807623227126896 ], [ 10168498.89279530197382, 2663819.453819927293807 ], [ 10168499.098864087834954, 2663816.585749529767781 ], [ 10168498.874472869560122, 2663812.099048303440213 ], [ 10168493.163900723680854, 2663802.7155800932087 ], [ 10168491.617403468117118, 2663801.114495898596942 ], [ 10168482.902306232601404, 2663792.092077515553683 ], [ 10168482.293216686695814, 2663790.471742925234139 ], [ 10168483.60954213514924, 2663765.015874413773417 ], [ 10168485.878032190725207, 2663735.905889962334186 ], [ 10168486.968903100118041, 2663721.905943651217967 ], [ 10168487.585561461746693, 2663695.005205126944929 ], [ 10168487.949221029877663, 2663680.551278931554407 ], [ 10168488.022595558315516, 2663677.632750620134175 ], [ 10168506.489413527771831, 2663650.637209692969918 ], [ 10168518.162501567974687, 2663636.508486395701766 ], [ 10168525.84976589679718, 2663626.000227315351367 ], [ 10168531.663940766826272, 2663615.383983085397631 ], [ 10168535.111535832285881, 2663611.376891847234219 ], [ 10168535.184006556868553, 2663611.292630763258785 ], [ 10168559.221504228189588, 2663595.215635541826487 ], [ 10168583.124724900349975, 2663578.228612985927612 ], [ 10168590.424864545464516, 2663570.855714826378971 ], [ 10168597.541306138038635, 2663561.301335832104087 ], [ 10168599.102340059354901, 2663560.869491551537067 ], [ 10168600.655877377837896, 2663561.220012466888875 ], [ 10168616.717513659968972, 2663579.060417029075325 ], [ 10168619.608591655269265, 2663581.038207485806197 ], [ 10168621.292370231822133, 2663581.343467608559877 ], [ 10168650.456816939637065, 2663586.630983208306134 ], [ 10168674.63086711242795, 2663590.37167112249881 ], [ 10168675.506931867450476, 2663590.302675471641123 ], [ 10168679.346013737842441, 2663589.999947576783597 ], [ 10168682.26383531652391, 2663589.192782429978251 ], [ 10168692.008744474500418, 2663584.552821974270046 ], [ 10168695.496985524892807, 2663582.080175723414868 ], [ 10168697.592886567115784, 2663580.290183793753386 ], [ 10168699.676622213795781, 2663579.753443508874625 ], [ 10168706.567129211500287, 2663583.719858708325773 ], [ 10168719.566919269040227, 2663600.836532305460423 ], [ 10168722.052148673683405, 2663607.058049988467246 ], [ 10168723.983291260898113, 2663607.650425147265196 ], [ 10168713.98892505094409, 2663651.489511165767908 ], [ 10168708.110977293923497, 2663656.045665511861444 ], [ 10168698.449901342391968, 2663661.790602826979011 ], [ 10168698.005720153450966, 2663670.962192866485566 ], [ 10168713.493589829653502, 2663675.879786649718881 ], [ 10168714.549245230853558, 2663677.081760690081865 ], [ 10168714.298347039148211, 2663678.509300053585321 ], [ 10168707.625015119090676, 2663694.174285755027086 ], [ 10168689.114078920334578, 2663695.3046372118406 ], [ 10168682.29768087156117, 2663701.196587689220905 ], [ 10168678.21089811809361, 2663706.876690046396106 ], [ 10168676.263125691562891, 2663712.101060732267797 ], [ 10168675.86026824824512, 2663716.983029784169048 ], [ 10168676.022129425778985, 2663724.58772610547021 ], [ 10168681.182890176773071, 2663732.2599002183415 ], [ 10168684.247550323605537, 2663735.724962731357664 ], [ 10168688.172038240358233, 2663738.661677655763924 ], [ 10168695.724209232255816, 2663742.063238928560168 ], [ 10168703.288862390443683, 2663744.176631897687912 ], [ 10168710.251242903992534, 2663744.951888892799616 ], [ 10168722.316835442557931, 2663745.606271936558187 ], [ 10168735.553334932774305, 2663746.701447715982795 ], [ 10168753.553667673841119, 2663755.465150702279061 ], [ 10168760.990786286070943, 2663759.724362635985017 ], [ 10168765.986557068303227, 2663762.349386720452458 ], [ 10168768.225663701072335, 2663762.800606417935342 ], [ 10168770.576780116185546, 2663762.716244553681463 ], [ 10168784.07039493508637, 2663759.305033978074789 ], [ 10168796.746212858706713, 2663756.723819916136563 ], [ 10168807.021694622933865, 2663754.676942028105259 ], [ 10168818.573856245726347, 2663753.179136754944921 ], [ 10168824.473779918625951, 2663753.759040309581906 ], [ 10168831.74078656360507, 2663753.507837160956115 ], [ 10168834.52323554828763, 2663752.998184708412737 ], [ 10168838.817793214693666, 2663750.785608957055956 ], [ 10168857.182341031730175, 2663740.766046825796366 ], [ 10168861.046507591381669, 2663738.871419106610119 ], [ 10168862.755688518285751, 2663738.88810273911804 ], [ 10168865.445329707115889, 2663739.408068689052016 ], [ 10168867.587957084178925, 2663738.784921766258776 ], [ 10168874.674245964735746, 2663735.096610760781914 ], [ 10168884.137520061805844, 2663728.640369978267699 ], [ 10168884.320733554661274, 2663709.615060906857252 ], [ 10168899.463669082149863, 2663702.247916833497584 ], [ 10168902.02727179415524, 2663702.272880775853992 ], [ 10168903.815977428108454, 2663715.305676568299532 ], [ 10168904.91099420748651, 2663712.525321152526885 ], [ 10168911.3147137388587, 2663702.067195943556726 ], [ 10168919.558980625122786, 2663691.363423420581967 ], [ 10168933.054106364026666, 2663676.680338744074106 ], [ 10168946.446373479440808, 2663683.788514795247465 ], [ 10168939.481825953349471, 2663697.032201947178692 ], [ 10168933.256673326715827, 2663708.82913934905082 ], [ 10168932.471805015578866, 2663712.686190568376333 ], [ 10168927.046470329165459, 2663722.427239215932786 ], [ 10168920.439548946917057, 2663731.809750901535153 ], [ 10168919.789273792877793, 2663732.769552233628929 ], [ 10168920.000821711495519, 2663732.986335557419807 ], [ 10168921.492223408073187, 2663733.430312081240118 ], [ 10168923.411895656958222, 2663733.770991971250623 ], [ 10168930.145687563344836, 2663733.407101062592119 ], [ 10168950.559883696958423, 2663732.424975575879216 ], [ 10168957.619339238852262, 2663731.52750746672973 ], [ 10168962.420051233842969, 2663732.218311951961368 ], [ 10168965.078249163925648, 2663733.532384792342782 ], [ 10168961.800714246928692, 2663752.179540209472179 ], [ 10168948.116285165771842, 2663753.227207787334919 ], [ 10168933.147881468757987, 2663754.477096737828106 ], [ 10168921.785632254555821, 2663758.445896733086556 ], [ 10168917.505549883469939, 2663759.155670508742332 ], [ 10168913.766799906268716, 2663759.119235571008176 ], [ 10168904.599867464974523, 2663756.990323530044407 ], [ 10168889.990180695429444, 2663754.271750357467681 ], [ 10168886.045059410855174, 2663753.481880056206137 ], [ 10168884.442707546055317, 2663753.466261974070221 ], [ 10168882.40384753420949, 2663754.412571305409074 ], [ 10168875.735471669584513, 2663759.07110357331112 ], [ 10168864.631712548434734, 2663765.958786591421813 ], [ 10168864.093439651653171, 2663766.382896078750491 ], [ 10168857.552589757367969, 2663768.895577267743647 ], [ 10168843.729192784056067, 2663773.269732948858291 ], [ 10168834.95028343051672, 2663775.223976672161371 ], [ 10168822.931530226022005, 2663777.697643592488021 ], [ 10168810.729068314656615, 2663780.155144113581628 ], [ 10168799.900818118825555, 2663784.129071654286236 ], [ 10168791.814152279868722, 2663787.184473752509803 ], [ 10168774.507355596870184, 2663798.287700007669628 ], [ 10168769.128089325502515, 2663802.207223044708371 ], [ 10168766.983334198594093, 2663803.045236327219754 ], [ 10168765.809359449893236, 2663802.926423254888505 ], [ 10168760.058573625981808, 2663801.045359323732555 ], [ 10168734.476285664364696, 2663795.106470769736916 ], [ 10168724.212812758982182, 2663792.751848062966019 ], [ 10168704.356476631015539, 2663791.270109449978918 ], [ 10168696.46411987580359, 2663789.904931388329715 ], [ 10168693.800862152129412, 2663789.127565404865891 ], [ 10168691.350694432854652, 2663787.06302841566503 ], [ 10168685.611345229670405, 2663784.001209787558764 ], [ 10168682.206513069570065, 2663782.572525676805526 ], [ 10168674.108748922124505, 2663780.346575369592756 ], [ 10168665.580597685649991, 2663778.438459889031947 ], [ 10168660.111613938584924, 2663777.930928529240191 ], [ 10168659.460372174158692, 2663778.998051104135811 ], [ 10168658.817226432263851, 2663779.22240477334708 ], [ 10168657.42168060131371, 2663779.208764642942697 ], [ 10168657.504713475704193, 2663781.678727464750409 ], [ 10168656.734266949817538, 2663784.032844842411578 ], [ 10168649.348249524831772, 2663796.628357975743711 ], [ 10168647.826483288779855, 2663799.454343821387738 ], [ 10168647.803742498159409, 2663801.815806416328996 ], [ 10168648.395554147660732, 2663811.853514257352799 ], [ 10168671.93029398098588, 2663819.274484396446496 ], [ 10168706.430293377488852, 2663852.670086454134434 ], [ 10168708.018028281629086, 2663855.184745678212494 ], [ 10168710.347243707627058, 2663872.213803820312023 ], [ 10168713.767243251204491, 2663884.388710054103285 ], [ 10168719.693763909861445, 2663885.359658972825855 ], [ 10168724.049578409641981, 2663885.645461164414883 ], [ 10168732.041946843266487, 2663885.480027198791504 ], [ 10168737.260478369891644, 2663884.1925989841111 ], [ 10168741.772579453885555, 2663880.829958574846387 ], [ 10168745.937608890235424, 2663876.962509011849761 ], [ 10168762.100683899596334, 2663856.939152901060879 ], [ 10168766.784175159409642, 2663852.807280430570245 ], [ 10168769.212413081899285, 2663852.101020866539329 ], [ 10168780.262867445126176, 2663848.680463773198426 ], [ 10168792.248934898525476, 2663845.416778295766562 ], [ 10168799.819266961887479, 2663842.057951085269451 ], [ 10168802.015969673171639, 2663840.254412651062012 ], [ 10168810.528821859508753, 2663836.322486862074584 ], [ 10168815.868414256721735, 2663835.036249369382858 ], [ 10168824.109829191118479, 2663834.143222809303552 ], [ 10168832.58880459703505, 2663833.739155992399901 ], [ 10168833.438576344400644, 2663833.504100824240595 ], [ 10168848.946053348481655, 2663832.438517604954541 ], [ 10168851.485943319275975, 2663832.706535703502595 ], [ 10168853.303024781867862, 2663833.287863950245082 ], [ 10168861.610545305535197, 2663837.428246065508574 ], [ 10168879.40337504260242, 2663850.497600116301328 ], [ 10168884.341041557490826, 2663853.222223910503089 ], [ 10168889.773559279739857, 2663854.856735789682716 ], [ 10168897.094449101015925, 2663855.441226412542164 ], [ 10168899.154195742681623, 2663867.870728412177414 ], [ 10168908.095062477514148, 2663869.782723593059927 ], [ 10168909.557889018207788, 2663856.170871232636273 ], [ 10168909.926943887025118, 2663855.566196275874972 ], [ 10168910.050327526405454, 2663855.32408383442089 ], [ 10168912.107204597443342, 2663855.46569241117686 ], [ 10168937.094162425026298, 2663863.251938677858561 ], [ 10168936.384041890501976, 2663871.221353660337627 ], [ 10168929.772648300975561, 2663873.422608234919608 ], [ 10168928.939905662089586, 2663891.053930788766593 ], [ 10168924.356579126790166, 2663895.921166259329766 ], [ 10168924.205691780894995, 2663903.398923283908516 ], [ 10168924.363483237102628, 2663920.482580652460456 ], [ 10168923.980100838467479, 2663937.658954966347665 ], [ 10168924.045496920123696, 2663954.199269891250879 ], [ 10168919.944946685805917, 2663954.604729386977851 ], [ 10168919.89264546148479, 2663963.182487801648676 ], [ 10168920.029142124578357, 2663973.248999398201704 ], [ 10168932.49480564892292, 2663973.757079368457198 ], [ 10168944.140447478741407, 2663974.559596773702651 ], [ 10168943.779623117297888, 2663981.037873190362006 ], [ 10168938.664631029590964, 2663982.489563160110265 ], [ 10168938.690242717042565, 2663988.966290649492294 ], [ 10168939.498616838827729, 2663992.515463640447706 ], [ 10168931.816792448982596, 2663992.961412847042084 ], [ 10168931.25162342749536, 2663997.944556099362671 ], [ 10168919.720952210947871, 2664000.983813756611198 ], [ 10168908.056065987795591, 2664004.957947067450732 ], [ 10168896.071845749393106, 2664009.967538465745747 ], [ 10168895.213466120883822, 2664031.12825318146497 ], [ 10168907.470553109422326, 2664047.840871333144605 ], [ 10168901.98741446249187, 2664052.800285638310015 ], [ 10168907.535625150427222, 2664064.294750690460205 ], [ 10168914.643529448658228, 2664056.31502573704347 ], [ 10168918.204445652663708, 2664043.22177846217528 ], [ 10168911.863111823797226, 2664026.945550314150751 ], [ 10168932.638269076123834, 2664015.13840467017144 ], [ 10168953.477476490661502, 2664003.330980567261577 ], [ 10168964.799647092819214, 2663995.159135084599257 ], [ 10168994.338188413530588, 2664023.254113799892366 ], [ 10168991.270457953214645, 2664035.768079464323819 ], [ 10168997.777769565582275, 2664044.715959739871323 ], [ 10168989.025271130725741, 2664049.129550147801638 ], [ 10168979.285240881145, 2664053.980999713297933 ], [ 10168969.544599466025829, 2664058.656726222485304 ], [ 10168959.672842415049672, 2664063.376943057402968 ], [ 10168949.23177863098681, 2664068.011544264387339 ], [ 10168938.659187717363238, 2664072.602665726095438 ], [ 10168928.218728920444846, 2664077.369099866133183 ], [ 10168924.454314589500427, 2664079.162195862270892 ], [ 10168918.215729663148522, 2664082.133790739811957 ], [ 10168918.669229852035642, 2664086.153348863124847 ], [ 10168920.97557937912643, 2664093.901381542440504 ], [ 10168922.952484603971243, 2664102.566148416604847 ], [ 10168923.936370147392154, 2664118.929745526053011 ], [ 10168924.652028948068619, 2664135.628292919602245 ], [ 10168925.224753456190228, 2664146.065939919557422 ], [ 10168925.975849805399776, 2664156.799505479633808 ], [ 10168926.669286241754889, 2664167.889167873188853 ], [ 10168927.362287977710366, 2664178.860232291743159 ], [ 10168928.645998161286116, 2664189.888309452217072 ], [ 10168934.62924655713141, 2664192.59038874367252 ], [ 10168941.662916259840131, 2664186.975904678460211 ], [ 10168949.773099789395928, 2664180.689985743258148 ], [ 10168951.405000252649188, 2664179.192382017616183 ], [ 10168956.844740249216557, 2664174.199858982581645 ], [ 10168964.913563031703234, 2664167.955946396570653 ], [ 10168970.0849046446383, 2664177.857895754743367 ], [ 10168973.547966562211514, 2664184.309453650377691 ], [ 10168980.929253786802292, 2664198.060153272002935 ], [ 10168987.430210024118423, 2664211.286513587925583 ], [ 10168991.706690294668078, 2664224.298382991459221 ], [ 10168996.654309475794435, 2664238.349915454164147 ], [ 10169001.603757681325078, 2664252.848091572523117 ], [ 10169006.775825040414929, 2664267.419985488522798 ], [ 10169011.57300665974617, 2664280.876466937828809 ], [ 10169016.669180199503899, 2664295.001980704721063 ], [ 10169021.84161421097815, 2664309.648200879339129 ], [ 10169027.016109194606543, 2664324.815688884351403 ], [ 10169031.969252115115523, 2664340.207422374747694 ], [ 10169031.208413494750857, 2664353.984115707222372 ], [ 10169029.78167999535799, 2664368.061177070718259 ], [ 10169028.877901874482632, 2664383.178595181088895 ], [ 10169028.122412612661719, 2664398.29545374494046 ], [ 10169026.923639241605997, 2664413.786280787549913 ], [ 10169025.559585373848677, 2664424.959578993730247 ], [ 10169038.046775626018643, 2664433.695020352490246 ], [ 10169050.982387883588672, 2664443.322012217249721 ], [ 10169065.107446106150746, 2664453.837685307953507 ], [ 10169079.679681856185198, 2664464.947185920551419 ], [ 10169090.094238590449095, 2664474.360931358765811 ], [ 10169094.221093231812119, 2664487.001322203781456 ], [ 10169098.202056767418981, 2664500.237961296457797 ], [ 10169101.963378166779876, 2664514.145486318971962 ], [ 10169106.32096223346889, 2664528.869712171610445 ], [ 10169110.680499946698546, 2664544.115103727672249 ], [ 10169114.815715830773115, 2664558.840161021798849 ], [ 10169116.844688544049859, 2664565.830572546925396 ], [ 10169112.501891767606139, 2664573.516738663427532 ], [ 10169103.495510552078485, 2664582.784952255431563 ], [ 10169092.859015792608261, 2664592.20872637629509 ], [ 10169082.668760601431131, 2664602.002905850298703 ], [ 10169072.035097086802125, 2664612.17115392582491 ], [ 10169060.733572289347649, 2664622.118716756347567 ], [ 10169049.954090552404523, 2664632.883097065612674 ], [ 10169043.312729990109801, 2664640.429522684775293 ], [ 10169041.127399554476142, 2664650.117227628361434 ], [ 10169026.621355442330241, 2664655.759325937367976 ], [ 10169012.12509723380208, 2664663.858283490408212 ], [ 10169005.405851567164063, 2664670.43702788837254 ], [ 10169004.940878178924322, 2664684.063931873999536 ], [ 10169006.689859366044402, 2664695.224934974685311 ], [ 10168990.627279117703438, 2664700.873308677226305 ], [ 10168972.562073741108179, 2664706.231730656232685 ], [ 10168964.004641572013497, 2664716.615052008535713 ], [ 10168955.078785914927721, 2664727.520912539213896 ], [ 10168948.610426716506481, 2664728.777099638711661 ], [ 10168938.742843758314848, 2664730.085655919741839 ], [ 10168929.199541164562106, 2664731.688017682172358 ], [ 10168920.480207165703177, 2664733.552750052884221 ], [ 10168911.762619121000171, 2664735.889618018176407 ], [ 10168902.603707985952497, 2664738.080713567323983 ], [ 10168894.679072732105851, 2664740.325898907147348 ], [ 10168887.955626111477613, 2664741.680922297295183 ], [ 10168882.290610576048493, 2664743.179271378554404 ], [ 10168878.145336344838142, 2664742.605547075159848 ], [ 10168871.406636081635952, 2664740.094262639526278 ], [ 10168861.905214108526707, 2664737.387413448654115 ], [ 10168860.439394297078252, 2664760.733092362992465 ], [ 10168852.20757894217968, 2664761.367546211462468 ], [ 10168847.147792404517531, 2664770.887757406570017 ], [ 10168846.521225264295936, 2664772.624327022116631 ], [ 10168849.887075297534466, 2664772.485879733692855 ], [ 10168848.892994213849306, 2664777.063982482999563 ], [ 10168847.85461257211864, 2664781.84646438062191 ], [ 10168845.185322601348162, 2664794.139422064647079 ], [ 10168844.365569900721312, 2664797.914671968668699 ], [ 10168835.820735124871135, 2664798.504479550290853 ], [ 10168834.163758061826229, 2664801.455779982730746 ], [ 10168828.638382833451033, 2664811.297274360898882 ], [ 10168826.484157245606184, 2664816.511809427756816 ], [ 10168805.065933052450418, 2664814.088133926037699 ], [ 10168804.796514559537172, 2664810.863717974629253 ], [ 10168802.667250255122781, 2664810.099735024850816 ], [ 10168785.580233123153448, 2664805.301930541638285 ], [ 10168782.20470842346549, 2664804.369685714133084 ], [ 10168761.397661965340376, 2664798.62278542900458 ], [ 10168756.310555232688785, 2664796.257530463393778 ], [ 10168753.923679623752832, 2664794.421952712349594 ], [ 10168745.745078891515732, 2664780.146282094996423 ], [ 10168737.363002115860581, 2664762.573852876201272 ], [ 10168735.417550969868898, 2664756.514139019418508 ], [ 10168733.86119150929153, 2664751.666216202545911 ], [ 10168730.508279806002975, 2664746.096047079656273 ], [ 10168726.044567953795195, 2664741.4213109430857 ], [ 10168715.385054498910904, 2664735.075206663459539 ], [ 10168704.305366879329085, 2664730.738573360722512 ], [ 10168694.003857797011733, 2664728.825838315300643 ], [ 10168688.195174193009734, 2664728.567898939363658 ], [ 10168673.311456888914108, 2664730.179468913003802 ], [ 10168652.756294824182987, 2664731.791353103239089 ], [ 10168648.649763459339738, 2664731.650642178487033 ], [ 10168646.356155950576067, 2664730.520729260053486 ], [ 10168644.967147570103407, 2664729.097702195867896 ], [ 10168629.917456666007638, 2664689.685482016764581 ], [ 10168629.028414851054549, 2664688.367912046145648 ], [ 10168626.786463404074311, 2664687.484879040624946 ], [ 10168612.470893973484635, 2664686.237822400406003 ], [ 10168593.070143291726708, 2664682.424141949042678 ], [ 10168590.882663091644645, 2664680.691197571810335 ], [ 10168568.30180929787457, 2664643.017794059123844 ], [ 10168567.107407100498676, 2664642.200715294107795 ], [ 10168558.673071568831801, 2664640.67248523235321 ], [ 10168540.353106796741486, 2664639.084250940009952 ], [ 10168539.35899742692709, 2664638.269154479727149 ], [ 10168536.653850588947535, 2664627.872689615003765 ], [ 10168531.951133821159601, 2664627.22269491199404 ], [ 10168528.692775644361973, 2664632.627591229043901 ], [ 10168522.142992964014411, 2664636.490219220519066 ], [ 10168510.99638925306499, 2664639.099818403366953 ], [ 10168496.261708160862327, 2664639.761461235582829 ], [ 10168472.230459701269865, 2664640.625223658047616 ], [ 10168451.898112613707781, 2664639.923418358899653 ], [ 10168447.026935771107674, 2664651.543555859941989 ], [ 10168444.833554765209556, 2664658.244740593247116 ], [ 10168444.385877901688218, 2664662.620258675888181 ], [ 10168445.789160504937172, 2664674.754907007329166 ], [ 10168447.258407063782215, 2664680.06585980206728 ], [ 10168449.557045878842473, 2664683.449579207226634 ], [ 10168458.205345008522272, 2664693.29962450126186 ], [ 10168473.884966606274247, 2664707.101649377960712 ], [ 10168483.725349571555853, 2664716.772317265160382 ], [ 10168487.723560314625502, 2664722.617225059308112 ], [ 10168489.804841913282871, 2664727.526706107892096 ], [ 10168491.564331734552979, 2664734.266490514855832 ], [ 10168494.847999354824424, 2664742.488673932850361 ], [ 10168498.020122427493334, 2664751.113422142807394 ], [ 10168503.847675474360585, 2664766.958311388734728 ], [ 10168508.1263427156955, 2664775.250483854208142 ], [ 10168515.865803020074964, 2664782.048647041432559 ], [ 10168525.043978728353977, 2664786.823776894714683 ], [ 10168546.367443727329373, 2664797.377827589865774 ], [ 10168557.165369901806116, 2664802.372382255736738 ], [ 10168575.038423266261816, 2664809.473028181586415 ], [ 10168578.878879941999912, 2664810.34950361866504 ], [ 10168582.511988503858447, 2664811.728499712888151 ], [ 10168589.614382779225707, 2664812.591682110447437 ], [ 10168591.499393662437797, 2664812.487873760517687 ], [ 10168595.332649160176516, 2664812.036760303657502 ], [ 10168596.548008866608143, 2664812.048590040300041 ], [ 10168597.214638201519847, 2664812.238327603321522 ], [ 10168599.682050632312894, 2664814.76622308511287 ], [ 10168605.87948228046298, 2664821.239118247758597 ], [ 10168608.941059777513146, 2664825.177541104611009 ], [ 10168609.843706380575895, 2664826.102460873313248 ], [ 10168611.412596873939037, 2664827.27806244418025 ], [ 10168615.662999296560884, 2664833.976268647238612 ], [ 10168619.540082791820168, 2664842.179787387605757 ], [ 10168621.72676064632833, 2664848.613555889111012 ], [ 10168627.144295789301395, 2664860.330975566059351 ], [ 10168631.9393958915025, 2664867.921269600279629 ], [ 10168643.654019337147474, 2664882.08190437592566 ], [ 10168648.327166052535176, 2664890.145315093453974 ], [ 10168654.809604795649648, 2664898.973372107371688 ], [ 10168657.441090289503336, 2664903.396090432070196 ], [ 10168660.231904556974769, 2664910.202168011106551 ], [ 10168661.979031436145306, 2664918.848153301049024 ], [ 10168665.503475867211819, 2664937.814543892163783 ], [ 10168667.427555108442903, 2664946.249969688709825 ], [ 10168670.623178482055664, 2664955.197533773258328 ], [ 10168674.858368251472712, 2664963.483509485144168 ], [ 10168675.144552282989025, 2664965.318386341910809 ], [ 10168674.485511342063546, 2664976.901364149525762 ], [ 10168674.676822260022163, 2664982.277536290697753 ], [ 10168679.906088400632143, 2665006.673210884444416 ], [ 10168679.765776785090566, 2665008.626166628208011 ], [ 10168679.574589977040887, 2665009.540265567600727 ], [ 10168677.583424836397171, 2665014.345524314325303 ], [ 10168676.876690382137895, 2665018.308347746729851 ], [ 10168677.334069421514869, 2665021.305302530527115 ], [ 10168680.145156245678663, 2665029.91886804625392 ], [ 10168665.936067126691341, 2665029.71467267954722 ], [ 10168643.124868739396334, 2665030.896478237584233 ], [ 10168575.88518588244915, 2665034.379833073355258 ], [ 10168533.108503755182028, 2665036.444984949193895 ], [ 10168538.126349089667201, 2665067.760090549010783 ], [ 10168543.95562732219696, 2665097.827739800792187 ], [ 10168546.955484742298722, 2665105.556692567188293 ], [ 10168560.4312844555825, 2665116.880684268660843 ], [ 10168576.580475844442844, 2665130.19868247397244 ], [ 10168596.451002290472388, 2665143.483224178664386 ], [ 10168616.77654636465013, 2665155.243055444210768 ], [ 10168632.296302631497383, 2665163.567086422350258 ], [ 10168635.416454808786511, 2665169.993197772651911 ], [ 10168636.927923636510968, 2665178.248689740430564 ], [ 10168639.06669026426971, 2665184.911251696757972 ], [ 10168651.412538081407547, 2665186.507666135206819 ], [ 10168667.048075145110488, 2665176.943443744909018 ], [ 10168659.581669799983501, 2665164.325131434947252 ], [ 10168658.344491383060813, 2665157.559622031170875 ], [ 10168659.380908047780395, 2665151.943477152381092 ], [ 10168666.245958747342229, 2665152.997466356027871 ], [ 10168677.546630447730422, 2665155.699467597063631 ], [ 10168679.590987060219049, 2665157.594867942389101 ], [ 10168686.582367014139891, 2665176.120961364358664 ], [ 10168700.804570160806179, 2665176.508238404989243 ], [ 10168702.977802971377969, 2665170.471805742476135 ], [ 10168706.481545293703675, 2665159.835573646705598 ], [ 10168708.601534238085151, 2665159.324816959444433 ], [ 10168731.215505056083202, 2665161.033127960748971 ], [ 10168742.150469997897744, 2665145.623632819857448 ], [ 10168729.983499366790056, 2665133.749654047656804 ], [ 10168707.241761669516563, 2665112.379567650146782 ], [ 10168696.946839705109596, 2665103.626106536481529 ], [ 10168689.362068144604564, 2665089.630379137583077 ], [ 10168687.594136441126466, 2665086.531161139253527 ], [ 10168680.021129503846169, 2665080.682084436994046 ], [ 10168665.139246830716729, 2665066.721434632781893 ], [ 10168662.815941944718361, 2665054.439615689683706 ], [ 10168673.302377561107278, 2665041.682757121510804 ], [ 10168676.591512167826295, 2665040.545789035968482 ], [ 10168696.879114018753171, 2665042.231434101238847 ], [ 10168715.77591197937727, 2665058.178599428385496 ], [ 10168719.501103645190597, 2665062.010259637609124 ], [ 10168725.609403733164072, 2665071.024771994445473 ], [ 10168728.545882081612945, 2665083.334568334743381 ], [ 10168738.271670415997505, 2665097.565595066640526 ], [ 10168747.844343952834606, 2665108.149023708421737 ], [ 10168756.522474782541394, 2665123.499892439227551 ], [ 10168761.481072589755058, 2665139.311551249120384 ], [ 10168765.231742994859815, 2665155.211437043733895 ], [ 10168782.200318783521652, 2665164.502373599912971 ], [ 10168776.678027134388685, 2665173.878929419443011 ], [ 10168765.765965675935149, 2665170.190562864765525 ], [ 10168758.570305116474628, 2665168.329484865535051 ], [ 10168755.854027111083269, 2665168.388320170808583 ], [ 10168746.417625293135643, 2665174.205226477701217 ], [ 10168738.76751171797514, 2665184.279842401389033 ], [ 10168732.645591063424945, 2665194.283995229750872 ], [ 10168729.642686374485493, 2665197.666213204152882 ], [ 10168724.451583493500948, 2665199.150769801810384 ], [ 10168717.038238191977143, 2665200.38839118834585 ], [ 10168714.388686990365386, 2665202.324182942509651 ], [ 10168712.493110749870539, 2665205.29074185853824 ], [ 10168712.388448854908347, 2665207.336609591264278 ], [ 10168712.71143782697618, 2665209.04545432375744 ], [ 10168713.715778078883886, 2665210.505083417985588 ], [ 10168716.075369181111455, 2665212.2338438462466 ], [ 10168723.580908125266433, 2665217.168336476199329 ], [ 10168739.597776517271996, 2665230.854413447901607 ], [ 10168730.01891272328794, 2665238.522220027633011 ], [ 10168718.163398720324039, 2665232.155839203856885 ], [ 10168700.525007154792547, 2665221.920048101805151 ], [ 10168689.74931831844151, 2665216.439365568105131 ], [ 10168689.624686863273382, 2665229.368683557026088 ], [ 10168701.648990023881197, 2665247.606265069916844 ], [ 10168707.371102461591363, 2665255.163746803067625 ], [ 10168712.239715306088328, 2665259.554179569706321 ], [ 10168717.225629469379783, 2665261.971756155136973 ], [ 10168705.534326588734984, 2665270.473573386203498 ], [ 10168690.366450799629092, 2665260.912664744537324 ], [ 10168673.450350841507316, 2665253.048677223268896 ], [ 10168665.722286147996783, 2665249.814799555577338 ], [ 10168663.479577185586095, 2665248.114913518540561 ], [ 10168661.444795709103346, 2665245.232553619425744 ], [ 10168660.003081420436502, 2665241.961221788078547 ], [ 10168652.700631394982338, 2665251.71456610923633 ], [ 10168617.330781653523445, 2665251.243526437319815 ], [ 10168617.023245984688401, 2665283.134431235492229 ], [ 10168620.582952411845326, 2665304.816414153203368 ], [ 10168622.841576589271426, 2665325.095504637341946 ], [ 10168622.185172351077199, 2665340.972319618333131 ], [ 10168618.089546501636505, 2665348.115249480586499 ], [ 10168625.080304857343435, 2665355.235829229000956 ], [ 10168637.787911031395197, 2665363.250738020986319 ], [ 10168648.924949504435062, 2665367.102575435303152 ], [ 10168661.736636472865939, 2665368.847476832102984 ], [ 10168673.930036390200257, 2665367.55003665573895 ], [ 10168690.34327806532383, 2665367.102991815656424 ], [ 10168692.873016577214003, 2665389.313761152792722 ], [ 10168694.914252547547221, 2665408.212313108146191 ], [ 10168695.168116178363562, 2665444.534056629985571 ], [ 10168695.822124365717173, 2665460.517948830500245 ], [ 10168697.925453457981348, 2665472.071686426177621 ], [ 10168692.992654284462333, 2665492.965408939868212 ], [ 10168685.43236468359828, 2665513.497390086762607 ], [ 10168681.231437942013144, 2665531.56562093924731 ], [ 10168678.646660691127181, 2665535.434575019869953 ], [ 10168667.078476153314114, 2665534.512502337805927 ], [ 10168662.480548618361354, 2665541.549404745455831 ], [ 10168653.700846580788493, 2665554.211076140869409 ], [ 10168647.425792243331671, 2665563.925896156113595 ], [ 10168634.690916648134589, 2665569.163658424280584 ], [ 10168621.151620460674167, 2665574.292362825013697 ], [ 10168619.688055381178856, 2665590.104021122213453 ], [ 10168617.180597834289074, 2665610.009896330535412 ], [ 10168617.313773905858397, 2665617.711244077421725 ], [ 10168624.021595019847155, 2665618.20908352965489 ], [ 10168632.689407164230943, 2665620.715178448706865 ], [ 10168654.765711018815637, 2665628.888944841455668 ], [ 10168674.733883950859308, 2665637.559259930625558 ], [ 10168685.091002041473985, 2665640.029787134379148 ], [ 10168724.667821636423469, 2665641.107497666496783 ], [ 10168755.978879075497389, 2665641.239815025124699 ], [ 10168772.084585409611464, 2665639.926504951901734 ], [ 10168779.573566881939769, 2665639.740048588253558 ], [ 10168789.367482956498861, 2665641.478646621573716 ], [ 10168794.911990899592638, 2665632.308802453335375 ], [ 10168801.319167513400316, 2665624.492962050251663 ], [ 10168794.489045253023505, 2665613.61902971426025 ], [ 10168785.910361947491765, 2665596.466019994579256 ], [ 10168780.988474501296878, 2665585.747443704865873 ], [ 10168823.177557598799467, 2665561.246520383283496 ], [ 10168828.315516488626599, 2665507.90444810455665 ], [ 10168862.340617476031184, 2665513.261268094647676 ], [ 10168862.828387124463916, 2665483.470328829716891 ], [ 10168889.109835017472506, 2665473.079905168619007 ], [ 10168920.289093328639865, 2665460.253109845332801 ], [ 10168909.703711718320847, 2665453.180931843817234 ], [ 10168909.817816099151969, 2665451.7680643373169 ], [ 10168911.338817404583097, 2665450.368740447796881 ], [ 10168923.400898959487677, 2665445.04915434634313 ], [ 10168931.965106301009655, 2665411.498854213394225 ], [ 10168939.652304483577609, 2665392.363452353980392 ], [ 10168942.725714631378651, 2665381.101686758454889 ], [ 10168941.175543390214443, 2665362.283014456741512 ], [ 10168937.313528347760439, 2665309.551274979487062 ], [ 10168948.137599151581526, 2665303.697252082172781 ], [ 10168954.379743149504066, 2665319.911216867156327 ], [ 10168959.013217514380813, 2665341.128059295471758 ], [ 10168959.827653039246798, 2665359.879008338321 ], [ 10168963.3136848770082, 2665384.035932711325586 ], [ 10168963.544697187840939, 2665387.591133718378842 ], [ 10168965.110648613423109, 2665390.182320632506162 ], [ 10168969.496321527287364, 2665393.689104409888387 ], [ 10168974.329783739522099, 2665396.578571387566626 ], [ 10168975.036765709519386, 2665396.585459519177675 ], [ 10168978.076628984883428, 2665392.973252944182605 ], [ 10168983.271961182355881, 2665388.457850110251456 ], [ 10168978.968350257724524, 2665376.424627478700131 ], [ 10168987.430893179029226, 2665369.578654097858816 ], [ 10168985.837215142324567, 2665360.680783480405807 ], [ 10168988.841552514582872, 2665351.776320745702833 ], [ 10168991.875115126371384, 2665339.636903988197446 ], [ 10168998.56620123796165, 2665315.122603169642389 ], [ 10169014.857298482209444, 2665303.023407240863889 ], [ 10169031.837553476914763, 2665290.794591587036848 ], [ 10169030.679740324616432, 2665306.637068134732544 ], [ 10169027.024233134463429, 2665339.183980203699321 ], [ 10169025.50649156421423, 2665375.964496423490345 ], [ 10169025.274664772674441, 2665381.583851156756282 ], [ 10169020.906388934701681, 2665398.061779407318681 ], [ 10169020.360645309090614, 2665400.43657460808754 ], [ 10169019.846504241228104, 2665402.67424307577312 ], [ 10169012.282061967998743, 2665439.513070491608232 ], [ 10169011.11312422528863, 2665445.20567472698167 ], [ 10169008.805707203224301, 2665455.006761381868273 ], [ 10169016.651469368487597, 2665459.144340780097991 ], [ 10169024.339069059118629, 2665463.943810310214758 ], [ 10169032.494168128818274, 2665468.795018381439149 ], [ 10169042.017617970705032, 2665471.094794169999659 ], [ 10169051.742859536781907, 2665470.949649092275649 ], [ 10169058.819051617756486, 2665469.222349222749472 ], [ 10169063.788985403254628, 2665469.574135284870863 ], [ 10169067.284256355836987, 2665469.865260110702366 ], [ 10169066.573163568973541, 2665483.462275065016001 ], [ 10169065.75621004216373, 2665496.382230818737298 ], [ 10169065.666648879647255, 2665497.102418900467455 ], [ 10169064.447410991415381, 2665506.900106055196375 ], [ 10169064.286624059081078, 2665509.629529632162303 ], [ 10169064.176273426041007, 2665511.503519768826663 ], [ 10169065.507853409275413, 2665518.910295142792165 ], [ 10169066.747764516621828, 2665527.528673785738647 ], [ 10169067.314563076943159, 2665536.682564827147871 ], [ 10169066.474457189440727, 2665543.758892118465155 ], [ 10169063.176420761272311, 2665551.329672309104353 ], [ 10169059.541255259886384, 2665558.998547933995724 ], [ 10169056.289199126884341, 2665565.987769768573344 ], [ 10169055.596785927191377, 2665573.838685008697212 ], [ 10169055.486785184592009, 2665582.607745152432472 ], [ 10169055.136252328753471, 2665591.523097879718989 ], [ 10169054.303965041413903, 2665600.58582516387105 ], [ 10169053.472257798537612, 2665609.793763388879597 ], [ 10169052.929197762161493, 2665618.806858786381781 ], [ 10169052.628411753103137, 2665628.109617664013058 ], [ 10169052.377568129450083, 2665637.848243656568229 ], [ 10169060.015885077416897, 2665642.32306340103969 ], [ 10169069.920290211215615, 2665646.595055828802288 ], [ 10169079.779682582244277, 2665651.690876198001206 ], [ 10169087.500475596636534, 2665656.170073515735567 ], [ 10169089.39990465156734, 2665657.271978525910527 ], [ 10169096.752304077148438, 2665662.619958674069494 ], [ 10169098.801549529656768, 2665668.570611457806081 ], [ 10169101.047692419961095, 2665675.489334173500538 ], [ 10169102.81468435190618, 2665683.23364572506398 ], [ 10169103.230511732399464, 2665690.789510389324278 ], [ 10169103.517025658860803, 2665693.320396696217358 ], [ 10169111.670136388391256, 2665697.160444651730359 ], [ 10169114.189570544287562, 2665694.477571595925838 ], [ 10169120.79902838729322, 2665689.193318881560117 ], [ 10169127.409405460581183, 2665684.128133581019938 ], [ 10169133.088641026988626, 2665686.252231426537037 ], [ 10169141.350119618698955, 2665679.559232252184302 ], [ 10169145.997518749907613, 2665674.501957952510566 ], [ 10169150.427683169022202, 2665669.664570898748934 ], [ 10169156.319649146869779, 2665670.429551354143769 ], [ 10169155.782832575961947, 2665678.055539536289871 ], [ 10169154.498362168669701, 2665684.150924581103027 ], [ 10169153.259260684251785, 2665690.684350543189794 ], [ 10169150.799625243991613, 2665697.441674088127911 ], [ 10169143.841536430642009, 2665702.81503258831799 ], [ 10169134.739201866090298, 2665711.972563025075942 ], [ 10169143.524470780044794, 2665716.096662826370448 ], [ 10169147.98525782302022, 2665719.993335028644651 ], [ 10169153.801824849098921, 2665727.921650220640004 ], [ 10169154.690425893291831, 2665737.031786769628525 ], [ 10169153.992470962926745, 2665745.292018827516586 ], [ 10169154.154447436332703, 2665755.444825364276767 ], [ 10169159.118530856445432, 2665763.376596225891262 ], [ 10169164.733653888106346, 2665766.595851361285895 ], [ 10169174.132765267044306, 2665771.940741227939725 ], [ 10169184.440926048904657, 2665776.180987632833421 ], [ 10169194.938332468271255, 2665766.71933106193319 ], [ 10169196.787726894021034, 2665772.400273709092289 ], [ 10169197.819805715233088, 2665789.772906358819455 ], [ 10169190.927507255226374, 2665791.01179112540558 ], [ 10169180.177480285987258, 2665792.459837163798511 ], [ 10169170.157306358218193, 2665795.503660030663013 ], [ 10169161.915378795936704, 2665796.941671673208475 ], [ 10169157.203887602314353, 2665788.627818257082254 ], [ 10169153.117902742698789, 2665779.923960192594677 ], [ 10169150.349694592878222, 2665774.747757552657276 ], [ 10169141.473477398976684, 2665777.126362437848002 ], [ 10169133.176132202148438, 2665778.579961486160755 ], [ 10169124.624871829524636, 2665779.979891882743686 ], [ 10169116.219052512198687, 2665781.470386188477278 ], [ 10169107.323484115302563, 2665782.926363929640502 ], [ 10169098.119773797690868, 2665784.383562086615711 ], [ 10169088.481347396969795, 2665785.933545663021505 ], [ 10169078.842448, 2665787.337878609076142 ], [ 10169070.200778113678098, 2665788.811063096858561 ], [ 10169058.157052407041192, 2665790.41530889691785 ], [ 10169057.735270047560334, 2665792.696072683669627 ], [ 10169056.034543780609965, 2665800.745968759059906 ], [ 10169054.915705198422074, 2665804.948371115140617 ], [ 10169053.865906314924359, 2665808.8917396068573 ], [ 10169051.416415674611926, 2665817.085757271386683 ], [ 10169049.294669108465314, 2665825.231446775142103 ], [ 10169051.003282897174358, 2665831.009970351587981 ], [ 10169054.162524802610278, 2665836.500574740115553 ], [ 10169057.41966675594449, 2665843.07245751703158 ], [ 10169058.062604352831841, 2665844.896269884891808 ], [ 10169059.787578877061605, 2665849.78916175570339 ], [ 10169061.878876836970448, 2665857.588734102901071 ], [ 10169063.039665557444096, 2665866.897104257252067 ], [ 10169063.916948113590479, 2665875.595197141170502 ], [ 10169065.403995629400015, 2665884.526090873405337 ], [ 10169067.107358077540994, 2665891.628989062272012 ], [ 10169071.765486968681216, 2665899.080613512080163 ], [ 10169073.569285433739424, 2665900.347503632307053 ], [ 10169080.696743069216609, 2665900.666321707423776 ], [ 10169087.252489499747753, 2665902.192151128314435 ], [ 10169093.214039722457528, 2665905.110187199432403 ], [ 10169099.935612445697188, 2665907.74713555816561 ], [ 10169106.243710080161691, 2665910.825888671446592 ], [ 10169113.290449963882565, 2665914.040731743909419 ], [ 10169120.106321414932609, 2665917.210068662650883 ], [ 10169126.86853139474988, 2665918.480181775987148 ], [ 10169131.523152912035584, 2665917.488657752983272 ], [ 10169137.074999637901783, 2665915.937499767169356 ], [ 10169143.276728563010693, 2665915.426145433913916 ], [ 10169149.845934925600886, 2665914.542775696143508 ], [ 10169154.385172754526138, 2665913.528493747115135 ], [ 10169155.293638583272696, 2665926.516268796287477 ], [ 10169154.039649143815041, 2665934.904726179782301 ], [ 10169159.426140384748578, 2665935.570931656751782 ], [ 10169158.725664747878909, 2665946.738139740657061 ], [ 10169145.436902649700642, 2665946.817898516077548 ], [ 10169117.510373163968325, 2665946.985355094075203 ], [ 10169091.740796849131584, 2665947.639446441549808 ], [ 10169067.299839895218611, 2665948.259647814091295 ], [ 10169066.142405297607183, 2665948.281277774833143 ], [ 10168977.744632974267006, 2665949.929945725947618 ], [ 10168959.8379643317312, 2665950.263935593888164 ], [ 10168922.237278126180172, 2665950.964963040314615 ], [ 10168930.791988043114543, 2665994.876795477699488 ], [ 10168948.304731864482164, 2666010.88348000170663 ], [ 10168933.206893377006054, 2666027.383168682921678 ], [ 10168919.545623457059264, 2666011.481930427718908 ], [ 10168909.517831612378359, 2666001.489177810028195 ], [ 10168905.250910799950361, 2665987.670965316239744 ], [ 10168862.748838828876615, 2665985.562498671934009 ], [ 10168844.622261269018054, 2665979.251758408267051 ], [ 10168830.197423800826073, 2665976.607443915680051 ], [ 10168816.626528229564428, 2665975.849367076996714 ], [ 10168812.74463377520442, 2665977.939729484263808 ], [ 10168800.488757997751236, 2665995.847503878641874 ], [ 10168788.318388003855944, 2666017.695181384682655 ], [ 10168786.653336994349957, 2666020.684204949066043 ], [ 10168774.174189798533916, 2666047.913157006260008 ], [ 10168767.562078898772597, 2666061.869820874650031 ], [ 10168768.72442170791328, 2666070.5192572013475 ], [ 10168772.356844497844577, 2666082.622736482415348 ], [ 10168779.330083537846804, 2666095.83561093499884 ], [ 10168793.491894857957959, 2666103.025263927411288 ], [ 10168798.330461101606488, 2666105.075515850447118 ], [ 10168801.917354296892881, 2666107.739439464639872 ], [ 10168807.965375272557139, 2666113.557111474685371 ], [ 10168817.706755869090557, 2666123.917526615783572 ], [ 10168831.823332883417606, 2666133.914260278921574 ], [ 10168842.762318218126893, 2666142.444569567218423 ], [ 10168851.451773623004556, 2666176.582668462302536 ], [ 10168858.331254612654448, 2666187.569471803493798 ], [ 10168868.534932119771838, 2666195.084230959881097 ], [ 10168892.671121288090944, 2666187.207380831707269 ], [ 10168907.583394881337881, 2666178.781768799759448 ], [ 10168921.069138767197728, 2666171.162155082914978 ], [ 10168927.430473757907748, 2666181.097971146460623 ], [ 10168928.336434865370393, 2666182.513082662597299 ], [ 10168935.254510892555118, 2666195.074509221594781 ], [ 10168941.681458158418536, 2666208.775791189167649 ], [ 10168949.171682558953762, 2666222.757436488755047 ], [ 10168956.813394907861948, 2666239.227886726614088 ], [ 10168969.787515860050917, 2666243.301269720308483 ], [ 10168976.813188018277287, 2666247.256128072738647 ], [ 10168980.323913155123591, 2666257.626353595871478 ], [ 10168973.494022348895669, 2666267.39773359335959 ], [ 10168959.676090084016323, 2666264.821375911124051 ], [ 10168941.667773788794875, 2666259.061163160949945 ], [ 10168925.907128810882568, 2666266.592215989716351 ], [ 10168907.615242976695299, 2666260.761908081360161 ], [ 10168895.607444299384952, 2666243.607484956737608 ], [ 10168894.545081010088325, 2666242.089725835248828 ], [ 10168856.975012365728617, 2666279.536949581000954 ], [ 10168858.85856319591403, 2666284.803691599518061 ], [ 10168870.453002545982599, 2666299.34521484375 ], [ 10168875.103861387819052, 2666305.17818852327764 ], [ 10168873.19650462642312, 2666322.460158936213702 ], [ 10168872.651059193536639, 2666322.138891648966819 ], [ 10168857.42476556263864, 2666313.170341106131673 ], [ 10168825.550365429371595, 2666316.132668195758015 ], [ 10168826.343227047473192, 2666311.722971960436553 ], [ 10168823.419761782512069, 2666313.730588074307889 ], [ 10168811.78822591342032, 2666326.935188348405063 ], [ 10168810.620501251891255, 2666336.043878099881113 ], [ 10168807.246091550216079, 2666342.245264229364693 ], [ 10168800.811753394082189, 2666344.617985799908638 ], [ 10168792.801666848361492, 2666342.445049141068012 ], [ 10168780.224452691152692, 2666349.252148559782654 ], [ 10168766.37509898468852, 2666356.704378112219274 ], [ 10168765.307747459039092, 2666373.35197160532698 ], [ 10168764.774950589984655, 2666381.889162037521601 ], [ 10168755.038985004648566, 2666390.960819598753005 ], [ 10168745.670499229803681, 2666403.445148883387446 ], [ 10168743.950160149484873, 2666416.112365739885718 ], [ 10168744.843296574428678, 2666427.133319431450218 ], [ 10168749.490628734230995, 2666438.494913198519498 ], [ 10168754.335641087964177, 2666446.086046267300844 ], [ 10168763.061692094430327, 2666450.247692338190973 ], [ 10168764.143347509205341, 2666455.222165503539145 ], [ 10168773.852311115711927, 2666457.246127653401345 ], [ 10168781.233032079413533, 2666461.413093511946499 ], [ 10168786.004405, 2666468.29328258195892 ], [ 10168791.916852448135614, 2666477.231621037703007 ], [ 10168797.689981538802385, 2666486.7394790914841 ], [ 10168803.182946009561419, 2666497.030836246907711 ], [ 10168807.67758029140532, 2666505.547976301982999 ], [ 10168814.470184678211808, 2666504.240644568577409 ], [ 10168822.482832293957472, 2666507.053759705740958 ], [ 10168833.409055273979902, 2666512.486847228836268 ], [ 10168843.700455835089087, 2666518.562587584368885 ], [ 10168849.944622321054339, 2666521.809463274199516 ], [ 10168859.224833752959967, 2666522.839337190147489 ], [ 10168871.118288422003388, 2666522.151773446239531 ], [ 10168879.757536152377725, 2666522.259551043156534 ], [ 10168882.972636187449098, 2666529.501552892848849 ], [ 10168885.643155371770263, 2666524.369759470690042 ], [ 10168889.814490675926208, 2666522.717177212238312 ], [ 10168899.664487304165959, 2666524.59833164466545 ], [ 10168895.464196141809225, 2666536.848724005743861 ], [ 10168895.091240637004375, 2666538.373238385654986 ], [ 10168899.259232649579644, 2666547.502488389611244 ], [ 10168912.262529630213976, 2666540.978071453049779 ], [ 10168923.007826967164874, 2666536.45418597990647 ], [ 10168920.836961409077048, 2666542.579793801996857 ], [ 10168918.678615096956491, 2666551.90591743029654 ], [ 10168917.583902798593044, 2666561.58342918055132 ], [ 10168916.987657973542809, 2666571.97023287974298 ], [ 10168915.967089118435979, 2666582.50107519235462 ], [ 10168916.506624154746532, 2666593.594575798604637 ], [ 10168920.003468019887805, 2666600.479879518039525 ], [ 10168925.495132692158222, 2666610.415617366321385 ], [ 10168915.617203041911125, 2666619.417068052105606 ], [ 10168906.225933276116848, 2666626.140448987483978 ], [ 10168931.90028346888721, 2666655.158406553789973 ], [ 10168946.176996318623424, 2666673.116089263930917 ], [ 10168974.725569047033787, 2666707.782972137443721 ], [ 10168997.027589444071054, 2666734.448472313117236 ], [ 10168980.20919955521822, 2666747.357993525918573 ], [ 10168946.486781941726804, 2666773.979887006804347 ], [ 10168912.14553564041853, 2666801.317786744330078 ], [ 10168858.249150555580854, 2666842.995643896982074 ], [ 10168798.82294937223196, 2666889.563589225988835 ], [ 10168790.61164428666234, 2666916.559347238391638 ], [ 10168812.428757639601827, 2666920.269994483795017 ], [ 10168840.705483449622989, 2666932.183029668871313 ], [ 10168872.14327752776444, 2666946.741812876425683 ], [ 10168904.467356160283089, 2666962.309571575373411 ], [ 10168912.804935829713941, 2666967.339846259448677 ], [ 10168916.421555828303099, 2666989.604803732596338 ], [ 10168920.787877494469285, 2667010.221308626700193 ], [ 10168924.710084177553654, 2667014.129877409897745 ], [ 10168937.764127112925053, 2667032.686221695039421 ], [ 10168956.519251266494393, 2667058.814977123402059 ], [ 10168954.966458616778255, 2667080.467952200677246 ], [ 10168953.613833962008357, 2667120.855137963313609 ], [ 10168950.541721921414137, 2667140.741983963642269 ], [ 10168946.963477782905102, 2667160.124380293302238 ], [ 10168948.050710525363684, 2667180.121223114430904 ], [ 10168950.904793679714203, 2667200.743931164033711 ], [ 10168954.082975585013628, 2667239.594211167190224 ], [ 10168954.788644252344966, 2667258.706518901977688 ], [ 10168956.705592511221766, 2667297.308842399623245 ], [ 10168957.765306608751416, 2667310.343449277803302 ], [ 10168981.825929623097181, 2667307.588908387348056 ], [ 10168999.472108732908964, 2667308.151303954422474 ], [ 10169000.872943473979831, 2667311.816761040128767 ], [ 10169024.320837005972862, 2667313.495282431133091 ], [ 10169029.171477509662509, 2667329.046474945731461 ], [ 10169033.75297624617815, 2667340.294731141068041 ], [ 10169048.899765342473984, 2667346.183867955114692 ], [ 10169058.233240857720375, 2667348.0454260725528 ], [ 10169048.33426197245717, 2667362.516409570351243 ], [ 10169041.833493083715439, 2667375.834416151046753 ], [ 10169049.899664549157023, 2667375.928813001140952 ], [ 10169054.602818924933672, 2667386.037231173831969 ], [ 10169066.961944319307804, 2667388.139843832701445 ], [ 10169075.414833659306169, 2667390.3846026500687 ], [ 10169083.890190970152617, 2667398.325946995057166 ], [ 10169093.239276396110654, 2667404.111654738895595 ], [ 10169093.058434976264834, 2667422.08838174957782 ], [ 10169106.30876749381423, 2667426.465970695018768 ], [ 10169120.572016352787614, 2667431.978901688475162 ], [ 10169122.794732637703419, 2667452.224567322991788 ], [ 10169123.330773832276464, 2667492.098867441527545 ], [ 10169124.29369118064642, 2667512.476378896739334 ], [ 10169119.002540407702327, 2667513.003861614968628 ], [ 10169113.718808442354202, 2667515.430292377714068 ], [ 10169114.924332860857248, 2667533.401572694070637 ], [ 10169119.804191041737795, 2667556.295309871900827 ], [ 10169109.898023948073387, 2667568.994176217820495 ], [ 10169100.623471962288022, 2667582.070382231846452 ], [ 10169081.572890745475888, 2667608.857790548820049 ], [ 10169060.756807761266828, 2667635.399012498557568 ], [ 10169056.490326853469014, 2667640.100058685988188 ], [ 10169049.71037245541811, 2667646.583417556714267 ], [ 10169035.382036317139864, 2667656.515071749221534 ], [ 10169020.432182241231203, 2667668.601225342601538 ], [ 10168999.578349016606808, 2667685.648157613817602 ], [ 10168996.142684062942863, 2667686.025250722188503 ], [ 10168922.324317155405879, 2667692.160383878741413 ], [ 10168854.158704066649079, 2667698.366204734425992 ], [ 10168834.135447710752487, 2667699.999091454781592 ], [ 10168809.68191772326827, 2667700.943707731086761 ], [ 10168784.599618660286069, 2667702.879015071317554 ], [ 10168771.879512997344136, 2667703.000315787270665 ], [ 10168764.597552182152867, 2667709.876695611514151 ], [ 10168760.76747789606452, 2667718.857016369234771 ], [ 10168759.162206234410405, 2667721.687061874195933 ], [ 10168744.41146844252944, 2667723.722413237672299 ], [ 10168729.657170118764043, 2667724.840001509524882 ], [ 10168730.066924264654517, 2667739.662661517038941 ], [ 10168730.681658456102014, 2667753.001937918365002 ], [ 10168743.447323909029365, 2667760.429018975701183 ], [ 10168745.262982508167624, 2667761.485458161216229 ], [ 10168759.84384137019515, 2667769.827794133219868 ], [ 10168774.486365707591176, 2667775.981434504501522 ], [ 10168789.340515453368425, 2667782.346103130839765 ], [ 10168804.34132494404912, 2667790.26310405973345 ], [ 10168795.357803922146559, 2667793.369693582411855 ], [ 10168786.374170698225498, 2667796.476278298534453 ], [ 10168771.083127172663808, 2667804.090488702990115 ], [ 10168754.245842838659883, 2667811.710873451083899 ], [ 10168739.512897586449981, 2667818.263979309238493 ], [ 10168749.94945396669209, 2667827.187593868933618 ], [ 10168740.486836042255163, 2667833.578472724184394 ], [ 10168729.972486129030585, 2667823.942300491034985 ], [ 10168712.782124701887369, 2667832.950210640206933 ], [ 10168702.474488412961364, 2667840.056289940606803 ], [ 10168701.986016495153308, 2667843.590752695221454 ], [ 10168703.555156612768769, 2667859.300804087892175 ], [ 10168705.122793760150671, 2667874.650377029553056 ], [ 10168691.046389190480113, 2667872.471479136496782 ], [ 10168689.071308335289359, 2667863.035126071423292 ], [ 10168685.731203014031053, 2667853.243881172966212 ], [ 10168671.986063418909907, 2667862.310104144271463 ], [ 10168653.739063365384936, 2667876.440875552129 ], [ 10168653.607494033873081, 2667879.469317083247006 ], [ 10168653.958594983443618, 2667895.760833947919309 ], [ 10168654.309804918244481, 2667912.05247673811391 ], [ 10168654.732492627575994, 2667928.271778166294098 ], [ 10168653.28133955784142, 2667942.551958669442683 ], [ 10168633.964550891891122, 2667940.1776406718418 ], [ 10168612.570532845333219, 2667938.892956900410354 ], [ 10168600.972020635381341, 2667946.292522639967501 ], [ 10168580.264232147485018, 2667955.242230008821934 ], [ 10168560.901034018024802, 2667959.356419218238443 ], [ 10168535.087355012074113, 2667965.80310813523829 ], [ 10168510.138575874269009, 2667973.183511691167951 ], [ 10168487.620473278686404, 2667978.103195586241782 ], [ 10168469.26405280828476, 2667982.717837020754814 ], [ 10168455.927621822804213, 2667986.231179832015187 ], [ 10168458.955980993807316, 2667989.751810164190829 ], [ 10168458.535568132996559, 2667992.348816053941846 ], [ 10168455.081116879358888, 2668008.295187082607299 ], [ 10168455.142399281263351, 2668023.939233427867293 ], [ 10168457.295637208968401, 2668031.096480538602918 ], [ 10168459.766258079558611, 2668035.023431347217411 ], [ 10168462.016044737771153, 2668040.059912880882621 ], [ 10168464.288049461320043, 2668045.051040860358626 ], [ 10168468.650511961430311, 2668048.902657695114613 ], [ 10168474.007996283471584, 2668053.745746833272278 ], [ 10168480.376722197979689, 2668057.974003225564957 ], [ 10168489.176266377791762, 2668061.740143782459199 ], [ 10168498.269009966403246, 2668065.572986947838217 ], [ 10168506.251219449564815, 2668067.690635434351861 ], [ 10168511.532795099541545, 2668070.407315428834409 ], [ 10168512.38386589102447, 2668069.159580189734697 ], [ 10168515.158265296369791, 2668064.374695579055697 ], [ 10168518.271742878481746, 2668059.905183611437678 ], [ 10168521.157765500247478, 2668054.893637043423951 ], [ 10168525.126428766176105, 2668050.239715607371181 ], [ 10168530.122933644801378, 2668049.179164420347661 ], [ 10168537.392073405906558, 2668047.521216968540102 ], [ 10168542.145806360989809, 2668047.751254327129573 ], [ 10168547.198538549244404, 2668049.563855488784611 ], [ 10168552.256938433274627, 2668052.824353048577905 ], [ 10168556.43782595358789, 2668056.314616965595633 ], [ 10168560.425581557676196, 2668056.502444312907755 ], [ 10168569.122314430773258, 2668057.01089981989935 ], [ 10168577.931925609707832, 2668057.586753611452878 ], [ 10168580.356832632794976, 2668061.332879974041134 ], [ 10168582.64927170611918, 2668065.758363261353225 ], [ 10168584.670749524608254, 2668070.026479568798095 ], [ 10168590.135082, 2668073.398532457184047 ], [ 10168595.576396431773901, 2668076.634924177080393 ], [ 10168600.951726159080863, 2668080.278791763819754 ], [ 10168606.661813475191593, 2668083.129503878764808 ], [ 10168612.23898702301085, 2668086.546300872694701 ], [ 10168617.95131984166801, 2668089.962599989492446 ], [ 10168624.581894915550947, 2668092.040398772340268 ], [ 10168632.267460197210312, 2668093.186427883803844 ], [ 10168640.088988611474633, 2668094.512752981856465 ], [ 10168647.887342387810349, 2668095.680869254749268 ], [ 10168655.526915902271867, 2668096.578111904207617 ], [ 10168659.212578607723117, 2668094.4140878720209 ], [ 10168665.235269544646144, 2668090.83805152354762 ], [ 10168671.257014719769359, 2668087.0130360648036 ], [ 10168677.235189294442534, 2668083.595449982210994 ], [ 10168679.585025977343321, 2668085.41883316449821 ], [ 10168682.974300429224968, 2668088.075115045998245 ], [ 10168680.795992229133844, 2668089.780652549117804 ], [ 10168674.823740998283029, 2668094.713996061123908 ], [ 10168669.303648902103305, 2668100.075528700836003 ], [ 10168654.913137946277857, 2668111.482182668056339 ], [ 10168634.864324383437634, 2668107.537518044933677 ], [ 10168615.186378041282296, 2668103.123388012405485 ], [ 10168596.065712753683329, 2668098.239003821276128 ], [ 10168578.153320239856839, 2668092.601104172877967 ], [ 10168575.973851745948195, 2668083.344284484162927 ], [ 10168557.689160879701376, 2668077.80141071928665 ], [ 10168551.782270699739456, 2668068.465734367258847 ], [ 10168534.162377506494522, 2668066.102277522906661 ], [ 10168532.785658694803715, 2668071.44244694756344 ], [ 10168528.61666396073997, 2668077.542493802960962 ], [ 10168520.727827608585358, 2668085.529008055105805 ], [ 10168505.248704290017486, 2668082.595550107769668 ], [ 10168489.880789335817099, 2668084.247576667461544 ], [ 10168476.296849189326167, 2668089.355342605151236 ], [ 10168469.275565415620804, 2668080.959974054247141 ], [ 10168459.066869044676423, 2668067.616969218477607 ], [ 10168449.03639997728169, 2668052.214166255202144 ], [ 10168440.749540951102972, 2668039.524460541084409 ], [ 10168442.478103114292026, 2668038.174139015842229 ], [ 10168432.350901160389185, 2668026.730041009839624 ], [ 10168419.453661020845175, 2668016.860525664873421 ], [ 10168401.37791963480413, 2668017.025659641716629 ], [ 10168357.673060903325677, 2668015.888446675147861 ], [ 10168322.172964472323656, 2668016.028983885422349 ], [ 10168316.068510960787535, 2668029.275447855703533 ], [ 10168354.333712631836534, 2668051.599863186012954 ], [ 10168422.994406344369054, 2668091.710338963195682 ], [ 10168422.437905704602599, 2668104.999554197303951 ], [ 10168420.653723837807775, 2668133.716879647225142 ], [ 10168417.539996542036533, 2668184.85763254435733 ], [ 10168415.936901599168777, 2668226.425551917403936 ], [ 10168434.731347611173987, 2668222.808485016226768 ], [ 10168473.432843962684274, 2668216.735733016394079 ], [ 10168500.458108019083738, 2668211.864237434696406 ], [ 10168518.947261843830347, 2668208.290977669879794 ], [ 10168549.861489355564117, 2668218.110107413027436 ], [ 10168586.075314071029425, 2668229.285900332964957 ], [ 10168597.447774276137352, 2668231.078037993516773 ], [ 10168674.334087857976556, 2668252.231861921958625 ], [ 10168701.866968337446451, 2668258.86178907379508 ], [ 10168714.516178363934159, 2668262.615860957186669 ], [ 10168723.585915019735694, 2668280.615123598370701 ], [ 10168750.253466116264462, 2668340.895929847843945 ], [ 10168766.070974413305521, 2668377.005437283311039 ], [ 10168779.541929861530662, 2668388.237076554447412 ], [ 10168798.566598039120436, 2668407.108253649901599 ], [ 10168823.319885022938251, 2668434.375269359908998 ], [ 10168860.03898630477488, 2668471.569991813506931 ], [ 10168876.129858881235123, 2668488.425167338456959 ], [ 10168905.488810203969479, 2668483.650253837462515 ], [ 10168932.099255727604032, 2668477.11152779404074 ], [ 10168963.887931022793055, 2668469.506315003614873 ], [ 10168993.74719075486064, 2668462.713430020026863 ], [ 10169005.192810297012329, 2668458.354099824093282 ], [ 10169054.177722595632076, 2668494.741130004171282 ], [ 10169093.193262161687016, 2668523.238970112986863 ], [ 10169119.950054354965687, 2668544.737092164345086 ], [ 10169124.40364184230566, 2668554.120574594009668 ], [ 10169137.847658505663276, 2668594.474929640069604 ], [ 10169143.919676067307591, 2668612.410203692037612 ], [ 10169154.479244714602828, 2668641.691759079694748 ], [ 10169164.447718933224678, 2668666.719188145361841 ], [ 10169181.068552915006876, 2668713.903227497357875 ], [ 10169186.288326386362314, 2668728.385054780635983 ], [ 10169192.518364591524005, 2668736.254460219293833 ], [ 10169213.451028281822801, 2668772.931701125111431 ], [ 10169233.912813985720277, 2668805.73850818304345 ], [ 10169250.337200213223696, 2668832.626596368849277 ], [ 10169258.763426745310426, 2668848.696655697654933 ], [ 10169264.383163467049599, 2668856.79664692748338 ], [ 10169274.040862487629056, 2668871.802381479647011 ], [ 10169280.567586004734039, 2668883.443675533868372 ], [ 10169295.103915587067604, 2668907.010445772204548 ], [ 10169307.032323585823178, 2668926.686046015936881 ], [ 10169313.348449928686023, 2668932.329513369593769 ], [ 10169328.163295624777675, 2668946.904734682291746 ], [ 10169329.929702661931515, 2668946.969475543592125 ], [ 10169355.944141337648034, 2668945.945690087042749 ], [ 10169394.846314415335655, 2668945.14463833719492 ], [ 10169428.198876949027181, 2668944.500261799432337 ], [ 10169462.086560370400548, 2668945.24811924342066 ], [ 10169474.188845716416836, 2668944.769533737562597 ], [ 10169485.36945853382349, 2668953.184342192020267 ], [ 10169496.453165419399738, 2668963.583783584181219 ], [ 10169510.340218963101506, 2668976.163750476203859 ], [ 10169520.345553504303098, 2668988.219531728420407 ], [ 10169528.889738865196705, 2669000.254337974824011 ], [ 10169540.699713846668601, 2669003.317655847407877 ], [ 10169557.755478464066982, 2669008.549040822777897 ], [ 10169566.305581323802471, 2669011.800613428931683 ], [ 10169577.649846963584423, 2669020.138464030344039 ], [ 10169586.802498683333397, 2669028.378911289852113 ], [ 10169598.48678526468575, 2669040.280264236964285 ], [ 10169600.037389283999801, 2669044.281703419517726 ], [ 10169603.32794801145792, 2669058.951245320029557 ], [ 10169606.267783274874091, 2669070.803021384868771 ], [ 10169609.629780096933246, 2669077.14994162786752 ], [ 10169616.034324103966355, 2669084.481904028449208 ], [ 10169625.766284737735987, 2669095.02473118994385 ], [ 10169630.718860484659672, 2669099.265342900995165 ], [ 10169646.72107944265008, 2669111.328598030842841 ], [ 10169648.990375943481922, 2669113.651906232815236 ], [ 10169681.290559822693467, 2669121.461923692375422 ], [ 10169702.173554861918092, 2669126.646978442091495 ], [ 10169713.580041570588946, 2669129.337628281675279 ], [ 10169716.732192637398839, 2669131.16700440691784 ], [ 10169721.718266289681196, 2669136.63568053022027 ], [ 10169728.196269128471613, 2669147.054113698657602 ], [ 10169724.097194453701377, 2669153.115116822067648 ], [ 10169722.109773352742195, 2669156.053689261432737 ], [ 10169717.218673337250948, 2669153.613000894431025 ], [ 10169719.966012502089143, 2669159.980904915835708 ], [ 10169720.439347885549068, 2669164.915185811463743 ], [ 10169720.114694831892848, 2669178.282137548550963 ], [ 10169719.560517996549606, 2669190.96650813985616 ], [ 10169722.039113016799092, 2669205.765055195894092 ], [ 10169723.988703437149525, 2669220.641627103090286 ], [ 10169727.294676374644041, 2669234.373710385989398 ], [ 10169732.338970834389329, 2669247.946824879385531 ], [ 10169737.682650191709399, 2669260.759341729339212 ], [ 10169742.950701156631112, 2669273.572097937110811 ], [ 10169748.369126165285707, 2669286.156528049148619 ], [ 10169753.635377695783973, 2669298.513665040023625 ], [ 10169758.672110520303249, 2669310.188322708941996 ], [ 10169762.955529481172562, 2669322.549574635457247 ], [ 10169766.93345189280808, 2669334.152510780841112 ], [ 10169771.814159397035837, 2669344.612766098696738 ], [ 10169778.350296668708324, 2669353.09183241892606 ], [ 10169785.637606889009476, 2669360.352715035900474 ], [ 10169793.228502612560987, 2669367.916284742765129 ], [ 10169800.817019185051322, 2669374.872191382572055 ], [ 10169808.106166364625096, 2669382.588821298908442 ], [ 10169817.202927073463798, 2669388.551331916823983 ], [ 10169826.067897692322731, 2669393.299862629268318 ], [ 10169835.393292671069503, 2669399.717201691586524 ], [ 10169844.114151779562235, 2669406.212895750068128 ], [ 10169852.460006095468998, 2669413.469545370899141 ], [ 10169861.250612389296293, 2669418.522018764168024 ], [ 10169868.380116341635585, 2669424.112934826873243 ], [ 10169876.854416284710169, 2669425.673349872231483 ], [ 10169889.937016289681196, 2669426.303747115191072 ], [ 10169902.111952377483249, 2669426.86194241931662 ], [ 10169914.592170534655452, 2669428.102386796381325 ], [ 10169926.544516898691654, 2669429.724673398304731 ], [ 10169938.877785746008158, 2669432.02886792877689 ], [ 10169951.516463147476315, 2669435.091268929187208 ], [ 10169964.154914434999228, 2669438.07770261215046 ], [ 10169975.653094086796045, 2669439.549868078436702 ], [ 10169987.458613915368915, 2669442.235880839172751 ], [ 10169999.718998054042459, 2669445.223777351900935 ], [ 10170012.282168880105019, 2669448.286475175525993 ], [ 10170024.542793735861778, 2669451.350311985239387 ], [ 10170032.557023590430617, 2669451.317684541456401 ], [ 10170047.744442028924823, 2669448.901801865547895 ], [ 10170062.934252491220832, 2669447.093461461830884 ], [ 10170065.94169482961297, 2669442.904374885372818 ], [ 10170073.087627047672868, 2669433.76225615805015 ], [ 10170080.312607413157821, 2669425.455118046142161 ], [ 10170087.461601929739118, 2669417.07247409876436 ], [ 10170093.702352153137326, 2669408.465625299606472 ], [ 10170103.508280022069812, 2669402.730084504466504 ], [ 10170113.992445601150393, 2669396.460190550424159 ], [ 10170124.019915753975511, 2669389.432766192127019 ], [ 10170133.520300162956119, 2669382.939003038685769 ], [ 10170133.48914048075676, 2669375.193044894374907 ], [ 10170133.44908020272851, 2669365.244749702513218 ], [ 10170132.573450794443488, 2669354.312665735837072 ], [ 10170139.879714170470834, 2669347.448176539503038 ], [ 10170149.669609950855374, 2669337.763700243551284 ], [ 10170152.953529428690672, 2669327.11849138699472 ], [ 10170156.468133427202702, 2669317.45960095198825 ], [ 10170159.908118605613708, 2669308.02882144972682 ], [ 10170162.065554866567254, 2669299.28672134084627 ], [ 10170155.074717719107866, 2669290.581909652333707 ], [ 10170148.53383857011795, 2669280.96388344373554 ], [ 10170148.87972479313612, 2669272.988607538864017 ], [ 10170148.912891466170549, 2669262.432591737713665 ], [ 10170151.89161635003984, 2669251.105185508728027 ], [ 10170160.933395493775606, 2669243.398306850809604 ], [ 10170168.623959098011255, 2669238.127021257765591 ], [ 10170181.684719499200583, 2669233.365517968311906 ], [ 10170194.140596259385347, 2669228.606418253388256 ], [ 10170205.842594727873802, 2669224.382000266108662 ], [ 10170214.370980570092797, 2669220.626182150095701 ], [ 10170221.683891722932458, 2669215.432330364827067 ], [ 10170227.781900446861982, 2669208.952471624594182 ], [ 10170233.349983310326934, 2669202.322879712563008 ], [ 10170237.015552258118987, 2669192.587511050049216 ], [ 10170242.882744915783405, 2669185.121351847425103 ], [ 10170249.813897307962179, 2669179.017837788909674 ], [ 10170262.436542451381683, 2669178.131054948084056 ], [ 10170271.816468998789787, 2669179.307773127686232 ], [ 10170282.657661564648151, 2669186.629939857404679 ], [ 10170294.02810275554657, 2669193.949810137040913 ], [ 10170304.942779110744596, 2669200.740035115275532 ], [ 10170316.010460741817951, 2669207.985311877448112 ], [ 10170326.094395203515887, 2669215.006628464441746 ], [ 10170333.41310665756464, 2669211.255694196093827 ], [ 10170344.887914970517159, 2669206.956141788512468 ], [ 10170356.215793266892433, 2669203.720340558327734 ], [ 10170362.776511562988162, 2669199.516758357174695 ], [ 10170372.273598110303283, 2669192.263573855627328 ], [ 10170381.24143797904253, 2669185.012572818435729 ], [ 10170394.477893207222223, 2669186.325472933240235 ], [ 10170403.236110739409924, 2669183.327992224600166 ], [ 10170415.156802762299776, 2669177.128065454307944 ], [ 10170415.228311775252223, 2669176.102521114517003 ], [ 10170425.009934647008777, 2669194.252179329283535 ], [ 10170433.731318039819598, 2669221.339523810893297 ], [ 10170442.600919883698225, 2669249.012851148378104 ], [ 10170450.588418724015355, 2669275.077047563157976 ], [ 10170458.198909852653742, 2669274.31014997465536 ], [ 10170493.046900143846869, 2669270.798295684158802 ], [ 10170522.626163303852081, 2669268.958587410859764 ], [ 10170553.607041822746396, 2669267.031744213309139 ], [ 10170615.769773503765464, 2669262.525453051552176 ], [ 10170678.518122669309378, 2669258.456199017353356 ], [ 10170744.328088564798236, 2669253.494564008899033 ], [ 10170772.494005672633648, 2669252.205956657417119 ], [ 10170794.173215394839644, 2669315.706818169448525 ], [ 10170800.551238812506199, 2669333.704276762437075 ], [ 10170808.442713415250182, 2669355.97273613512516 ], [ 10170820.017935929819942, 2669387.051679473370314 ], [ 10170824.812128709629178, 2669392.862931165844202 ], [ 10170837.892043577507138, 2669430.525560003239661 ], [ 10170845.035964673385024, 2669451.095903338864446 ], [ 10170816.673591572791338, 2669462.909384885802865 ], [ 10170807.834482654929161, 2669468.529650501906872 ], [ 10170776.636998748406768, 2669481.588482045568526 ], [ 10170745.655792057514191, 2669491.938647107686847 ], [ 10170707.91417770460248, 2669502.095783368684351 ], [ 10170698.74605923332274, 2669504.777396510820836 ], [ 10170688.887521026656032, 2669502.272879299242049 ], [ 10170670.358609525486827, 2669496.626839937642217 ], [ 10170617.533156413584948, 2669483.524750113021582 ], [ 10170557.193676447495818, 2669468.179539169650525 ], [ 10170520.486268598586321, 2669458.849754687398672 ], [ 10170517.378174414858222, 2669457.952573398593813 ], [ 10170492.666100546717644, 2669450.742350556887686 ], [ 10170470.037059551104903, 2669444.309197975788265 ], [ 10170440.255009638145566, 2669437.244625768158585 ], [ 10170383.427433803677559, 2669422.861553652677685 ], [ 10170364.550386235117912, 2669418.103631495032459 ], [ 10170333.724593287333846, 2669415.710825986694545 ], [ 10170298.995771635323763, 2669413.956565731670707 ], [ 10170266.668056072667241, 2669416.03853972395882 ], [ 10170223.259705398231745, 2669413.927724196575582 ], [ 10170189.98292445205152, 2669415.056197648402303 ], [ 10170175.669670378789306, 2669437.643219358287752 ], [ 10170151.99685687199235, 2669471.00422983430326 ], [ 10170135.298391472548246, 2669498.011935641523451 ], [ 10170116.680629339069128, 2669524.658864535391331 ], [ 10170103.707140693441033, 2669545.282249548472464 ], [ 10170086.80032305419445, 2669570.667198931332678 ], [ 10170083.433161597698927, 2669574.090621745679528 ], [ 10170080.229210324585438, 2669576.877928493078798 ], [ 10170076.634112091735005, 2669581.858529229648411 ], [ 10170067.720334611833096, 2669590.811948718037456 ], [ 10170060.148112820461392, 2669600.290975460782647 ], [ 10170045.613024171441793, 2669617.209011091850698 ], [ 10170031.515046652406454, 2669635.760684370528907 ], [ 10170021.327902279794216, 2669648.476167808752507 ], [ 10170016.988336408510804, 2669648.807831501588225 ], [ 10170008.864243533462286, 2669647.365421616472304 ], [ 10169985.922362208366394, 2669646.51326563116163 ], [ 10169964.976503739133477, 2669646.734411101322621 ], [ 10169942.143491063266993, 2669645.465484002605081 ], [ 10169921.284878145903349, 2669645.741425399202853 ], [ 10169882.107519559562206, 2669645.096417924854904 ], [ 10169866.984384931623936, 2669645.631993543356657 ], [ 10169855.993411466479301, 2669645.58385418727994 ], [ 10169851.162544535472989, 2669644.555967535357922 ], [ 10169813.797164648771286, 2669629.018389964010566 ], [ 10169793.402547152712941, 2669620.981945736333728 ], [ 10169773.423230139538646, 2669614.644837855827063 ], [ 10169755.558736231178045, 2669607.462078725453466 ], [ 10169745.612459231168032, 2669603.871422963682562 ], [ 10169734.072341252118349, 2669578.712194808293134 ], [ 10169715.644462397322059, 2669540.639705952256918 ], [ 10169708.482092555612326, 2669524.349161805119365 ], [ 10169693.080340860411525, 2669495.935610124841332 ], [ 10169684.902377687394619, 2669477.002960076089948 ], [ 10169680.907184660434723, 2669469.417174920905381 ], [ 10169682.224528182297945, 2669466.017032344359905 ], [ 10169677.86058989726007, 2669443.288120638113469 ], [ 10169671.755976319313049, 2669408.563953918870538 ], [ 10169666.246833274140954, 2669366.832537339534611 ], [ 10169665.802793918177485, 2669353.334398464299738 ], [ 10169646.933218125253916, 2669342.193651949055493 ], [ 10169618.748287435621023, 2669324.599916694685817 ], [ 10169606.32534197717905, 2669317.929262563586235 ], [ 10169564.703058753162622, 2669292.832081520929933 ], [ 10169539.900474198162556, 2669278.690329108387232 ], [ 10169542.536611489951611, 2669218.302326560486108 ], [ 10169544.007713245227933, 2669198.037531374022365 ], [ 10169543.437062894925475, 2669172.970973149407655 ], [ 10169530.028392940759659, 2669158.405955859459937 ], [ 10169520.350843340158463, 2669147.753404593095183 ], [ 10169503.472370138391852, 2669128.573889233637601 ], [ 10169486.626079056411982, 2669108.659863111563027 ], [ 10169453.098192440345883, 2669070.662772053852677 ], [ 10169444.392630863934755, 2669062.389092184137553 ], [ 10169425.275457547977567, 2669036.884025010745972 ], [ 10169414.974970130249858, 2669023.369845824781805 ], [ 10169395.982787853106856, 2669006.625950126443058 ], [ 10169368.133468685671687, 2668983.242302894592285 ], [ 10169351.780447047203779, 2668967.450843962375075 ], [ 10169336.954708559438586, 2668952.864651143550873 ], [ 10169310.034826435148716, 2668953.088487518485636 ], [ 10169302.816311517730355, 2668952.105767471250147 ], [ 10169288.254842676222324, 2668961.357797872740775 ], [ 10169277.899682817980647, 2668966.484511759597808 ], [ 10169263.914421681314707, 2668972.830371420830488 ], [ 10169255.531706066802144, 2668976.135660309810191 ], [ 10169249.01397199742496, 2668980.350011931266636 ], [ 10169237.127928748726845, 2668977.790927309077233 ], [ 10169215.679846087470651, 2668975.0617910688743 ], [ 10169184.071013607084751, 2668974.410887956619263 ], [ 10169164.174450555816293, 2668977.656887617893517 ], [ 10169135.272817600518465, 2668982.914579932577908 ], [ 10169125.654019810259342, 2668979.071223780047148 ], [ 10169113.210894163697958, 2668974.494736105203629 ], [ 10169106.197917595505714, 2668970.430620955768973 ], [ 10169090.089112550020218, 2668961.875788563862443 ], [ 10169067.909065229818225, 2668956.624884922988713 ], [ 10169055.607851294800639, 2668952.377308043185622 ], [ 10169043.38193073682487, 2668946.155866983346641 ], [ 10169038.910153632983565, 2668943.493776612915099 ], [ 10169028.004520174115896, 2668939.058966939337552 ], [ 10169016.750307817012072, 2668935.183542002923787 ], [ 10169005.81838889978826, 2668922.65648968424648 ], [ 10168991.688981657847762, 2668904.813012420665473 ], [ 10168981.89144192263484, 2668892.943164450116456 ], [ 10168968.288362808525562, 2668880.483332109637558 ], [ 10168949.702211270108819, 2668867.291563626844436 ], [ 10168937.857063394039869, 2668859.49086302658543 ], [ 10168935.522463174536824, 2668856.904423872940242 ], [ 10168929.04821996204555, 2668841.118161929771304 ], [ 10168920.884868785738945, 2668826.648751241154969 ], [ 10168905.345728479325771, 2668802.588879440445453 ], [ 10168896.868979953229427, 2668793.262169487774372 ], [ 10168876.802987102419138, 2668765.213602478150278 ], [ 10168855.53655094280839, 2668735.016501897014678 ], [ 10168837.314366752281785, 2668708.721272769384086 ], [ 10168830.331469664350152, 2668699.580316679086536 ], [ 10168813.44026605412364, 2668674.951059351209551 ], [ 10168806.259041318669915, 2668661.698317131493241 ], [ 10168796.306881628930569, 2668645.705812556669116 ], [ 10168788.854438528418541, 2668635.073822021484375 ], [ 10168783.921247601509094, 2668625.679450467694551 ], [ 10168771.490963704884052, 2668603.745277956593782 ], [ 10168755.325188662856817, 2668589.499554040376097 ], [ 10168748.508607871830463, 2668585.303722887765616 ], [ 10168737.045803338289261, 2668578.22651256294921 ], [ 10168717.890483148396015, 2668580.462705472484231 ], [ 10168698.134901924058795, 2668581.394388325512409 ], [ 10168683.557501114904881, 2668581.30346289742738 ], [ 10168673.908162098377943, 2668580.716538578271866 ], [ 10168661.521126724779606, 2668578.442431644070894 ], [ 10168634.250255782157183, 2668573.52274880791083 ], [ 10168624.098358811810613, 2668571.017168038990349 ], [ 10168620.948380526155233, 2668573.003589320927858 ], [ 10168611.45567818544805, 2668580.256454489193857 ], [ 10168602.006178671494126, 2668586.642979119904339 ], [ 10168597.111576780676842, 2668588.257433330174536 ], [ 10168593.862370502203703, 2668587.919225072488189 ], [ 10168586.882239816710353, 2668583.734358864370733 ], [ 10168583.04222577996552, 2668579.591681066900492 ], [ 10168575.309188302606344, 2668574.058443945832551 ], [ 10168568.19913898780942, 2668571.518352218903601 ], [ 10168561.538364941254258, 2668573.35296095861122 ], [ 10168560.590036815032363, 2668573.836006047204137 ], [ 10168565.494408151134849, 2668590.818007790949196 ], [ 10168569.43513778410852, 2668599.960766320582479 ], [ 10168573.194467853754759, 2668616.592535405885428 ], [ 10168553.768009640276432, 2668621.844136615749449 ], [ 10168555.035396713763475, 2668626.777669203467667 ], [ 10168555.463281320407987, 2668631.996791368350387 ], [ 10168553.148660698905587, 2668646.866471463348716 ], [ 10168550.972927207127213, 2668656.001504509709775 ], [ 10168554.55169521458447, 2668660.955764560028911 ], [ 10168560.672280656173825, 2668668.617019895464182 ], [ 10168566.128855856135488, 2668678.38396571483463 ], [ 10168566.304828036576509, 2668681.245750087313354 ], [ 10168565.568051058799028, 2668690.23753202194348 ], [ 10168563.535398477688432, 2668702.04790416918695 ], [ 10168562.057368388399482, 2668711.368902701884508 ], [ 10168562.496909836307168, 2668717.761321201920509 ], [ 10168563.742612585425377, 2668723.100638722535223 ], [ 10168566.35701491497457, 2668739.535823965445161 ], [ 10168567.416188789531589, 2668742.484916986897588 ], [ 10168566.719807729125023, 2668745.193669220432639 ], [ 10168569.827872268855572, 2668746.639391360338777 ], [ 10168581.637466982007027, 2668749.626533231232315 ], [ 10168581.052770540118217, 2668757.346274688374251 ], [ 10168577.697189170867205, 2668783.137865062337369 ], [ 10168567.445002971217036, 2668797.825510147493333 ], [ 10168557.227078258991241, 2668815.375118848867714 ], [ 10168533.227989720180631, 2668812.854747834615409 ], [ 10168514.941312603652477, 2668808.598956871312112 ], [ 10168507.503500670194626, 2668805.039171980228275 ], [ 10168500.905362760648131, 2668822.751271501649171 ], [ 10168502.509191144257784, 2668824.647417424246669 ], [ 10168512.489701172336936, 2668832.87701824400574 ], [ 10168538.87234459258616, 2668848.203331722412258 ], [ 10168556.934003494679928, 2668859.71815774589777 ], [ 10168569.106342533603311, 2668868.253554681316018 ], [ 10168559.748973390087485, 2668884.508843109477311 ], [ 10168581.407917218282819, 2668894.541484714485705 ], [ 10168602.719293311238289, 2668907.008498729672283 ], [ 10168618.686732342466712, 2668916.901576927863061 ], [ 10168630.149685787037015, 2668923.913244269788265 ], [ 10168633.761012341827154, 2668928.61538879852742 ], [ 10168637.395500497892499, 2668935.642105187289417 ], [ 10168640.06196247600019, 2668947.230853939894587 ], [ 10168642.685127196833491, 2668959.24731104914099 ], [ 10168643.59579810872674, 2668970.124357121065259 ], [ 10168641.510141910985112, 2668984.928455690387636 ], [ 10168640.492436626926064, 2668998.580690002534539 ], [ 10168640.017855379730463, 2669008.394774315413088 ], [ 10168635.498153731226921, 2669018.057546393945813 ], [ 10168631.087493484839797, 2669027.994461903814226 ], [ 10168625.467249536886811, 2669039.01752502983436 ], [ 10168626.057886533439159, 2669042.657600266858935 ], [ 10168629.923497550189495, 2669053.785299311857671 ], [ 10168632.553410980850458, 2669057.950743526685983 ], [ 10168636.599431918933988, 2669059.626210655085742 ], [ 10168642.552877904847264, 2669060.160356245003641 ], [ 10168656.781190095469356, 2669059.374233532696962 ], [ 10168660.65263401158154, 2669060.742866245564073 ], [ 10168670.959045583382249, 2669066.198068868834525 ], [ 10168692.4729647282511, 2669069.28974370425567 ], [ 10168706.888558050617576, 2669072.089116929564625 ], [ 10168713.946118822321296, 2669078.072365917265415 ], [ 10168728.454186849296093, 2669090.488252174574882 ], [ 10168741.582826800644398, 2669092.454943042248487 ], [ 10168769.24665436707437, 2669096.606848124414682 ], [ 10168783.738257905468345, 2669098.693327117245644 ], [ 10168790.215083550661802, 2669099.106520496308804 ], [ 10168800.516062531620264, 2669114.594915539491922 ], [ 10168804.269284434616566, 2669119.099594553466886 ], [ 10168802.811118485406041, 2669124.572113946545869 ], [ 10168801.046813560649753, 2669128.3122269930318 ], [ 10168800.731308164075017, 2669150.034738908521831 ], [ 10168799.905323864892125, 2669154.91473826020956 ], [ 10168799.483982585370541, 2669162.152037939056754 ], [ 10168798.918690379709005, 2669165.398072190117091 ], [ 10168798.757160676643252, 2669169.1921401694417 ], [ 10168800.111858589574695, 2669174.038177571259439 ], [ 10168799.917373975738883, 2669177.470324306748807 ], [ 10168802.831569144502282, 2669182.951461241114885 ], [ 10168810.754103399813175, 2669195.546405394095927 ], [ 10168822.724843360483646, 2669193.434553590137511 ], [ 10168825.166769184172153, 2669192.632666013203561 ], [ 10168829.73788676597178, 2669177.092365807853639 ], [ 10168831.772156974300742, 2669168.395709198433906 ], [ 10168834.980561809614301, 2669153.470110507681966 ], [ 10168836.642193093895912, 2669141.26488133193925 ], [ 10168837.990086590871215, 2669133.511617318261415 ], [ 10168839.447011541575193, 2669125.999662202317268 ], [ 10168844.492021705955267, 2669119.85627953056246 ], [ 10168853.164957286790013, 2669108.447591892909259 ], [ 10168863.505201445892453, 2669095.66748870909214 ], [ 10168873.306215984746814, 2669093.65539488941431 ], [ 10168879.203859221190214, 2669091.700380777008832 ], [ 10168880.502599786967039, 2669094.11203790223226 ], [ 10168884.626264814287424, 2669098.1120833940804 ], [ 10168889.765032339841127, 2669104.260872235987335 ], [ 10168896.542320489883423, 2669115.858420192729682 ], [ 10168899.357756402343512, 2669120.22102961037308 ], [ 10168906.946093447506428, 2669139.70220043649897 ], [ 10168911.829007115215063, 2669156.487515542190522 ], [ 10168917.674127323552966, 2669178.195599019993097 ], [ 10168919.271291989833117, 2669187.877121101133525 ], [ 10168925.554544929414988, 2669193.312461658846587 ], [ 10168945.473812993615866, 2669211.2298907446675 ], [ 10168956.927840050309896, 2669221.059474149718881 ], [ 10168970.709826050326228, 2669221.435685299802572 ], [ 10168987.751876564696431, 2669221.535950730089098 ], [ 10169003.016486175358295, 2669221.220392290037125 ], [ 10169021.747097028419375, 2669218.556412833742797 ], [ 10169034.678301578387618, 2669218.165388223715127 ], [ 10169046.085603794082999, 2669222.402689564973116 ], [ 10169056.546136366203427, 2669230.116462281439453 ], [ 10169070.608489632606506, 2669244.286893543321639 ], [ 10169079.600255813449621, 2669257.52805451862514 ], [ 10169092.206380199640989, 2669280.438648724462837 ], [ 10169105.597447659820318, 2669303.01992563251406 ], [ 10169114.392171036452055, 2669314.95638905512169 ], [ 10169119.910526439547539, 2669317.036642560269684 ], [ 10169147.36042101867497, 2669327.712535089347512 ], [ 10169178.573409026488662, 2669340.590285162441432 ], [ 10169206.754426646977663, 2669352.0881014354527 ], [ 10169218.73024388961494, 2669358.846931172534823 ], [ 10169237.042590415105224, 2669368.420336430426687 ], [ 10169255.377965111285448, 2669380.08819119958207 ], [ 10169267.879122987389565, 2669390.399497735779732 ], [ 10169245.629201859235764, 2669378.306345990393311 ], [ 10169229.116993170231581, 2669370.760525653138757 ], [ 10169208.744381634518504, 2669361.988697838969529 ], [ 10169200.565000977367163, 2669358.758575448300689 ], [ 10169175.6241121198982, 2669350.614338409621269 ], [ 10169152.951823983341455, 2669343.532525667455047 ], [ 10169144.357522329315543, 2669339.260816717520356 ], [ 10169125.860599841922522, 2669330.871694605331868 ], [ 10169097.689880043268204, 2669318.233444132376462 ], [ 10169086.686016906052828, 2669294.367829150054604 ], [ 10169080.803122678771615, 2669283.592148762196302 ], [ 10169069.038509521633387, 2669264.277692662086338 ], [ 10169059.619088368490338, 2669246.464156103786081 ], [ 10169054.24042190797627, 2669240.567742966581136 ], [ 10169047.072347508743405, 2669232.391609578859061 ], [ 10169036.158076491206884, 2669232.496351758018136 ], [ 10169021.04666456207633, 2669233.612317294348031 ], [ 10168998.192521287128329, 2669232.594192956574261 ], [ 10168977.376919103786349, 2669230.719700589776039 ], [ 10168961.315563002601266, 2669229.533372239209712 ], [ 10168948.764430966228247, 2669227.018259750679135 ], [ 10168940.537814421579242, 2669217.033262548502535 ], [ 10168925.722476804628968, 2669201.371947396546602 ], [ 10168919.690503213554621, 2669197.043922291137278 ], [ 10168911.170959891751409, 2669189.625080592930317 ], [ 10168911.420217789709568, 2669186.686249951831996 ], [ 10168910.283613851293921, 2669181.905946247279644 ], [ 10168907.757541190832853, 2669168.178765321616083 ], [ 10168905.889719124883413, 2669162.017291294876486 ], [ 10168902.742700422182679, 2669149.507522498257458 ], [ 10168893.616185884922743, 2669128.448210752103478 ], [ 10168883.411775749176741, 2669110.382886757608503 ], [ 10168871.424566723406315, 2669102.110676098614931 ], [ 10168866.054164489731193, 2669111.258660469669849 ], [ 10168860.660190308466554, 2669117.270613511558622 ], [ 10168855.657813146710396, 2669121.374365582596511 ], [ 10168849.391002252697945, 2669126.213463201187551 ], [ 10168847.780183337628841, 2669131.521612524986267 ], [ 10168845.235981818288565, 2669144.747152105905116 ], [ 10168843.087122108787298, 2669163.46606005448848 ], [ 10168842.194984246045351, 2669166.964553568977863 ], [ 10168841.729093240574002, 2669172.447412821464241 ], [ 10168829.019978143274784, 2669200.54756987746805 ], [ 10168822.173691432923079, 2669202.481214594561607 ], [ 10168816.418260995298624, 2669205.33539618132636 ], [ 10168810.977990450337529, 2669206.45681523764506 ], [ 10168799.896540734916925, 2669199.598459122236818 ], [ 10168795.772680453956127, 2669195.115814893972129 ], [ 10168791.829932598397136, 2669182.705234864261001 ], [ 10168789.310721369460225, 2669161.368004100397229 ], [ 10168790.784938834607601, 2669145.160444433335215 ], [ 10168793.346035711467266, 2669122.680165692232549 ], [ 10168791.599138049408793, 2669118.185355589725077 ], [ 10168787.954767627641559, 2669113.318819818086922 ], [ 10168783.820971559733152, 2669110.590594012290239 ], [ 10168774.496713498607278, 2669107.086775459349155 ], [ 10168761.857071848586202, 2669101.950925646815449 ], [ 10168751.529906449839473, 2669098.787516177631915 ], [ 10168747.582885092124343, 2669098.691003875806928 ], [ 10168738.217469053342938, 2669099.726664930116385 ], [ 10168724.533576976507902, 2669099.218759062699974 ], [ 10168720.944112768396735, 2669094.812589129433036 ], [ 10168713.766031172126532, 2669087.820562286302447 ], [ 10168706.206622621044517, 2669081.497716550249606 ], [ 10168701.364447453990579, 2669079.296227096114308 ], [ 10168693.513009317219257, 2669077.43632204271853 ], [ 10168678.86803201213479, 2669073.880458593834192 ], [ 10168672.096924586221576, 2669073.555157679133117 ], [ 10168659.338475195690989, 2669070.590316017623991 ], [ 10168653.831853335723281, 2669069.551568269263953 ], [ 10168659.435115585103631, 2669088.310248283203691 ], [ 10168662.700020113959908, 2669097.398726519662887 ], [ 10168669.735205691307783, 2669123.053725392557681 ], [ 10168672.853534579277039, 2669122.86567392712459 ], [ 10168677.728380056098104, 2669125.023162525612861 ], [ 10168686.214434534311295, 2669131.082459030207247 ], [ 10168688.578095441684127, 2669147.309932263568044 ], [ 10168690.249697180464864, 2669153.756640954874456 ], [ 10168693.862889917567372, 2669161.583875550422817 ], [ 10168699.024277063086629, 2669169.410411932040006 ], [ 10168700.192571287974715, 2669172.469107445329428 ], [ 10168703.274690328165889, 2669186.196018124464899 ], [ 10168704.890443144366145, 2669190.175651037599891 ], [ 10168711.065000170841813, 2669196.323818191885948 ], [ 10168721.428137116134167, 2669205.584008764941245 ], [ 10168728.855855936184525, 2669210.240305819548666 ], [ 10168733.783900652080774, 2669209.897729789372534 ], [ 10168750.486208409070969, 2669206.599076331593096 ], [ 10168762.512810295447707, 2669227.360988372936845 ], [ 10168770.030842015519738, 2669237.938619108404964 ], [ 10168771.624414689838886, 2669241.051921149715781 ], [ 10168772.183954996988177, 2669247.532106402795762 ], [ 10168776.348611421883106, 2669267.070246605202556 ], [ 10168779.975193925201893, 2669279.568772975355387 ], [ 10168794.316624864935875, 2669285.888059881981462 ], [ 10168804.284673530608416, 2669290.312735512852669 ], [ 10168800.677655363455415, 2669294.053869321476668 ], [ 10168799.853329736739397, 2669302.113917448092252 ], [ 10168799.400917017832398, 2669312.443640485871583 ], [ 10168800.155172636732459, 2669316.083680348936468 ], [ 10168802.250124534592032, 2669318.845863303169608 ], [ 10168804.704849049448967, 2669321.574903394561261 ], [ 10168808.870787685737014, 2669323.009138578549027 ], [ 10168819.677099859341979, 2669324.779638117644936 ], [ 10168824.366147784516215, 2669325.950466133654118 ], [ 10168828.184175373986363, 2669329.194102228153497 ], [ 10168828.133682079613209, 2669336.804199766367674 ], [ 10168825.990948060527444, 2669346.542696158401668 ], [ 10168820.678405530750751, 2669361.973935949616134 ], [ 10168823.859418913722038, 2669377.181327263824642 ], [ 10168825.684404384344816, 2669384.823277955409139 ], [ 10168814.606274247169495, 2669404.786473224405199 ], [ 10168804.019316140562296, 2669425.835034226533026 ], [ 10168795.112597929313779, 2669448.878412695135921 ], [ 10168791.572859548032284, 2669456.183307453989983 ], [ 10168785.947680225595832, 2669458.182105558458716 ], [ 10168774.295295296236873, 2669464.701913561206311 ], [ 10168768.846394406631589, 2669470.056022782344371 ], [ 10168754.422485664486885, 2669473.046449808869511 ], [ 10168747.205202117562294, 2669474.618422066327184 ], [ 10168742.256233312189579, 2669476.792245770804584 ], [ 10168739.10440175421536, 2669475.532869149465114 ], [ 10168732.463587537407875, 2669474.62633710866794 ], [ 10168714.93548278696835, 2669483.682347426656634 ], [ 10168701.280397519469261, 2669476.463302744552493 ], [ 10168695.533593261614442, 2669475.293078259564936 ], [ 10168688.001706596463919, 2669479.880771778058261 ], [ 10168668.490355283021927, 2669491.295386487618089 ], [ 10168661.569223068654537, 2669496.310320165939629 ], [ 10168659.943587442860007, 2669494.359325872734189 ], [ 10168659.189902145415545, 2669491.936313578858972 ], [ 10168653.444233037531376, 2669492.94815901434049 ], [ 10168629.919910291209817, 2669503.509608522988856 ], [ 10168616.238057674840093, 2669507.639828889630735 ], [ 10168588.173036634922028, 2669509.189918607007712 ], [ 10168567.995282998308539, 2669518.422553055454046 ], [ 10168554.828736610710621, 2669527.914770395960659 ], [ 10168544.519091540947556, 2669537.679546008817852 ], [ 10168538.569511204957962, 2669545.095420974772424 ], [ 10168551.846362762153149, 2669558.948937670327723 ], [ 10168568.469315597787499, 2669570.070250801742077 ], [ 10168575.668253760784864, 2669575.011963575147092 ], [ 10168582.38313920982182, 2669592.377902971580625 ], [ 10168587.547599708661437, 2669605.950578214135021 ], [ 10168594.978847965598106, 2669617.153578900266439 ], [ 10168605.779594276100397, 2669628.957831514067948 ], [ 10168609.544593181461096, 2669635.085653795395046 ], [ 10168615.969230700284243, 2669639.676817656960338 ], [ 10168634.250058591365814, 2669651.455199724528939 ], [ 10168657.394535744562745, 2669664.66753182047978 ], [ 10168660.680045012384653, 2669671.190331080462784 ], [ 10168680.309875229373574, 2669697.83744796179235 ], [ 10168707.760356908664107, 2669750.151069489307702 ], [ 10168728.821291666477919, 2669781.556588384322822 ], [ 10168737.6389763597399, 2669795.610014355741441 ], [ 10168741.050004964694381, 2669812.648927253205329 ], [ 10168744.653461875393987, 2669822.483335581608117 ], [ 10168752.763393275439739, 2669838.247721079736948 ], [ 10168766.53724385984242, 2669862.97910335753113 ], [ 10168768.678801778703928, 2669871.26815473055467 ], [ 10168780.721450246870518, 2669859.857134314253926 ], [ 10168798.838619561865926, 2669850.559293455909938 ], [ 10168803.932645877823234, 2669854.263016929849982 ], [ 10168814.479488328099251, 2669859.477072639390826 ], [ 10168816.373020196333528, 2669872.898149435408413 ], [ 10168819.652920618653297, 2669889.257395043969154 ], [ 10168822.824731765314937, 2669907.360248459503055 ], [ 10168824.947507401928306, 2669921.165084877982736 ], [ 10168823.624745717272162, 2669935.202092778403312 ], [ 10168818.993356365710497, 2669960.546665920410305 ], [ 10168819.684306036680937, 2669968.167554473970085 ], [ 10168822.785678070038557, 2669976.664445590227842 ], [ 10168825.345219649374485, 2669991.806862504221499 ], [ 10168834.889397157356143, 2669997.679461231455207 ], [ 10168845.447177335619926, 2670003.068916636053473 ], [ 10168847.15991734713316, 2670004.559402222279459 ], [ 10168844.364573067054152, 2670017.478695530910045 ], [ 10168841.784504888579249, 2670025.18909782031551 ], [ 10168841.46982191875577, 2670028.084332683123648 ], [ 10168853.544953649863601, 2670036.44473913544789 ], [ 10168867.004090271890163, 2670022.960302522405982 ], [ 10168881.781715884804726, 2670007.939875185023993 ], [ 10168886.114681968465447, 2669995.436410109512508 ], [ 10168896.490167340263724, 2669965.92155945347622 ], [ 10168901.562381552532315, 2669949.283553588669747 ], [ 10168904.748623734340072, 2669933.392241557594389 ], [ 10168908.164954697713256, 2669919.705068659968674 ], [ 10168911.205249968916178, 2669916.095611889380962 ], [ 10168922.756120005622506, 2669902.908323347102851 ], [ 10168935.3352419026196, 2669915.643809017259628 ], [ 10168946.789755046367645, 2669925.67117105750367 ], [ 10168964.036914672702551, 2669940.728755640797317 ], [ 10168966.68877918086946, 2669944.751708935014904 ], [ 10168960.357691509649158, 2669952.277847792953253 ], [ 10168952.325569739565253, 2669959.552656692452729 ], [ 10168963.840405380353332, 2669980.18403678946197 ], [ 10168955.912452839314938, 2669998.797530599404126 ], [ 10168950.466268325224519, 2670009.327775408048183 ], [ 10168908.322121320292354, 2670028.486498611047864 ], [ 10168904.32406241632998, 2670035.375244832132012 ], [ 10168898.082921106368303, 2670048.033337059896439 ], [ 10168893.888667065650225, 2670054.867362840101123 ], [ 10168888.483923945575953, 2670061.515667354688048 ], [ 10168879.710221061483026, 2670069.10889750206843 ], [ 10168877.246803453192115, 2670070.513859604019672 ], [ 10168879.27310773730278, 2670087.477149738464504 ], [ 10168888.34839953482151, 2670093.229250052012503 ], [ 10168895.940124491229653, 2670097.973418646957725 ], [ 10168919.763173144310713, 2670114.146040952764452 ], [ 10168921.66680453158915, 2670105.767021064646542 ], [ 10168926.716828137636185, 2670108.494758472312242 ], [ 10168932.344023765996099, 2670109.950178112834692 ], [ 10168952.91222901083529, 2670115.915292153134942 ], [ 10168964.352457428351045, 2670119.363278553821146 ], [ 10168976.990968083962798, 2670120.86960941972211 ], [ 10168999.534205049276352, 2670129.454452743753791 ], [ 10169019.919080464169383, 2670139.060378829482943 ], [ 10169026.385876178741455, 2670140.306857483461499 ], [ 10169022.779970416799188, 2670146.482806526124477 ], [ 10169017.855108512565494, 2670153.20761100249365 ], [ 10169012.625354669988155, 2670160.897714194841683 ], [ 10169008.302691169083118, 2670172.206027458887547 ], [ 10169021.197063149884343, 2670182.879773052409291 ], [ 10169026.684690831229091, 2670188.085643321275711 ], [ 10169033.328497504815459, 2670194.036493727937341 ], [ 10169034.445947401225567, 2670203.488624398130924 ], [ 10169036.708636853843927, 2670213.586983771529049 ], [ 10169038.042117929086089, 2670219.39830691087991 ], [ 10169041.572652004659176, 2670234.957131454721093 ], [ 10169043.725650226697326, 2670243.90429606102407 ], [ 10169053.107129979878664, 2670251.005027132574469 ], [ 10169059.881348695605993, 2670256.166212738491595 ], [ 10169075.951301833614707, 2670270.928583268076181 ], [ 10169086.043603802099824, 2670281.801321453414857 ], [ 10169103.402207987383008, 2670280.541518463287503 ], [ 10169122.223717849701643, 2670282.439020810648799 ], [ 10169132.420151321217418, 2670303.893962658941746 ], [ 10169145.015743892639875, 2670325.961627169512212 ], [ 10169164.306586412712932, 2670367.633039586246014 ], [ 10169176.198557917028666, 2670379.162686661817133 ], [ 10169183.42884449288249, 2670380.606175744440407 ], [ 10169198.924573069438338, 2670382.297151185106486 ], [ 10169236.982975954189897, 2670387.319965888746083 ], [ 10169257.048211835324764, 2670390.006213403772563 ], [ 10169307.876798855140805, 2670397.324525454547256 ], [ 10169335.828459741547704, 2670404.875186404213309 ], [ 10169341.3681721072644, 2670405.497076921164989 ], [ 10169348.041881512850523, 2670406.227938004769385 ], [ 10169378.205170825123787, 2670410.213221617974341 ], [ 10169390.615754924714565, 2670413.024427196010947 ], [ 10169400.508116945624352, 2670417.021306151989847 ], [ 10169399.521247452124953, 2670426.463802041951567 ], [ 10169395.462865630164742, 2670442.027114247437567 ], [ 10169395.054501419886947, 2670452.412425787188113 ], [ 10169395.24133750423789, 2670454.901628158986568 ], [ 10169394.022739604115486, 2670459.595767047256231 ], [ 10169388.412787040695548, 2670469.720912063028663 ], [ 10169380.340956283733249, 2670484.069402420893312 ], [ 10169386.265525491908193, 2670490.327664689160883 ], [ 10169399.589406037703156, 2670507.482063815928996 ], [ 10169406.617819670587778, 2670518.093363228719682 ], [ 10169411.353385796770453, 2670523.584678922779858 ], [ 10169421.892131499946117, 2670513.544547220692039 ], [ 10169439.228455035015941, 2670492.051632443908602 ], [ 10169451.915021721273661, 2670481.626220442354679 ], [ 10169459.577885689213872, 2670476.676062642131001 ], [ 10169475.532178753986955, 2670479.200015980284661 ], [ 10169487.670111831277609, 2670481.682260933797807 ], [ 10169494.759278923273087, 2670484.178413045592606 ], [ 10169507.158504214137793, 2670486.112114435061812 ], [ 10169519.591530665755272, 2670489.866256184410304 ], [ 10169534.335090287029743, 2670491.568424986675382 ], [ 10169539.212254103273153, 2670515.460909978952259 ], [ 10169546.800690714269876, 2670513.866410379298031 ], [ 10169557.258481290191412, 2670514.967804360669106 ], [ 10169574.066185830160975, 2670522.195686201099306 ], [ 10169595.631326323375106, 2670534.826986505184323 ], [ 10169604.623070294037461, 2670546.127925291191787 ], [ 10169617.846753805875778, 2670559.235774403437972 ], [ 10169630.45306278206408, 2670560.928060052916408 ], [ 10169671.800594909116626, 2670576.826609661802649 ], [ 10169680.528759794309735, 2670603.217234576586634 ], [ 10169704.220699546858668, 2670616.362704124301672 ], [ 10169745.19854992069304, 2670633.653929244261235 ], [ 10169776.947680758312345, 2670644.656078696716577 ], [ 10169790.779612129554152, 2670653.431806718464941 ], [ 10169797.706996245309711, 2670658.570791798643768 ], [ 10169807.894879946485162, 2670664.102655241731554 ], [ 10169819.456115631386638, 2670668.416396995075047 ], [ 10169831.126774545758963, 2670673.322263744194061 ], [ 10169840.008911833167076, 2670683.384035640861839 ], [ 10169847.374539632350206, 2670692.02102817595005 ], [ 10169853.681082759052515, 2670698.191253778059036 ], [ 10169878.666303412988782, 2670721.874452230986208 ], [ 10169879.581348534673452, 2670756.538694258313626 ], [ 10169878.912171578034759, 2670768.097660857252777 ], [ 10169880.234248336404562, 2670772.494454008061439 ], [ 10169886.117044594138861, 2670781.318874510005116 ], [ 10169895.101089796051383, 2670797.379243729636073 ], [ 10169903.084778092801571, 2670818.177626776508987 ], [ 10169911.198997620493174, 2670838.405783564317971 ], [ 10169948.912317117676139, 2670919.589613791555166 ], [ 10169962.59675476141274, 2670954.378021756652743 ], [ 10169974.049921654164791, 2670977.916247509885579 ], [ 10169982.663806708529592, 2670994.613026030361652 ], [ 10170004.16501528210938, 2671044.048123418353498 ], [ 10170025.262315368279815, 2671092.518561503384262 ], [ 10170049.633560204878449, 2671144.847392216324806 ], [ 10170070.445808365941048, 2671190.576519321184605 ], [ 10170088.22272421233356, 2671229.716626244597137 ], [ 10170102.593179294839501, 2671261.796424564905465 ], [ 10170120.20672008395195, 2671301.035505927167833 ], [ 10170133.430335156619549, 2671330.144044591113925 ], [ 10170143.773861570283771, 2671357.116010396275669 ], [ 10170150.331115115433931, 2671362.595256851054728 ], [ 10170165.7721405941993, 2671379.978990088682622 ], [ 10170175.111839048564434, 2671388.154480344150215 ], [ 10170193.347024019807577, 2671409.484439091291279 ], [ 10170217.086758986115456, 2671444.333305863663554 ], [ 10170220.766092076897621, 2671451.2948724986054 ], [ 10170238.480437520891428, 2671476.507613816764206 ], [ 10170253.239018626511097, 2671500.844783204142004 ], [ 10170264.853021096438169, 2671518.669645116198808 ], [ 10170268.988666450604796, 2671524.612821929622442 ], [ 10170274.141814762726426, 2671522.930080087389797 ], [ 10170284.65658893622458, 2671519.710959418211132 ], [ 10170295.851067965850234, 2671516.58156704204157 ], [ 10170304.861074367538095, 2671514.296572681516409 ], [ 10170313.672773232683539, 2671512.375219935085624 ], [ 10170337.893745405599475, 2671525.622528354171664 ], [ 10170350.906958524137735, 2671533.240887804422528 ], [ 10170356.174975983798504, 2671536.683362221810967 ], [ 10170358.797566527500749, 2671536.115648235194385 ], [ 10170366.405297366902232, 2671533.110510020982474 ], [ 10170375.870190851390362, 2671528.488030470442027 ], [ 10170391.284142550081015, 2671521.915525096002966 ], [ 10170408.377959333360195, 2671514.574727971106768 ] ], [ [ 10169038.626615554094315, 2663317.833299757912755 ], [ 10169030.67704563587904, 2663310.783451889641583 ], [ 10169025.847337918356061, 2663283.931051915511489 ], [ 10169018.49958666972816, 2663228.926360189449042 ], [ 10169013.82133467681706, 2663198.590554669965059 ], [ 10169011.163674717769027, 2663180.292314750608057 ], [ 10169011.419784588739276, 2663153.429942951537669 ], [ 10169011.904348155483603, 2663135.174932386726141 ], [ 10169010.890812870115042, 2663109.615424795076251 ], [ 10169011.739381698891521, 2663096.714065756648779 ], [ 10169005.261978628113866, 2663087.545466191601008 ], [ 10169005.636920351535082, 2663086.214594796299934 ], [ 10169006.731554491445422, 2663085.375969323329628 ], [ 10169009.635485179722309, 2663084.676275958772749 ], [ 10169018.569197442382574, 2663084.641866028308868 ], [ 10169025.097952995449305, 2663083.613500759936869 ], [ 10169031.40751600638032, 2663080.278023560997099 ], [ 10169044.479414392262697, 2663083.091865553054959 ], [ 10169057.145710915327072, 2663077.226910805795342 ], [ 10169059.394846485927701, 2663073.906648351810873 ], [ 10169059.541274407878518, 2663073.430043247994035 ], [ 10169069.482234589755535, 2663073.199823627714068 ], [ 10169085.819317191839218, 2663071.50890573207289 ], [ 10169092.818652605637908, 2663082.212784492410719 ], [ 10169088.411130147054791, 2663089.843153507914394 ], [ 10169082.365998858585954, 2663099.112382052931935 ], [ 10169078.856483284384012, 2663107.824318225961179 ], [ 10169075.832004955038428, 2663115.955997042823583 ], [ 10169073.161849061027169, 2663124.086144406348467 ], [ 10169071.776678118854761, 2663132.300268701743335 ], [ 10169063.435811761766672, 2663140.364167209714651 ], [ 10169058.839306510984898, 2663144.73426035232842 ], [ 10169055.094323454424739, 2663148.294696829281747 ], [ 10169045.558109587058425, 2663156.585910516791046 ], [ 10169044.951216995716095, 2663159.947390834335238 ], [ 10169046.318203689530492, 2663169.529632213059813 ], [ 10169048.168613493442535, 2663178.131183041259646 ], [ 10169054.153996871784329, 2663179.330677915830165 ], [ 10169065.288689699023962, 2663183.134536213707179 ], [ 10169075.667198419570923, 2663186.184995960909873 ], [ 10169085.287910392507911, 2663188.037314587738365 ], [ 10169093.17881396971643, 2663189.362638998311013 ], [ 10169096.378892386332154, 2663191.997046759817749 ], [ 10169099.204984912648797, 2663200.861584349069744 ], [ 10169103.314764311537147, 2663209.454083416145295 ], [ 10169107.16333369538188, 2663219.204375000204891 ], [ 10169111.006639327853918, 2663227.619998643640429 ], [ 10169114.716599069535732, 2663235.947074458468705 ], [ 10169117.893801374360919, 2663243.964916651137173 ], [ 10169120.936850776895881, 2663251.671892908867449 ], [ 10169119.40811744146049, 2663257.172712925821543 ], [ 10169111.41251614689827, 2663262.966354393400252 ], [ 10169105.371376842260361, 2663270.042298651766032 ], [ 10169100.483504857867956, 2663277.514209377579391 ], [ 10169095.860801635310054, 2663284.806990108918399 ], [ 10169104.564071819186211, 2663289.910769351758063 ], [ 10169112.783830251544714, 2663295.95083077903837 ], [ 10169111.794271321967244, 2663303.033003985416144 ], [ 10169107.677874380722642, 2663313.305170154664665 ], [ 10169095.216788914054632, 2663315.75805825041607 ], [ 10169061.84762586094439, 2663324.102066171355546 ], [ 10169044.239961881190538, 2663327.339550786651671 ], [ 10169038.626615554094315, 2663317.833299757912755 ] ], [ [ 10168943.493453912436962, 2662865.436294998507947 ], [ 10168945.06801731325686, 2662836.08608531486243 ], [ 10168949.195592982694507, 2662837.184703152626753 ], [ 10168927.339102931320667, 2662816.487231001257896 ], [ 10168917.849074998870492, 2662809.167740906123072 ], [ 10168899.917342005297542, 2662799.895542922895402 ], [ 10168882.62781835347414, 2662790.771171426866204 ], [ 10168867.380944019183517, 2662785.019603652879596 ], [ 10168862.877470068633556, 2662775.206207728479058 ], [ 10168853.417097859084606, 2662762.387366066221148 ], [ 10168843.032973326742649, 2662748.527932420838624 ], [ 10168846.198422562330961, 2662748.204265961889178 ], [ 10168864.713313853368163, 2662745.75460316427052 ], [ 10168881.02707658149302, 2662742.778471671510488 ], [ 10168896.872097991406918, 2662739.201815439853817 ], [ 10168911.033253751695156, 2662741.553547203075141 ], [ 10168912.808359706774354, 2662741.848292437847704 ], [ 10168925.276944719254971, 2662743.839525634422898 ], [ 10168928.822602171450853, 2662744.78051511477679 ], [ 10168936.083173392340541, 2662746.707380136009306 ], [ 10168945.49033921584487, 2662749.647705928888172 ], [ 10168952.490181701257825, 2662750.456168717239052 ], [ 10168954.830025447532535, 2662750.580604163464159 ], [ 10168962.518487529829144, 2662750.989571659360081 ], [ 10168972.151707861572504, 2662751.515197995118797 ], [ 10168978.908150013536215, 2662753.650153794791549 ], [ 10168988.661471474915743, 2662756.8323241523467 ], [ 10168991.046355968341231, 2662760.841817310079932 ], [ 10168996.223700994625688, 2662772.565594454761595 ], [ 10169000.79818538017571, 2662783.488726941868663 ], [ 10169004.435226893052459, 2662793.278024716302752 ], [ 10169012.42239466868341, 2662791.004220710135996 ], [ 10169020.667204169556499, 2662786.454096858855337 ], [ 10169027.453375916928053, 2662783.783538320567459 ], [ 10169030.415625805035233, 2662791.434075276833028 ], [ 10169033.662502197548747, 2662803.633999144192785 ], [ 10169037.110231336206198, 2662816.100888040848076 ], [ 10169040.093215994536877, 2662828.971075481269509 ], [ 10169043.626614160835743, 2662841.143811976537108 ], [ 10169043.80885099247098, 2662841.771424270700663 ], [ 10169033.689581086859107, 2662844.120737251359969 ], [ 10169035.175074860453606, 2662849.033513272646815 ], [ 10169038.686262542381883, 2662860.697034513577819 ], [ 10169039.871573990210891, 2662872.810991066973656 ], [ 10169040.551363313570619, 2662883.652926862705499 ], [ 10169040.642961654812098, 2662893.378074731677771 ], [ 10169041.423441685736179, 2662902.887312410399318 ], [ 10169041.67105651833117, 2662911.812496555503458 ], [ 10169043.194916922599077, 2662921.425333253573626 ], [ 10169044.874795107170939, 2662930.238199419341981 ], [ 10169047.18559792637825, 2662937.556373695842922 ], [ 10169051.88981300778687, 2662946.303890150971711 ], [ 10169055.583767814561725, 2662954.52248023590073 ], [ 10169055.782433563843369, 2662955.110209298320115 ], [ 10169038.254201540723443, 2662955.589511323254555 ], [ 10169033.065054297447205, 2662956.275648692622781 ], [ 10169022.962006514891982, 2662955.776427565142512 ], [ 10168980.810593865811825, 2662954.831727005075663 ], [ 10168981.411956861615181, 2662947.620083705987781 ], [ 10168986.200849575921893, 2662919.865893026813865 ], [ 10168988.582252105697989, 2662898.707109320908785 ], [ 10168959.406076520681381, 2662896.591950784437358 ], [ 10168940.19918686337769, 2662893.79888544138521 ], [ 10168943.493453912436962, 2662865.436294998507947 ] ], [ [ 10168758.933729147538543, 2662234.058472311589867 ], [ 10168772.196996809914708, 2662224.010587458964437 ], [ 10168775.760204836726189, 2662239.65473139192909 ], [ 10168780.5377116817981, 2662252.589465766679496 ], [ 10168784.858866557478905, 2662251.754420640878379 ], [ 10168786.09508996270597, 2662255.376293349079788 ], [ 10168786.806548593565822, 2662273.092116374522448 ], [ 10168787.288652891293168, 2662287.112741208635271 ], [ 10168787.885435601696372, 2662302.981042817234993 ], [ 10168777.458069590851665, 2662304.817375035490841 ], [ 10168774.76484077423811, 2662304.581000134814531 ], [ 10168774.084554197266698, 2662296.71404802473262 ], [ 10168772.006498860195279, 2662285.819033809937537 ], [ 10168770.744954846799374, 2662275.084934260696173 ], [ 10168769.087842030450702, 2662267.877256676089019 ], [ 10168765.625246740877628, 2662257.642900350969285 ], [ 10168762.649216458201408, 2662246.587213788181543 ], [ 10168758.933729147538543, 2662234.058472311589867 ] ], [ [ 10171274.058467321097851, 2662239.962544707581401 ], [ 10171271.709797821938992, 2662234.179126852191985 ], [ 10171254.916364504024386, 2662234.562231669668108 ], [ 10171254.652997996658087, 2662232.976758997421712 ], [ 10171252.935501603409648, 2662221.882396666333079 ], [ 10171254.794626167044044, 2662221.823621344286948 ], [ 10171255.458234146237373, 2662220.095525678247213 ], [ 10171260.114891339093447, 2662218.95317304879427 ], [ 10171265.788794243708253, 2662217.841722619254142 ], [ 10171273.036592978984118, 2662216.254144429694861 ], [ 10171280.907964875921607, 2662214.81928643444553 ], [ 10171288.226598283275962, 2662215.816258797422051 ], [ 10171295.380747504532337, 2662216.648694221395999 ], [ 10171297.20679566077888, 2662216.424960229545832 ], [ 10171299.036942647770047, 2662212.86867523798719 ], [ 10171301.205194802954793, 2662208.805661491118371 ], [ 10171303.809758827090263, 2662204.202810348477215 ], [ 10171307.200798088684678, 2662199.103490425273776 ], [ 10171310.579185858368874, 2662193.179258469957858 ], [ 10171313.181787053123116, 2662193.052962380927056 ], [ 10171316.825212515890598, 2662193.804497139528394 ], [ 10171323.388574749231339, 2662194.506054028868675 ], [ 10171330.203774724155664, 2662195.372042809613049 ], [ 10171338.263375518843532, 2662195.047630485612899 ], [ 10171343.850441129878163, 2662194.277364630252123 ], [ 10171348.367675168439746, 2662189.054750174283981 ], [ 10171351.222550306469202, 2662183.857416109181941 ], [ 10171353.071705596521497, 2662178.882258730940521 ], [ 10171353.740399206057191, 2662174.228373463265598 ], [ 10171357.101434694603086, 2662170.536955385934561 ], [ 10171360.615605115890503, 2662166.856223287060857 ], [ 10171361.882170986384153, 2662165.841689761728048 ], [ 10171366.281390525400639, 2662167.185630647931248 ], [ 10171370.932476656511426, 2662168.682954708579928 ], [ 10171374.424669615924358, 2662165.00227165222168 ], [ 10171376.12803759612143, 2662163.634864773135632 ], [ 10171380.342044476419687, 2662165.298092367593199 ], [ 10171384.457903802394867, 2662167.181502983439714 ], [ 10171388.891133015975356, 2662169.086203729733825 ], [ 10171391.101634034886956, 2662169.774664107710123 ], [ 10171391.72748252004385, 2662165.571834057569504 ], [ 10171393.564538350328803, 2662160.013761032838374 ], [ 10171396.113764574751258, 2662155.092080082278699 ], [ 10171399.504994917660952, 2662150.113643171731383 ], [ 10171401.934853363782167, 2662145.665244283154607 ], [ 10171403.927218886092305, 2662141.206618021707982 ], [ 10171407.032547058537602, 2662140.848385086283088 ], [ 10171413.897955529391766, 2662139.503490372560918 ], [ 10171421.120602482929826, 2662136.354099789168686 ], [ 10171427.518953308463097, 2662131.171532354783267 ], [ 10171434.267946435138583, 2662126.307362306397408 ], [ 10171439.857258483767509, 2662121.30252522462979 ], [ 10171444.582317987456918, 2662116.123445359990001 ], [ 10171448.815142873674631, 2662110.901394091080874 ], [ 10171453.618603847920895, 2662106.613035526126623 ], [ 10171454.61319137737155, 2662100.902670470997691 ], [ 10171455.443862717598677, 2662095.269551638979465 ], [ 10171455.947144871577621, 2662089.956118091009557 ], [ 10171455.166729973629117, 2662088.033012450672686 ], [ 10171454.891974657773972, 2662087.351606927812099 ], [ 10171452.237025173380971, 2662083.254519497510046 ], [ 10171452.036025097593665, 2662081.187212656252086 ], [ 10171451.508652538061142, 2662074.555988661479205 ], [ 10171450.871869428083301, 2662067.95806627580896 ], [ 10171450.246459309011698, 2662061.547140245791525 ], [ 10171450.103017620742321, 2662055.487120999023318 ], [ 10171450.113788204267621, 2662049.987743183970451 ], [ 10171450.937426434829831, 2662046.312546470668167 ], [ 10171449.849338190630078, 2662043.609058503992856 ], [ 10171445.81099240668118, 2662036.842071500141174 ], [ 10171442.155732234939933, 2662030.217434605583549 ], [ 10171439.146201852709055, 2662023.800272710621357 ], [ 10171435.951175527647138, 2662017.603613048791885 ], [ 10171433.040942566469312, 2662011.615232299081981 ], [ 10171431.428337810561061, 2662009.198859367985278 ], [ 10171427.019240381196141, 2662005.385782866273075 ], [ 10171434.504705896601081, 2662003.427145164459944 ], [ 10171444.116185640916228, 2662001.631065307650715 ], [ 10171454.201828122138977, 2661999.460436282213777 ], [ 10171460.861559337005019, 2661999.592429395299405 ], [ 10171460.918889556080103, 2661998.7515186117962 ], [ 10171464.41310122795403, 2661998.594606272876263 ], [ 10171469.245993861928582, 2661998.089810132049024 ], [ 10171471.663894534111023, 2661998.535819757264107 ], [ 10171475.208828674629331, 2662020.921850807499141 ], [ 10171476.904240593314171, 2662026.439691341016442 ], [ 10171478.599498135969043, 2662031.891565322410315 ], [ 10171479.923168333247304, 2662037.509192442521453 ], [ 10171481.181174360215664, 2662043.027971062809229 ], [ 10171482.417028663679957, 2662048.447796269319952 ], [ 10171483.521716713905334, 2662053.900974709540606 ], [ 10171484.50614046305418, 2662059.420245495159179 ], [ 10171485.556037938222289, 2662064.818474762141705 ], [ 10171486.627985011786222, 2662070.271682098973542 ], [ 10171487.8851950597018, 2662075.427480947691947 ], [ 10171489.1203050930053, 2662080.506315434817225 ], [ 10171489.885233890265226, 2662085.597157563548535 ], [ 10171490.31109618768096, 2662090.644775636959821 ], [ 10171491.262648871168494, 2662096.131152370013297 ], [ 10171492.378353241831064, 2662101.617304305080324 ], [ 10171493.701963528990746, 2662107.135947170201689 ], [ 10171495.798964127898216, 2662116.579480747692287 ], [ 10171494.642456632107496, 2662117.945702856872231 ], [ 10171488.558025132864714, 2662121.466781986411661 ], [ 10171482.615527901798487, 2662124.954536041244864 ], [ 10171476.498676816001534, 2662128.684700039215386 ], [ 10171470.556899620220065, 2662132.480414237827063 ], [ 10171464.866623234003782, 2662136.275582651142031 ], [ 10171459.242301762104034, 2662140.224739336874336 ], [ 10171453.826292354613543, 2662144.426280110608786 ], [ 10171449.013098884373903, 2662149.275627152528614 ], [ 10171442.698996853083372, 2662152.885145120322704 ], [ 10171436.330030266195536, 2662156.340700772125274 ], [ 10171430.573008691892028, 2662159.608159294817597 ], [ 10171425.472628701478243, 2662163.028201555367559 ], [ 10171425.375102208927274, 2662168.923746900167316 ], [ 10171418.701543664559722, 2662173.215850222855806 ], [ 10171411.994898928329349, 2662177.387196432799101 ], [ 10171405.506373483687639, 2662181.217018144205213 ], [ 10171399.313539631664753, 2662185.288185617886484 ], [ 10171398.669479800388217, 2662185.86139464750886 ], [ 10171393.112410932779312, 2662190.66819702507928 ], [ 10171386.613681629300117, 2662194.905066520906985 ], [ 10171380.278561564162374, 2662198.8885547965765 ], [ 10171374.402429930865765, 2662202.772160673514009 ], [ 10171368.81070962920785, 2662206.633100502192974 ], [ 10171364.44331225939095, 2662210.205593041609973 ], [ 10171363.227280918508768, 2662209.185192378703505 ], [ 10171360.879096947610378, 2662205.340377159416676 ], [ 10171360.466878490522504, 2662206.991133496165276 ], [ 10171357.031021634116769, 2662211.551551580894738 ], [ 10171353.4737010281533, 2662215.507431386969984 ], [ 10171350.103590885177255, 2662220.133772846311331 ], [ 10171344.478059593588114, 2662223.521898960694671 ], [ 10171337.331351323053241, 2662226.396109183318913 ], [ 10171330.042358445003629, 2662229.22672939253971 ], [ 10171322.743116201832891, 2662232.442191597539932 ], [ 10171315.476751755923033, 2662235.646688065025955 ], [ 10171308.396471368148923, 2662238.949803746305406 ], [ 10171301.435963045805693, 2662241.999640941154212 ], [ 10171294.640727933496237, 2662245.621092156972736 ], [ 10171287.834015939384699, 2662249.011565873399377 ], [ 10171280.746932001784444, 2662248.904957564081997 ], [ 10171276.593441110104322, 2662248.896761003881693 ], [ 10171274.058467321097851, 2662239.962544707581401 ] ], [ [ 10170850.586557809263468, 2661917.345990290865302 ], [ 10170833.887528689578176, 2661913.638160831760615 ], [ 10170841.448127321898937, 2661914.309077020734549 ], [ 10170850.586557809263468, 2661917.345990290865302 ] ] ] ] } }
]
}
