{
"type": "FeatureCollection",
"name": "clouded-leopard-np_tripura",
"crs": { "type": "name", "properties": { "name": "urn:ogc:def:crs:EPSG::3857" } },
"xy_coordinate_resolution": 1e-15,
"features": [
{ "type": "Feature", "properties": { "Name": "Clouded Leopard NP", "Area_GIS": 6.2680223109000002 }, "geometry": { "type": "MultiPolygon", "coordinates": [ [ [ [ 10162976.755693044513464, 2711817.40776677057147 ], [ 10162992.144834322854877, 2711799.362875503953546 ], [ 10163010.908986184746027, 2711780.256472492590547 ], [ 10163040.433170231059194, 2711751.850914608221501 ], [ 10163054.067136717960238, 2711736.747846419457346 ], [ 10163077.767812848091125, 2711711.818556049838662 ], [ 10163101.222972815856338, 2711688.699727887753397 ], [ 10163108.284291030839086, 2711679.083921626675874 ], [ 10163116.926786284893751, 2711672.650684466585517 ], [ 10163143.132852302864194, 2711654.441928198561072 ], [ 10163153.381642011925578, 2711646.336328394711018 ], [ 10163164.436055988073349, 2711639.43014323990792 ], [ 10163190.175399409607053, 2711619.744729124940932 ], [ 10163209.282252131029963, 2711604.211930520366877 ], [ 10163220.326197229325771, 2711597.46019267058 ], [ 10163234.612413769587874, 2711586.536236349027604 ], [ 10163251.444487081840634, 2711570.096484072506428 ], [ 10163266.317383943125606, 2711554.867089928127825 ], [ 10163280.017748221755028, 2711540.006504097022116 ], [ 10163290.670798191800714, 2711528.666396632324904 ], [ 10163301.090191390365362, 2711519.313220233656466 ], [ 10163313.746163409203291, 2711512.400663490407169 ], [ 10163329.418340135365725, 2711502.442109174560755 ], [ 10163344.119124453514814, 2711479.64455093909055 ], [ 10163356.763896895572543, 2711458.598369808401912 ], [ 10163366.054141419008374, 2711441.029785633087158 ], [ 10163372.223323095589876, 2711422.160542675759643 ], [ 10163375.002632059156895, 2711408.964820130262524 ], [ 10163375.018590074032545, 2711396.166117656975985 ], [ 10163376.116204798221588, 2711384.996077082119882 ], [ 10163377.877367550507188, 2711369.575660785660148 ], [ 10163377.140489138662815, 2711357.839202205184847 ], [ 10163376.381514275446534, 2711340.420634923502803 ], [ 10163375.948605256155133, 2711310.930409775581211 ], [ 10163376.390831617638469, 2711294.875259265769273 ], [ 10163378.510934572666883, 2711272.999023883603513 ], [ 10163378.372321803122759, 2711251.495859954040498 ], [ 10163380.060543542727828, 2711234.244393759407103 ], [ 10163379.888613170012832, 2711221.060412283055484 ], [ 10163377.526126492768526, 2711180.666205215733498 ], [ 10163376.309699110686779, 2711161.285740114748478 ], [ 10163376.060040527954698, 2711145.056925721932203 ], [ 10163375.349552717059851, 2711140.10590136796236 ], [ 10163374.900652028620243, 2711137.503794603981078 ], [ 10163371.638021945953369, 2711130.786486320197582 ], [ 10163355.26119670458138, 2711094.905023333150893 ], [ 10163338.584870589897037, 2711066.615538303274661 ], [ 10163334.713499022647738, 2711058.521533304825425 ], [ 10163320.849509742110968, 2711034.005359654780477 ], [ 10163303.755669303238392, 2711005.530056938063353 ], [ 10163296.879969548434019, 2710989.382708000950515 ], [ 10163297.779622012749314, 2710978.09239246789366 ], [ 10163299.842289166525006, 2710955.554867246653885 ], [ 10163302.591133467853069, 2710934.548276352696121 ], [ 10163307.147365976125002, 2710915.663986515719444 ], [ 10163314.599918011575937, 2710888.272893650922924 ], [ 10163322.020286682993174, 2710866.740499125327915 ], [ 10163326.081533079966903, 2710853.176020818762481 ], [ 10163332.553384646773338, 2710833.170024204533547 ], [ 10163339.121542692184448, 2710815.358996450901031 ], [ 10163347.6083894520998, 2710794.451454755850136 ], [ 10163353.382181007415056, 2710767.056092937011272 ], [ 10163358.961159477010369, 2710743.181046767160296 ], [ 10163359.20242734067142, 2710740.322680555749685 ], [ 10163357.860091157257557, 2710733.675164533779025 ], [ 10163355.436158960685134, 2710714.1013546702452 ], [ 10163351.407865360379219, 2710682.58530302438885 ], [ 10163345.692861940711737, 2710657.397858142852783 ], [ 10163340.690645882859826, 2710634.965833310037851 ], [ 10163337.188162950798869, 2710608.842948501929641 ], [ 10163334.898389620706439, 2710584.259998065885156 ], [ 10163333.655195957049727, 2710569.260268512181938 ], [ 10163329.212300816550851, 2710538.286863284185529 ], [ 10163327.071212776005268, 2710512.434540039394051 ], [ 10163325.316318836063147, 2710487.15449046343565 ], [ 10163324.094351002946496, 2710455.054294012952596 ], [ 10163325.002435006201267, 2710445.959735032636672 ], [ 10163324.470573121681809, 2710430.494091488420963 ], [ 10163322.36586294695735, 2710413.975492753088474 ], [ 10163321.567888759076595, 2710392.156030761078 ], [ 10163320.28067072853446, 2710363.012973262928426 ], [ 10163321.850747276097536, 2710323.86317780893296 ], [ 10163324.42388260178268, 2710294.385125652886927 ], [ 10163323.55969769321382, 2710255.542885660193861 ], [ 10163324.302129244431853, 2710226.414093922358006 ], [ 10163314.354443062096834, 2710215.78482523933053 ], [ 10163293.397598773241043, 2710214.940520193893462 ], [ 10163260.42735580727458, 2710213.911695471033454 ], [ 10163222.586851820349693, 2710213.034337155055255 ], [ 10163199.813528621569276, 2710213.37751861801371 ], [ 10163178.150206916034222, 2710211.41049104463309 ], [ 10163178.160003768280149, 2710171.528049904387444 ], [ 10163220.734023274853826, 2710170.96371584944427 ], [ 10163220.782819326967001, 2710146.8024384197779 ], [ 10163211.986453330144286, 2710147.28931575641036 ], [ 10163200.136062929406762, 2710146.684951581526548 ], [ 10163176.176087072119117, 2710143.700942812021822 ], [ 10163159.339539283886552, 2710141.648765648715198 ], [ 10163140.221193404868245, 2710139.605578831862658 ], [ 10163115.989624628797174, 2710137.328589217271656 ], [ 10163098.009458249434829, 2710137.399045668076724 ], [ 10163079.814296372234821, 2710138.628775806166232 ], [ 10163054.253189003095031, 2710138.59652779949829 ], [ 10163032.706856727600098, 2710138.482268083374947 ], [ 10163020.748550796881318, 2710141.165924450848252 ], [ 10163019.926234742626548, 2710141.301545841619372 ], [ 10163018.074030132964253, 2710158.762103141285479 ], [ 10163016.159164737910032, 2710174.215051079168916 ], [ 10163013.208247063681483, 2710202.591087681241333 ], [ 10163008.71685459651053, 2710229.781699490733445 ], [ 10163006.295632228255272, 2710247.630768224596977 ], [ 10163006.242946192622185, 2710251.028981138486415 ], [ 10163009.939926540479064, 2710262.344912238419056 ], [ 10163020.161906452849507, 2710284.369982766453177 ], [ 10163022.738623091951013, 2710289.688564444426447 ], [ 10163033.007608694955707, 2710298.341990385670215 ], [ 10163045.901848096400499, 2710307.845707043539733 ], [ 10163051.626785542815924, 2710313.085828827228397 ], [ 10163058.984792532399297, 2710317.922447471879423 ], [ 10163067.461662709712982, 2710322.732463348191231 ], [ 10163080.218472508713603, 2710330.714195502921939 ], [ 10163091.014259412884712, 2710336.574306475464255 ], [ 10163120.74137931317091, 2710344.279904949478805 ], [ 10163133.129114240407944, 2710347.629332910291851 ], [ 10163150.389163516461849, 2710356.983539705164731 ], [ 10163164.707326767966151, 2710365.87475993251428 ], [ 10163165.674793019890785, 2710366.422620730474591 ], [ 10163167.262649362906814, 2710368.490483674686402 ], [ 10163167.818123623728752, 2710370.286672667134553 ], [ 10163168.870007796213031, 2710375.622260704170913 ], [ 10163168.833688665181398, 2710383.234987707808614 ], [ 10163167.466536251828074, 2710404.091957762371749 ], [ 10163166.692413287237287, 2710416.628068991005421 ], [ 10163166.4274688269943, 2710435.99141111318022 ], [ 10163168.771338541060686, 2710454.814909626264125 ], [ 10163169.762799855321646, 2710461.530004474334419 ], [ 10163170.039179164916277, 2710462.080493629910052 ], [ 10163173.98630715161562, 2710469.953384489752352 ], [ 10163180.223291115835309, 2710482.737811512779444 ], [ 10163186.837593391537666, 2710496.591066804714501 ], [ 10163187.313313841819763, 2710497.626186306588352 ], [ 10163187.891042474657297, 2710502.334875333122909 ], [ 10163187.442053286358714, 2710510.997288532555103 ], [ 10163186.450815858319402, 2710521.316794571466744 ], [ 10163184.95057500526309, 2710524.853155795950443 ], [ 10163185.410579791292548, 2710538.807754602748901 ], [ 10163188.260347900912166, 2710563.576008243486285 ], [ 10163190.853348758071661, 2710575.889477157499641 ], [ 10163191.189845368266106, 2710589.083332010544837 ], [ 10163189.995595332235098, 2710620.58654976869002 ], [ 10163197.046347727999091, 2710633.831237455364317 ], [ 10163212.020086020231247, 2710664.587128532119095 ], [ 10163213.468320036306977, 2710667.41684422083199 ], [ 10163216.369033923372626, 2710668.574908019509166 ], [ 10163229.281899156048894, 2710671.458901830017567 ], [ 10163234.000590048730373, 2710671.782471615821123 ], [ 10163259.861457888036966, 2710666.837475217878819 ], [ 10163262.056022318080068, 2710681.072137718088925 ], [ 10163266.007391745224595, 2710695.675154747907072 ], [ 10163273.488245448097587, 2710701.007703713141382 ], [ 10163276.494904110208154, 2710704.007843632251024 ], [ 10163273.374750673770905, 2710716.972672568168491 ], [ 10163267.973608151078224, 2710718.891495556104928 ], [ 10163255.043935703113675, 2710720.155878074932843 ], [ 10163232.750296348705888, 2710719.901463134214282 ], [ 10163227.798228140920401, 2710738.599573337007314 ], [ 10163223.970741230994463, 2710747.418799835257232 ], [ 10163222.693858737125993, 2710749.144895497243851 ], [ 10163221.926960587501526, 2710749.412709052674472 ], [ 10163217.885719683021307, 2710748.391567656304687 ], [ 10163212.217484721913934, 2710766.275999545119703 ], [ 10163200.43881974183023, 2710809.714596463833004 ], [ 10163190.292641755193472, 2710852.617329286877066 ], [ 10163189.802187046036124, 2710859.095575025770813 ], [ 10163183.053052587434649, 2710889.683282166719437 ], [ 10163180.252029398456216, 2710897.285026744008064 ], [ 10163170.921678744256496, 2710929.901991187594831 ], [ 10163167.211645109578967, 2710946.399748073890805 ], [ 10163159.485255194827914, 2710945.657828077673912 ], [ 10163154.075726717710495, 2710968.064934249036014 ], [ 10163161.529034536331892, 2710986.074706479907036 ], [ 10163178.780006989836693, 2711004.244654671754688 ], [ 10163178.558570927008986, 2711012.189343732781708 ], [ 10163194.761744298040867, 2711034.566997682210058 ], [ 10163215.174327889457345, 2711064.474676370620728 ], [ 10163220.857484128326178, 2711073.002971604000777 ], [ 10163223.011435389518738, 2711073.943399179726839 ], [ 10163226.347177363932133, 2711085.382668176200241 ], [ 10163238.496142001822591, 2711123.145355833694339 ], [ 10163245.447506939992309, 2711147.457145985681564 ], [ 10163249.447687737643719, 2711174.594096537213773 ], [ 10163250.535000864416361, 2711191.856621682178229 ], [ 10163259.763894513249397, 2711203.725219913758337 ], [ 10163265.588857743889093, 2711209.174765695352107 ], [ 10163291.564230492338538, 2711230.653603386599571 ], [ 10163316.013905564323068, 2711251.939811205491424 ], [ 10163309.651406440883875, 2711260.603821876924485 ], [ 10163304.479591773822904, 2711256.652214177884161 ], [ 10163284.751598047092557, 2711242.066617673728615 ], [ 10163268.025915743783116, 2711229.322807613294572 ], [ 10163257.655101327225566, 2711222.876048481557518 ], [ 10163254.766714159399271, 2711222.115073111373931 ], [ 10163233.289481874555349, 2711234.512463758233935 ], [ 10163217.552275784313679, 2711244.647559602744877 ], [ 10163197.486978257074952, 2711256.200864651240408 ], [ 10163166.902533434331417, 2711271.160557479131967 ], [ 10163117.303649004548788, 2711297.10656895628199 ], [ 10163105.471180584281683, 2711290.02548196259886 ], [ 10163106.831224082037807, 2711275.765234936028719 ], [ 10163143.600695574656129, 2711260.086309712380171 ], [ 10163186.504190238192677, 2711239.065271384548396 ], [ 10163211.314009144902229, 2711223.146286953706294 ], [ 10163230.609544772654772, 2711211.143713513854891 ], [ 10163236.856122093275189, 2711169.78892435412854 ], [ 10163224.156162701547146, 2711131.421412276104093 ], [ 10163207.679160512983799, 2711097.90127602731809 ], [ 10163199.122903870418668, 2711084.066232334356755 ], [ 10163185.501103643327951, 2711059.725582106038928 ], [ 10163173.489441957324743, 2711043.156972106080502 ], [ 10163167.678016200661659, 2711032.687287916429341 ], [ 10163158.485536113381386, 2711024.514737072400749 ], [ 10163144.30093602463603, 2711010.591555510181934 ], [ 10163137.823874525725842, 2711006.689164117444307 ], [ 10163125.955375393852592, 2711001.594276349060237 ], [ 10163114.624662859365344, 2710999.343815394677222 ], [ 10163108.612014632672071, 2710999.201951400376856 ], [ 10163101.448060223832726, 2711016.231891954317689 ], [ 10163099.241864530369639, 2711038.615555007010698 ], [ 10163078.15644664503634, 2711038.841609388124198 ], [ 10163078.545614842325449, 2711011.864240681752563 ], [ 10163080.365890806540847, 2711000.294534191954881 ], [ 10163087.548045206815004, 2710968.138284578453749 ], [ 10163089.744118617847562, 2710960.152740677818656 ], [ 10163112.45621096342802, 2710960.714731065090746 ], [ 10163116.505989026278257, 2710958.249458064325154 ], [ 10163119.815020790323615, 2710951.528454139828682 ], [ 10163127.445817016065121, 2710930.414474039338529 ], [ 10163134.325265858322382, 2710933.41057938337326 ], [ 10163136.877675563097, 2710921.131895280443132 ], [ 10163142.802569033578038, 2710921.274125942029059 ], [ 10163148.464566005393863, 2710890.392682637088001 ], [ 10163148.455618735402822, 2710888.108904886990786 ], [ 10163142.765215333551168, 2710886.167352547869086 ], [ 10163141.465281944721937, 2710884.782292023766786 ], [ 10163141.461697513237596, 2710883.877581298351288 ], [ 10163142.324016105383635, 2710877.088998506311327 ], [ 10163145.445477398112416, 2710864.410899182781577 ], [ 10163154.471730779856443, 2710841.040878605563194 ], [ 10163164.97212559171021, 2710804.624163717031479 ], [ 10163168.686064649373293, 2710791.96589022455737 ], [ 10163171.477052364498377, 2710778.958168306387961 ], [ 10163173.181765649467707, 2710777.230364960152656 ], [ 10163177.800669172778726, 2710774.432032767217606 ], [ 10163177.8206926304847, 2710759.802298306953162 ], [ 10163178.05432477965951, 2710754.980029311496764 ], [ 10163180.706683803349733, 2710748.669902799185365 ], [ 10163180.10274045728147, 2710740.055578490719199 ], [ 10163181.270450232550502, 2710727.131491659674793 ], [ 10163183.781330533325672, 2710704.151262180879712 ], [ 10163183.67070691101253, 2710698.260171263013035 ], [ 10163182.360281750559807, 2710694.183195224497467 ], [ 10163179.905524998903275, 2710689.2060048119165 ], [ 10163169.975520869717002, 2710671.868319958914071 ], [ 10163157.840880403295159, 2710640.516511610709131 ], [ 10163150.91531427949667, 2710622.769843770191073 ], [ 10163137.418642992153764, 2710622.072622697334737 ], [ 10163136.139464501291513, 2710626.049375241156667 ], [ 10163132.673814451321959, 2710626.30572205176577 ], [ 10163122.803443750366569, 2710630.007309954147786 ], [ 10163094.783340035006404, 2710643.94123175367713 ], [ 10163078.855123313143849, 2710652.763655432965606 ], [ 10163076.052631210535765, 2710657.165670208632946 ], [ 10163072.993726057931781, 2710660.498579365666956 ], [ 10163058.585688514634967, 2710668.112500617746264 ], [ 10163056.118982525542378, 2710671.387829092796892 ], [ 10163041.767856515944004, 2710693.68617888726294 ], [ 10163039.808769799768925, 2710694.907420323230326 ], [ 10163027.127261269837618, 2710686.594231580384076 ], [ 10163026.355274591594934, 2710685.549146774224937 ], [ 10163027.464233636856079, 2710680.116643175017089 ], [ 10163045.825857704505324, 2710659.391349838115275 ], [ 10163072.24231681227684, 2710627.943742742296308 ], [ 10163101.947996981441975, 2710615.823667450342327 ], [ 10163130.345089850947261, 2710600.100974690169096 ], [ 10163139.769255988299847, 2710594.525602095294744 ], [ 10163146.01662221737206, 2710573.185828459914774 ], [ 10163149.70770980976522, 2710548.998618181794882 ], [ 10163148.731750585138798, 2710540.628603536635637 ], [ 10163131.323068358004093, 2710495.815845950972289 ], [ 10163121.155958868563175, 2710468.207805229816586 ], [ 10163115.819246552884579, 2710458.431731894612312 ], [ 10163112.880542060360312, 2710455.971940523944795 ], [ 10163109.660663014277816, 2710454.550321340095252 ], [ 10163099.498329332098365, 2710453.641345757991076 ], [ 10163097.410989059135318, 2710452.888263480272144 ], [ 10163096.561852343380451, 2710451.744175306521356 ], [ 10163090.938017761334777, 2710441.483814022503793 ], [ 10163088.647600404918194, 2710436.450814565178007 ], [ 10163088.441247219219804, 2710431.310466060880572 ], [ 10163089.290269887074828, 2710429.597093896940351 ], [ 10163095.899376118555665, 2710402.541198615916073 ], [ 10163081.842866523191333, 2710396.031845257617533 ], [ 10163055.02056186273694, 2710384.894713143352419 ], [ 10163045.803050788119435, 2710381.499714919365942 ], [ 10163031.749788140878081, 2710375.839816192165017 ], [ 10163012.649569682776928, 2710372.88063748460263 ], [ 10163004.248794773593545, 2710379.246206245850772 ], [ 10162997.080703319981694, 2710380.962255624122918 ], [ 10162988.213410310447216, 2710385.840248857624829 ], [ 10162982.485172461718321, 2710391.103171158581972 ], [ 10162981.801943587139249, 2710393.146873487625271 ], [ 10162976.783541718497872, 2710408.910049532540143 ], [ 10162971.072477217763662, 2710424.289807225577533 ], [ 10162964.146435538306832, 2710446.051223497372121 ], [ 10162956.70354475453496, 2710464.670342950150371 ], [ 10162953.091658940538764, 2710464.011489861179143 ], [ 10162949.917349863797426, 2710491.406988236587495 ], [ 10162949.517207089811563, 2710492.897936687804759 ], [ 10162949.117082960903645, 2710494.388907080516219 ], [ 10162946.671086918562651, 2710503.015069670509547 ], [ 10162936.911517383530736, 2710501.299005638342351 ], [ 10162925.045120621100068, 2710502.294171711895615 ], [ 10162912.234565982595086, 2710525.832822194322944 ], [ 10162907.994828678667545, 2710535.867160582914948 ], [ 10162907.599858062341809, 2710541.550510148517787 ], [ 10162907.623785365372896, 2710547.739827713463455 ], [ 10162908.300966560840607, 2710549.822268262971193 ], [ 10162908.927814062684774, 2710555.876803498715162 ], [ 10162908.93296861089766, 2710557.211731647141278 ], [ 10162908.937407875433564, 2710558.359137944411486 ], [ 10162907.272452535107732, 2710561.863022433128208 ], [ 10162901.892838710919023, 2710569.353269435465336 ], [ 10162896.360948052257299, 2710580.032404407393187 ], [ 10162881.379599545150995, 2710609.658756812103093 ], [ 10162867.572905994951725, 2710633.797162936534733 ], [ 10162859.081368340179324, 2710647.963345707394183 ], [ 10162855.540814122185111, 2710648.716338096186519 ], [ 10162850.585885824635625, 2710655.421566913835704 ], [ 10162825.869130926206708, 2710689.631505243945867 ], [ 10162812.574082527309656, 2710690.025323561858386 ], [ 10162808.940236873924732, 2710689.366496802307665 ], [ 10162808.255863869562745, 2710688.287988176569343 ], [ 10162822.658675687387586, 2710648.0062125637196 ], [ 10162837.24231549911201, 2710609.113937936723232 ], [ 10162849.795508725568652, 2710589.91206160094589 ], [ 10162862.554439583793283, 2710567.178949892986566 ], [ 10162875.633271357044578, 2710542.061535647138953 ], [ 10162883.22920885309577, 2710517.594400273635983 ], [ 10162888.990092666819692, 2710503.725878605619073 ], [ 10162900.204658785834908, 2710467.461794730741531 ], [ 10162876.387889474630356, 2710459.059665210079402 ], [ 10162883.388835625723004, 2710439.614842139184475 ], [ 10162910.07731225900352, 2710433.155794878490269 ], [ 10162915.438300961628556, 2710418.020133159589022 ], [ 10162927.667050426825881, 2710385.900494665373117 ], [ 10162927.459384553134441, 2710357.713012054096907 ], [ 10162926.497263852506876, 2710284.758414342068136 ], [ 10162888.242221910506487, 2710284.521753082051873 ], [ 10162854.225468840450048, 2710285.239301633089781 ], [ 10162830.532203318551183, 2710286.026827119290829 ], [ 10162827.669276306405663, 2710286.126267273444682 ], [ 10162817.069916116073728, 2710277.098927290178835 ], [ 10162803.131620410829782, 2710267.069521983619779 ], [ 10162802.248703705146909, 2710265.704918096307665 ], [ 10162801.856492700055242, 2710263.56614944525063 ], [ 10162801.754333112388849, 2710262.683979549910873 ], [ 10162789.783518921583891, 2710225.175922194961458 ], [ 10162780.83097904920578, 2710199.405853517353535 ], [ 10162774.937727665528655, 2710178.941607866901904 ], [ 10162773.088765414431691, 2710177.382112752646208 ], [ 10162770.376028681173921, 2710176.609403954818845 ], [ 10162742.113203691318631, 2710178.672334071714431 ], [ 10162740.861350439488888, 2710178.357248334679753 ], [ 10162737.160745218396187, 2710177.422920013777912 ], [ 10162722.937517354264855, 2710190.209761500358582 ], [ 10162720.410837847739458, 2710192.172359745483845 ], [ 10162703.398841857910156, 2710192.988848211243749 ], [ 10162694.930578025057912, 2710176.131096757482737 ], [ 10162681.004443371668458, 2710174.916654463391751 ], [ 10162679.83523878455162, 2710193.213004669640213 ], [ 10162640.721070950850844, 2710192.0192970209755 ], [ 10162641.308781243860722, 2710199.364574173465371 ], [ 10162645.208445420488715, 2710214.949370787944645 ], [ 10162651.365540770813823, 2710229.907582713291049 ], [ 10162657.650994753465056, 2710249.686445388942957 ], [ 10162659.296923946589231, 2710249.801356909330934 ], [ 10162662.722268735989928, 2710250.461063685361296 ], [ 10162664.973093371838331, 2710250.948784384410828 ], [ 10162666.753147844225168, 2710251.670015523675829 ], [ 10162668.773236561566591, 2710254.927710643969476 ], [ 10162669.286511640995741, 2710260.022801255807281 ], [ 10162667.877039587125182, 2710278.618035819847137 ], [ 10162666.943024018779397, 2710289.610142458695918 ], [ 10162663.470750382170081, 2710308.114174356684089 ], [ 10162658.554873842746019, 2710313.52821601415053 ], [ 10162657.71289542503655, 2710317.095017858780921 ], [ 10162654.579742234200239, 2710343.916317751165479 ], [ 10162653.759733632206917, 2710384.552609398029745 ], [ 10162654.009028054773808, 2710403.71522122900933 ], [ 10162654.320450128987432, 2710419.09357107244432 ], [ 10162656.049977654591203, 2710426.644189972430468 ], [ 10162656.965631326660514, 2710442.229690780863166 ], [ 10162645.353388683870435, 2710460.798645123373717 ], [ 10162636.649292452260852, 2710479.63219734467566 ], [ 10162633.617561589926481, 2710490.036801187787205 ], [ 10162632.793059254065156, 2710498.149027477018535 ], [ 10162633.098765963688493, 2710512.026966955047101 ], [ 10162635.681612256914377, 2710527.528824818320572 ], [ 10162642.586655573919415, 2710545.805290143471211 ], [ 10162646.259735591709614, 2710550.954319497104734 ], [ 10162651.222980054095387, 2710554.984032358508557 ], [ 10162654.53213001973927, 2710559.638019721023738 ], [ 10162660.819091835990548, 2710562.702684947755188 ], [ 10162677.115006921812892, 2710563.863908430095762 ], [ 10162699.905050538480282, 2710564.878457804676145 ], [ 10162700.47772073559463, 2710565.43879933282733 ], [ 10162700.299289608374238, 2710581.779002020135522 ], [ 10162676.209316063672304, 2710582.236946166027337 ], [ 10162663.116299781948328, 2710583.766282301861793 ], [ 10162659.147976296022534, 2710584.576114618685097 ], [ 10162657.264150584116578, 2710585.388707329519093 ], [ 10162655.929077250882983, 2710586.254527707118541 ], [ 10162654.41128396242857, 2710588.102895345538855 ], [ 10162652.590247005224228, 2710590.989491952117532 ], [ 10162650.058340759947896, 2710600.15654509793967 ], [ 10162640.254725806415081, 2710626.927093965467066 ], [ 10162640.005374010652304, 2710656.198045833967626 ], [ 10162640.897078877314925, 2710679.815822114702314 ], [ 10162648.360578695312142, 2710686.417470006272197 ], [ 10162654.048966281116009, 2710690.698080106638372 ], [ 10162654.909175634384155, 2710691.864271150436252 ], [ 10162654.916780181229115, 2710693.828056099358946 ], [ 10162653.362680161371827, 2710700.531023337971419 ], [ 10162651.725503876805305, 2710705.568417672999203 ], [ 10162650.516754442825913, 2710707.911998476833105 ], [ 10162640.7214550152421, 2710714.029267079662532 ], [ 10162639.02059044316411, 2710716.794036832638085 ], [ 10162627.324699675664306, 2710727.916469972580671 ], [ 10162622.748705642297864, 2710750.441310399211943 ], [ 10162619.632471743971109, 2710764.575514209922403 ], [ 10162618.904733596369624, 2710766.487013082951307 ], [ 10162618.238592352718115, 2710767.284002339933068 ], [ 10162617.757797371596098, 2710767.782255825120956 ], [ 10162616.238784154877067, 2710769.321757096331567 ], [ 10162614.297754295170307, 2710772.396504217758775 ], [ 10162613.636404007673264, 2710774.429136005695909 ], [ 10162613.275185419246554, 2710777.497673161327839 ], [ 10162613.784451274201274, 2710781.555784489028156 ], [ 10162615.697280954569578, 2710788.256350111216307 ], [ 10162615.709228275343776, 2710791.389624016359448 ], [ 10162615.534588910639286, 2710794.457448974251747 ], [ 10162614.889416130259633, 2710800.726671678479761 ], [ 10162614.657572194933891, 2710803.187856098171324 ], [ 10162615.152972372248769, 2710806.495729444548488 ], [ 10162618.678840445354581, 2710813.311449019704014 ], [ 10162626.602268351241946, 2710828.208107409998775 ], [ 10162634.051867002621293, 2710828.300576359499246 ], [ 10162638.144331024959683, 2710831.252457045949996 ], [ 10162665.660009669139981, 2710848.533258954528719 ], [ 10162681.429604031145573, 2710858.247107302304357 ], [ 10162706.671029821038246, 2710871.807609163224697 ], [ 10162711.378262966871262, 2710874.856370528694242 ], [ 10162720.418809112161398, 2710877.8332609240897 ], [ 10162734.382788542658091, 2710880.172991515137255 ], [ 10162732.880319995805621, 2710886.015291996765882 ], [ 10162731.913670731708407, 2710888.534478671848774 ], [ 10162730.027605080977082, 2710891.620083023793995 ], [ 10162729.787341641262174, 2710891.929947719443589 ], [ 10162723.777755346149206, 2710901.099606972653419 ], [ 10162721.327259803190827, 2710908.611655461136252 ], [ 10162720.782247012481093, 2710909.54049869813025 ], [ 10162719.867329461500049, 2710911.265210477169603 ], [ 10162718.892351526767015, 2710911.63306244648993 ], [ 10162706.385662607848644, 2710911.681823785416782 ], [ 10162703.693231973797083, 2710907.643213196191937 ], [ 10162691.715216457843781, 2710893.964829373173416 ], [ 10162679.799825482070446, 2710885.162806636653841 ], [ 10162654.481024097651243, 2710871.436972302850336 ], [ 10162647.70767836086452, 2710867.469491242431104 ], [ 10162628.138708276674151, 2710856.854686374310404 ], [ 10162625.700095878913999, 2710856.069744473323226 ], [ 10162622.343937119469047, 2710856.325566947925836 ], [ 10162614.618617611005902, 2710858.694582520984113 ], [ 10162612.374075571075082, 2710859.87272771820426 ], [ 10162610.853478042408824, 2710860.981993151362985 ], [ 10162608.997568875551224, 2710871.922801287379116 ], [ 10162608.999143378809094, 2710872.353155225981027 ], [ 10162604.944338262081146, 2710899.17897670622915 ], [ 10162609.093396924436092, 2710899.714431119151413 ], [ 10162606.547896396368742, 2710919.627848135773093 ], [ 10162603.824078865349293, 2710941.671290432102978 ], [ 10162600.518174285069108, 2710955.01204519206658 ], [ 10162592.117994301021099, 2710975.919109778478742 ], [ 10162588.978518906980753, 2710989.722490011714399 ], [ 10162585.992612637579441, 2711006.382920078933239 ], [ 10162566.84193754196167, 2711004.736247330438346 ], [ 10162574.010928621515632, 2710966.048661668784916 ], [ 10162578.009907025843859, 2710938.925087279640138 ], [ 10162582.616696793586016, 2710910.133250510320067 ], [ 10162583.673209153115749, 2710899.559512700885534 ], [ 10162583.516661243513227, 2710898.798818754963577 ], [ 10162583.360148319974542, 2710898.02715223422274 ], [ 10162577.635333225131035, 2710889.995325373020023 ], [ 10162574.393555875867605, 2710888.5957265002653 ], [ 10162571.036041244864464, 2710888.487459937576205 ], [ 10162545.586756994947791, 2710895.029465507250279 ], [ 10162517.570549273863435, 2710904.538394661154598 ], [ 10162511.228055408224463, 2710889.88910432625562 ], [ 10162528.214545473456383, 2710879.386018993798643 ], [ 10162538.605418628081679, 2710874.049852390773594 ], [ 10162554.271955821663141, 2710868.34018523292616 ], [ 10162565.264904193580151, 2710865.528237754013389 ], [ 10162579.023965524509549, 2710863.06952645862475 ], [ 10162585.522985883057117, 2710855.608103348407894 ], [ 10162586.796803763136268, 2710853.087726944126189 ], [ 10162587.426421482115984, 2710842.769410072360188 ], [ 10162586.947961071506143, 2710829.598036667797714 ], [ 10162579.831994457170367, 2710810.693239081185311 ], [ 10162578.85039640776813, 2710809.33999920450151 ], [ 10162578.355096342042089, 2710808.911566001363099 ], [ 10162576.949868598952889, 2710808.674304475542158 ], [ 10162575.918662399053574, 2710808.678330523893237 ], [ 10162575.424936044961214, 2710808.680249493103474 ], [ 10162571.348579119890928, 2710809.920727345626801 ], [ 10162565.495064286515117, 2710796.924722756724805 ], [ 10162563.029826814308763, 2710789.200265068095177 ], [ 10162561.239160934463143, 2710777.148298526182771 ], [ 10162555.431774960830808, 2710773.298252703621984 ], [ 10162552.055694453418255, 2710768.346609007101506 ], [ 10162550.569863738492131, 2710764.237068786285818 ], [ 10162567.805546071380377, 2710761.522196057252586 ], [ 10162577.48868309892714, 2710757.612063460983336 ], [ 10162580.540785804390907, 2710752.481018879916519 ], [ 10162587.125872595235705, 2710733.169955586548895 ], [ 10162590.899794410914183, 2710724.593765923753381 ], [ 10162595.736352741718292, 2710698.482328706420958 ], [ 10162596.586177321150899, 2710679.833683283999562 ], [ 10162599.252117123454809, 2710642.731042171828449 ], [ 10162599.860905762761831, 2710627.029012839309871 ], [ 10162600.93791726231575, 2710604.672473805956542 ], [ 10162604.117959002032876, 2710587.184216916561127 ], [ 10162605.359924679622054, 2710562.090959737543017 ], [ 10162601.407193390652537, 2710549.826903786044568 ], [ 10162598.062721006572247, 2710535.960752719081938 ], [ 10162595.852844335138798, 2710520.457340257242322 ], [ 10162588.919256363064051, 2710508.999285739846528 ], [ 10162580.67654394172132, 2710505.158799371682107 ], [ 10162566.019804118201137, 2710502.325192483142018 ], [ 10162559.922359405085444, 2710502.900560435838997 ], [ 10162546.783980811014771, 2710506.901298914570361 ], [ 10162530.861931497231126, 2710517.400032446719706 ], [ 10162522.88353293761611, 2710519.527293512132019 ], [ 10162521.05163818039, 2710519.5895188418217 ], [ 10162518.493686266243458, 2710521.993554192595184 ], [ 10162511.721032969653606, 2710529.588216598145664 ], [ 10162500.892105141654611, 2710537.926880293060094 ], [ 10162481.208235220983624, 2710554.419983559288085 ], [ 10162482.272491933777928, 2710560.185945829376578 ], [ 10162473.381870908662677, 2710570.491869943216443 ], [ 10162454.31747867166996, 2710591.208092701155692 ], [ 10162442.095779871568084, 2710602.564072190783918 ], [ 10162421.497506296262145, 2710600.922795242164284 ], [ 10162424.948570732027292, 2710593.969820961356163 ], [ 10162434.584372084587812, 2710577.714402202982455 ], [ 10162437.318030593916774, 2710569.638824697583914 ], [ 10162421.307834981009364, 2710577.192076242528856 ], [ 10162380.909220205619931, 2710595.467929683625698 ], [ 10162379.364606721326709, 2710607.525770336389542 ], [ 10162377.967468475922942, 2710624.707823823206127 ], [ 10162376.028896497562528, 2710636.004343560896814 ], [ 10162374.949647843837738, 2710640.521750505547971 ], [ 10162371.785381434485316, 2710648.468018075916916 ], [ 10162368.486019480973482, 2710669.846331157255918 ], [ 10162365.454364873468876, 2710685.37474910588935 ], [ 10162363.82413936406374, 2710702.218612688127905 ], [ 10162363.901797745376825, 2710717.220131799578667 ], [ 10162364.449690604582429, 2710738.635571488644928 ], [ 10162367.307294081896544, 2710754.025888424832374 ], [ 10162370.822398640215397, 2710769.585351763758808 ], [ 10162374.347506981343031, 2710786.111879494041204 ], [ 10162376.888489907607436, 2710802.593650946393609 ], [ 10162379.421391639858484, 2710818.295257242396474 ], [ 10162383.139341697096825, 2710838.699538069777191 ], [ 10162385.719708491116762, 2710859.005906169302762 ], [ 10162378.431228337809443, 2710871.736737325787544 ], [ 10162378.425522712990642, 2710871.746703995857388 ], [ 10162372.224062390625477, 2710882.578725409228355 ], [ 10162368.148614721372724, 2710886.727801161352545 ], [ 10162363.171157900243998, 2710891.795223585795611 ], [ 10162347.701392589136958, 2710906.318953058216721 ], [ 10162341.543464668095112, 2710912.100385302212089 ], [ 10162323.464760044589639, 2710928.92848645336926 ], [ 10162311.740574343129992, 2710940.89848848246038 ], [ 10162301.748852474614978, 2710949.695305349770933 ], [ 10162298.905592789873481, 2710952.19862370705232 ], [ 10162294.379693441092968, 2710957.20057492190972 ], [ 10162285.05172954313457, 2710967.510051147546619 ], [ 10162279.845435613766313, 2710974.408411633223295 ], [ 10162276.156220994889736, 2710979.296767202205956 ], [ 10162268.043259477242827, 2710991.723872722592205 ], [ 10162261.90819862857461, 2711005.18555109295994 ], [ 10162256.645484426990151, 2711016.330203260760754 ], [ 10162249.988535543903708, 2711030.061121731996536 ], [ 10162246.972881965339184, 2711037.588216939475387 ], [ 10162243.456260757520795, 2711045.296495649963617 ], [ 10162239.746183529496193, 2711059.700306770391762 ], [ 10162233.841829484328628, 2711072.214398200623691 ], [ 10162232.699566621333361, 2711074.042601922992617 ], [ 10162226.315061511471868, 2711084.261711196508259 ], [ 10162219.508168244734406, 2711097.235938807949424 ], [ 10162217.966751489788294, 2711101.007235071156174 ], [ 10162214.987732777372003, 2711108.295816415455192 ], [ 10162211.444092659279704, 2711119.752359764650464 ], [ 10162208.811728542670608, 2711134.815468437504023 ], [ 10162207.034613804891706, 2711153.331789610907435 ], [ 10162206.644124701619148, 2711159.506934639532119 ], [ 10162206.639988392591476, 2711159.57177093019709 ], [ 10162206.329388311132789, 2711164.48408919852227 ], [ 10162205.495379012078047, 2711171.603989684954286 ], [ 10162205.326401090249419, 2711172.170080674346536 ], [ 10162205.314048144966364, 2711172.211298607289791 ], [ 10162201.828932913020253, 2711183.886106391903013 ], [ 10162199.614031055942178, 2711189.569564808625728 ], [ 10162194.623166022822261, 2711198.458187978249043 ], [ 10162190.765387434512377, 2711208.071526827756315 ], [ 10162188.551726611331105, 2711213.875807939562947 ], [ 10162188.450958527624607, 2711214.267213582061231 ], [ 10162191.008904330432415, 2711214.49586275126785 ], [ 10162191.022758251056075, 2711214.496895347721875 ], [ 10162215.476166592910886, 2711214.953922929707915 ], [ 10162232.102656215429306, 2711213.466445586178452 ], [ 10162234.54919989593327, 2711213.45694284606725 ], [ 10162235.879017500206828, 2711214.047653459012508 ], [ 10162249.603425743058324, 2711231.162238314282149 ], [ 10162266.448112500831485, 2711246.554547723848373 ], [ 10162278.061147570610046, 2711259.484669846482575 ], [ 10162279.551084203645587, 2711261.795907889958471 ], [ 10162284.994192337617278, 2711273.624524591956288 ], [ 10162286.710819950327277, 2711274.963965958915651 ], [ 10162289.676101034507155, 2711275.768904558382928 ], [ 10162299.801500335335732, 2711281.257391091436148 ], [ 10162318.413739807903767, 2711294.083251557778567 ], [ 10162325.867926714941859, 2711301.049467543605715 ], [ 10162327.917934104800224, 2711303.501879311632365 ], [ 10162336.366427194327116, 2711320.868661747314036 ], [ 10162347.188701445236802, 2711327.810790288262069 ], [ 10162351.756664134562016, 2711331.709921213332564 ], [ 10162354.859552685171366, 2711334.081143443007022 ], [ 10162378.548109959810972, 2711340.245248800609261 ], [ 10162398.750479543581605, 2711332.785696647595614 ], [ 10162425.08643277361989, 2711322.654400126077235 ], [ 10162440.635236248373985, 2711317.607191185932606 ], [ 10162442.030525855720043, 2711318.131384460255504 ], [ 10162442.824851157143712, 2711319.264719943981618 ], [ 10162442.892888294532895, 2711319.860224737320095 ], [ 10162443.387089304625988, 2711328.552544098813087 ], [ 10162443.979920629411936, 2711328.682625877205282 ], [ 10162444.506056962534785, 2711328.548152453731745 ], [ 10162454.188228670507669, 2711321.405206644907594 ], [ 10162462.429768264293671, 2711319.111392931081355 ], [ 10162479.14583052508533, 2711315.196053272578865 ], [ 10162490.715971425175667, 2711311.15708487899974 ], [ 10162498.88479471206665, 2711309.93376236455515 ], [ 10162514.030618676915765, 2711308.539954340551049 ], [ 10162539.865648994222283, 2711307.97628938453272 ], [ 10162548.172589333727956, 2711305.560843592975289 ], [ 10162551.823584131896496, 2711302.082230335101485 ], [ 10162581.552024103701115, 2711315.460387482773513 ], [ 10162602.208445703610778, 2711323.423379716463387 ], [ 10162616.60431862436235, 2711329.534998456481844 ], [ 10162618.33293853700161, 2711331.12803359888494 ], [ 10162618.602297943085432, 2711332.715817126445472 ], [ 10162618.279574912041426, 2711334.383112278301269 ], [ 10162618.022908611223102, 2711336.105266061145812 ], [ 10162618.684228964149952, 2711336.897124520502985 ], [ 10162624.856834461912513, 2711341.529190705623478 ], [ 10162648.860135897994041, 2711358.195305034983903 ], [ 10162649.849311076104641, 2711358.654858985450119 ], [ 10162651.166338661685586, 2711358.782108517363667 ], [ 10162654.271419059485197, 2711358.836220686323941 ], [ 10162656.706964828073978, 2711358.82683686260134 ], [ 10162658.495352478697896, 2711358.819867515470833 ], [ 10162667.476068649441004, 2711360.450956874992698 ], [ 10162673.838811466470361, 2711363.151383502874523 ], [ 10162680.799790669232607, 2711364.525449161883444 ], [ 10162694.460103275254369, 2711364.8033601581119 ], [ 10162694.465725777670741, 2711366.259718078188598 ], [ 10162691.964485500007868, 2711386.261760365217924 ], [ 10162691.314294381067157, 2711388.382731512188911 ], [ 10162690.527975231409073, 2711389.323553151916713 ], [ 10162689.014794254675508, 2711389.528048711363226 ], [ 10162671.906193930655718, 2711385.534422964788973 ], [ 10162646.750304168090224, 2711380.12666184687987 ], [ 10162635.75670319609344, 2711377.179332415107638 ], [ 10162614.042291380465031, 2711370.87557934736833 ], [ 10162603.666286781430244, 2711365.873655795119703 ], [ 10162587.432313712313771, 2711355.366876352578402 ], [ 10162572.245072958990932, 2711345.992476926650852 ], [ 10162555.53617075830698, 2711340.342114747967571 ], [ 10162544.798884494230151, 2711338.397831232752651 ], [ 10162543.076069900766015, 2711338.338393235579133 ], [ 10162541.563901977613568, 2711338.807655968237668 ], [ 10162540.383293131366372, 2711339.937576131429523 ], [ 10162538.862123934552073, 2711340.936476598493755 ], [ 10162536.952941689640284, 2711340.87775310408324 ], [ 10162531.673371249809861, 2711340.236235788557678 ], [ 10162511.172776674851775, 2711338.594644621014595 ], [ 10162509.461542304605246, 2711338.667465063277632 ], [ 10162507.677412524819374, 2711339.733545758761466 ], [ 10162506.693739069625735, 2711340.730338577646762 ], [ 10162505.908420514315367, 2711341.936039759311825 ], [ 10162505.052744969725609, 2711341.939420776441693 ], [ 10162503.129441123455763, 2711341.075228898786008 ], [ 10162487.119655847549438, 2711340.342960524372756 ], [ 10162457.899612836539745, 2711342.254712681751698 ], [ 10162448.530843263491988, 2711342.423360904213041 ], [ 10162446.351229876279831, 2711343.369647526182234 ], [ 10162444.527857227250934, 2711348.551350767724216 ], [ 10162438.719351846724749, 2711347.316097701434046 ], [ 10162436.139329997822642, 2711346.851714748889208 ], [ 10162430.515087487176061, 2711347.877494731452316 ], [ 10162406.862746903672814, 2711354.01542254537344 ], [ 10162386.827678762376308, 2711359.344795510638505 ], [ 10162384.908481784164906, 2711359.550909783225507 ], [ 10162381.616702057421207, 2711359.431179929990321 ], [ 10162376.830766398459673, 2711358.787806840613484 ], [ 10162371.314009211957455, 2711364.987693137954921 ], [ 10162359.181143032386899, 2711379.642813772428781 ], [ 10162350.210653480142355, 2711377.823941921349615 ], [ 10162339.703961245715618, 2711373.076104519888759 ], [ 10162331.717892291024327, 2711364.721698425710201 ], [ 10162322.271377401426435, 2711356.053009810857475 ], [ 10162308.770244553685188, 2711342.887493399437517 ], [ 10162300.684266736730933, 2711334.224532139953226 ], [ 10162291.984466979280114, 2711322.82774429069832 ], [ 10162278.540769767016172, 2711304.597617259249091 ], [ 10162264.28599901497364, 2711286.52518271189183 ], [ 10162258.499992383643985, 2711279.684841861948371 ], [ 10162248.551569832488894, 2711265.975965755525976 ], [ 10162241.97141507640481, 2711260.882028051652014 ], [ 10162229.263307286426425, 2711251.365296578966081 ], [ 10162225.681455148383975, 2711249.977876937482506 ], [ 10162218.546530148014426, 2711249.012457229197025 ], [ 10162203.548945993185043, 2711249.004226856864989 ], [ 10162185.270546628162265, 2711247.475442751776427 ], [ 10162185.265092473477125, 2711247.47498610522598 ], [ 10162185.263764798641205, 2711247.480687717907131 ], [ 10162182.167658, 2711246.814881624188274 ], [ 10162181.423261124640703, 2711259.420044912956655 ], [ 10162180.55692526884377, 2711268.716585337650031 ], [ 10162179.103632796555758, 2711284.712850308045745 ], [ 10162178.239746037870646, 2711295.317281569354236 ], [ 10162177.414597203955054, 2711308.636122039053589 ], [ 10162173.134484119713306, 2711325.013435874599963 ], [ 10162167.541951932013035, 2711339.184216249734163 ], [ 10162160.92095447704196, 2711355.377061108127236 ], [ 10162157.722782053053379, 2711360.555470162536949 ], [ 10162154.567274805158377, 2711365.664779202546924 ], [ 10162148.765372209250927, 2711374.629522452130914 ], [ 10162147.563298963010311, 2711376.486857233103365 ], [ 10162141.776965731754899, 2711386.680853652302176 ], [ 10162136.392726950347424, 2711397.716916881501675 ], [ 10162134.28400843963027, 2711400.190512302331626 ], [ 10162130.247836312279105, 2711404.925086928065866 ], [ 10162120.319012258201838, 2711412.974756572395563 ], [ 10162116.069578917697072, 2711418.503415526822209 ], [ 10162114.734542310237885, 2711420.581536788493395 ], [ 10162117.528478942811489, 2711422.861175361089408 ], [ 10162122.53434288688004, 2711426.945619040168822 ], [ 10162127.207361238077283, 2711434.87811085395515 ], [ 10162124.208365365862846, 2711459.769879375584424 ], [ 10162124.220991533249617, 2711463.068758797366172 ], [ 10162127.775006428360939, 2711474.408392915036529 ], [ 10162139.925303859636188, 2711490.106098928488791 ], [ 10162147.620445568114519, 2711502.731661773752421 ], [ 10162155.468045173212886, 2711515.047736065927893 ], [ 10162161.433003418147564, 2711522.781241079326719 ], [ 10162165.883169557899237, 2711530.299796282313764 ], [ 10162176.190436121076345, 2711546.01567755965516 ], [ 10162187.595442483201623, 2711561.892819980625063 ], [ 10162192.178206164389849, 2711561.058722171466798 ], [ 10162216.654007500037551, 2711577.944631576538086 ], [ 10162218.553705068305135, 2711581.236278194002807 ], [ 10162205.029375387355685, 2711599.372252819128335 ], [ 10162197.170477453619242, 2711595.60716575756669 ], [ 10162194.987172910943627, 2711595.615542463958263 ], [ 10162192.708203615620732, 2711596.429807228036225 ], [ 10162179.620338601991534, 2711605.31811641016975 ], [ 10162177.577896203845739, 2711610.588919698260725 ], [ 10162177.486819595098495, 2711615.466095810290426 ], [ 10162259.275665594264865, 2711669.247190873604268 ], [ 10162363.224683182314038, 2711742.361323196906596 ], [ 10162453.958084551617503, 2711807.968422517646104 ], [ 10162470.437216136604548, 2711805.079866003245115 ], [ 10162476.853906337171793, 2711804.63577829208225 ], [ 10162489.057601924985647, 2711805.515227684285492 ], [ 10162508.267848342657089, 2711810.979571878910065 ], [ 10162532.267033074051142, 2711817.870638112071902 ], [ 10162542.459731252864003, 2711820.766048574820161 ], [ 10162547.695900872349739, 2711824.320534315425903 ], [ 10162562.085808746516705, 2711828.810519300866872 ], [ 10162579.521666809916496, 2711832.18522203527391 ], [ 10162602.755673576146364, 2711839.763287759386003 ], [ 10162621.23020201176405, 2711845.064924139529467 ], [ 10162642.879724036902189, 2711851.457426439970732 ], [ 10162667.044627489522099, 2711858.601447517052293 ], [ 10162687.361592225730419, 2711866.521814186125994 ], [ 10162705.345081981271505, 2711872.498179557733238 ], [ 10162726.153032355010509, 2711876.874806219246238 ], [ 10162745.622926007956266, 2711881.34476752160117 ], [ 10162763.075009722262621, 2711886.065436492208391 ], [ 10162780.459582785144448, 2711890.367016791831702 ], [ 10162795.523552471771836, 2711893.199031320866197 ], [ 10162809.197787273675203, 2711894.149791061878204 ], [ 10162821.655278766527772, 2711895.370089370757341 ], [ 10162835.6819006819278, 2711896.650500926654786 ], [ 10162843.027948318049312, 2711895.352992052212358 ], [ 10162860.866402814164758, 2711889.325159647967666 ], [ 10162881.371119949966669, 2711880.473411589860916 ], [ 10162897.457963829860091, 2711872.598703863564879 ], [ 10162919.45400882512331, 2711863.586656372528523 ], [ 10162937.300895662978292, 2711856.874696382321417 ], [ 10162941.632516710087657, 2711853.492535817902535 ], [ 10162955.832354512065649, 2711839.964960229583085 ], [ 10162976.755693044513464, 2711817.40776677057147 ] ], [ [ 10162182.96294224075973, 2711257.214878487866372 ], [ 10162182.965486358851194, 2711257.204133265651762 ], [ 10162182.947341928258538, 2711257.926972007844597 ], [ 10162182.96294224075973, 2711257.214878487866372 ] ], [ [ 10162192.360089678317308, 2711206.942110040225089 ], [ 10162193.607300685718656, 2711204.852202342357486 ], [ 10162192.362263081595302, 2711206.944860328920186 ], [ 10162192.140386693179607, 2711208.18331032153219 ], [ 10162192.360089678317308, 2711206.942110040225089 ] ], [ [ 10162203.361876195296645, 2711187.61309396289289 ], [ 10162204.043563460931182, 2711183.109617475885898 ], [ 10162203.369394268840551, 2711187.616410256829113 ], [ 10162202.303908044472337, 2711190.471718168817461 ], [ 10162203.361876195296645, 2711187.61309396289289 ] ] ], [ [ [ 10164297.843775480985641, 2712771.123731840401888 ], [ 10164302.9175541754812, 2712766.733914460986853 ], [ 10164312.358705639839172, 2712776.351186380255967 ], [ 10164318.608885647729039, 2712780.894425122998655 ], [ 10164320.536934832111001, 2712782.894937029108405 ], [ 10164332.591368326917291, 2712795.756879478227347 ], [ 10164360.457397773861885, 2712828.19669460086152 ], [ 10164371.759278926998377, 2712839.417545722797513 ], [ 10164383.061436932533979, 2712836.823420184664428 ], [ 10164413.877232901751995, 2712827.155521786771715 ], [ 10164431.484583359211683, 2712820.817602165509015 ], [ 10164452.932207552716136, 2712814.475338339805603 ], [ 10164454.235713081434369, 2712808.379186036065221 ], [ 10164470.125830441713333, 2712778.467849732376635 ], [ 10164487.00840619020164, 2712741.51274346653372 ], [ 10164489.061395080760121, 2712733.504707324784249 ], [ 10164489.188656859099865, 2712726.850549164693803 ], [ 10164490.401883328333497, 2712722.895454430952668 ], [ 10164492.079339826479554, 2712719.799154276028275 ], [ 10164494.537936454638839, 2712717.240373663138598 ], [ 10164497.906328771263361, 2712714.446284136734903 ], [ 10164505.055125081911683, 2712707.631604886613786 ], [ 10164511.937657849863172, 2712694.528464797884226 ], [ 10164516.108406325802207, 2712681.016919680405408 ], [ 10164517.163082990795374, 2712673.04600323876366 ], [ 10164516.83050780929625, 2712669.417102708946913 ], [ 10164516.312017878517509, 2712668.712994645349681 ], [ 10164519.950227487832308, 2712659.253162633161992 ], [ 10164519.621071783825755, 2712659.254477734211832 ], [ 10164519.160241406410933, 2712659.256318824831396 ], [ 10164501.893987417221069, 2712640.854272566735744 ], [ 10164489.149913722649217, 2712628.403613349422812 ], [ 10164474.181858377531171, 2712608.480679649859667 ], [ 10164458.246387287974358, 2712585.306579480879009 ], [ 10164449.14089435711503, 2712569.012509278021753 ], [ 10164445.489513445645571, 2712561.281202357728034 ], [ 10164444.14894668571651, 2712555.239863607101142 ], [ 10164442.725041802972555, 2712530.904319480061531 ], [ 10164439.341515548527241, 2712507.680063658859581 ], [ 10164438.238784659653902, 2712495.193901025690138 ], [ 10164437.503583209589124, 2712475.765867381356657 ], [ 10164437.1164376642555, 2712463.883745314087719 ], [ 10164431.404898943379521, 2712456.800682270433754 ], [ 10164431.138188585639, 2712455.941081847529858 ], [ 10164430.860507693141699, 2712455.092570266220719 ], [ 10164416.846421232447028, 2712432.186808160506189 ], [ 10164404.434603216126561, 2712414.913053978700191 ], [ 10164389.945433955639601, 2712391.159605220425874 ], [ 10164369.010605778545141, 2712357.766175786964595 ], [ 10164361.584428068250418, 2712347.126023279968649 ], [ 10164322.812707666307688, 2712392.354778920300305 ], [ 10164318.005656791850924, 2712400.351579906884581 ], [ 10164320.398161640390754, 2712408.838200603611767 ], [ 10164322.860068710520864, 2712418.229330495465547 ], [ 10164322.806806597858667, 2712421.418384350370616 ], [ 10164307.467977719381452, 2712421.413450172170997 ], [ 10164294.933244394138455, 2712422.997226393781602 ], [ 10164289.003813788294792, 2712424.620846267789602 ], [ 10164281.561579499393702, 2712429.362074092030525 ], [ 10164275.562723210081458, 2712432.86175539996475 ], [ 10164272.261903651058674, 2712438.866400680039078 ], [ 10164270.090833466500044, 2712447.558840994723141 ], [ 10164265.943241884931922, 2712483.656740864273161 ], [ 10164261.159861110150814, 2712514.350556192453951 ], [ 10164258.7395596858114, 2712532.180265904869884 ], [ 10164258.282009797170758, 2712538.570845156908035 ], [ 10164265.309686429798603, 2712551.099591649137437 ], [ 10164282.431446831673384, 2712580.24959302181378 ], [ 10164289.695540122687817, 2712594.289119190536439 ], [ 10164302.487097356468439, 2712616.030472080688924 ], [ 10164319.004770595580339, 2712644.984343034680933 ], [ 10164330.073168981820345, 2712663.797559232916683 ], [ 10164341.268136091530323, 2712681.319255173671991 ], [ 10164351.607491699978709, 2712687.777084166184068 ], [ 10164361.502307469025254, 2712692.802229028195143 ], [ 10164361.454706665128469, 2712697.414737040642649 ], [ 10164361.197147293016315, 2712701.652893871534616 ], [ 10164334.1798803396523, 2712709.032400805968791 ], [ 10164330.660054309293628, 2712712.378803667146713 ], [ 10164321.591395383700728, 2712724.839551196899265 ], [ 10164320.758605847135186, 2712725.118741277605295 ], [ 10164313.425999481230974, 2712721.539824838750064 ], [ 10164311.070060770958662, 2712719.541008201427758 ], [ 10164322.955526420846581, 2712703.527040479704738 ], [ 10164322.741657946258783, 2712702.159635021351278 ], [ 10164319.32446176186204, 2712695.376235431060195 ], [ 10164308.382207863032818, 2712677.941757594700903 ], [ 10164293.433221735060215, 2712654.465535013470799 ], [ 10164276.595580533146858, 2712627.83004244370386 ], [ 10164260.236014522612095, 2712602.77058432623744 ], [ 10164254.943313425406814, 2712593.379570623859763 ], [ 10164248.887983547523618, 2712582.579259374644607 ], [ 10164238.304147396236658, 2712566.964072208851576 ], [ 10164195.097209857776761, 2712583.952369554433972 ], [ 10164193.649758942425251, 2712584.167783658020198 ], [ 10164192.607427340000868, 2712584.171942196786404 ], [ 10164191.848440108820796, 2712583.689473937265575 ], [ 10164183.102309746667743, 2712572.204694631975144 ], [ 10164185.442337917163968, 2712570.176123439799994 ], [ 10164196.209263106808066, 2712562.663105061743408 ], [ 10164214.692338773980737, 2712553.078012808226049 ], [ 10164231.394276672974229, 2712542.573139995802194 ], [ 10164232.147795736789703, 2712541.665339353494346 ], [ 10164233.04323242045939, 2712537.799828758463264 ], [ 10164183.656108619645238, 2712559.60154004720971 ], [ 10164164.104549238458276, 2712568.131589984055609 ], [ 10164163.416054017841816, 2712568.829470123630017 ], [ 10164163.496846351772547, 2712569.844284037128091 ], [ 10164163.809845179319382, 2712571.310570548288524 ], [ 10164164.50533458031714, 2712572.389152775518596 ], [ 10164154.20594909414649, 2712581.610577541403472 ], [ 10164151.377518247812986, 2712582.206644014455378 ], [ 10164125.877229690551758, 2712598.638735935091972 ], [ 10164088.333731036633253, 2712621.717139665037394 ], [ 10164070.893353501334786, 2712634.222026308998466 ], [ 10164050.412129422649741, 2712646.330746963620186 ], [ 10164038.335524801164865, 2712655.647485269699246 ], [ 10164037.758777050301433, 2712656.863543857354671 ], [ 10164037.641302214935422, 2712657.680518308188766 ], [ 10164037.711004912853241, 2712658.662277129478753 ], [ 10164038.286128535866737, 2712659.82963372208178 ], [ 10164042.708014082163572, 2712665.439486571121961 ], [ 10164061.294525615870953, 2712696.040615987963974 ], [ 10164081.496469043195248, 2712727.275344188325107 ], [ 10164102.42589851282537, 2712750.959779073949903 ], [ 10164121.143054712563753, 2712770.106939231511205 ], [ 10164131.191878350451589, 2712780.814296124968678 ], [ 10164132.53209587931633, 2712781.217208894435316 ], [ 10164134.495383646339178, 2712781.032855416182429 ], [ 10164144.721335005015135, 2712778.200461168773472 ], [ 10164161.286374500021338, 2712774.647648255806416 ], [ 10164187.627014460042119, 2712768.153840715065598 ], [ 10164209.805523144081235, 2712763.508262803778052 ], [ 10164222.913420427590609, 2712759.737455451395363 ], [ 10164239.347156433388591, 2712753.503759634681046 ], [ 10164241.01308823376894, 2712753.033687794581056 ], [ 10164243.681598791852593, 2712753.607864275574684 ], [ 10164244.375365480780602, 2712754.245076588355005 ], [ 10164252.953037181869149, 2712770.276736195199192 ], [ 10164250.470431208610535, 2712772.327953618951142 ], [ 10164253.039743363857269, 2712775.561778309289366 ], [ 10164279.034133588895202, 2712761.963162860833108 ], [ 10164289.473247123882174, 2712771.455096867401153 ], [ 10164289.906302083283663, 2712772.755393960513175 ], [ 10164290.988082664087415, 2712791.079003839753568 ], [ 10164293.163895905017853, 2712808.592746104579419 ], [ 10164295.590158430859447, 2712836.742580664344132 ], [ 10164299.350760392844677, 2712858.244448449928313 ], [ 10164308.538554975762963, 2712856.475372484419495 ], [ 10164304.141279451549053, 2712837.679444335866719 ], [ 10164302.323071649298072, 2712832.930903870146722 ], [ 10164301.587148379534483, 2712810.501132717356086 ], [ 10164297.79698346927762, 2712781.507153778336942 ], [ 10164297.843775480985641, 2712771.123731840401888 ] ], [ [ 10164424.320471178740263, 2712618.544804539531469 ], [ 10164456.387094398960471, 2712597.90399568201974 ], [ 10164471.262245001271367, 2712619.305852823890746 ], [ 10164462.908409770578146, 2712623.830186063889414 ], [ 10164451.890726551413536, 2712631.719604913145304 ], [ 10164440.716813765466213, 2712641.728177294600755 ], [ 10164424.320471178740263, 2712618.544804539531469 ] ] ], [ [ [ 10163864.847757194191217, 2713034.393665803596377 ], [ 10163883.236595347523689, 2713025.757987560238689 ], [ 10163890.791887136176229, 2713021.777711546979845 ], [ 10163912.435477670282125, 2713006.530544920824468 ], [ 10163927.272305347025394, 2712995.911722319200635 ], [ 10163977.759999690577388, 2712966.150166307110339 ], [ 10163975.010360736399889, 2712950.51428267871961 ], [ 10163943.192339684814215, 2712973.327357803937048 ], [ 10163929.641248730942607, 2712984.437581615056843 ], [ 10163917.809666026383638, 2712989.174156302586198 ], [ 10163898.124478749930859, 2713000.16533172223717 ], [ 10163871.353221682831645, 2713017.30870172008872 ], [ 10163850.934312915429473, 2713028.688867444172502 ], [ 10163845.167351869866252, 2713029.826189621351659 ], [ 10163835.467214098200202, 2713029.699087547138333 ], [ 10163813.337866449728608, 2713027.403417737223208 ], [ 10163803.001760868355632, 2713024.575417383573949 ], [ 10163788.754344059154391, 2713017.636021000798792 ], [ 10163779.690105173736811, 2713014.560157452709973 ], [ 10163763.638136075809598, 2713011.920325592625886 ], [ 10163736.458530271425843, 2713006.058274323120713 ], [ 10163706.173589035868645, 2712997.328492959495634 ], [ 10163698.267361372709274, 2712995.770782398059964 ], [ 10163683.279868764802814, 2712979.134968308266252 ], [ 10163670.502057341858745, 2712963.549774530343711 ], [ 10163644.516826372593641, 2712926.35633916920051 ], [ 10163632.411821436136961, 2712911.65121893864125 ], [ 10163621.142643954604864, 2712897.461453930474818 ], [ 10163615.933732816949487, 2712889.780038077849895 ], [ 10163625.885670403018594, 2712872.935462126042694 ], [ 10163633.912509663030505, 2712857.643276327289641 ], [ 10163638.901762276887894, 2712845.607233388349414 ], [ 10163646.430784156545997, 2712818.046906084287912 ], [ 10163658.301421703770757, 2712772.781600630842149 ], [ 10163663.164994968101382, 2712748.255314675625414 ], [ 10163668.586376633495092, 2712728.890888484660536 ], [ 10163674.538999108597636, 2712705.088612745050341 ], [ 10163679.353225389495492, 2712687.591430877801031 ], [ 10163679.392178127542138, 2712683.519665355794132 ], [ 10163675.579756898805499, 2712656.964433090761304 ], [ 10163672.494653005152941, 2712631.200808892492205 ], [ 10163672.48627907410264, 2712629.060204465873539 ], [ 10163673.986672170460224, 2712625.545418963301927 ], [ 10163687.093961056321859, 2712610.387843433301896 ], [ 10163689.659997126087546, 2712607.210925056599081 ], [ 10163689.706431768834591, 2712605.059062193613499 ], [ 10163688.912185125052929, 2712601.167173575144261 ], [ 10163688.724478689953685, 2712598.056279107462615 ], [ 10163688.752214239910245, 2712560.253285740036517 ], [ 10163688.669800514355302, 2712525.143131299410015 ], [ 10163687.838818438351154, 2712472.569108620751649 ], [ 10163686.302410658448935, 2712452.846301141194999 ], [ 10163684.049485482275486, 2712423.846779911313206 ], [ 10163682.614592241123319, 2712416.05139318248257 ], [ 10163682.574410324916244, 2712405.767857652623206 ], [ 10163681.031789192929864, 2712384.456285621039569 ], [ 10163677.303711446002126, 2712348.57752925157547 ], [ 10163681.717584738507867, 2712315.712014781776816 ], [ 10163684.891475711017847, 2712291.226194044575095 ], [ 10163683.857312932610512, 2712284.896825840231031 ], [ 10163680.907215092331171, 2712276.820616295561194 ], [ 10163680.268801195546985, 2712273.490890576969832 ], [ 10163679.150345362722874, 2712259.636742665432394 ], [ 10163676.837299266830087, 2712218.059153516311198 ], [ 10163675.277522979304194, 2712192.345412029419094 ], [ 10163673.341170117259026, 2712174.147210452705622 ], [ 10163671.509699830785394, 2712163.131645082030445 ], [ 10163682.591261567547917, 2712154.724172696471214 ], [ 10163705.096586300060153, 2712138.448548530228436 ], [ 10163712.315698981285095, 2712138.364831546787173 ], [ 10163728.076674822717905, 2712139.769953843671829 ], [ 10163735.315511703491211, 2712139.123423620127141 ], [ 10163751.419499987736344, 2712135.661255978513509 ], [ 10163774.148844974115491, 2712131.786660879384726 ], [ 10163782.997368214651942, 2712130.328238444868475 ], [ 10163784.512341372668743, 2712130.553969061002135 ], [ 10163807.746136685833335, 2712143.426658009178936 ], [ 10163813.116668520495296, 2712153.181328568141907 ], [ 10163823.133578894659877, 2712164.296851756051183 ], [ 10163844.862263629212976, 2712176.645871600601822 ], [ 10163850.20780610665679, 2712180.023093508090824 ], [ 10163870.619314109906554, 2712181.023470255080611 ], [ 10163888.53600600361824, 2712180.952371104620397 ], [ 10163900.102316064760089, 2712181.469214028213173 ], [ 10163900.61262260004878, 2712168.910668732598424 ], [ 10163903.476425629109144, 2712168.954469675198197 ], [ 10163923.96378712169826, 2712180.900062911212444 ], [ 10163931.771641694009304, 2712185.448113237973303 ], [ 10163916.776944123208523, 2712164.046803269069642 ], [ 10163912.355236910283566, 2712155.645539131946862 ], [ 10163907.933592973276973, 2712147.255307638086379 ], [ 10163899.746218886226416, 2712135.448513874318451 ], [ 10163885.995036045089364, 2712117.771736427210271 ], [ 10163897.167304510250688, 2712070.988271163310856 ], [ 10163896.217996336519718, 2712066.733051366638392 ], [ 10163896.07382920384407, 2712063.544793450739235 ], [ 10163895.707397611811757, 2712059.651338463183492 ], [ 10163894.097057392820716, 2712054.692507929634303 ], [ 10163892.371382402256131, 2712051.102370199281722 ], [ 10163888.925765274092555, 2712045.378517107572407 ], [ 10163882.499286595731974, 2712034.944031601306051 ], [ 10163881.258308378979564, 2712031.848459609318525 ], [ 10163874.289895327761769, 2712034.292475413531065 ], [ 10163869.426414679735899, 2712022.329111353959888 ], [ 10163878.645966207608581, 2712017.581083671655506 ], [ 10163874.096554901450872, 2711996.193751143757254 ], [ 10163871.778285138309002, 2711984.176230086479336 ], [ 10163859.32466203160584, 2711981.169187407940626 ], [ 10163853.829459881410003, 2711978.796781477984041 ], [ 10163853.210044549778104, 2711977.519279207102954 ], [ 10163853.063885431736708, 2711971.009918487630785 ], [ 10163854.303097018972039, 2711965.267462396994233 ], [ 10163859.382606342434883, 2711951.190459209028631 ], [ 10163859.714900320395827, 2711946.389480672311038 ], [ 10163857.917089251801372, 2711935.594622789416462 ], [ 10163853.973901718854904, 2711917.691568437498063 ], [ 10163848.267772810533643, 2711875.488416953012347 ], [ 10163840.038241075351834, 2711838.90043384861201 ], [ 10163840.149990048259497, 2711831.021976812276989 ], [ 10163838.172504613175988, 2711810.761084482073784 ], [ 10163833.303083, 2711788.867674496024847 ], [ 10163830.463861811906099, 2711778.286701620556414 ], [ 10163841.457727888599038, 2711755.999439114239067 ], [ 10163837.331457296386361, 2711724.967399335466325 ], [ 10163836.297157917171717, 2711710.208656812086701 ], [ 10163834.859602427110076, 2711701.740605036262423 ], [ 10163832.768285844475031, 2711688.828645158093423 ], [ 10163819.034990387037396, 2711661.597207735758275 ], [ 10163810.197905926033854, 2711646.306726493407041 ], [ 10163795.689983025193214, 2711622.96220450475812 ], [ 10163774.811835898086429, 2711595.07511771004647 ], [ 10163758.533194134011865, 2711570.601206922437996 ], [ 10163751.748478481546044, 2711558.270639617927372 ], [ 10163735.69221100397408, 2711537.337621993385255 ], [ 10163719.706120736896992, 2711520.310158264823258 ], [ 10163705.342584162950516, 2711502.967325324192643 ], [ 10163694.898108469322324, 2711486.204814762808383 ], [ 10163677.350475149229169, 2711457.002713617868721 ], [ 10163624.293832251802087, 2711521.746658780612051 ], [ 10163620.120940923690796, 2711529.210700360126793 ], [ 10163618.625323232263327, 2711536.730341427028179 ], [ 10163616.457156570628285, 2711557.459655881393701 ], [ 10163613.524554470553994, 2711573.480750836897641 ], [ 10163612.697165409103036, 2711583.557541692163795 ], [ 10163612.033213498070836, 2711598.951827390585095 ], [ 10163608.760638620704412, 2711615.018433604389429 ], [ 10163598.427045457065105, 2711649.108530494384468 ], [ 10163588.710560895502567, 2711686.715941670816392 ], [ 10163583.179669547826052, 2711706.057470072526485 ], [ 10163579.343955418094993, 2711724.024172646459192 ], [ 10163578.111598048359156, 2711725.926819727756083 ], [ 10163576.887946886941791, 2711727.244617210701108 ], [ 10163575.303085742518306, 2711728.784561888314784 ], [ 10163557.077150804921985, 2711733.82159977639094 ], [ 10163542.827357804402709, 2711740.012481779791415 ], [ 10163522.409708729013801, 2711776.658228367101401 ], [ 10163510.06295520439744, 2711798.200350132770836 ], [ 10163497.749786814674735, 2711819.918874220922589 ], [ 10163484.249907612800598, 2711844.003279011696577 ], [ 10163482.836940361186862, 2711853.056412931997329 ], [ 10163479.890480384230614, 2711879.648049070965499 ], [ 10163478.526588117703795, 2711884.39787423890084 ], [ 10163475.913024937734008, 2711889.439514786470681 ], [ 10163476.108351171016693, 2711891.700651797931641 ], [ 10163465.470728423446417, 2711890.109592260792851 ], [ 10163458.634804924950004, 2711889.959972128272057 ], [ 10163450.145396813750267, 2711890.6224041194655 ], [ 10163439.666559733450413, 2711893.201389195863158 ], [ 10163425.312849350273609, 2711895.29918246390298 ], [ 10163419.528917213901877, 2711937.062291820067912 ], [ 10163417.581621112301946, 2711961.057193723041564 ], [ 10163392.084041817113757, 2711964.015253593679518 ], [ 10163391.721230434253812, 2711963.840172837488353 ], [ 10163390.391112290322781, 2711963.172386443708092 ], [ 10163388.195739354938269, 2711960.091537854168564 ], [ 10163387.535469859838486, 2711951.12381878728047 ], [ 10163388.685198299586773, 2711936.433396416250616 ], [ 10163390.635272201150656, 2711930.059313815552741 ], [ 10163392.479815322905779, 2711924.766986452043056 ], [ 10163390.25740198418498, 2711923.175809714943171 ], [ 10163388.599254786968231, 2711922.829272548668087 ], [ 10163386.525979645550251, 2711922.914647416211665 ], [ 10163384.310012048110366, 2711922.989583170507103 ], [ 10163382.377953592687845, 2711922.721293955575675 ], [ 10163377.31205565109849, 2711917.86439913045615 ], [ 10163364.048746909946203, 2711912.554274271242321 ], [ 10163360.29683405533433, 2711909.854751191101968 ], [ 10163358.697056533768773, 2711907.565995191689581 ], [ 10163358.550230735912919, 2711903.660645315423608 ], [ 10163359.012699387967587, 2711898.439876068383455 ], [ 10163369.855012528598309, 2711896.245727993082255 ], [ 10163381.092509929090738, 2711891.247370937373489 ], [ 10163386.96022024564445, 2711887.892123548313975 ], [ 10163389.919421460479498, 2711887.108142459765077 ], [ 10163392.069054003804922, 2711886.890012240502983 ], [ 10163396.908528961241245, 2711887.157872029580176 ], [ 10163399.88833862170577, 2711888.812131063081324 ], [ 10163403.324455542489886, 2711892.141828278079629 ], [ 10163404.291792906820774, 2711892.623557616490871 ], [ 10163413.837251214310527, 2711892.652203512843698 ], [ 10163420.149291796609759, 2711873.81491185259074 ], [ 10163427.599461195990443, 2711851.376280853059143 ], [ 10163429.041986310854554, 2711849.914157395251095 ], [ 10163435.192110357806087, 2711848.632114971056581 ], [ 10163441.365128170698881, 2711836.360437684692442 ], [ 10163447.302892744541168, 2711828.470116522628814 ], [ 10163453.697963519021869, 2711819.673202916048467 ], [ 10163462.130179105326533, 2711809.952539782505482 ], [ 10163454.283564945682883, 2711806.62919020652771 ], [ 10163453.858352920040488, 2711804.501430117059499 ], [ 10163453.433215726166964, 2711802.384643863886595 ], [ 10163453.625049564987421, 2711798.135941029060632 ], [ 10163461.356268439441919, 2711774.637060325127095 ], [ 10163468.560175469145179, 2711759.437507869210094 ], [ 10163470.192405818030238, 2711750.361510538961738 ], [ 10163469.741381864994764, 2711741.602627457119524 ], [ 10163469.569290827959776, 2711731.231780399568379 ], [ 10163470.139281876385212, 2711719.820940794888884 ], [ 10163477.603900844231248, 2711698.331291703041643 ], [ 10163470.772165006026626, 2711690.778147482313216 ], [ 10163466.541929889470339, 2711686.370391827076674 ], [ 10163462.945792824029922, 2711681.397439149674028 ], [ 10163463.071615742519498, 2711679.896368782501668 ], [ 10163463.63507204502821, 2711675.271176933310926 ], [ 10163466.337392838671803, 2711667.691527856513858 ], [ 10163467.362728271633387, 2711666.131749923340976 ], [ 10163471.459789687767625, 2711667.35135214868933 ], [ 10163475.809009876102209, 2711668.503718408755958 ], [ 10163503.262886043637991, 2711674.982497940771282 ], [ 10163505.409755147993565, 2711674.069300865754485 ], [ 10163514.763376185670495, 2711669.983079117722809 ], [ 10163524.267061207443476, 2711662.156003450509161 ], [ 10163533.517442936077714, 2711648.448998415842652 ], [ 10163539.763740230351686, 2711638.130129019729793 ], [ 10163542.755618838593364, 2711626.014635859522969 ], [ 10163544.434392455965281, 2711611.984451853204519 ], [ 10163544.298749588429928, 2711594.099692032206804 ], [ 10163545.118635706603527, 2711590.543791964650154 ], [ 10163547.861419776454568, 2711584.905890609603375 ], [ 10163553.110820395871997, 2711577.757563337218016 ], [ 10163559.012700708582997, 2711566.325729940552264 ], [ 10163560.383081957697868, 2711563.252969488501549 ], [ 10163561.130057124421, 2711560.679272101260722 ], [ 10163561.196802943944931, 2711558.108251406345516 ], [ 10163560.762268345803022, 2711553.586263285484165 ], [ 10163557.330598337575793, 2711542.952513380907476 ], [ 10163554.054657170549035, 2711535.661353853531182 ], [ 10163547.681207567453384, 2711524.664093058556318 ], [ 10163526.985720261931419, 2711518.136841263622046 ], [ 10163517.675433373078704, 2711513.638776514679193 ], [ 10163517.542543383315206, 2711499.240734121296555 ], [ 10163543.306417848914862, 2711502.890416689682752 ], [ 10163547.141741225495934, 2711501.683658494614065 ], [ 10163550.108689900487661, 2711500.072096577379853 ], [ 10163557.274031793698668, 2711491.901247002650052 ], [ 10163568.695604644715786, 2711472.349164916202426 ], [ 10163578.440413502976298, 2711453.244984280783683 ], [ 10163585.276215175166726, 2711444.998156921006739 ], [ 10163589.549886554479599, 2711440.876900608185679 ], [ 10163594.301607666537166, 2711438.353629061952233 ], [ 10163598.013200121000409, 2711425.1651880312711 ], [ 10163605.370276881381869, 2711415.537078046239913 ], [ 10163617.723318062722683, 2711387.298107048962265 ], [ 10163616.092392645776272, 2711377.032608500216156 ], [ 10163615.745519621297717, 2711358.453945295419544 ], [ 10163612.708218956366181, 2711342.048347381874919 ], [ 10163606.972830856218934, 2711342.699905880726874 ], [ 10163602.286560852080584, 2711322.648926002904773 ], [ 10163612.497674958780408, 2711319.055935487616807 ], [ 10163634.248322729021311, 2711312.085143607575446 ], [ 10163648.149110347032547, 2711306.524696716107428 ], [ 10163666.089244611561298, 2711290.267904492095113 ], [ 10163668.0106081366539, 2711287.822056494653225 ], [ 10163669.111422758549452, 2711285.942019036505371 ], [ 10163669.920353135094047, 2711282.386145109310746 ], [ 10163668.872200213372707, 2711261.239569453988224 ], [ 10163666.565208395943046, 2711254.849426129367203 ], [ 10163665.707464409992099, 2711245.937995546963066 ], [ 10163664.13416432030499, 2711233.564870699774474 ], [ 10163663.676304180175066, 2711223.085254802834243 ], [ 10163663.465616313740611, 2711222.523324022535235 ], [ 10163660.089761173352599, 2711209.318923528771847 ], [ 10163657.517418289557099, 2711188.388186816591769 ], [ 10163658.064882392063737, 2711185.296651168260723 ], [ 10163656.408517342060804, 2711168.532832599710673 ], [ 10163655.000113796442747, 2711161.852365548722446 ], [ 10163650.210621504113078, 2711157.491100064478815 ], [ 10163647.428815433755517, 2711153.121909152716398 ], [ 10163645.400844627991319, 2711147.955395441036671 ], [ 10163644.821817856281996, 2711142.94861514819786 ], [ 10163644.893722509965301, 2711141.690581834409386 ], [ 10163646.39986147172749, 2711139.676656859461218 ], [ 10163640.751246426254511, 2711126.05091774975881 ], [ 10163638.841805575415492, 2711117.485721467528492 ], [ 10163639.193143580108881, 2711100.714047416578978 ], [ 10163638.557776810601354, 2711092.540997742675245 ], [ 10163625.847296848893166, 2711071.363539426121861 ], [ 10163608.447127869352698, 2711074.146469120401889 ], [ 10163605.332482468336821, 2711074.445621659979224 ], [ 10163602.567894037812948, 2711074.456526215653867 ], [ 10163600.93263372592628, 2711074.319574396591634 ], [ 10163598.649956624954939, 2711071.338612102903426 ], [ 10163596.424581540748477, 2711063.359487817622721 ], [ 10163596.34893786534667, 2711060.855249586515129 ], [ 10163596.901275791227818, 2711058.999515453819185 ], [ 10163609.908021882176399, 2711049.316286241170019 ], [ 10163610.526219813153148, 2711044.67992019187659 ], [ 10163613.224337682127953, 2711038.876914332155138 ], [ 10163621.410890109837055, 2711031.000052049290389 ], [ 10163618.98795011267066, 2711025.802041596733034 ], [ 10163619.129913555458188, 2711008.788510187529027 ], [ 10163618.515144633129239, 2710997.44893556740135 ], [ 10163614.79110187292099, 2710984.974287400022149 ], [ 10163606.168110707774758, 2710970.996370743494481 ], [ 10163595.510598674416542, 2710944.504082200583071 ], [ 10163586.811817869544029, 2710930.769326273351908 ], [ 10163576.789888041093946, 2710912.52718679793179 ], [ 10163562.128137538209558, 2710914.151749026961625 ], [ 10163545.689446968957782, 2710913.080273247789592 ], [ 10163535.565846031531692, 2710916.540530859492719 ], [ 10163524.803964540362358, 2710919.506635539699346 ], [ 10163516.481592493131757, 2710920.686963271349669 ], [ 10163516.05238788574934, 2710923.160038904752582 ], [ 10163514.996985949575901, 2710925.414935200009495 ], [ 10163503.721315437927842, 2710934.484402294736356 ], [ 10163480.903987186029553, 2710951.940311008598655 ], [ 10163467.309715947136283, 2710965.696919257752597 ], [ 10163462.366206649690866, 2710969.644137723837048 ], [ 10163461.41720475256443, 2710971.049093932844698 ], [ 10163454.018723085522652, 2710986.899592422414571 ], [ 10163444.156720582395792, 2711001.21519418945536 ], [ 10163440.660284915938973, 2711004.880916157737374 ], [ 10163430.310194291174412, 2711000.927729927003384 ], [ 10163420.865307912230492, 2710995.580814284738153 ], [ 10163412.232368612661958, 2710981.812513100914657 ], [ 10163420.329977201297879, 2710970.813777681440115 ], [ 10163426.924057880416512, 2710959.677562325727195 ], [ 10163438.611150661483407, 2710946.369854304939508 ], [ 10163447.507446462288499, 2710934.816352199297398 ], [ 10163452.492262348532677, 2710927.393553347792476 ], [ 10163455.273583732545376, 2710926.036591205745935 ], [ 10163471.646274425089359, 2710912.997264608275145 ], [ 10163473.653493095189333, 2710912.879009625408798 ], [ 10163474.323127366602421, 2710912.986710998695344 ], [ 10163476.497767064720392, 2710913.595988025423139 ], [ 10163484.969148866832256, 2710919.696918234694749 ], [ 10163498.193886116147041, 2710909.659906399436295 ], [ 10163510.631626036018133, 2710900.376247535925359 ], [ 10163511.635066194459796, 2710904.487593334633857 ], [ 10163521.057001965120435, 2710895.513705765362829 ], [ 10163534.608643615618348, 2710882.110350040718913 ], [ 10163545.685141509398818, 2710869.809009387623519 ], [ 10163554.058319758623838, 2710859.173311652615666 ], [ 10163554.504837077111006, 2710858.333048259373754 ], [ 10163554.965645076707006, 2710847.099694179836661 ], [ 10163555.172357376664877, 2710829.788210335187614 ], [ 10163556.642793642356992, 2710807.396620711777359 ], [ 10163544.265539577230811, 2710784.364669562783092 ], [ 10163534.837674096226692, 2710769.308867189567536 ], [ 10163524.881885645911098, 2710751.088744902051985 ], [ 10163521.100161189213395, 2710740.66657400643453 ], [ 10163515.917848560959101, 2710731.18775282567367 ], [ 10163507.278642753139138, 2710715.797900651115924 ], [ 10163503.771070474758744, 2710708.143899125512689 ], [ 10163497.013153430074453, 2710691.290334755554795 ], [ 10163494.649670131504536, 2710684.448267363011837 ], [ 10163494.860780142247677, 2710679.515735423658043 ], [ 10163487.216908561065793, 2710677.405532872769982 ], [ 10163475.261085156351328, 2710669.542139844503254 ], [ 10163476.282485611736774, 2710658.593557848595083 ], [ 10163478.019022546708584, 2710650.940987410023808 ], [ 10163488.720619089901447, 2710655.080263179726899 ], [ 10163497.115937063470483, 2710655.753242811653763 ], [ 10163506.339725421741605, 2710655.09896784927696 ], [ 10163511.979240991175175, 2710652.406821341253817 ], [ 10163517.445862427353859, 2710650.432498620357364 ], [ 10163527.617454776540399, 2710639.60220258962363 ], [ 10163535.519015403464437, 2710626.232374016661197 ], [ 10163531.506501007825136, 2710598.820772553794086 ], [ 10163529.047803279012442, 2710578.817069453652948 ], [ 10163529.194875782355666, 2710571.52383505133912 ], [ 10163531.203977087512612, 2710566.275335134007037 ], [ 10163518.953084060922265, 2710536.215351315680891 ], [ 10163502.879966789856553, 2710490.934359033126384 ], [ 10163489.178017197176814, 2710454.470244523137808 ], [ 10163487.377452787011862, 2710445.673260662239045 ], [ 10163487.369505856186152, 2710421.12565394770354 ], [ 10163487.031423106789589, 2710401.952277426607907 ], [ 10163486.667287612333894, 2710353.586721600033343 ], [ 10163483.561279723420739, 2710327.926144760102034 ], [ 10163480.132369678467512, 2710301.031237974762917 ], [ 10163478.631980134174228, 2710296.072488718200475 ], [ 10163473.789608145132661, 2710292.130904834251851 ], [ 10163471.019777981564403, 2710290.784817509818822 ], [ 10163462.202248679473996, 2710288.679262266959995 ], [ 10163434.074545348063111, 2710288.856314912438393 ], [ 10163408.703215377405286, 2710289.739595184568316 ], [ 10163401.073897864669561, 2710291.325229453854263 ], [ 10163386.346418488770723, 2710295.663867180701345 ], [ 10163368.217626262456179, 2710299.883471885230392 ], [ 10163335.473247, 2710303.388332310598344 ], [ 10163333.180066848173738, 2710328.672900267411023 ], [ 10163333.070368269458413, 2710368.147960226517171 ], [ 10163333.814018703997135, 2710407.023992273490876 ], [ 10163336.236744863912463, 2710465.796461813617498 ], [ 10163338.384370651096106, 2710504.612012013792992 ], [ 10163338.940836338326335, 2710532.015073782764375 ], [ 10163340.94425730779767, 2710550.674529016483575 ], [ 10163345.900853805243969, 2710578.314166768919677 ], [ 10163349.706184083595872, 2710614.596977459266782 ], [ 10163349.363906517624855, 2710625.30002722190693 ], [ 10163353.596175529062748, 2710647.238679375965148 ], [ 10163364.193422203883529, 2710700.661960607860237 ], [ 10163370.416787821799517, 2710729.609744151588529 ], [ 10163371.019351562485099, 2710735.046496176626533 ], [ 10163370.730255402624607, 2710742.505962658673525 ], [ 10163366.996924201026559, 2710764.211220330093056 ], [ 10163358.484538186341524, 2710795.489882821682841 ], [ 10163351.142736231908202, 2710817.463221916928887 ], [ 10163343.64353315718472, 2710844.070945208426565 ], [ 10163337.801281752064824, 2710856.704655581619591 ], [ 10163328.152730265632272, 2710877.947966207750142 ], [ 10163318.137381680309772, 2710909.276803224813193 ], [ 10163312.758235333487391, 2710933.791107628960162 ], [ 10163311.467543633654714, 2710948.900421665515751 ], [ 10163312.726940440014005, 2710973.708668992388994 ], [ 10163317.137338347733021, 2710999.111379885114729 ], [ 10163319.384415065869689, 2711012.706342480145395 ], [ 10163332.831542320549488, 2711031.608240954577923 ], [ 10163348.896367082372308, 2711063.474733998999 ], [ 10163362.133930953219533, 2711090.519935445394367 ], [ 10163379.547162171453238, 2711119.258812143467367 ], [ 10163389.093819299712777, 2711139.444962033070624 ], [ 10163392.201518144458532, 2711151.44774613995105 ], [ 10163392.891290389001369, 2711165.192383319605142 ], [ 10163393.949853820726275, 2711172.194256888702512 ], [ 10163392.836712958291173, 2711187.799572048708797 ], [ 10163392.574765015393496, 2711202.254020505119115 ], [ 10163390.381332648918033, 2711250.356363203376532 ], [ 10163388.713448593392968, 2711286.92703513475135 ], [ 10163387.897823853418231, 2711325.414186531677842 ], [ 10163388.327494690194726, 2711354.065869322512299 ], [ 10163387.246190711855888, 2711394.771965699736029 ], [ 10163384.640406148508191, 2711418.702409716788679 ], [ 10163381.212202150374651, 2711431.481519129127264 ], [ 10163373.219558656215668, 2711455.411152755841613 ], [ 10163359.880128858610988, 2711484.05105193471536 ], [ 10163350.882537975907326, 2711495.075690545141697 ], [ 10163333.536208834499121, 2711514.628893019165844 ], [ 10163304.793930353596807, 2711526.613793872762471 ], [ 10163283.973108164966106, 2711547.096439686138183 ], [ 10163257.369213873520494, 2711575.777497847098857 ], [ 10163242.339965924620628, 2711590.301378139294684 ], [ 10163213.252492927014828, 2711615.16353712650016 ], [ 10163191.038613075390458, 2711632.970522908959538 ], [ 10163174.273360256105661, 2711644.025597876869142 ], [ 10163160.06518978998065, 2711652.488821058068424 ], [ 10163143.17099124006927, 2711667.119311807211488 ], [ 10163131.122769517824054, 2711678.023494818713516 ], [ 10163112.120052475482225, 2711692.143574533052742 ], [ 10163094.66881837323308, 2711707.438237237278372 ], [ 10163078.797907521948218, 2711722.825948203913867 ], [ 10163048.46799367852509, 2711755.626060750335455 ], [ 10163022.586870236322284, 2711784.171897704247385 ], [ 10163010.742614386603236, 2711796.807539537549019 ], [ 10162994.810599565505981, 2711813.486395076382905 ], [ 10162975.851757071912289, 2711836.16840758966282 ], [ 10162960.416430650278926, 2711850.793109106831253 ], [ 10162943.014761852100492, 2711864.807536451611668 ], [ 10162931.577615384012461, 2711872.101329722907394 ], [ 10162904.355821618810296, 2711883.120030242484063 ], [ 10162887.130706468597054, 2711891.738277912605554 ], [ 10162870.525213371962309, 2711898.853608074132353 ], [ 10162854.046489350497723, 2711904.699599211569875 ], [ 10162842.899005649611354, 2711907.446351061109453 ], [ 10162835.604908335953951, 2711907.982364222407341 ], [ 10162818.078903269022703, 2711906.836991290096194 ], [ 10162810.762646600604057, 2711907.306861985474825 ], [ 10162808.604460766538978, 2711908.153770995792001 ], [ 10162807.971085814759135, 2711908.928653254173696 ], [ 10162807.90750278159976, 2711909.50268679484725 ], [ 10162808.350807717069983, 2711910.64841612521559 ], [ 10162798.88251980021596, 2711913.56513131223619 ], [ 10162794.424635702744126, 2711924.064484050497413 ], [ 10162789.508260164409876, 2711932.314739009365439 ], [ 10162773.324770171195269, 2711957.854569226503372 ], [ 10162760.277861434966326, 2711974.522140067070723 ], [ 10162735.323960527777672, 2712001.883642077445984 ], [ 10162718.233416717499495, 2712019.846884163562208 ], [ 10162703.471477892249823, 2712032.791722286026925 ], [ 10162684.218641236424446, 2712047.696007723920047 ], [ 10162673.343286521732807, 2712058.485184580553323 ], [ 10162662.580743914470077, 2712075.783841541036963 ], [ 10162654.585961764678359, 2712093.833092267625034 ], [ 10162652.002313172444701, 2712103.872836492955685 ], [ 10162652.122117, 2712106.498422033153474 ], [ 10162653.780420823022723, 2712109.757971732411534 ], [ 10162666.576481718569994, 2712130.50687940698117 ], [ 10162677.048422267660499, 2712148.881552563980222 ], [ 10162687.374754732474685, 2712166.484471792820841 ], [ 10162704.943416234105825, 2712204.273174354340881 ], [ 10162719.38381146080792, 2712236.016552203334868 ], [ 10162724.18629571609199, 2712252.283830398693681 ], [ 10162734.261638840660453, 2712293.003831788897514 ], [ 10162745.520714165642858, 2712333.38825688092038 ], [ 10162752.015632167458534, 2712353.21302427817136 ], [ 10162752.889265483245254, 2712357.843871261924505 ], [ 10162754.924297161400318, 2712370.59121886594221 ], [ 10162755.91231457144022, 2712387.822429043706506 ], [ 10162755.647111847996712, 2712395.889334190636873 ], [ 10162761.037444924935699, 2712393.82703444454819 ], [ 10162766.164544198662043, 2712391.809866782277822 ], [ 10162768.145159725099802, 2712390.444957400206476 ], [ 10162773.88156964816153, 2712384.243601940572262 ], [ 10162776.663951840251684, 2712380.249552704393864 ], [ 10162781.769961902871728, 2712375.595330833923072 ], [ 10162787.519113665446639, 2712369.879383982624859 ], [ 10162794.803145337849855, 2712360.968656221870333 ], [ 10162797.58668027818203, 2712357.261465117800981 ], [ 10162799.913711182773113, 2712354.670478881336749 ], [ 10162809.736427901312709, 2712346.886346273589879 ], [ 10162817.503115080296993, 2712337.962685327511281 ], [ 10162826.131944242864847, 2712325.019281955435872 ], [ 10162837.631683701649308, 2712305.411355183459818 ], [ 10162840.237106766551733, 2712301.053737077396363 ], [ 10162841.562582723796368, 2712297.650121529586613 ], [ 10162842.199968539178371, 2712295.065785962622613 ], [ 10162842.473901994526386, 2712292.129675928037614 ], [ 10162840.028659828007221, 2712278.302709440235049 ], [ 10162836.721677288413048, 2712251.558340508956462 ], [ 10162833.98160744458437, 2712238.074594218283892 ], [ 10162832.394115187227726, 2712233.270077052526176 ], [ 10162826.30506457388401, 2712224.808748059906065 ], [ 10162820.28497626632452, 2712220.021483084652573 ], [ 10162798.378284830600023, 2712206.83316909475252 ], [ 10162771.611383236944675, 2712188.02547779912129 ], [ 10162752.384127354249358, 2712175.422531440388411 ], [ 10162734.574225973337889, 2712163.33262872742489 ], [ 10162730.233029237017035, 2712155.725157393142581 ], [ 10162721.446468150243163, 2712136.251577396411449 ], [ 10162712.494816873222589, 2712116.646287274546921 ], [ 10162710.369503896683455, 2712111.777623205911368 ], [ 10162709.246941264718771, 2712108.0304986955598 ], [ 10162709.306847346946597, 2712092.240927119739354 ], [ 10162709.765007136389613, 2712077.299438375514001 ], [ 10162710.420425372198224, 2712073.699864792171866 ], [ 10162712.150083519518375, 2712069.842350814957172 ], [ 10162716.032746713608503, 2712063.802816181909293 ], [ 10162734.87120370939374, 2712038.164274362847209 ], [ 10162754.547918101772666, 2712013.681021341588348 ], [ 10162776.971448054537177, 2711984.541880010161549 ], [ 10162782.783573800697923, 2711975.261981077026576 ], [ 10162792.329936165362597, 2711986.909430742729455 ], [ 10162785.936897583305836, 2712002.039518387056887 ], [ 10162782.289343068376184, 2712006.445154103916138 ], [ 10162772.849799135699868, 2712016.820533523801714 ], [ 10162766.231585972011089, 2712027.615242005791515 ], [ 10162761.830244993790984, 2712035.720109435264021 ], [ 10162748.8161302767694, 2712055.223286585882306 ], [ 10162738.593821415677667, 2712076.02864229446277 ], [ 10162732.039435105398297, 2712089.173297038767487 ], [ 10162730.771863741800189, 2712093.360033289063722 ], [ 10162729.025124620646238, 2712101.322200499009341 ], [ 10162729.155993213877082, 2712103.969785738736391 ], [ 10162730.453167639672756, 2712107.473487373907119 ], [ 10162736.79756054840982, 2712119.574928218964487 ], [ 10162743.779932528734207, 2712129.246421760879457 ], [ 10162756.36876605078578, 2712144.578516102395952 ], [ 10162757.343564536422491, 2712144.144375324714929 ], [ 10162759.548134865239263, 2712143.948232017923146 ], [ 10162761.688565282151103, 2712144.193674560170621 ], [ 10162778.212668169289827, 2712150.043394992128015 ], [ 10162783.665046535432339, 2712152.736471466720104 ], [ 10162797.504901763051748, 2712162.425384205300361 ], [ 10162810.685916578397155, 2712171.973405796568841 ], [ 10162821.908939750865102, 2712188.756249150261283 ], [ 10162835.511268261820078, 2712210.804050871171057 ], [ 10162836.893627140671015, 2712213.645273793954402 ], [ 10162838.179723093286157, 2712214.25821751402691 ], [ 10162840.440086605027318, 2712214.304538902826607 ], [ 10162850.501636128872633, 2712211.550962635315955 ], [ 10162858.497173516079783, 2712207.955880152061582 ], [ 10162864.87785055860877, 2712192.461503213271499 ], [ 10162878.689266750589013, 2712157.805502635892481 ], [ 10162881.574252104386687, 2712151.968386198859662 ], [ 10162898.389172231778502, 2712136.510561649221927 ], [ 10162907.214455369859934, 2712129.017233691643924 ], [ 10162930.201590793207288, 2712112.310540262144059 ], [ 10162946.720806566998363, 2712099.855061145499349 ], [ 10162954.090464375913143, 2712093.305291701573879 ], [ 10162962.068872990086675, 2712108.0042286333628 ], [ 10162966.13614728115499, 2712115.678876244928688 ], [ 10162968.911419497802854, 2712124.042673144955188 ], [ 10162937.975229663774371, 2712136.488343690987676 ], [ 10162935.234236560761929, 2712139.831264137290418 ], [ 10162925.991643778979778, 2712152.909334625117481 ], [ 10162910.434218320995569, 2712172.941332565620542 ], [ 10162896.916962824761868, 2712189.98621438536793 ], [ 10162877.941983351483941, 2712214.345793130341917 ], [ 10162870.207709901034832, 2712214.5635643042624 ], [ 10162861.37577186152339, 2712223.215461750514805 ], [ 10162857.721270430833101, 2712228.647305147722363 ], [ 10162860.219421770423651, 2712241.999677415937185 ], [ 10162861.821693183854222, 2712259.140027017798275 ], [ 10162865.234595561400056, 2712273.526003208942711 ], [ 10162866.572576394304633, 2712284.753263361752033 ], [ 10162866.986893044784665, 2712295.454563476610929 ], [ 10162876.719515826553106, 2712298.439783438574523 ], [ 10162888.137675242498517, 2712300.370347635354847 ], [ 10162897.663012571632862, 2712303.654362239874899 ], [ 10162908.691909547895193, 2712309.900594778824598 ], [ 10162915.031366830691695, 2712314.98449516389519 ], [ 10162926.481030497699976, 2712319.375432403292507 ], [ 10162933.631639892235398, 2712321.41091634798795 ], [ 10162939.855576898902655, 2712325.005641445983201 ], [ 10162948.777880806475878, 2712331.238082720898092 ], [ 10162962.61478222720325, 2712342.935134927742183 ], [ 10162969.799047822132707, 2712347.993746399413794 ], [ 10162980.154887141659856, 2712353.260584226343781 ], [ 10162990.838145468384027, 2712358.062741050031036 ], [ 10162994.176636936143041, 2712358.833024775143713 ], [ 10162995.943094257265329, 2712358.82616763189435 ], [ 10162998.509110374376178, 2712358.463028771337122 ], [ 10163002.569612111896276, 2712355.865158604923636 ], [ 10163008.247730027884245, 2712351.639028209727257 ], [ 10163014.238597672432661, 2712348.857157611753792 ], [ 10163016.848177405074239, 2712348.416571317240596 ], [ 10163026.04484067671001, 2712346.129658928606659 ], [ 10163037.098669912666082, 2712344.618923236615956 ], [ 10163038.782054096460342, 2712360.01579455845058 ], [ 10163039.711194904521108, 2712367.614544806536287 ], [ 10163014.957721024751663, 2712375.931696243584156 ], [ 10162999.029501888900995, 2712379.53586061578244 ], [ 10162996.878667930141091, 2712379.456002811901271 ], [ 10162987.621921464800835, 2712377.550202215090394 ], [ 10162972.561363840475678, 2712372.864501115400344 ], [ 10162956.168845834210515, 2712367.091636019293219 ], [ 10162951.904309034347534, 2712365.166358249727637 ], [ 10162937.226229527965188, 2712354.421406957320869 ], [ 10162925.42809135094285, 2712347.869179163593799 ], [ 10162912.925888448953629, 2712340.845234229695052 ], [ 10162898.080061383545399, 2712332.087169247213751 ], [ 10162881.601910525932908, 2712326.844106157310307 ], [ 10162873.994542876258492, 2712325.836683346424252 ], [ 10162869.233575502410531, 2712326.064916562289 ], [ 10162865.429605012759566, 2712326.907233115751296 ], [ 10162863.708895560353994, 2712327.388395155780017 ], [ 10162856.315763298422098, 2712330.738531270064414 ], [ 10162851.607715515419841, 2712333.305749921593815 ], [ 10162847.802750578150153, 2712336.730057610664517 ], [ 10162837.678396545350552, 2712354.501058300491422 ], [ 10162829.485762476921082, 2712363.923003503121436 ], [ 10162816.252469232305884, 2712377.866282712202519 ], [ 10162810.909857274964452, 2712383.735205432865769 ], [ 10162804.282747521996498, 2712389.410376485437155 ], [ 10162797.532990641891956, 2712394.56752208666876 ], [ 10162791.359351856634021, 2712401.211921343579888 ], [ 10162789.059462467208505, 2712405.149038703646511 ], [ 10162788.473497183993459, 2712406.828441308345646 ], [ 10162788.216607620939612, 2712408.51768046291545 ], [ 10162788.138519268482924, 2712411.011649624444544 ], [ 10162788.233645247295499, 2712412.909094744827598 ], [ 10162790.480338281020522, 2712417.953918076585978 ], [ 10162791.124084122478962, 2712425.564850355032831 ], [ 10162791.777551162987947, 2712427.162313139531761 ], [ 10162793.454232443124056, 2712429.48392909578979 ], [ 10162798.191563040018082, 2712434.508007450494915 ], [ 10162808.929625287652016, 2712444.970531616359949 ], [ 10162815.157954670488834, 2712452.54860393377021 ], [ 10162822.479716669768095, 2712459.118407180998474 ], [ 10162829.888505129143596, 2712459.828824860975146 ], [ 10162837.661559550091624, 2712463.936241730116308 ], [ 10162852.521613193675876, 2712473.499957100022584 ], [ 10162865.443892568349838, 2712481.316785584203899 ], [ 10162870.19428607262671, 2712484.023676177486777 ], [ 10162872.342079866677523, 2712486.16694320878014 ], [ 10162880.179699756205082, 2712495.625593597535044 ], [ 10162882.161135932430625, 2712497.306111027020961 ], [ 10162887.831863425672054, 2712502.525109740905464 ], [ 10162892.901975745335221, 2712505.650026957504451 ], [ 10162905.508621586486697, 2712511.261298988945782 ], [ 10162922.005970681086183, 2712521.45858761202544 ], [ 10162925.772174196317792, 2712522.183187115006149 ], [ 10162928.08626689389348, 2712521.920317873824388 ], [ 10162930.573792198672891, 2712521.094059866387397 ], [ 10162933.064029578119516, 2712520.996032308787107 ], [ 10162936.191986367106438, 2712521.23760205693543 ], [ 10162946.121708244085312, 2712524.089793482795358 ], [ 10162948.707654103636742, 2712526.021676944568753 ], [ 10162952.276014052331448, 2712529.50555141735822 ], [ 10162961.085424622520804, 2712537.72462485730648 ], [ 10162964.481366518884897, 2712539.178886846639216 ], [ 10162966.280799068510532, 2712539.171809590887278 ], [ 10162968.506220849230886, 2712538.688625093083829 ], [ 10162976.793389029800892, 2712536.67007669666782 ], [ 10162982.659472737461329, 2712535.65413397969678 ], [ 10162998.376580270007253, 2712508.603290925268084 ], [ 10163012.278929945081472, 2712517.332114537712187 ], [ 10163019.661408144980669, 2712522.577509198803455 ], [ 10163020.346953531727195, 2712523.942978934384882 ], [ 10163020.615763954818249, 2712525.343329323921353 ], [ 10163020.46754339709878, 2712526.734115542843938 ], [ 10163019.994318032637239, 2712529.207636470440775 ], [ 10163017.272888381034136, 2712534.779447560198605 ], [ 10163011.185786595568061, 2712543.917411359492689 ], [ 10163007.901319190859795, 2712551.444497673772275 ], [ 10163007.615105893462896, 2712554.027590495534241 ], [ 10163007.686517145484686, 2712555.461769980378449 ], [ 10163008.283651256933808, 2712556.662133117672056 ], [ 10163009.240484060719609, 2712557.265243843663484 ], [ 10163010.61220096424222, 2712557.315064172726125 ], [ 10163019.445790003985167, 2712554.764691457618028 ], [ 10163040.242295296862721, 2712547.400928905699402 ], [ 10163056.261512652039528, 2712541.743885249830782 ], [ 10163064.913231873884797, 2712540.385982285719365 ], [ 10163068.018697815015912, 2712540.495110096875578 ], [ 10163080.063263071700931, 2712542.610722133889794 ], [ 10163080.782298494130373, 2712544.119506460148841 ], [ 10163080.969303026795387, 2712547.064931022934616 ], [ 10163080.330476302653551, 2712549.285200556740165 ], [ 10163079.259739672765136, 2712550.436994908377528 ], [ 10163048.871248992159963, 2712560.012213309761137 ], [ 10163022.44705767557025, 2712570.46556636877358 ], [ 10163009.470937870442867, 2712577.136758199892938 ], [ 10163007.933241212740541, 2712579.53719672607258 ], [ 10163006.86773663200438, 2712582.068198802415282 ], [ 10163006.520318986847997, 2712585.854164444841444 ], [ 10163006.529622426256537, 2712588.259663619566709 ], [ 10163006.951667854562402, 2712589.58204702893272 ], [ 10163009.059656755998731, 2712592.762651302851737 ], [ 10163015.619799541309476, 2712598.154796010348946 ], [ 10163032.510543158277869, 2712610.71167963091284 ], [ 10163046.38606895506382, 2712620.952315445058048 ], [ 10163046.537667889147997, 2712628.951443886384368 ], [ 10163048.341983634978533, 2712647.216890496667475 ], [ 10163049.747101750224829, 2712650.234815350268036 ], [ 10163053.992732997983694, 2712652.921520452946424 ], [ 10163058.850150752812624, 2712657.768637696281075 ], [ 10163060.290841847658157, 2712658.612526951823384 ], [ 10163067.402206156402826, 2712661.828772124834359 ], [ 10163069.561788413673639, 2712664.159618391189724 ], [ 10163075.291975133121014, 2712670.525898545980453 ], [ 10163078.946281397715211, 2712673.52390650799498 ], [ 10163079.676758704707026, 2712675.143137356266379 ], [ 10163079.255752330645919, 2712676.943270545918494 ], [ 10163077.423861647024751, 2712679.896644451655447 ], [ 10163071.055660603567958, 2712684.434533167164773 ], [ 10163069.377391807734966, 2712684.56250308547169 ], [ 10163066.993704723194242, 2712683.843555511441082 ], [ 10163055.387510867789388, 2712675.955387150868773 ], [ 10163053.053589764982462, 2712673.923238628543913 ], [ 10163050.838249854743481, 2712671.34990643337369 ], [ 10163048.857905780896544, 2712669.96733675757423 ], [ 10163046.825346430763602, 2712669.25806905515492 ], [ 10163044.740423059090972, 2712669.200045147910714 ], [ 10163034.29372469522059, 2712668.887793330010027 ], [ 10163029.149989582598209, 2712666.623885901179165 ], [ 10163026.751556027680635, 2712664.944998018909246 ], [ 10163025.187593435868621, 2712660.570624369662255 ], [ 10163025.05726039595902, 2712658.099432547576725 ], [ 10163025.137860238552094, 2712647.727048773318529 ], [ 10163023.776113456115127, 2712636.069295444525778 ], [ 10163012.508328057825565, 2712624.88059945916757 ], [ 10162993.171114968135953, 2712609.552522804588079 ], [ 10162983.058201039209962, 2712599.054484745021909 ], [ 10162975.866100009530783, 2712591.987667298875749 ], [ 10162960.296689607203007, 2712577.803487875498831 ], [ 10162950.830232549458742, 2712569.89592118980363 ], [ 10162935.007219249382615, 2712552.523903707973659 ], [ 10162920.880060395225883, 2712539.569898731540889 ], [ 10162902.627922441810369, 2712529.611248418688774 ], [ 10162878.698774915188551, 2712518.449861608445644 ], [ 10162868.837248504161835, 2712513.368519078474492 ], [ 10162848.718732288107276, 2712497.40358311496675 ], [ 10162828.551672592759132, 2712483.027595628984272 ], [ 10162822.692549716681242, 2712480.170522795524448 ], [ 10162824.048522628843784, 2712476.137842373456806 ], [ 10162815.214148906990886, 2712469.971179923042655 ], [ 10162801.705425560474396, 2712466.537112525198609 ], [ 10162771.365475155413151, 2712460.222537230234593 ], [ 10162766.292486827820539, 2712459.216066787950695 ], [ 10162764.257640641182661, 2712457.89991584001109 ], [ 10162753.846245225518942, 2712452.467568698339164 ], [ 10162745.905553927645087, 2712450.402120870072395 ], [ 10162740.473090453073382, 2712450.059057715348899 ], [ 10162735.876301728188992, 2712450.187370113562793 ], [ 10162738.126359881833196, 2712458.93960029585287 ], [ 10162744.716561634093523, 2712480.706099004484713 ], [ 10162755.742900088429451, 2712523.29881833633408 ], [ 10162762.010783324018121, 2712543.974330684635788 ], [ 10162763.294750200584531, 2712552.57590434094891 ], [ 10162763.495874542742968, 2712556.381837069988251 ], [ 10162777.154900617897511, 2712561.746408917475492 ], [ 10162793.516660580411553, 2712568.071416509803385 ], [ 10162819.177880341187119, 2712578.828875611536205 ], [ 10162847.486212771385908, 2712598.833690179511905 ], [ 10162862.25900143943727, 2712608.497060115449131 ], [ 10162887.981825763359666, 2712626.669245354831219 ], [ 10162903.273576635867357, 2712637.147094669751823 ], [ 10162923.285516794770956, 2712651.038132604211569 ], [ 10162924.178015267476439, 2712652.005708544980735 ], [ 10162925.143125921487808, 2712654.749423646368086 ], [ 10162928.480998327955604, 2712661.036864654626697 ], [ 10162931.820754628628492, 2712664.974140948615968 ], [ 10162939.966260589659214, 2712674.575116956140846 ], [ 10162953.218921674415469, 2712691.173905460163951 ], [ 10162967.523275710642338, 2712710.185073723085225 ], [ 10162991.471728889271617, 2712737.588707979302853 ], [ 10163014.329723628237844, 2712761.046355021186173 ], [ 10163032.60695512033999, 2712780.262685685884207 ], [ 10163043.53242270834744, 2712788.032195298466831 ], [ 10163046.772062389180064, 2712788.758797012269497 ], [ 10163049.06491806730628, 2712788.672593662980944 ], [ 10163075.708369607105851, 2712780.921578284818679 ], [ 10163091.976242166012526, 2712777.073101518675685 ], [ 10163106.61442700214684, 2712774.566176296211779 ], [ 10163133.392937693744898, 2712764.872505163308233 ], [ 10163150.983517101034522, 2712759.760904153808951 ], [ 10163162.978604840114713, 2712754.737433721777052 ], [ 10163170.410160642117262, 2712752.777296400628984 ], [ 10163179.920891085639596, 2712752.221404623705894 ], [ 10163189.281768994405866, 2712752.626042110845447 ], [ 10163209.633995549753308, 2712757.975054797716439 ], [ 10163239.062690071761608, 2712763.950426226481795 ], [ 10163258.762929389253259, 2712768.099213932175189 ], [ 10163282.582642877474427, 2712773.500710561871529 ], [ 10163322.131108932197094, 2712785.979499195236713 ], [ 10163355.700385358184576, 2712795.789365699049085 ], [ 10163382.846768438816071, 2712804.532070640474558 ], [ 10163402.997845213860273, 2712811.724353822879493 ], [ 10163422.997326586395502, 2712819.435806866269559 ], [ 10163435.773493964225054, 2712826.215711974538863 ], [ 10163454.16046698205173, 2712836.835511308163404 ], [ 10163461.7609623670578, 2712841.627566056326032 ], [ 10163464.061655761674047, 2712843.549513983074576 ], [ 10163466.720068093389273, 2712844.355572523083538 ], [ 10163480.637459827587008, 2712845.525536395609379 ], [ 10163504.282921532168984, 2712848.400556127540767 ], [ 10163524.545362262055278, 2712850.350980441551656 ], [ 10163555.141164254397154, 2712854.478497978299856 ], [ 10163582.122956313192844, 2712857.538849502801895 ], [ 10163582.710874753072858, 2712856.366846758406609 ], [ 10163594.122426111251116, 2712870.511949181556702 ], [ 10163608.353651279583573, 2712893.03205183846876 ], [ 10163623.853021718561649, 2712919.993883465882391 ], [ 10163627.745957352221012, 2712927.834995154757053 ], [ 10163637.314651729539037, 2712936.481218737084419 ], [ 10163647.584789302200079, 2712947.717790793627501 ], [ 10163663.405423739925027, 2712969.790182669181377 ], [ 10163671.985046993941069, 2712978.020986297167838 ], [ 10163694.125963974744081, 2713000.145721193403006 ], [ 10163693.821021528914571, 2713000.72068170690909 ], [ 10163704.101327143609524, 2713003.339405526407063 ], [ 10163706.371724907308817, 2713003.10974848177284 ], [ 10163712.027625568211079, 2713004.411461558192968 ], [ 10163731.358505101874471, 2713009.410813505295664 ], [ 10163748.602854387834668, 2713013.910825088154525 ], [ 10163768.382999338209629, 2713018.742878768127412 ], [ 10163778.784247379750013, 2713021.394092714879662 ], [ 10163790.949860682711005, 2713026.311426445841789 ], [ 10163802.957739073783159, 2713030.125900686252862 ], [ 10163818.56152218952775, 2713033.197874041739851 ], [ 10163834.117359928786755, 2713035.232732482254505 ], [ 10163846.215853199362755, 2713037.00549745792523 ], [ 10163853.968352073803544, 2713038.530610132496804 ], [ 10163864.847757194191217, 2713034.393665803596377 ] ], [ [ 10162818.385532630607486, 2711977.826419535093009 ], [ 10162790.725628273561597, 2711952.115436031948775 ], [ 10162814.918226767331362, 2711929.380034268368036 ], [ 10162830.021781677380204, 2711945.330977777484804 ], [ 10162839.778266148641706, 2711954.550231417641044 ], [ 10162829.648636551573873, 2711965.204086537472904 ], [ 10162818.385532630607486, 2711977.826419535093009 ] ] ], [ [ [ 10165156.727849090471864, 2713160.429574240930378 ], [ 10165166.716084454208612, 2713136.565622279420495 ], [ 10165173.984023924916983, 2713121.154060798231512 ], [ 10165186.077866345643997, 2713105.248542379587889 ], [ 10165194.927366526797414, 2713098.44856291403994 ], [ 10165216.714775286614895, 2713081.036166645120829 ], [ 10165232.478216875344515, 2713069.088179654441774 ], [ 10165240.675617165863514, 2713058.384639601223171 ], [ 10165248.480944475159049, 2713048.410959277302027 ], [ 10165254.879092855378985, 2713043.242965575307608 ], [ 10165265.682665042579174, 2713036.699891715776175 ], [ 10165278.425773518159986, 2713026.783429437316954 ], [ 10165286.110680222511292, 2713019.624018570408225 ], [ 10165299.010735644027591, 2713013.282073366921395 ], [ 10165309.178004387766123, 2713009.511167806107551 ], [ 10165318.631324328482151, 2713011.02869366388768 ], [ 10165336.558014251291752, 2713002.271828456781805 ], [ 10165351.520790258422494, 2712995.910469249356538 ], [ 10165375.607383295893669, 2712982.792057644575834 ], [ 10165376.163961747661233, 2712982.039458428975195 ], [ 10165386.361799214035273, 2712977.694616192486137 ], [ 10165396.90509570389986, 2712974.672499598469585 ], [ 10165413.628263900056481, 2712972.254228570032865 ], [ 10165428.572637604549527, 2712974.985185767058283 ], [ 10165431.227904058992863, 2712974.974393852520734 ], [ 10165433.080225942656398, 2712974.470328320283443 ], [ 10165441.436484867706895, 2712970.574307879433036 ], [ 10165460.6605194080621, 2712962.496211188845336 ], [ 10165463.008323021233082, 2712962.420479947235435 ], [ 10165492.404326369985938, 2712965.401568488683552 ], [ 10165504.620638631284237, 2712966.411165089346468 ], [ 10165533.187990987673402, 2712962.510105697438121 ], [ 10165562.937631348147988, 2712941.589140811935067 ], [ 10165617.205695856362581, 2712900.452544132713228 ], [ 10165749.298576606437564, 2712799.181152156088501 ], [ 10165763.59996410086751, 2712786.720171842258424 ], [ 10165775.158914340659976, 2712777.128319107927382 ], [ 10165775.83684191480279, 2712776.562793703284115 ], [ 10165791.289381891489029, 2712750.304292235989124 ], [ 10165802.173833956941962, 2712728.588514602277428 ], [ 10165807.163009470328689, 2712714.212546105496585 ], [ 10165807.146673871204257, 2712710.18516055168584 ], [ 10165806.260412894189358, 2712702.652367753908038 ], [ 10165804.873750982806087, 2712690.763162033632398 ], [ 10165801.829563369974494, 2712654.252331027761102 ], [ 10165800.861215112730861, 2712642.714493138249964 ], [ 10165801.700546506792307, 2712635.936136886943132 ], [ 10165814.744014026597142, 2712610.89030522108078 ], [ 10165826.408098479732871, 2712608.35996137233451 ], [ 10165830.935580804944038, 2712607.370405465364456 ], [ 10165834.875429743900895, 2712599.442804673220962 ], [ 10165838.841107176616788, 2712592.475060780066997 ], [ 10165845.148681120947003, 2712583.997142742853612 ], [ 10165843.68660344928503, 2712577.879179643001407 ], [ 10165843.984111120924354, 2712564.636919491458684 ], [ 10165847.793159758672118, 2712551.501844590064138 ], [ 10165853.420302823185921, 2712537.553729609120637 ], [ 10165855.701501738280058, 2712531.883846253156662 ], [ 10165870.146507192403078, 2712508.906865863595158 ], [ 10165890.814580382779241, 2712475.56559010501951 ], [ 10165905.086006201803684, 2712455.800271742511541 ], [ 10165919.039500150829554, 2712463.202146172057837 ], [ 10165922.477790908887982, 2712458.774489651899785 ], [ 10165930.260218499228358, 2712448.734654302708805 ], [ 10165939.1444057431072, 2712439.837988668587059 ], [ 10165955.155967056751251, 2712413.599548202008009 ], [ 10165961.200084445998073, 2712399.705003385897726 ], [ 10165965.731048833578825, 2712383.345047746784985 ], [ 10165971.033577470108867, 2712362.447049202397466 ], [ 10165978.471915878355503, 2712332.492317165713757 ], [ 10165984.171994414180517, 2712304.133684143424034 ], [ 10165988.779971649870276, 2712274.312092911452055 ], [ 10165994.369013246148825, 2712253.732996091712266 ], [ 10165983.211849557235837, 2712240.504906110931188 ], [ 10165982.152161920443177, 2712233.5138074378483 ], [ 10165982.805142661556602, 2712213.241760197095573 ], [ 10165985.984319917857647, 2712199.061227734200656 ], [ 10165989.327489987015724, 2712184.736568514723331 ], [ 10165990.059387719258666, 2712173.103895703330636 ], [ 10165990.239251095801592, 2712155.239312164951116 ], [ 10165989.603600796312094, 2712131.055683397687972 ], [ 10165989.448129523545504, 2712106.230156663805246 ], [ 10165969.557508662343025, 2712079.477490019984543 ], [ 10165961.392155930399895, 2712084.310675382148474 ], [ 10165960.131129182875156, 2712084.492379707284272 ], [ 10165945.399258486926556, 2712082.577703722752631 ], [ 10165922.016788143664598, 2712079.473698894958943 ], [ 10165894.802776079624891, 2712075.767448619939387 ], [ 10165894.727772513404489, 2712070.791521640028805 ], [ 10165896.736477978527546, 2712054.751179467886686 ], [ 10165899.222663016989827, 2712029.275050124619156 ], [ 10165901.353664118796587, 2712013.631450830493122 ], [ 10165903.111197045072913, 2711997.8790905601345 ], [ 10165898.551336845383048, 2711980.001067013014108 ], [ 10165905.168730977922678, 2711974.931528692133725 ], [ 10165905.645687250420451, 2711962.671109451446682 ], [ 10165904.153604188933969, 2711951.842064371798187 ], [ 10165901.629488157108426, 2711927.291358754970133 ], [ 10165900.182523963972926, 2711914.06785194715485 ], [ 10165898.881741343066096, 2711909.858363973442465 ], [ 10165894.40024652518332, 2711903.179262550547719 ], [ 10165888.877563869580626, 2711896.791328889317811 ], [ 10165872.054014367982745, 2711901.207409752067178 ], [ 10165859.091504050418735, 2711902.683827482163906 ], [ 10165858.18237610347569, 2711903.073712238576263 ], [ 10165857.64789973385632, 2711903.848248800262809 ], [ 10165854.483841190114617, 2711908.23058969900012 ], [ 10165845.225794993340969, 2711914.149467024952173 ], [ 10165842.189219696447253, 2711914.790693324524909 ], [ 10165829.184119708836079, 2711911.158719847444445 ], [ 10165806.783155877143145, 2711903.802609613165259 ], [ 10165783.270332291722298, 2711898.227386942133307 ], [ 10165770.400674272328615, 2711892.807222370989621 ], [ 10165766.758285850286484, 2711890.163027943111956 ], [ 10165764.644320949912071, 2711882.878413291182369 ], [ 10165762.323124464601278, 2711878.628965931478888 ], [ 10165761.854605240747333, 2711879.458345067687333 ], [ 10165760.628144675865769, 2711880.037103693932295 ], [ 10165750.182823555544019, 2711879.958431146573275 ], [ 10165750.016788018867373, 2711876.880767873488367 ], [ 10165747.473285654559731, 2711871.91496253060177 ], [ 10165745.172303697094321, 2711867.257037341129035 ], [ 10165742.146047862246633, 2711856.86475011985749 ], [ 10165742.194137448444963, 2711852.462044644635171 ], [ 10165743.398557456210256, 2711849.147009058389813 ], [ 10165744.227030612528324, 2711842.380038670264184 ], [ 10165744.932387664914131, 2711821.435328409075737 ], [ 10165744.766203984618187, 2711815.599192878697067 ], [ 10165754.296532724052668, 2711814.622426154557616 ], [ 10165755.818256860598922, 2711813.788664772175252 ], [ 10165757.591165613383055, 2711809.963777772616595 ], [ 10165763.525102131068707, 2711804.102751914411783 ], [ 10165767.955037234351039, 2711800.774544768501073 ], [ 10165770.905325030907989, 2711797.783463085070252 ], [ 10165775.135588232427835, 2711788.464852854143828 ], [ 10165778.349819796159863, 2711774.78105605719611 ], [ 10165781.271296193823218, 2711761.970190651249141 ], [ 10165783.442736504599452, 2711759.004302078392357 ], [ 10165793.65099292807281, 2711741.187393310945481 ], [ 10165797.325212324038148, 2711732.731715245638043 ], [ 10165802.656079487875104, 2711713.412219971418381 ], [ 10165806.688598608598113, 2711695.907533728051931 ], [ 10165806.338271394371986, 2711685.228492506314069 ], [ 10165805.801944386214018, 2711669.276244497392327 ], [ 10165806.244429932907224, 2711667.442852686159313 ], [ 10165814.680974254384637, 2711648.32034724066034 ], [ 10165820.606565620750189, 2711640.440256086643785 ], [ 10165822.69852252304554, 2711631.417356945574284 ], [ 10165826.260456807911396, 2711627.772712058853358 ], [ 10165829.933687062934041, 2711619.085437415633351 ], [ 10165828.789566865190864, 2711612.889243707060814 ], [ 10165828.074583750218153, 2711604.286056655924767 ], [ 10165825.91512112878263, 2711596.6376798376441 ], [ 10165823.973043195903301, 2711591.172972420230508 ], [ 10165820.190518563613296, 2711580.960419356822968 ], [ 10165810.082735970616341, 2711558.504522153642029 ], [ 10165790.811670616269112, 2711513.765522080473602 ], [ 10165782.007608557119966, 2711490.818972489330918 ], [ 10165772.47955671325326, 2711467.886392441112548 ], [ 10165767.356992384418845, 2711459.996373819187284 ], [ 10165764.726977808400989, 2711452.636763737071306 ], [ 10165736.316855169832706, 2711445.879067548550665 ], [ 10165707.644762283191085, 2711439.453454224392772 ], [ 10165686.136639775708318, 2711427.503799411002547 ], [ 10165671.585840193554759, 2711418.65930116083473 ], [ 10165664.054978679865599, 2711412.081051367335021 ], [ 10165662.098876049742103, 2711408.591499368194491 ], [ 10165657.960167253389955, 2711402.517976881470531 ], [ 10165656.821927584707737, 2711395.04197350051254 ], [ 10165655.492483055219054, 2711389.144528074655682 ], [ 10165652.640043277293444, 2711356.519569613970816 ], [ 10165648.364262649789453, 2711327.342914684209973 ], [ 10165647.609405437484384, 2711317.007880329154432 ], [ 10165664.047009998932481, 2711306.801220431458205 ], [ 10165672.051477501168847, 2711297.500610515009612 ], [ 10165675.120375080034137, 2711294.045620709657669 ], [ 10165675.850192362442613, 2711290.015582649968565 ], [ 10165678.467921540141106, 2711283.495236996095628 ], [ 10165682.16194387152791, 2711274.532164241187274 ], [ 10165685.836717214435339, 2711263.50600666180253 ], [ 10165690.832172118127346, 2711250.808391827624291 ], [ 10165683.378770859912038, 2711247.098570039495826 ], [ 10165665.778395200148225, 2711241.035904119722545 ], [ 10165656.389054263010621, 2711236.076201046817005 ], [ 10165655.321741443127394, 2711238.033396241720766 ], [ 10165640.501657821238041, 2711271.182605338282883 ], [ 10165634.608608016744256, 2711270.809433417860419 ], [ 10165634.164789138361812, 2711277.707025643438101 ], [ 10165633.303934955969453, 2711284.606319043785334 ], [ 10165630.124683517962694, 2711298.808032264467329 ], [ 10165626.024059599265456, 2711307.629308531992137 ], [ 10165621.820439036935568, 2711315.391818846575916 ], [ 10165612.011799957603216, 2711337.079219358973205 ], [ 10165604.390909876674414, 2711354.42148036789149 ], [ 10165599.241679197177291, 2711364.405594434589148 ], [ 10165589.686768341809511, 2711381.005496811121702 ], [ 10165579.756804455071688, 2711397.099510364700109 ], [ 10165571.063450084999204, 2711412.416114263236523 ], [ 10165560.284676240757108, 2711432.970985318999738 ], [ 10165554.518532201647758, 2711436.900277093052864 ], [ 10165554.349584024399519, 2711441.237101410981268 ], [ 10165552.680085256695747, 2711457.131953557021916 ], [ 10165553.207332380115986, 2711468.174265944864601 ], [ 10165555.259429069235921, 2711476.463012075051665 ], [ 10165558.382124664261937, 2711486.325159170664847 ], [ 10165535.247839031741023, 2711495.57710999250412 ], [ 10165531.544282453134656, 2711474.948658589739352 ], [ 10165527.612260831519961, 2711465.718739039730281 ], [ 10165524.956553563475609, 2711432.85005265660584 ], [ 10165537.018862321972847, 2711404.092230428475887 ], [ 10165551.587573932483792, 2711371.120398825034499 ], [ 10165580.872476911172271, 2711333.63126000855118 ], [ 10165585.13079284876585, 2711314.923549875151366 ], [ 10165576.40146903693676, 2711315.885940757580101 ], [ 10165556.894017666578293, 2711318.45891702035442 ], [ 10165536.050721941515803, 2711321.710442534647882 ], [ 10165537.931960545480251, 2711328.421991160605103 ], [ 10165534.005589691922069, 2711328.757964205928147 ], [ 10165527.473271468654275, 2711319.483511980623007 ], [ 10165524.220203517004848, 2711320.820746824610978 ], [ 10165513.533918134868145, 2711323.479144256096333 ], [ 10165506.387497881427407, 2711325.174251196905971 ], [ 10165495.690239937976003, 2711327.832697288133204 ], [ 10165492.776200583204627, 2711328.903744929935783 ], [ 10165484.656278492882848, 2711331.33100416790694 ], [ 10165478.930399961769581, 2711331.608060179743916 ], [ 10165475.868695858865976, 2711320.521043031476438 ], [ 10165468.956361940130591, 2711298.604016347322613 ], [ 10165464.045591481029987, 2711288.749145560432225 ], [ 10165449.231274930760264, 2711296.157595512922853 ], [ 10165451.632716294378042, 2711304.02558042248711 ], [ 10165438.847966959699988, 2711311.403671964071691 ], [ 10165434.34435848146677, 2711312.790105282794684 ], [ 10165428.018357688561082, 2711305.699368457775563 ], [ 10165421.812645763158798, 2711298.508837026543915 ], [ 10165421.519601669162512, 2711296.568174661137164 ], [ 10165421.877030663192272, 2711295.419258881360292 ], [ 10165441.113105788826942, 2711285.378027164377272 ], [ 10165450.836928308010101, 2711280.748636858537793 ], [ 10165460.464884653687477, 2711276.836831117980182 ], [ 10165458.323627039790154, 2711270.898537455126643 ], [ 10165451.785920845344663, 2711257.552943056914955 ], [ 10165446.206774035468698, 2711247.943498275242746 ], [ 10165440.502290008589625, 2711237.165274674538523 ], [ 10165433.302639158442616, 2711228.345895032864064 ], [ 10165428.079412864521146, 2711219.904628148302436 ], [ 10165424.601886762306094, 2711217.259762602392584 ], [ 10165407.301907997578382, 2711209.463352993596345 ], [ 10165403.46407369710505, 2711207.261352196801454 ], [ 10165398.910366427153349, 2711204.367081445641816 ], [ 10165393.558496693149209, 2711202.126998404040933 ], [ 10165391.954085774719715, 2711201.482606570236385 ], [ 10165389.344198476523161, 2711199.065874168649316 ], [ 10165382.028144784271717, 2711194.020277585368603 ], [ 10165378.782577265053988, 2711191.782770168036222 ], [ 10165376.101540947332978, 2711190.745446693152189 ], [ 10165372.857065126299858, 2711188.761635991279036 ], [ 10165370.214813297614455, 2711186.477466434240341 ], [ 10165367.327686991542578, 2711183.333699285984039 ], [ 10165364.544540567323565, 2711181.458390052430332 ], [ 10165362.25307259708643, 2711179.106599259190261 ], [ 10165360.183889659121633, 2711177.47103046765551 ], [ 10165358.452776966616511, 2711175.315498248208314 ], [ 10165351.245659684762359, 2711175.543404766358435 ], [ 10165339.446573942899704, 2711177.003565473482013 ], [ 10165327.342943811789155, 2711179.126933956053108 ], [ 10165309.142475301399827, 2711184.761552039999515 ], [ 10165304.179788772016764, 2711186.569098480977118 ], [ 10165304.250843023881316, 2711198.815545464400202 ], [ 10165305.206027284264565, 2711201.70247829053551 ], [ 10165305.874435905367136, 2711204.23740206938237 ], [ 10165304.659150324761868, 2711207.596349585335702 ], [ 10165301.717374809086323, 2711229.101041235029697 ], [ 10165300.925376215949655, 2711236.783315208740532 ], [ 10165287.584470899775624, 2711239.540574366692454 ], [ 10165283.643394351005554, 2711238.938741414342076 ], [ 10165276.795879732817411, 2711246.756034784484655 ], [ 10165269.097415259107947, 2711258.537569048814476 ], [ 10165265.168280242010951, 2711271.859600720461458 ], [ 10165262.65568289346993, 2711282.748649525921792 ], [ 10165262.434744317084551, 2711287.835822383407503 ], [ 10165265.992568086832762, 2711288.637846099678427 ], [ 10165267.448292499408126, 2711304.188841856084764 ], [ 10165270.042440447956324, 2711321.82052277168259 ], [ 10165270.917265126481652, 2711323.858141834847629 ], [ 10165272.198062691837549, 2711325.872092597186565 ], [ 10165272.199903160333633, 2711326.346461943350732 ], [ 10165275.262360461056232, 2711343.115690053906292 ], [ 10165278.231584157794714, 2711350.330423335544765 ], [ 10165280.557851793244481, 2711355.903932670131326 ], [ 10165289.112903838977218, 2711368.943655449897051 ], [ 10165291.33998953551054, 2711374.373997626360506 ], [ 10165301.277216885238886, 2711403.781648430041969 ], [ 10165305.959960097447038, 2711411.47501419018954 ], [ 10165314.228356741368771, 2711421.426615536678582 ], [ 10165324.150536557659507, 2711427.929155974183232 ], [ 10165327.649043012410402, 2711430.320225106086582 ], [ 10165329.682059505954385, 2711439.35926180286333 ], [ 10165333.94093612395227, 2711464.442954210098833 ], [ 10165335.604644954204559, 2711474.410305936355144 ], [ 10165341.154561512172222, 2711482.210476181469858 ], [ 10165341.944720873609185, 2711487.72403148189187 ], [ 10165342.644463980570436, 2711500.784746859222651 ], [ 10165343.310737393796444, 2711508.229533213656396 ], [ 10165344.057544760406017, 2711511.150339257437736 ], [ 10165339.182925015687943, 2711521.254688298795372 ], [ 10165332.774811081588268, 2711534.719392882660031 ], [ 10165329.134212477132678, 2711546.142763015814126 ], [ 10165328.556401211768389, 2711549.775095026008785 ], [ 10165327.474055239930749, 2711553.475677536800504 ], [ 10165328.060969032347202, 2711557.566732975188643 ], [ 10165329.627015782520175, 2711562.293710501398891 ], [ 10165330.090823350474238, 2711565.778453173115849 ], [ 10165326.941623454913497, 2711582.09859572397545 ], [ 10165325.558904701843858, 2711590.202801382634789 ], [ 10165322.49210087582469, 2711602.429333569481969 ], [ 10165322.481309309601784, 2711605.20980239380151 ], [ 10165319.487693540751934, 2711611.080771413166076 ], [ 10165315.427944870665669, 2711616.470494171604514 ], [ 10165311.646185925230384, 2711622.774916296359152 ], [ 10165306.236316433176398, 2711633.488350473344326 ], [ 10165303.647104715928435, 2711644.44413234712556 ], [ 10165301.460981220006943, 2711657.417376198805869 ], [ 10165300.669671528041363, 2711678.957981051877141 ], [ 10165301.973549397662282, 2711689.456573329400271 ], [ 10165302.476252289488912, 2711694.441728587727994 ], [ 10165295.321810832247138, 2711705.118166310712695 ], [ 10165289.54066182859242, 2711716.274384411051869 ], [ 10165281.802703337743878, 2711731.918304707854986 ], [ 10165279.610685329884291, 2711735.237285857088864 ], [ 10165279.354028191417456, 2711736.904333615675569 ], [ 10165272.9774105604738, 2711747.30180941009894 ], [ 10165273.516205342486501, 2711747.597540247254074 ], [ 10165262.811910070478916, 2711762.260401255451143 ], [ 10165261.160779753699899, 2711766.371556884143502 ], [ 10165258.073325315490365, 2711778.940293997526169 ], [ 10165253.916852209717035, 2711795.805455945897847 ], [ 10165250.007441891357303, 2711814.104070349596441 ], [ 10165248.427019231021404, 2711819.439641421660781 ], [ 10165240.408888908103108, 2711817.210251903627068 ], [ 10165224.437236635014415, 2711812.497406722977757 ], [ 10165217.481155700981617, 2711809.72313603758812 ], [ 10165202.5683569367975, 2711803.648864814545959 ], [ 10165196.658286379650235, 2711801.808107233606279 ], [ 10165184.576837114989758, 2711798.624195427633822 ], [ 10165177.634175745770335, 2711796.467640119604766 ], [ 10165173.262933688238263, 2711795.32685637101531 ], [ 10165158.565555937588215, 2711790.983923410065472 ], [ 10165157.598829327151179, 2711787.942555962130427 ], [ 10165156.533303206786513, 2711782.143178669735789 ], [ 10165140.722709909081459, 2711779.25024054851383 ], [ 10165140.717918450012803, 2711758.860149687156081 ], [ 10165141.984740791842341, 2711754.651156697422266 ], [ 10165146.1213303450495, 2711751.9864512369968 ], [ 10165153.764990195631981, 2711748.358496547210962 ], [ 10165156.399316318333149, 2711748.667782260105014 ], [ 10165161.117251429706812, 2711751.451235890388489 ], [ 10165172.477919148281217, 2711758.212992229964584 ], [ 10165185.049642195925117, 2711757.775894903577864 ], [ 10165188.154859092086554, 2711757.851568509824574 ], [ 10165196.239449391141534, 2711760.246217922307551 ], [ 10165198.812173143029213, 2711758.845556101761758 ], [ 10165205.400287656113505, 2711754.659204873256385 ], [ 10165211.066168900579214, 2711750.322110397741199 ], [ 10165218.225737500935793, 2711743.63987017609179 ], [ 10165221.204330870881677, 2711742.215538181830198 ], [ 10165227.319300400093198, 2711734.963770070578903 ], [ 10165235.223011709749699, 2711722.331451548263431 ], [ 10165246.52960404753685, 2711704.642958933021873 ], [ 10165252.365729784592986, 2711696.244845299515873 ], [ 10165252.522195797413588, 2711694.225034491159022 ], [ 10165259.757583344355226, 2711676.376527880784124 ], [ 10165264.751052452251315, 2711660.302583797834814 ], [ 10165270.791222497820854, 2711634.415526189375669 ], [ 10165272.321736164391041, 2711627.568518639076501 ], [ 10165269.83975332416594, 2711616.026542679872364 ], [ 10165270.398035321384668, 2711610.231647009495646 ], [ 10165270.982925424352288, 2711608.342639620881528 ], [ 10165271.890972960740328, 2711594.006393801886588 ], [ 10165272.542543495073915, 2711586.876133174169809 ], [ 10165273.631526725366712, 2711579.357992857228965 ], [ 10165261.375546185299754, 2711579.131805441342294 ], [ 10165260.684954484924674, 2711571.080201564356685 ], [ 10165262.540028577670455, 2711563.095526452176273 ], [ 10165264.400518696755171, 2711559.204196238424629 ], [ 10165265.992040254175663, 2711556.649016791023314 ], [ 10165274.015316845849156, 2711557.421901444438845 ], [ 10165274.099617604166269, 2711553.824712585657835 ], [ 10165280.921451782807708, 2711536.816508928779513 ], [ 10165284.278377, 2711528.538843467831612 ], [ 10165288.7459656316787, 2711512.676749617792666 ], [ 10165290.684171460568905, 2711503.533260643016547 ], [ 10165291.499299593269825, 2711493.401288440916687 ], [ 10165287.462585531175137, 2711477.187573222443461 ], [ 10165282.577776411548257, 2711462.875008394010365 ], [ 10165279.158411459997296, 2711455.59575500478968 ], [ 10165277.734752159565687, 2711453.516281557735056 ], [ 10165275.561384860426188, 2711453.238167608622462 ], [ 10165258.888454517349601, 2711459.583779646549374 ], [ 10165248.138236235827208, 2711462.749805669300258 ], [ 10165248.707423690706491, 2711465.152792160864919 ], [ 10165248.654335701838136, 2711465.605380636639893 ], [ 10165241.790584513917565, 2711469.406665227841586 ], [ 10165228.395058730617166, 2711477.746978702954948 ], [ 10165217.156858759000897, 2711485.063616436906159 ], [ 10165211.829982578754425, 2711489.112318689934909 ], [ 10165204.90510406345129, 2711494.105417148210108 ], [ 10165192.308298453688622, 2711501.890830076299608 ], [ 10165183.786684332415462, 2711505.423010321799666 ], [ 10165182.144666396081448, 2711506.345434433314949 ], [ 10165180.822054946795106, 2711510.322771987877786 ], [ 10165180.58294920809567, 2711510.875415835995227 ], [ 10165179.609235672280192, 2711511.55244118720293 ], [ 10165163.754222948104143, 2711516.714061112143099 ], [ 10165154.682190598919988, 2711519.751848801039159 ], [ 10165152.915822722017765, 2711519.759058120660484 ], [ 10165152.058274915441871, 2711519.332209635525942 ], [ 10165151.687147689983249, 2711517.071810958907008 ], [ 10165148.569713300094008, 2711489.26927297282964 ], [ 10165148.993807187303901, 2711488.307569996919483 ], [ 10165154.415209464728832, 2711485.946516746655107 ], [ 10165165.712544467300177, 2711482.425269762985408 ], [ 10165171.960372816771269, 2711480.965660110116005 ], [ 10165174.580140333622694, 2711485.853868869133294 ], [ 10165179.293271651491523, 2711484.720397558063269 ], [ 10165195.081136703491211, 2711479.272167759947479 ], [ 10165204.547031629830599, 2711475.912849544547498 ], [ 10165210.377325929701328, 2711471.586207633372396 ], [ 10165210.594337554648519, 2711470.97841201396659 ], [ 10165220.652070870622993, 2711462.022742090281099 ], [ 10165227.240661395713687, 2711455.254595472943038 ], [ 10165230.892275329679251, 2711446.55651722708717 ], [ 10165231.850113904103637, 2711439.182340407278389 ], [ 10165233.459106586873531, 2711435.501726122107357 ], [ 10165238.624598516151309, 2711429.533781451173127 ], [ 10165240.1344846598804, 2711425.754327315371484 ], [ 10165244.54691169038415, 2711412.551613773684949 ], [ 10165248.156749868765473, 2711407.163674113806337 ], [ 10165248.52748803421855, 2711403.852255393285304 ], [ 10165248.048657352104783, 2711399.352490516379476 ], [ 10165245.165541594848037, 2711388.992893088143319 ], [ 10165242.497405014932156, 2711377.507026102393866 ], [ 10165238.228736421093345, 2711363.622284114360809 ], [ 10165231.410557862371206, 2711337.710665652062744 ], [ 10165230.504173751920462, 2711333.30101675959304 ], [ 10165230.908305803313851, 2711330.132803942076862 ], [ 10165232.295457534492016, 2711328.582497030030936 ], [ 10165233.237056273967028, 2711328.093235888518393 ], [ 10165231.178049897775054, 2711323.522822165861726 ], [ 10165228.839006537571549, 2711320.233311292249709 ], [ 10165221.282330432906747, 2711315.376260891091079 ], [ 10165207.012163292616606, 2711305.283421221654862 ], [ 10165202.007535308599472, 2711296.642561842687428 ], [ 10165201.510782599449158, 2711295.872273652348667 ], [ 10165192.942752549424767, 2711276.808353009168059 ], [ 10165186.577692627906799, 2711265.436884853057563 ], [ 10165182.582008538767695, 2711259.406855974346399 ], [ 10165191.957873612642288, 2711255.540252714417875 ], [ 10165199.087794447317719, 2711252.455181308090687 ], [ 10165202.054222702980042, 2711250.766189764253795 ], [ 10165204.956947065889835, 2711246.870668330229819 ], [ 10165207.801117585971951, 2711242.059713226277381 ], [ 10165210.02078908123076, 2711240.186066270805895 ], [ 10165218.446415042504668, 2711234.646350870840251 ], [ 10165222.602098206058145, 2711231.319549631327391 ], [ 10165226.935541873797774, 2711225.785423509310931 ], [ 10165228.974845636636019, 2711222.720878459513187 ], [ 10165230.092668706551194, 2711222.407507202588022 ], [ 10165234.284567940980196, 2711222.65525441383943 ], [ 10165236.950473321601748, 2711214.40264009218663 ], [ 10165240.586008459329605, 2711199.018718913663179 ], [ 10165240.229715934023261, 2711184.015001290943474 ], [ 10165238.969240276142955, 2711165.175365828443319 ], [ 10165237.518364673480392, 2711161.750015914440155 ], [ 10165234.088277215138078, 2711157.251281185075641 ], [ 10165230.20103239826858, 2711153.648184136953205 ], [ 10165225.688592689111829, 2711147.333417481277138 ], [ 10165217.113228019326925, 2711134.680024936329573 ], [ 10165208.835442267358303, 2711116.861954793334007 ], [ 10165206.823098113760352, 2711112.964378082193434 ], [ 10165204.025576248764992, 2711099.294595487881452 ], [ 10165201.020495383068919, 2711088.593664023559541 ], [ 10165200.457359390333295, 2711079.471522404346615 ], [ 10165203.24446670524776, 2711074.109167002607137 ], [ 10165203.946709716692567, 2711071.403216110076755 ], [ 10165203.489773040637374, 2711064.145256158895791 ], [ 10165200.484714441001415, 2711056.180534561630338 ], [ 10165196.184404516592622, 2711048.033435315359384 ], [ 10165195.523983305320144, 2711028.331023633014411 ], [ 10165195.035304499790072, 2711021.360144256148487 ], [ 10165172.770583488047123, 2711020.258698619902134 ], [ 10165147.330709934234619, 2711018.011702182237059 ], [ 10165096.644226852804422, 2711015.171672706957906 ], [ 10165089.835450183600187, 2711013.489075012970716 ], [ 10165083.836901525035501, 2711019.625659226439893 ], [ 10165074.611546859145164, 2711028.191603703424335 ], [ 10165059.03270561248064, 2711041.91349746985361 ], [ 10165054.507213057950139, 2711046.047121326439083 ], [ 10165048.848902685567737, 2711052.237527611199766 ], [ 10165035.199382446706295, 2711068.312758791260421 ], [ 10165012.952374840155244, 2711088.129890399519354 ], [ 10165000.456225538626313, 2711101.828324368689209 ], [ 10164997.739995421841741, 2711105.744974916800857 ], [ 10164997.46344724856317, 2711107.919606561306864 ], [ 10164997.656500805169344, 2711120.551734614185989 ], [ 10164995.990272212773561, 2711134.625813634134829 ], [ 10164997.516557410359383, 2711154.192432391922921 ], [ 10164999.877813182771206, 2711168.537106378469616 ], [ 10165002.49932524189353, 2711176.624845929443836 ], [ 10165008.029969858005643, 2711185.18633795902133 ], [ 10165018.461725708097219, 2711201.186401793267578 ], [ 10165027.752611132338643, 2711219.993582504335791 ], [ 10165026.746965747326612, 2711220.91342942090705 ], [ 10165018.381672410294414, 2711225.106731621082872 ], [ 10165012.224457992240787, 2711227.261015023104846 ], [ 10165011.312272256240249, 2711226.867466548457742 ], [ 10165009.689843896776438, 2711224.435705557465553 ], [ 10165005.409988842904568, 2711218.660554718691856 ], [ 10164993.837288830429316, 2711205.412263769190758 ], [ 10164989.761780180037022, 2711201.33547576982528 ], [ 10164985.701332591474056, 2711195.570438920985907 ], [ 10164981.711091220378876, 2711188.139160645660013 ], [ 10164975.914808189496398, 2711179.027098315302283 ], [ 10164971.633230274543166, 2711172.821591863408685 ], [ 10164969.50212294049561, 2711169.387870966922492 ], [ 10164969.274512453004718, 2711164.578402905724943 ], [ 10164968.504316674545407, 2711150.282510847784579 ], [ 10164968.137754391878843, 2711132.675047401804477 ], [ 10164968.363347949460149, 2711112.229753243271261 ], [ 10164967.744323737919331, 2711094.579199945088476 ], [ 10164970.512159813195467, 2711092.604143983218819 ], [ 10164975.793662203475833, 2711088.202704590279609 ], [ 10164981.718399791046977, 2711080.058426031842828 ], [ 10164985.321400148794055, 2711072.938572377432138 ], [ 10164990.898844415321946, 2711071.216843186877668 ], [ 10164996.42347077652812, 2711070.03613064205274 ], [ 10164999.271148785948753, 2711068.821955380029976 ], [ 10165002.583754474297166, 2711065.917963564861566 ], [ 10165005.061864741146564, 2711060.071455448400229 ], [ 10165013.069114577025175, 2711045.949761582072824 ], [ 10165022.820363614708185, 2711034.458129402250051 ], [ 10165028.928245788440108, 2711028.221826662775129 ], [ 10165036.500433627516031, 2711009.534235010389239 ], [ 10165043.77183341793716, 2710995.217079364228994 ], [ 10165047.244215283542871, 2710988.373581215273589 ], [ 10165046.841461263597012, 2710980.938939941581339 ], [ 10165046.943416370078921, 2710976.249485141132027 ], [ 10165045.368532089516521, 2710960.997100787702948 ], [ 10165044.62228849157691, 2710941.736510637681931 ], [ 10165033.75456752255559, 2710942.861628365702927 ], [ 10165011.121441649273038, 2710945.612018782645464 ], [ 10165001.526558412238955, 2710946.798231251072139 ], [ 10164999.74699042737484, 2710943.484484051819891 ], [ 10164992.947478443384171, 2710927.624376057181507 ], [ 10164987.337415875867009, 2710915.654173428192735 ], [ 10164982.83395310305059, 2710914.31530600739643 ], [ 10164974.396601904183626, 2710905.898097086697817 ], [ 10164964.303250692784786, 2710897.631005269940943 ], [ 10164951.1747912671417, 2710884.830570224206895 ], [ 10164943.200738163664937, 2710877.040349940769374 ], [ 10164942.269708784297109, 2710869.166585326660424 ], [ 10164942.230049656704068, 2710859.226032101549208 ], [ 10164938.299230987206101, 2710852.920013540890068 ], [ 10164937.23883737437427, 2710848.367674825713038 ], [ 10164929.325943533331156, 2710822.902471036184579 ], [ 10164925.979756537824869, 2710811.883022321853787 ], [ 10164906.584538403898478, 2710803.962412254884839 ], [ 10164889.593735786154866, 2710796.484399144537747 ], [ 10164876.505946636199951, 2710791.097947194240987 ], [ 10164872.449854888021946, 2710789.128364250063896 ], [ 10164863.784706830978394, 2710811.615301593206823 ], [ 10164848.713046433404088, 2710809.447377942036837 ], [ 10164833.916258195415139, 2710807.4328150046058 ], [ 10164835.795115642249584, 2710794.373301817569882 ], [ 10164837.373240420594811, 2710774.673201685771346 ], [ 10164830.850443199276924, 2710773.143838342279196 ], [ 10164818.190587755292654, 2710770.513842986430973 ], [ 10164802.913365468382835, 2710766.305633652023971 ], [ 10164797.265805909410119, 2710764.165919777937233 ], [ 10164790.897523134946823, 2710771.131246205419302 ], [ 10164782.645622869953513, 2710778.942652218509465 ], [ 10164777.487536882981658, 2710784.005464769434184 ], [ 10164769.309383377432823, 2710791.0553017728962 ], [ 10164765.16558751091361, 2710794.613540892023593 ], [ 10164762.739911671727896, 2710797.094686679542065 ], [ 10164762.412079134956002, 2710797.415990716312081 ], [ 10164760.434157349169254, 2710799.376734425779432 ], [ 10164754.150433249771595, 2710805.558426287490875 ], [ 10164747.042726831510663, 2710811.412343929987401 ], [ 10164741.655474400147796, 2710816.796017760876566 ], [ 10164732.913577975705266, 2710825.558241643942893 ], [ 10164725.822498369961977, 2710832.857529696077108 ], [ 10164721.56045906431973, 2710837.034063094761223 ], [ 10164719.064616914838552, 2710838.412202561274171 ], [ 10164732.202131614089012, 2710861.837460531387478 ], [ 10164739.363966289907694, 2710875.070278640836477 ], [ 10164739.377987345680594, 2710878.58970951475203 ], [ 10164739.10697066038847, 2710879.40732722170651 ], [ 10164734.923485722392797, 2710884.046947912313044 ], [ 10164725.079404011368752, 2710894.280972073785961 ], [ 10164720.150258334353566, 2710898.989831710699946 ], [ 10164703.758320901542902, 2710917.977311238180846 ], [ 10164698.111900188028812, 2710921.640885068569332 ], [ 10164694.642704656347632, 2710923.828331300988793 ], [ 10164691.012685365974903, 2710929.690491402521729 ], [ 10164684.406963961198926, 2710940.418976090382785 ], [ 10164678.497649988159537, 2710952.479846377857029 ], [ 10164675.59884250164032, 2710957.390082432422787 ], [ 10164670.802063092589378, 2710962.296973496675491 ], [ 10164664.087811697274446, 2710967.796388782095164 ], [ 10164661.246397579088807, 2710970.599153590854257 ], [ 10164656.871206786483526, 2710979.432092119008303 ], [ 10164651.623539453372359, 2710986.845309266354889 ], [ 10164666.917046871036291, 2710992.344557630829513 ], [ 10164676.908927638083696, 2710997.18099259911105 ], [ 10164694.018775206059217, 2711015.261652582790703 ], [ 10164700.971498299390078, 2711025.560605543199927 ], [ 10164703.941257610917091, 2711032.995965884067118 ], [ 10164706.254270320758224, 2711035.292592906393111 ], [ 10164720.122344594448805, 2711043.743370781652629 ], [ 10164726.664455279707909, 2711041.808334510307759 ], [ 10164734.347294513136148, 2711039.846643902361393 ], [ 10164740.744334563612938, 2711040.074665423948318 ], [ 10164744.218760687857866, 2711047.508072406519204 ], [ 10164747.973811581730843, 2711056.51804746966809 ], [ 10164741.484169967472553, 2711063.351530590094626 ], [ 10164739.324660189449787, 2711066.559793476946652 ], [ 10164739.071633078157902, 2711069.131594680715352 ], [ 10164739.085385676473379, 2711072.595873543061316 ], [ 10164740.520793505012989, 2711077.654289942700416 ], [ 10164738.068627402186394, 2711092.801543497014791 ], [ 10164746.327485267072916, 2711108.744395028799772 ], [ 10164748.095528166741133, 2711111.925842254422605 ], [ 10164750.71650424413383, 2711117.178090952802449 ], [ 10164761.824029438197613, 2711137.677028795704246 ], [ 10164763.889601819217205, 2711141.188365810085088 ], [ 10164771.655038334429264, 2711146.17713064327836 ], [ 10164780.750230452045798, 2711151.701304523739964 ], [ 10164784.296955576166511, 2711155.228624443989247 ], [ 10164787.844447240233421, 2711161.724007646553218 ], [ 10164795.600654067471623, 2711175.395933171268553 ], [ 10164807.382196256890893, 2711197.061769866850227 ], [ 10164819.057001667097211, 2711216.742073103785515 ], [ 10164825.603477660566568, 2711229.679831392597407 ], [ 10164832.352548900991678, 2711243.918517899699509 ], [ 10164837.333663906902075, 2711254.975857945159078 ], [ 10164838.595062727108598, 2711260.399186747148633 ], [ 10164834.562896709889174, 2711261.728313422761858 ], [ 10164817.402351373806596, 2711266.828533698339015 ], [ 10164811.411113813519478, 2711269.357214801479131 ], [ 10164805.143403369933367, 2711257.532828118186444 ], [ 10164801.678576013073325, 2711249.79036791715771 ], [ 10164792.358628341928124, 2711240.162798214703798 ], [ 10164788.908888641744852, 2711236.204742839559913 ], [ 10164777.731380904093385, 2711217.438109435141087 ], [ 10164768.718655545264482, 2711202.292656109202653 ], [ 10164765.660915575921535, 2711194.813504895195365 ], [ 10164765.800138620659709, 2711180.193941511213779 ], [ 10164764.489188600331545, 2711170.567197307012975 ], [ 10164762.656538048759103, 2711167.672921277582645 ], [ 10164756.179570818319917, 2711161.156305874697864 ], [ 10164749.611708715558052, 2711153.856712863314897 ], [ 10164748.670394385233521, 2711151.642767023295164 ], [ 10164748.005545828491449, 2711147.221160368062556 ], [ 10164745.334046866744757, 2711140.325225761625916 ], [ 10164741.74237017147243, 2711133.763868117239326 ], [ 10164732.733173029497266, 2711119.490169884171337 ], [ 10164724.935936709865928, 2711106.52445855922997 ], [ 10164719.948409425094724, 2711096.570597254205495 ], [ 10164706.87021904066205, 2711085.347307153977454 ], [ 10164685.761917116120458, 2711068.794257781002671 ], [ 10164671.158546829596162, 2711054.774643996730447 ], [ 10164660.811556441709399, 2711043.419120683800429 ], [ 10164648.497941415756941, 2711031.321128196548671 ], [ 10164632.406305188313127, 2711020.9926582807675 ], [ 10164630.110127368941903, 2711025.712966909632087 ], [ 10164614.542283764109015, 2711022.96194944344461 ], [ 10164605.656694505363703, 2711020.438010967802256 ], [ 10164606.366230268031359, 2711016.772218426689506 ], [ 10164601.38178157992661, 2711018.601639739237726 ], [ 10164589.797475375235081, 2711021.66008942713961 ], [ 10164579.708072900772095, 2711022.660494339186698 ], [ 10164577.742382576689124, 2711027.699482573196292 ], [ 10164570.544963616877794, 2711044.189734113868326 ], [ 10164567.682740667834878, 2711047.25731447013095 ], [ 10164556.596771258860826, 2711045.955810351762921 ], [ 10164555.559958152472973, 2711050.097361890599132 ], [ 10164546.942764660343528, 2711070.995512455701828 ], [ 10164542.572622675448656, 2711081.141389925032854 ], [ 10164541.483698522672057, 2711085.978247225284576 ], [ 10164543.446914011612535, 2711088.585230247117579 ], [ 10164545.259992236271501, 2711089.306172556709498 ], [ 10164544.169370582327247, 2711104.767938861623406 ], [ 10164543.739325623959303, 2711118.053542892914265 ], [ 10164543.971981087699533, 2711124.164949097670615 ], [ 10164546.069515898823738, 2711130.224752008449286 ], [ 10164546.323054254055023, 2711130.521696240175515 ], [ 10164554.621695157140493, 2711139.94372693169862 ], [ 10164572.444924976676702, 2711163.615608884952962 ], [ 10164558.161284305155277, 2711177.640910484828055 ], [ 10164544.934767154976726, 2711173.280744867399335 ], [ 10164541.50854554399848, 2711169.719725624658167 ], [ 10164533.508317420259118, 2711158.056612911634147 ], [ 10164527.94531955383718, 2711152.374818563461304 ], [ 10164522.019119314849377, 2711151.913020289968699 ], [ 10164507.421442618593574, 2711144.844197824131697 ], [ 10164500.342248663306236, 2711141.364012140780687 ], [ 10164497.669904304668307, 2711145.302556924056262 ], [ 10164494.801226364448667, 2711152.275924840476364 ], [ 10164492.560798292979598, 2711157.22773281019181 ], [ 10164491.702692264690995, 2711162.185040026903152 ], [ 10164492.278797591105103, 2711171.891925198957324 ], [ 10164491.785026397556067, 2711182.960196754429489 ], [ 10164491.309613702818751, 2711187.585013267118484 ], [ 10164490.271954467520118, 2711199.813969433307648 ], [ 10164489.278890969231725, 2711212.230271494481713 ], [ 10164489.24800156801939, 2711218.27659425791353 ], [ 10164488.052963200956583, 2711229.557241524104029 ], [ 10164486.625188475474715, 2711237.49590908549726 ], [ 10164486.476642353460193, 2711238.754265265073627 ], [ 10164487.006057860329747, 2711253.327012217137963 ], [ 10164487.960242280736566, 2711264.312270239461213 ], [ 10164490.538793576881289, 2711269.928891599178314 ], [ 10164498.582325350493193, 2711281.426439702510834 ], [ 10164506.221802337095141, 2711290.6196169690229 ], [ 10164514.129896081984043, 2711298.399429619312286 ], [ 10164518.107064703479409, 2711305.334524737671018 ], [ 10164518.840963695198298, 2711310.561267630662769 ], [ 10164526.563680687919259, 2711318.628769669216126 ], [ 10164531.75270488858223, 2711324.058401146903634 ], [ 10164537.787197584286332, 2711329.683231444563717 ], [ 10164552.720993041992188, 2711335.691621098201722 ], [ 10164572.527054103091359, 2711341.978452798444778 ], [ 10164582.674933820962906, 2711344.607764557003975 ], [ 10164593.646268267184496, 2711347.388305853586644 ], [ 10164602.507130829617381, 2711349.173194239381701 ], [ 10164612.278900010511279, 2711351.020701789297163 ], [ 10164629.679131463170052, 2711353.753313361667097 ], [ 10164631.750617846846581, 2711358.754103234037757 ], [ 10164635.029135446995497, 2711369.31077095028013 ], [ 10164634.162169892340899, 2711372.03949797200039 ], [ 10164628.466402234509587, 2711379.896016879938543 ], [ 10164626.503012062981725, 2711382.78364241681993 ], [ 10164624.155530007556081, 2711382.859221254941076 ], [ 10164618.795098181813955, 2711381.258883452508599 ], [ 10164610.632427612319589, 2711378.478163621388376 ], [ 10164606.085810614749789, 2711377.326835656072944 ], [ 10164601.244383294135332, 2711376.56292952876538 ], [ 10164595.346105759963393, 2711374.865452965255827 ], [ 10164587.518094442784786, 2711373.473520344123244 ], [ 10164581.405031437054276, 2711372.968472814187407 ], [ 10164574.222078051418066, 2711373.791686447802931 ], [ 10164561.466174617409706, 2711374.714484696276486 ], [ 10164545.634112609550357, 2711374.579368813894689 ], [ 10164537.532676266506314, 2711373.398123966995627 ], [ 10164521.283514956012368, 2711370.440190851222724 ], [ 10164507.250050833448768, 2711364.626690370962024 ], [ 10164502.453669968992472, 2711361.346996057778597 ], [ 10164496.138896267861128, 2711356.992058428935707 ], [ 10164488.141262322664261, 2711351.573655749671161 ], [ 10164486.694835927337408, 2711354.779106368776411 ], [ 10164478.283151004463434, 2711369.464980259537697 ], [ 10164473.381083592772484, 2711378.28920482005924 ], [ 10164465.360808731988072, 2711386.530185889452696 ], [ 10164459.089850828051567, 2711398.780123 ], [ 10164454.230055725201964, 2711409.998483401723206 ], [ 10164452.129333870485425, 2711414.210554398130625 ], [ 10164451.795470708981156, 2711415.800722609739751 ], [ 10164443.755595548078418, 2711432.967705274932086 ], [ 10164438.678307048976421, 2711444.650228745304048 ], [ 10164433.186663450673223, 2711454.216076526325196 ], [ 10164424.957385277375579, 2711462.347572176717222 ], [ 10164424.346883784979582, 2711468.88169661629945 ], [ 10164423.549597039818764, 2711472.570024213753641 ], [ 10164420.518433541059494, 2711491.195481281261891 ], [ 10164422.630179509520531, 2711514.710230072494596 ], [ 10164428.215157, 2711514.831288510467857 ], [ 10164439.009587652981281, 2711520.029020926449448 ], [ 10164450.019991422072053, 2711524.365148772951216 ], [ 10164447.642244024202228, 2711538.971916047856212 ], [ 10164446.634545762091875, 2711539.406174831558019 ], [ 10164443.347179353237152, 2711540.423485863022506 ], [ 10164438.940952887758613, 2711541.511278093326837 ], [ 10164429.219616141170263, 2711544.098929024767131 ], [ 10164429.62564043700695, 2711552.438589225057513 ], [ 10164428.656517919152975, 2711565.384687550365925 ], [ 10164427.593844315037131, 2711574.083334627561271 ], [ 10164423.939451299607754, 2711582.185437062755227 ], [ 10164424.734924586489797, 2711583.561424043029547 ], [ 10164426.296400165185332, 2711584.470908051356673 ], [ 10164433.880818843841553, 2711585.26809420529753 ], [ 10164436.352212361991405, 2711585.997482493985444 ], [ 10164441.887846518307924, 2711595.82812379905954 ], [ 10164444.746766226366162, 2711602.966405855026096 ], [ 10164446.639459615573287, 2711609.931932558305562 ], [ 10164448.737636405974627, 2711618.915854809805751 ], [ 10164449.573591414839029, 2711624.980934124439955 ], [ 10164454.389544749632478, 2711633.170617598574609 ], [ 10164459.313082374632359, 2711640.830192211084068 ], [ 10164462.730255525559187, 2711644.876761734485626 ], [ 10164471.501511754468083, 2711654.462901038583368 ], [ 10164478.674563113600016, 2711662.201670612674206 ], [ 10164491.547535259276628, 2711674.154638083651662 ], [ 10164505.302805183455348, 2711684.482020899653435 ], [ 10164516.497817186638713, 2711691.035210372880101 ], [ 10164533.606409775093198, 2711697.608825132716447 ], [ 10164541.970126258209348, 2711701.238389134872705 ], [ 10164547.939789643511176, 2711704.281795016955584 ], [ 10164559.077092789113522, 2711710.129092421848327 ], [ 10164567.879698667675257, 2711713.789963511750102 ], [ 10164572.032228982076049, 2711717.877872643992305 ], [ 10164575.241373401135206, 2711724.805048275273293 ], [ 10164584.044191565364599, 2711742.324086244683713 ], [ 10164587.371934622526169, 2711748.688158484641463 ], [ 10164590.97014351002872, 2711754.102233621757478 ], [ 10164592.433511989191175, 2711755.166569725144655 ], [ 10164593.68521785363555, 2711755.404398888349533 ], [ 10164602.81487824767828, 2711752.973455427680165 ], [ 10164608.759649669751525, 2711749.760890131350607 ], [ 10164629.626711582764983, 2711738.500105979852378 ], [ 10164649.446037439629436, 2711728.64479283709079 ], [ 10164657.58957115188241, 2711723.790424800943583 ], [ 10164674.293933868408203, 2711714.190332051366568 ], [ 10164676.541101166978478, 2711713.684810302685946 ], [ 10164679.656959719955921, 2711713.672296139411628 ], [ 10164696.032662581652403, 2711715.239447889849544 ], [ 10164707.170538188889623, 2711715.691173626109958 ], [ 10164708.796328125521541, 2711716.192190539091825 ], [ 10164709.30545605532825, 2711720.07396352244541 ], [ 10164712.251444883644581, 2711738.046792724169791 ], [ 10164699.686858674511313, 2711754.062871961388737 ], [ 10164694.699000781401992, 2711760.636863823980093 ], [ 10164679.732523567974567, 2711768.597035461105406 ], [ 10164661.140609208494425, 2711778.105461225379258 ], [ 10164637.051609564572573, 2711790.295004089828581 ], [ 10164626.060456620529294, 2711796.407619248144329 ], [ 10164618.398829735815525, 2711798.303021078929305 ], [ 10164611.299730263650417, 2711800.935485040768981 ], [ 10164603.559062713757157, 2711805.01586622139439 ], [ 10164603.268486080691218, 2711828.562784249894321 ], [ 10164604.312235670164227, 2711845.539285013917834 ], [ 10164607.240258645266294, 2711859.010707988869399 ], [ 10164609.686416581273079, 2711867.176773512735963 ], [ 10164610.521425005048513, 2711878.527048659045249 ], [ 10164610.111411329358816, 2711899.603041808120906 ], [ 10164608.718422463163733, 2711913.533091539982706 ], [ 10164606.719125432893634, 2711921.209497298114002 ], [ 10164599.522314798086882, 2711940.72385079273954 ], [ 10164595.87289110571146, 2711952.831497546751052 ], [ 10164594.687548078596592, 2711961.023231379687786 ], [ 10164586.979758327826858, 2711981.731382498051971 ], [ 10164577.283814771100879, 2711985.245869623497128 ], [ 10164587.356891106814146, 2712015.945422405842692 ], [ 10164589.987317275255919, 2712029.076109749730676 ], [ 10164590.49233764782548, 2712037.437612632289529 ], [ 10164589.60299288854003, 2712051.123094292823225 ], [ 10164587.705977128818631, 2712068.001282264944166 ], [ 10164587.224091362208128, 2712073.740805737674236 ], [ 10164586.419003892689943, 2712075.454240539111197 ], [ 10164585.108193965628743, 2712076.905047988984734 ], [ 10164583.861838705837727, 2712078.046492053661495 ], [ 10164581.978581147268414, 2712079.002923671156168 ], [ 10164577.662726379930973, 2712080.785583625081927 ], [ 10164577.309180641546845, 2712105.061423384584486 ], [ 10164580.213098896667361, 2712115.222950035240501 ], [ 10164585.836392486467957, 2712171.991525776684284 ], [ 10164588.63760619610548, 2712211.569805707782507 ], [ 10164570.294759312644601, 2712212.095787332393229 ], [ 10164567.601897839456797, 2712185.989408858120441 ], [ 10164566.184691738337278, 2712166.156196026597172 ], [ 10164563.249014848843217, 2712134.158806283958256 ], [ 10164560.440325800329447, 2712117.57521364511922 ], [ 10164570.306989628821611, 2712107.274193577934057 ], [ 10164569.147536486387253, 2712105.403108797501773 ], [ 10164563.832563476637006, 2712082.098976734094322 ], [ 10164556.481807658448815, 2712079.414126295596361 ], [ 10164555.126629078760743, 2712077.985162685625255 ], [ 10164554.374259859323502, 2712076.399329009931535 ], [ 10164554.362305536866188, 2712073.387136416509748 ], [ 10164557.335966864600778, 2712048.560272147413343 ], [ 10164557.483999345451593, 2712030.552579404320568 ], [ 10164555.408699832856655, 2712016.305280044674873 ], [ 10164549.147113731130958, 2711986.682750924956053 ], [ 10164544.861628213897347, 2711971.197546588722616 ], [ 10164541.983791150152683, 2711962.073172277305275 ], [ 10164541.257250843569636, 2711950.391393311787397 ], [ 10164537.66454141587019, 2711932.531194060109556 ], [ 10164532.87858890555799, 2711918.107298170682043 ], [ 10164532.715710647404194, 2711915.768812284339219 ], [ 10164533.528996542096138, 2711913.34917264804244 ], [ 10164543.225375777110457, 2711896.097766964696348 ], [ 10164551.475338937714696, 2711879.315608211327344 ], [ 10164553.479944139719009, 2711872.974255381152034 ], [ 10164554.84550454095006, 2711857.654082574881613 ], [ 10164555.949537754058838, 2711831.720624167472124 ], [ 10164557.531240286305547, 2711815.572114286478609 ], [ 10164539.055339273065329, 2711804.557391503360122 ], [ 10164521.492141183465719, 2711794.057619360275567 ], [ 10164503.091288551688194, 2711782.590228301938623 ], [ 10164489.868128921836615, 2711773.661861528642476 ], [ 10164484.468980075791478, 2711773.374543588608503 ], [ 10164464.63795948214829, 2711777.536401288583875 ], [ 10164444.053399363532662, 2711782.594943533651531 ], [ 10164434.313543975353241, 2711783.318038588855416 ], [ 10164433.1938540879637, 2711783.168034357950091 ], [ 10164431.239451240748167, 2711782.800712463911623 ], [ 10164430.116191502660513, 2711781.745976286474615 ], [ 10164417.702556682750583, 2711761.118745917454362 ], [ 10164415.57574943266809, 2711755.996647227089852 ], [ 10164417.066292967647314, 2711752.824032400734723 ], [ 10164419.231477243825793, 2711751.005874015856534 ], [ 10164437.929934486746788, 2711735.131001360714436 ], [ 10164415.455535100772977, 2711697.883430025074631 ], [ 10164395.115280333906412, 2711664.82011370267719 ], [ 10164374.02188017219305, 2711629.939339294098318 ], [ 10164367.985678533092141, 2711621.136694831307977 ], [ 10164349.947830267250538, 2711623.702364519238472 ], [ 10164351.326341032981873, 2711608.834745328873396 ], [ 10164350.055146064609289, 2711609.226042227353901 ], [ 10164336.865925285965204, 2711614.376207605469972 ], [ 10164331.449525492265821, 2711618.038903871085495 ], [ 10164317.819554192945361, 2711622.716402400750667 ], [ 10164315.906099619343877, 2711613.268343297298998 ], [ 10164315.887583481147885, 2711608.579204087611288 ], [ 10164316.572727328166366, 2711607.042810181155801 ], [ 10164329.631895836442709, 2711602.290387137793005 ], [ 10164322.97351766563952, 2711588.734791044611484 ], [ 10164315.568307003006339, 2711569.411714188288897 ], [ 10164312.903784887865186, 2711564.247673299629241 ], [ 10164313.041143765673041, 2711562.912083996459842 ], [ 10164313.870538784191012, 2711561.794399009086192 ], [ 10164315.743853075429797, 2711561.080774917267263 ], [ 10164322.277461590245366, 2711559.730656086932868 ], [ 10164326.294806063175201, 2711560.189060267526656 ], [ 10164345.387453224509954, 2711535.817153510637581 ], [ 10164353.852614203467965, 2711523.514154937583953 ], [ 10164351.045898849144578, 2711515.680625104811043 ], [ 10164346.366592280566692, 2711503.187453002203256 ], [ 10164336.150766542181373, 2711469.488214145880193 ], [ 10164333.864020701497793, 2711454.414719806518406 ], [ 10164328.130231527611613, 2711430.495281026232988 ], [ 10164327.468787424266338, 2711421.36231494275853 ], [ 10164327.50158828869462, 2711410.229549993295223 ], [ 10164327.763160327449441, 2711407.006762753240764 ], [ 10164328.655885057523847, 2711405.259930103085935 ], [ 10164338.238737350329757, 2711400.951742149889469 ], [ 10164358.245329286903143, 2711391.35002576559782 ], [ 10164363.495807759463787, 2711367.949428336229175 ], [ 10164366.522179644554853, 2711367.518072879873216 ], [ 10164370.223705934360623, 2711338.055408017709851 ], [ 10164373.49946060590446, 2711320.234609864186496 ], [ 10164383.55313509143889, 2711321.253613429609686 ], [ 10164382.584273438900709, 2711295.42860668245703 ], [ 10164380.36786993779242, 2711270.403044132050127 ], [ 10164385.624825779348612, 2711270.845404408872128 ], [ 10164386.233583461493254, 2711263.881024991162121 ], [ 10164385.754954202100635, 2711256.58994587091729 ], [ 10164383.004204833880067, 2711249.032161046750844 ], [ 10164373.794206766411662, 2711236.623523996211588 ], [ 10164369.179305903613567, 2711251.503734854515642 ], [ 10164343.769376179203391, 2711248.560152419377118 ], [ 10164345.81035079434514, 2711226.430369929410517 ], [ 10164341.512949058786035, 2711224.483666322659701 ], [ 10164322.955118022859097, 2711220.299056978430599 ], [ 10164320.19583497941494, 2711218.897776170168072 ], [ 10164288.826047781854868, 2711218.074274900369346 ], [ 10164284.520559765398502, 2711216.877861232031137 ], [ 10164281.547878552228212, 2711214.230699896812439 ], [ 10164280.970626143738627, 2711212.511855259072036 ], [ 10164280.775958064943552, 2711210.427268613129854 ], [ 10164282.574686171486974, 2711204.76008977368474 ], [ 10164284.957564966753125, 2711199.741477973759174 ], [ 10164287.590835424140096, 2711196.99482369190082 ], [ 10164296.508162539452314, 2711193.660294379107654 ], [ 10164306.342040715739131, 2711191.844635388813913 ], [ 10164311.321892745792866, 2711191.570905338507146 ], [ 10164321.126447444781661, 2711193.429538500495255 ], [ 10164342.814009077847004, 2711198.362914367578924 ], [ 10164361.345578152686357, 2711201.466359754092991 ], [ 10164370.242689192295074, 2711201.3645687289536 ], [ 10164376.194456856697798, 2711199.939600288402289 ], [ 10164378.153705840930343, 2711198.795294731389731 ], [ 10164406.077692179009318, 2711185.532056309748441 ], [ 10164405.984929313883185, 2711181.49429148575291 ], [ 10164405.958579011261463, 2711174.830357264727354 ], [ 10164406.077960446476936, 2711168.960251369979233 ], [ 10164403.601924961432815, 2711144.873751248698682 ], [ 10164403.672743750736117, 2711140.581555185373873 ], [ 10164404.597126264125109, 2711138.525702789891511 ], [ 10164403.137097671627998, 2711135.530522671062499 ], [ 10164407.007226847112179, 2711123.764747329056263 ], [ 10164410.488405141979456, 2711113.512076253071427 ], [ 10164414.563599359244108, 2711109.214892347343266 ], [ 10164442.136046903207898, 2711076.49063569586724 ], [ 10164427.884784828871489, 2711073.756354637909681 ], [ 10164401.583854656666517, 2711072.923714295960963 ], [ 10164394.577020984143019, 2711071.087234435603023 ], [ 10164377.973068272694945, 2711064.324156801681966 ], [ 10164370.936029583215714, 2711060.39143314352259 ], [ 10164372.050858883187175, 2711034.348819186910987 ], [ 10164372.243762213736773, 2711024.881747968029231 ], [ 10164373.104949029162526, 2711006.839214541949332 ], [ 10164375.022956717759371, 2710984.158611970953643 ], [ 10164389.324282450601459, 2710982.931905824225396 ], [ 10164421.375287536531687, 2710984.12763857934624 ], [ 10164449.525207977741957, 2710983.706088996026665 ], [ 10164478.235272234305739, 2710983.43655555229634 ], [ 10164477.342352429404855, 2710974.039987445808947 ], [ 10164476.808948524296284, 2710958.496609480585903 ], [ 10164477.3924890011549, 2710947.935712191741914 ], [ 10164472.892174389213324, 2710941.830379900056869 ], [ 10164467.107464641332626, 2710929.99306319328025 ], [ 10164448.800890134647489, 2710883.882278909906745 ], [ 10164442.432869214564562, 2710866.023341617546976 ], [ 10164435.176207991316915, 2710842.607343180570751 ], [ 10164434.556870738044381, 2710841.374173593707383 ], [ 10164430.232924249023199, 2710840.994248750153929 ], [ 10164424.299219541251659, 2710841.415263188071549 ], [ 10164418.654380852356553, 2710842.706648932304233 ], [ 10164415.973048750311136, 2710844.361224416643381 ], [ 10164401.920004842802882, 2710863.956897442694753 ], [ 10164389.799855511635542, 2710875.733404878526926 ], [ 10164375.708268344402313, 2710885.56500884052366 ], [ 10164370.876268893480301, 2710878.809986192267388 ], [ 10164366.616705367341638, 2710872.538228583522141 ], [ 10164383.471922824159265, 2710856.892356620170176 ], [ 10164387.603315237909555, 2710852.937042752746493 ], [ 10164390.099628681316972, 2710835.020585318561643 ], [ 10164391.059843948110938, 2710811.516592814587057 ], [ 10164385.564440533518791, 2710811.770286225713789 ], [ 10164372.086419425904751, 2710813.081944643519819 ], [ 10164357.198766743764281, 2710813.0421895631589 ], [ 10164348.207322310656309, 2710828.104993835091591 ], [ 10164329.882850067690015, 2710857.85684326896444 ], [ 10164316.225462647154927, 2710844.329858743119985 ], [ 10164300.582553561776876, 2710833.624213006347418 ], [ 10164308.596018942072988, 2710815.376833163201809 ], [ 10164313.197665439918637, 2710808.275305978488177 ], [ 10164329.436071438714862, 2710792.003083947114646 ], [ 10164332.115330582484603, 2710787.049617225304246 ], [ 10164317.347666008397937, 2710745.172610083129257 ], [ 10164301.956842446699739, 2710753.828728450927883 ], [ 10164303.900016196072102, 2710745.833163760136813 ], [ 10164304.560361959040165, 2710740.810558040626347 ], [ 10164305.528949486091733, 2710738.8318174877204 ], [ 10164310.727093659341335, 2710732.765040548052639 ], [ 10164301.093272445723414, 2710699.076090082991868 ], [ 10164292.717770332470536, 2710672.862414782401174 ], [ 10164276.43362951092422, 2710641.417746733874083 ], [ 10164266.005442565307021, 2710623.233201609924436 ], [ 10164262.820773804560304, 2710619.660257818643004 ], [ 10164261.213965499773622, 2710615.595591445453465 ], [ 10164259.277044553309679, 2710605.717943208292127 ], [ 10164257.08203661441803, 2710591.604765643831342 ], [ 10164256.262589542195201, 2710584.116784322541207 ], [ 10164252.877970084547997, 2710574.355264464858919 ], [ 10164237.883614441379905, 2710549.999645721167326 ], [ 10164230.554211394861341, 2710541.412327178753912 ], [ 10164213.129053428769112, 2710512.664377899374813 ], [ 10164197.251216523349285, 2710486.800844662822783 ], [ 10164188.750306870788336, 2710473.231441218405962 ], [ 10164183.737986542284489, 2710467.988842050544918 ], [ 10164170.062676060944796, 2710455.366840533446521 ], [ 10164168.86660629697144, 2710455.294381099287421 ], [ 10164167.683352021500468, 2710455.696263031568378 ], [ 10164166.580045323818922, 2710456.892199232708663 ], [ 10164161.586467601358891, 2710467.536561889573932 ], [ 10164149.841973284259439, 2710485.522530158981681 ], [ 10164132.068563377484679, 2710507.559477015398443 ], [ 10164114.32508778385818, 2710528.846083647571504 ], [ 10164110.703396806493402, 2710567.49716114718467 ], [ 10164104.109746430069208, 2710600.864442347548902 ], [ 10164100.378578821197152, 2710622.867638958618045 ], [ 10164090.756358904764056, 2710656.081563280429691 ], [ 10164082.683288579806685, 2710656.433665798511356 ], [ 10164081.646087637171149, 2710671.652053945697844 ], [ 10164075.011904811486602, 2710708.682599703315645 ], [ 10164072.380233347415924, 2710736.893065338954329 ], [ 10164068.307129677385092, 2710772.391019565518945 ], [ 10164062.233812039718032, 2710798.629335280507803 ], [ 10164059.807327853515744, 2710834.385669108945876 ], [ 10164056.360229609534144, 2710872.849217623006552 ], [ 10164012.629410212859511, 2710875.450431894045323 ], [ 10164016.431333869695663, 2710863.023215412162244 ], [ 10164016.116967562586069, 2710847.247371925506741 ], [ 10164029.381335118785501, 2710844.601849071681499 ], [ 10164041.363395571708679, 2710842.281404907349497 ], [ 10164046.353342639282346, 2710802.774731204845011 ], [ 10164049.857531564310193, 2710770.456445087213069 ], [ 10164043.162496238946915, 2710766.952557384502143 ], [ 10164039.723019329831004, 2710762.740655316971242 ], [ 10164038.859854687005281, 2710760.846411243546754 ], [ 10164046.199041858315468, 2710732.881999203469604 ], [ 10164052.335387324914336, 2710703.146103518549353 ], [ 10164054.125630212947726, 2710678.557805710937828 ], [ 10164058.234974345192313, 2710657.854888716712594 ], [ 10164052.497048940509558, 2710657.789520248770714 ], [ 10164055.630383303388953, 2710623.233290784526616 ], [ 10164055.374772602692246, 2710602.889865044504404 ], [ 10164058.598622761666775, 2710571.830860706977546 ], [ 10164062.927268702536821, 2710537.181887968443334 ], [ 10164065.539564499631524, 2710506.820477695669979 ], [ 10164053.798086483031511, 2710503.325638533104211 ], [ 10164021.934988396242261, 2710496.63424685690552 ], [ 10163994.264253780245781, 2710490.367404167540371 ], [ 10163981.592157788574696, 2710484.537296077236533 ], [ 10163968.373801961541176, 2710476.480805709026754 ], [ 10163961.939381184056401, 2710475.050116049591452 ], [ 10163944.515198163688183, 2710474.336003686767071 ], [ 10163927.55412014387548, 2710474.237891810480505 ], [ 10163903.508623955771327, 2710474.763679824769497 ], [ 10163892.801086168736219, 2710474.717867717612535 ], [ 10163870.90974367596209, 2710456.689089550636709 ], [ 10163844.050012525171041, 2710433.406454004347324 ], [ 10163835.258665978908539, 2710424.019460929557681 ], [ 10163814.381012542173266, 2710404.287535436451435 ], [ 10163799.681710612028837, 2710387.807951812632382 ], [ 10163774.502101982012391, 2710392.872397790662944 ], [ 10163755.006700556725264, 2710395.498166544828564 ], [ 10163729.695270648226142, 2710400.518950000405312 ], [ 10163712.118354326114058, 2710402.806102056521922 ], [ 10163724.285919493064284, 2710439.540778730530292 ], [ 10163705.04905410297215, 2710443.776223245542496 ], [ 10163698.191713156178594, 2710443.593757359310985 ], [ 10163693.162247020751238, 2710422.706770232412964 ], [ 10163688.539295010268688, 2710404.774957690387964 ], [ 10163666.811528049409389, 2710406.052423063199967 ], [ 10163639.920378273352981, 2710408.288075800519437 ], [ 10163643.961097232997417, 2710454.090690018609166 ], [ 10163646.375995041802526, 2710468.467760697938502 ], [ 10163647.653768882155418, 2710495.051490150857717 ], [ 10163653.415020572021604, 2710517.92156530963257 ], [ 10163666.854652885347605, 2710565.750435096677393 ], [ 10163668.96620374545455, 2710575.495032717473805 ], [ 10163671.285336688160896, 2710576.60014929343015 ], [ 10163697.624878028407693, 2710584.715331808198243 ], [ 10163715.805962551385164, 2710590.987269514240324 ], [ 10163734.249882567673922, 2710597.125713728833944 ], [ 10163745.968818977475166, 2710603.301764054689556 ], [ 10163759.842940513044596, 2710607.913661158178002 ], [ 10163786.673613192513585, 2710615.364845524542034 ], [ 10163794.692830527201295, 2710615.266879300121218 ], [ 10163814.580504894256592, 2710611.889231080655009 ], [ 10163829.68624627776444, 2710606.048165462445468 ], [ 10163827.275691764429212, 2710623.599840735085309 ], [ 10163815.249136043712497, 2710622.930406352505088 ], [ 10163797.559156488627195, 2710624.423731457907706 ], [ 10163798.355711365118623, 2710626.119628747925162 ], [ 10163816.178797150030732, 2710636.199143339879811 ], [ 10163827.156477397307754, 2710637.965015427209437 ], [ 10163848.228162476792932, 2710637.164325503632426 ], [ 10163846.870944725349545, 2710651.953633272554725 ], [ 10163834.754765693098307, 2710659.217149522155523 ], [ 10163829.458543036133051, 2710657.097806667443365 ], [ 10163815.865031264722347, 2710648.512997364159673 ], [ 10163801.72123240493238, 2710642.280381218530238 ], [ 10163779.791705848649144, 2710636.939144421368837 ], [ 10163757.459949843585491, 2710632.526204925496131 ], [ 10163727.602738346904516, 2710633.858050435315818 ], [ 10163713.051814030855894, 2710632.911667018663138 ], [ 10163693.339104948565364, 2710633.353778249118477 ], [ 10163668.897794032469392, 2710633.737298032734543 ], [ 10163667.692409731447697, 2710634.095119725447148 ], [ 10163666.12891174480319, 2710635.458337799180299 ], [ 10163653.345136044546962, 2710657.177315500564873 ], [ 10163653.215073546394706, 2710660.388392793014646 ], [ 10163653.329324491322041, 2710669.964403661899269 ], [ 10163654.574029417708516, 2710679.668352346867323 ], [ 10163659.206913877278566, 2710700.126978401094675 ], [ 10163662.824704442173243, 2710719.111210859846324 ], [ 10163664.004738479852676, 2710729.102311332710087 ], [ 10163666.380499301478267, 2710736.264294496271759 ], [ 10163669.320246625691652, 2710761.396571206860244 ], [ 10163670.783414894714952, 2710770.845961037557572 ], [ 10163673.360553313046694, 2710776.197743070311844 ], [ 10163674.50280587002635, 2710779.337592402938753 ], [ 10163675.372308017686009, 2710799.689851667732 ], [ 10163675.966105340048671, 2710805.645275766495615 ], [ 10163681.147997155785561, 2710823.409826349001378 ], [ 10163683.236381106078625, 2710832.834667003713548 ], [ 10163684.928398292511702, 2710858.700310244224966 ], [ 10163674.223587397485971, 2710865.042435943614691 ], [ 10163675.668061561882496, 2710883.726590057369322 ], [ 10163675.695790434256196, 2710890.820643741637468 ], [ 10163677.116085015237331, 2710903.337423052173108 ], [ 10163679.047100497409701, 2710920.199159187730402 ], [ 10163681.468079721555114, 2710936.099271317943931 ], [ 10163686.380523869767785, 2710963.496833270881325 ], [ 10163692.106689549982548, 2710963.308719714172184 ], [ 10163696.324112536385655, 2710964.472517319023609 ], [ 10163701.131036950275302, 2710967.708184979856014 ], [ 10163709.633379384875298, 2710987.302302182652056 ], [ 10163714.204213025048375, 2711003.061451787594706 ], [ 10163723.853645773604512, 2711035.405342570971698 ], [ 10163719.84635360725224, 2711037.495318545028567 ], [ 10163725.308200774714351, 2711048.253058904781938 ], [ 10163731.584723450243473, 2711073.769855530932546 ], [ 10163737.984683910384774, 2711102.783579421229661 ], [ 10163739.319520821794868, 2711118.654982961248606 ], [ 10163750.783006854355335, 2711143.555534485727549 ], [ 10163743.580612121149898, 2711156.205974773969501 ], [ 10163774.206623384729028, 2711154.826828761491925 ], [ 10163782.817065384238958, 2711151.537938076537102 ], [ 10163805.357805263251066, 2711139.102557104080915 ], [ 10163815.828575100749731, 2711134.625767392106354 ], [ 10163831.071318781003356, 2711124.403775088489056 ], [ 10163851.750985972583294, 2711110.210455902852118 ], [ 10163857.121453640982509, 2711128.426832691766322 ], [ 10163859.54483388364315, 2711147.692187730688602 ], [ 10163838.22116319835186, 2711157.143891287501901 ], [ 10163821.729411190375686, 2711167.779060726519674 ], [ 10163819.75790935754776, 2711171.427792725153267 ], [ 10163812.581017842516303, 2711179.378029379528016 ], [ 10163797.415615893900394, 2711192.534502985887229 ], [ 10163790.35664120875299, 2711199.778190325945616 ], [ 10163777.93736919388175, 2711208.190540378913283 ], [ 10163768.151607660576701, 2711216.724862593691796 ], [ 10163765.446338718757033, 2711229.10377688286826 ], [ 10163762.916118692606688, 2711246.965537988580763 ], [ 10163762.941339002922177, 2711253.408829785883427 ], [ 10163770.741647161543369, 2711272.96188156073913 ], [ 10163774.558729529380798, 2711281.144450813997537 ], [ 10163776.677971795201302, 2711284.401898809242994 ], [ 10163780.516719495877624, 2711286.902289890218526 ], [ 10163796.622890809550881, 2711292.619896795600653 ], [ 10163798.536509625613689, 2711293.803900563623756 ], [ 10163799.230771642178297, 2711294.584510249551386 ], [ 10163799.858225464820862, 2711314.717698223888874 ], [ 10163800.755303133279085, 2711330.866852516774088 ], [ 10163788.740778287872672, 2711341.804284499958158 ], [ 10163771.24167070351541, 2711355.819672278594226 ], [ 10163767.427671253681183, 2711359.64125389046967 ], [ 10163767.333564048632979, 2711360.822181602474302 ], [ 10163769.903363240882754, 2711378.277729737106711 ], [ 10163772.889526279643178, 2711398.390631478279829 ], [ 10163775.484239686280489, 2711419.398830956313759 ], [ 10163776.561986215412617, 2711431.255421039648354 ], [ 10163778.051151705905795, 2711444.511569496709853 ], [ 10163781.645054243505001, 2711460.120557594578713 ], [ 10163785.115909615531564, 2711466.726852065417916 ], [ 10163797.838351605460048, 2711490.828484279103577 ], [ 10163804.064090160652995, 2711503.304614195600152 ], [ 10163809.179864602163434, 2711506.903303652070463 ], [ 10163825.59554042480886, 2711518.743269415106624 ], [ 10163836.945415483787656, 2711528.540075226221234 ], [ 10163838.762633157894015, 2711530.309250744991004 ], [ 10163843.240482017397881, 2711533.502192586660385 ], [ 10163853.803132077679038, 2711541.183688203804195 ], [ 10163874.082682676613331, 2711559.098776463419199 ], [ 10163889.569839544594288, 2711571.946431614458561 ], [ 10163900.392066542059183, 2711578.666977156419307 ], [ 10163902.216174690052867, 2711579.398992858361453 ], [ 10163908.877661338075995, 2711579.869051157031208 ], [ 10163926.587346, 2711580.339379720855504 ], [ 10163940.144517835229635, 2711579.446988005656749 ], [ 10163947.652840092778206, 2711577.640796720515937 ], [ 10163955.858628472313285, 2711574.640222763177007 ], [ 10163963.231765327975154, 2711571.940824085380882 ], [ 10163964.164530554786325, 2711571.992290525697172 ], [ 10163976.056664729490876, 2711596.902673773467541 ], [ 10163976.456299487501383, 2711598.092708751559258 ], [ 10163976.405700447037816, 2711599.174189283046871 ], [ 10163973.425522722303867, 2711602.992574416100979 ], [ 10163964.503095785155892, 2711610.696287307888269 ], [ 10163951.923257581889629, 2711620.190900518558919 ], [ 10163944.79612953029573, 2711624.080916329286993 ], [ 10163943.771798554807901, 2711625.861389538273215 ], [ 10163940.238453196361661, 2711636.897850463166833 ], [ 10163938.735086856409907, 2711645.212035352364182 ], [ 10163936.329561037942767, 2711658.472816975321621 ], [ 10163934.741591829806566, 2711667.592792420648038 ], [ 10163933.656943760812283, 2711679.160188412759453 ], [ 10163930.799696661531925, 2711689.145823764614761 ], [ 10163930.609546026214957, 2711693.813767623156309 ], [ 10163931.216406624764204, 2711722.6309395278804 ], [ 10163931.374347420409322, 2711748.890149978455156 ], [ 10163931.346179202198982, 2711769.655416852794588 ], [ 10163931.44802387803793, 2711770.449449825566262 ], [ 10163932.184080386534333, 2711770.68925829231739 ], [ 10163933.368962207809091, 2711770.684535929467529 ], [ 10163936.616387628018856, 2711773.44107551407069 ], [ 10163939.617375185713172, 2711774.907664380036294 ], [ 10163947.509685708209872, 2711775.869345610029995 ], [ 10163964.247437916696072, 2711777.435812211129814 ], [ 10163981.270706573501229, 2711776.275849274359643 ], [ 10163991.282471494749188, 2711777.725601121783257 ], [ 10164014.693252922967076, 2711782.674885817803442 ], [ 10164031.01768253929913, 2711787.950247684959322 ], [ 10164045.608292566612363, 2711793.133145514409989 ], [ 10164047.40431728772819, 2711797.870464737527072 ], [ 10164048.100859338417649, 2711802.016313708852977 ], [ 10164047.890478091314435, 2711809.89513585716486 ], [ 10164046.810978470370173, 2711822.753583836834878 ], [ 10164045.111594615504146, 2711828.641248489264399 ], [ 10164044.236969221383333, 2711829.428111760877073 ], [ 10164043.448408965021372, 2711829.784333684947342 ], [ 10164040.882893269881606, 2711830.246898161713034 ], [ 10164029.412711216136813, 2711829.001592459622771 ], [ 10164005.857654217630625, 2711826.4471854721196 ], [ 10163991.108700733631849, 2711825.645194231998175 ], [ 10163984.396913874894381, 2711826.355951114557683 ], [ 10163966.294269315898418, 2711829.263500125147402 ], [ 10163956.149580227211118, 2711830.285806154832244 ], [ 10163943.427796194329858, 2711831.627271809149534 ], [ 10163936.315393839031458, 2711833.696717242710292 ], [ 10163935.017288997769356, 2711846.787749938666821 ], [ 10163931.078431090340018, 2711871.926967432722449 ], [ 10163928.511382270604372, 2711891.566027757711709 ], [ 10163928.619778903201222, 2711902.411654346156865 ], [ 10163926.650368338450789, 2711914.986815232783556 ], [ 10163923.472953282296658, 2711935.665511985775083 ], [ 10163926.181815629824996, 2711954.941649915184826 ], [ 10163928.111538691446185, 2711962.999618967529386 ], [ 10163928.780955387279391, 2711977.009766492061317 ], [ 10163930.838180197402835, 2711986.799533745273948 ], [ 10163931.341079832985997, 2711989.136703794822097 ], [ 10163930.856063673272729, 2711991.356398850679398 ], [ 10163930.102917242795229, 2712000.727027085144073 ], [ 10163931.204765822738409, 2712015.894040550570935 ], [ 10163940.88639111071825, 2712022.652384161949158 ], [ 10163968.556997586041689, 2712042.193570031318814 ], [ 10163973.554301561787724, 2712040.717260244768113 ], [ 10163974.92945333942771, 2712047.243773623835295 ], [ 10163981.24293502047658, 2712065.203731224872172 ], [ 10163985.277948120608926, 2712070.130828946828842 ], [ 10163997.796771064400673, 2712078.521939495578408 ], [ 10163999.089899837970734, 2712080.922166382428259 ], [ 10164005.569272005930543, 2712096.420946476049721 ], [ 10164010.395402593538165, 2712104.423317269887775 ], [ 10164018.00463280454278, 2712103.113138460088521 ], [ 10164042.889904396608472, 2712100.652953702490777 ], [ 10164067.26895522326231, 2712097.808549322653562 ], [ 10164094.113314734771848, 2712094.12678198935464 ], [ 10164095.192032348364592, 2712089.433118368964642 ], [ 10164097.618763072416186, 2712073.214829201344401 ], [ 10164101.791302563622594, 2712057.320620067417622 ], [ 10164106.099683094769716, 2712039.704617125447839 ], [ 10164111.265594709664583, 2712030.901186454109848 ], [ 10164119.632091265171766, 2712018.499056694097817 ], [ 10164123.075350223109126, 2712015.241397573146969 ], [ 10164131.96362192556262, 2712009.976017293985933 ], [ 10164138.410845069214702, 2712008.924204239621758 ], [ 10164155.236587006598711, 2712007.698618609923869 ], [ 10164171.489448478445411, 2712011.440511716529727 ], [ 10164180.198840791359544, 2712013.678731580730528 ], [ 10164193.169172909110785, 2712016.91509366966784 ], [ 10164201.905238227918744, 2712025.916878552176058 ], [ 10164206.802259983494878, 2712032.407259225845337 ], [ 10164218.018969127908349, 2712052.79706460935995 ], [ 10164230.789661891758442, 2712074.946066839620471 ], [ 10164230.14523046463728, 2712086.809980073478073 ], [ 10164231.096921719610691, 2712094.430519403889775 ], [ 10164239.959253376349807, 2712118.735735508613288 ], [ 10164245.177511168643832, 2712134.327758789993823 ], [ 10164249.577101711183786, 2712139.871249990537763 ], [ 10164260.717584654688835, 2712149.249680901411921 ], [ 10164270.861991057172418, 2712159.227935252711177 ], [ 10164289.607626646757126, 2712174.589431553147733 ], [ 10164303.557022089138627, 2712186.770288503728807 ], [ 10164308.937993885949254, 2712201.876205285545439 ], [ 10164318.633495014160872, 2712231.518613033927977 ], [ 10164325.527230843901634, 2712251.826550017576665 ], [ 10164334.40732853487134, 2712266.686849679797888 ], [ 10164350.377008192241192, 2712290.312858703546226 ], [ 10164359.617134725674987, 2712307.42266991129145 ], [ 10164365.165189107879996, 2712320.354360265657306 ], [ 10164369.415502710267901, 2712338.068924244027585 ], [ 10164398.33032881654799, 2712386.193889506161213 ], [ 10164426.139312133193016, 2712429.31387469638139 ], [ 10164438.709334952756763, 2712450.515134757850319 ], [ 10164444.920792108401656, 2712461.932580038905144 ], [ 10164449.621689749881625, 2712465.941197842359543 ], [ 10164452.63533409871161, 2712467.782857983373106 ], [ 10164466.856680007651448, 2712476.509020395576954 ], [ 10164503.125566238537431, 2712500.26355069084093 ], [ 10164537.270486939698458, 2712522.393534119706601 ], [ 10164543.452087061479688, 2712529.02231621555984 ], [ 10164550.681094665080309, 2712545.235508882906288 ], [ 10164559.769463142380118, 2712582.086137657985091 ], [ 10164567.623143129050732, 2712620.243822668679059 ], [ 10164568.529461350291967, 2712632.973611583467573 ], [ 10164568.624388456344604, 2712637.541399382054806 ], [ 10164568.632327985018492, 2712639.549587344285101 ], [ 10164567.946610754355788, 2712640.942641347181052 ], [ 10164567.095994902774692, 2712642.259098641574383 ], [ 10164554.825609231367707, 2712652.437685624230653 ], [ 10164543.153148520737886, 2712663.993116811849177 ], [ 10164536.174518821761012, 2712672.208460342604667 ], [ 10164533.649021092802286, 2712674.502664980478585 ], [ 10164531.112585823982954, 2712676.796929090749472 ], [ 10164526.439160754904151, 2712679.750730912201107 ], [ 10164522.318155148997903, 2712689.201506730169058 ], [ 10164516.291711565107107, 2712705.125935633201152 ], [ 10164511.243537724018097, 2712713.190124326851219 ], [ 10164504.500760041177273, 2712720.025231075007468 ], [ 10164496.583234816789627, 2712726.67750467127189 ], [ 10164496.426645720377564, 2712728.69737515039742 ], [ 10164494.388114623725414, 2712737.588107348885387 ], [ 10164495.088572837412357, 2712739.913520088884979 ], [ 10164496.095584003254771, 2712742.072196986991912 ], [ 10164496.406786432489753, 2712743.075086071155965 ], [ 10164487.315849060192704, 2712758.19531134981662 ], [ 10164486.30148453079164, 2712759.722106176894158 ], [ 10164486.082105550915003, 2712762.514641339890659 ], [ 10164475.645078223198652, 2712789.612452969886363 ], [ 10164469.170375905930996, 2712808.738699536770582 ], [ 10164517.201829254627228, 2712790.836314824875444 ], [ 10164542.022109501063824, 2712782.803221492562443 ], [ 10164565.469609929248691, 2712777.225173575337976 ], [ 10164588.381121724843979, 2712791.433709800243378 ], [ 10164590.782579453662038, 2712793.829548740759492 ], [ 10164594.526165185496211, 2712805.411551047116518 ], [ 10164606.176132211461663, 2712843.488320594653487 ], [ 10164612.4160042013973, 2712862.000930899288505 ], [ 10164619.188795566558838, 2712882.078319946303964 ], [ 10164627.917433684691787, 2712905.623671514447778 ], [ 10164637.696615977212787, 2712925.689044803380966 ], [ 10164653.230097681283951, 2712958.012587787117809 ], [ 10164657.827100230380893, 2712968.962311595678329 ], [ 10164678.703651014715433, 2712992.856254250742495 ], [ 10164694.189290650188923, 2713010.338746421504766 ], [ 10164711.577511942014098, 2713028.906057401560247 ], [ 10164744.984125846996903, 2713060.926163429860026 ], [ 10164758.687299251556396, 2713074.366221717558801 ], [ 10164795.41630263440311, 2713097.501209450419992 ], [ 10164828.474985053762794, 2713116.457822240423411 ], [ 10164854.594526147469878, 2713123.238177122082561 ], [ 10164878.91651726514101, 2713130.500201015733182 ], [ 10164900.816379282623529, 2713138.456127836368978 ], [ 10164922.534305432811379, 2713155.814147567842156 ], [ 10164924.084170991554856, 2713156.50308737764135 ], [ 10164927.160093108192086, 2713157.417573428712785 ], [ 10164947.555796068161726, 2713156.871866360772401 ], [ 10164971.170392395928502, 2713157.317293952219188 ], [ 10164979.102009508758783, 2713159.69081720802933 ], [ 10165000.814540391787887, 2713161.920442536938936 ], [ 10165037.021494038403034, 2713169.586686223745346 ], [ 10165069.982131293043494, 2713174.882506886031479 ], [ 10165087.229535909369588, 2713177.284540838561952 ], [ 10165115.402650469914079, 2713178.947190592065454 ], [ 10165136.481759391725063, 2713179.170914132148027 ], [ 10165156.409214457497001, 2713176.773023566231132 ], [ 10165156.589088631793857, 2713164.137735237367451 ], [ 10165156.727849090471864, 2713160.429574240930378 ] ] ], [ [ [ 10166191.124621946364641, 2712153.068211410194635 ], [ 10166174.998602030798793, 2712142.906056294683367 ], [ 10166171.383993221446872, 2712141.70721675362438 ], [ 10166168.983021983876824, 2712142.158492615446448 ], [ 10166165.771833796054125, 2712143.054401900619268 ], [ 10166152.695209020748734, 2712148.878802197054029 ], [ 10166151.007173364982009, 2712149.271969368681312 ], [ 10166148.166173266246915, 2712149.449118684977293 ], [ 10166142.654204053804278, 2712148.434641717001796 ], [ 10166133.945186162367463, 2712149.066262854728848 ], [ 10166134.152484094724059, 2712146.09732274338603 ], [ 10166129.222651686519384, 2712145.234816835261881 ], [ 10166129.058168701827526, 2712150.653190036769956 ], [ 10166127.677274897694588, 2712159.143812021240592 ], [ 10166126.827822411432862, 2712163.395396114327013 ], [ 10166132.316831981763244, 2712169.573876985814422 ], [ 10166139.101495414972305, 2712181.352237859275192 ], [ 10166149.216212719678879, 2712202.639142957516015 ], [ 10166156.179673600941896, 2712212.530044090002775 ], [ 10166165.760523099452257, 2712221.229490113910288 ], [ 10166166.573756596073508, 2712221.535130830015987 ], [ 10166178.325247466564178, 2712229.784251687116921 ], [ 10166184.709284177049994, 2712234.789488053414971 ], [ 10166189.548804184421897, 2712243.122242378536612 ], [ 10166189.620576879009604, 2712244.567358352709562 ], [ 10166190.294804893434048, 2712253.888318061828613 ], [ 10166191.276001902297139, 2712279.328550874255598 ], [ 10166193.97505790553987, 2712298.185478605795652 ], [ 10166201.248691847547889, 2712335.77037283917889 ], [ 10166203.60269408673048, 2712361.525075994897634 ], [ 10166204.59765350073576, 2712393.045196979306638 ], [ 10166203.816082594916224, 2712430.1779705286026 ], [ 10166200.893796483054757, 2712431.955413919873536 ], [ 10166199.461418749764562, 2712433.152969025075436 ], [ 10166199.0926872510463, 2712434.224770394619554 ], [ 10166199.100058540701866, 2712436.045342995785177 ], [ 10166200.548594674095511, 2712454.98484876845032 ], [ 10166200.97331216186285, 2712483.881359301507473 ], [ 10166201.415466465055943, 2712498.16873315256089 ], [ 10166203.70791432633996, 2712511.488505796063691 ], [ 10166209.345543896779418, 2712529.870233881287277 ], [ 10166211.771113, 2712540.839172384701669 ], [ 10166216.524803332984447, 2712573.866865040268749 ], [ 10166217.330704571679235, 2712580.484004916623235 ], [ 10166231.312024751678109, 2712613.540080268867314 ], [ 10166233.866104494780302, 2712618.340474443044513 ], [ 10166244.950577557086945, 2712640.539773665834218 ], [ 10166249.906579252332449, 2712647.801904410123825 ], [ 10166263.358235551044345, 2712661.208317908924073 ], [ 10166271.189011488109827, 2712665.766298988368362 ], [ 10166276.320614302530885, 2712670.335404145531356 ], [ 10166285.963557992130518, 2712686.118679840583354 ], [ 10166293.177133409306407, 2712695.368811423890293 ], [ 10166302.128085421398282, 2712710.956341250799596 ], [ 10166308.944097703322768, 2712730.370708417147398 ], [ 10166317.677111966535449, 2712751.697011952288449 ], [ 10166321.165632406249642, 2712756.912850304506719 ], [ 10166323.150489050894976, 2712759.34327136259526 ], [ 10166327.278603795915842, 2712762.66965315118432 ], [ 10166337.614610778167844, 2712776.155126583762467 ], [ 10166344.937586717307568, 2712788.030929338186979 ], [ 10166346.678954515606165, 2712789.921690179035068 ], [ 10166347.035721406340599, 2712791.310531561262906 ], [ 10166347.352603713050485, 2712796.373907036613673 ], [ 10166346.85731971077621, 2712820.221094541251659 ], [ 10166344.755275636911392, 2712864.422277473378927 ], [ 10166345.319333678111434, 2712868.226809938903898 ], [ 10166347.022916091606021, 2712871.607308359351009 ], [ 10166349.95935145765543, 2712889.43777999933809 ], [ 10166352.914618719369173, 2712903.814447639975697 ], [ 10166356.835783917456865, 2712918.253273847512901 ], [ 10166358.482458762824535, 2712921.137471870984882 ], [ 10166362.264896767213941, 2712925.800480674020946 ], [ 10166362.766232030466199, 2712927.641240553930402 ], [ 10166368.125666201114655, 2712950.394103966187686 ], [ 10166376.19122058711946, 2712982.890251247212291 ], [ 10166379.478859372437, 2712998.02707335492596 ], [ 10166379.697313541546464, 2713003.168135780841112 ], [ 10166378.233799448236823, 2713010.203147525433451 ], [ 10166378.965774737298489, 2713030.944890563376248 ], [ 10166379.785200281068683, 2713048.938761814497411 ], [ 10166379.075987534597516, 2713055.297511171083897 ], [ 10166378.984410544857383, 2713057.041368172504008 ], [ 10166379.089049918577075, 2713058.48643500963226 ], [ 10166379.535194404423237, 2713060.283257631585002 ], [ 10166380.387595998123288, 2713062.122447037603706 ], [ 10166383.930896703153849, 2713067.294090871233493 ], [ 10166389.211080804467201, 2713073.264028726611286 ], [ 10166400.920511018484831, 2713092.537132897879928 ], [ 10166414.229354029521346, 2713113.867099188733846 ], [ 10166424.233968822285533, 2713132.143183986656368 ], [ 10166429.426147516816854, 2713143.432095763273537 ], [ 10166430.352450657635927, 2713149.927675079088658 ], [ 10166431.447979031130672, 2713162.943908679764718 ], [ 10166432.154378699138761, 2713166.670686767902225 ], [ 10166432.951341727748513, 2713168.366725297179073 ], [ 10166433.998415296897292, 2713169.509967274498194 ], [ 10166438.988867098465562, 2713174.388657431583852 ], [ 10166440.03467015735805, 2713175.222969465889037 ], [ 10166440.631088953465223, 2713176.169524910394102 ], [ 10166441.583622874692082, 2713178.36151721701026 ], [ 10166442.437232384458184, 2713180.498672483954579 ], [ 10166444.130952671170235, 2713184.133032426703721 ], [ 10166446.652349522337317, 2713188.96682803472504 ], [ 10166460.71437456458807, 2713206.60825072741136 ], [ 10166467.040306016802788, 2713175.762551168911159 ], [ 10166470.903899002820253, 2713162.637537632137537 ], [ 10166504.432867785915732, 2713159.199699526187032 ], [ 10166520.8088742736727, 2713157.741667715832591 ], [ 10166535.24810777977109, 2713141.483262589666992 ], [ 10166558.68654527887702, 2713112.255202630069107 ], [ 10166581.019468633458018, 2713086.386186581104994 ], [ 10166597.314055467024446, 2713070.407034580595791 ], [ 10166602.35798218101263, 2713058.844067635480314 ], [ 10166604.535441348329186, 2713052.004718908108771 ], [ 10166621.166341539472342, 2713027.064181692432612 ], [ 10166642.052515737712383, 2712993.609522888436913 ], [ 10166635.375743199139833, 2712978.8510652622208 ], [ 10166629.908758549019694, 2712972.81572190951556 ], [ 10166606.77758827060461, 2712951.030256785452366 ], [ 10166601.391944570466876, 2712943.42772073764354 ], [ 10166588.994767559692264, 2712925.051676798611879 ], [ 10166586.161032717674971, 2712916.290955176576972 ], [ 10166583.571656724438071, 2712900.246683417353779 ], [ 10166579.173697978258133, 2712879.255416696425527 ], [ 10166576.114522499963641, 2712871.720620967447758 ], [ 10166568.421220678836107, 2712857.904311722144485 ], [ 10166564.677906099706888, 2712852.093600055202842 ], [ 10166564.234502734616399, 2712850.992020978126675 ], [ 10166565.634785356000066, 2712844.608402147889137 ], [ 10166564.641734601929784, 2712843.244225368835032 ], [ 10166554.717318098992109, 2712825.82894117757678 ], [ 10166547.636869294568896, 2712816.953572488389909 ], [ 10166530.143731052055955, 2712797.373756106942892 ], [ 10166517.870660711079836, 2712782.462033954914659 ], [ 10166515.665010141208768, 2712777.031228096690029 ], [ 10166515.357905769720674, 2712768.999529766384512 ], [ 10166512.75619606859982, 2712747.206518004182726 ], [ 10166514.637141132727265, 2712726.862610256765038 ], [ 10166513.764364732429385, 2712714.673407567664981 ], [ 10166512.086706891655922, 2712704.186732781119645 ], [ 10166510.257121557369828, 2712696.823460143059492 ], [ 10166502.990956250578165, 2712682.784783435519785 ], [ 10166498.773780124261975, 2712676.457591400481761 ], [ 10166493.448225328698754, 2712670.101749105378985 ], [ 10166488.72305722348392, 2712662.971180329099298 ], [ 10166486.201017055660486, 2712660.675380452536047 ], [ 10166478.006101438775659, 2712644.875165513250977 ], [ 10166471.786273101344705, 2712629.088859516661614 ], [ 10166471.057569045573473, 2712625.307161573320627 ], [ 10166470.827978542074561, 2712622.825385305099189 ], [ 10166479.64303944632411, 2712602.397832137532532 ], [ 10166485.041171288117766, 2712591.628224260173738 ], [ 10166484.968886623159051, 2712587.347204255871475 ], [ 10166483.354714956134558, 2712578.990060887765139 ], [ 10166483.341268541291356, 2712575.701916724909097 ], [ 10166483.736082138493657, 2712564.919942421838641 ], [ 10166483.068551426753402, 2712562.671711573842913 ], [ 10166478.976052662357688, 2712554.6336685186252 ], [ 10166469.319294659420848, 2712543.573195707052946 ], [ 10166451.073015285655856, 2712524.824407871812582 ], [ 10166436.290717585012317, 2712508.003191316034645 ], [ 10166430.034740457311273, 2712502.136796181090176 ], [ 10166426.774207077920437, 2712496.324329371098429 ], [ 10166420.644805809482932, 2712481.177753939293325 ], [ 10166414.990908531472087, 2712461.538287973497063 ], [ 10166412.336113860830665, 2712453.582701881881803 ], [ 10166411.39382591843605, 2712451.225242713931948 ], [ 10166406.206007618457079, 2712440.9408163940534 ], [ 10166408.860964661464095, 2712411.303407097700983 ], [ 10166410.298210484907031, 2712397.835974706336856 ], [ 10166410.062869070097804, 2712393.942002726718783 ], [ 10166409.392375590279698, 2712390.965565570630133 ], [ 10166408.185027480125427, 2712388.167825650889426 ], [ 10166401.677872974425554, 2712374.512536950409412 ], [ 10166391.431762980297208, 2712358.809261649847031 ], [ 10166383.329804126173258, 2712346.90392807777971 ], [ 10166360.743391560390592, 2712318.507284151390195 ], [ 10166340.044901924207807, 2712287.576222062110901 ], [ 10166321.555211963132024, 2712262.837102350313216 ], [ 10166306.695545423775911, 2712243.081345917191356 ], [ 10166302.905669618397951, 2712236.564831977244467 ], [ 10166298.872755248099566, 2712226.959938988089561 ], [ 10166295.211901703849435, 2712217.110683379229158 ], [ 10166284.467536177486181, 2712205.613511531613767 ], [ 10166260.806489489972591, 2712185.353438306599855 ], [ 10166253.98142321407795, 2712179.820413827430457 ], [ 10166239.364260295405984, 2712171.086648716591299 ], [ 10166225.189797926694155, 2712163.277739098295569 ], [ 10166215.881991548463702, 2712162.378221886698157 ], [ 10166204.185120433568954, 2712159.458214145619422 ], [ 10166191.124621946364641, 2712153.068211410194635 ] ] ], [ [ [ 10166456.109837289899588, 2713266.699603623710573 ], [ 10166458.075596841052175, 2713256.35204799240455 ], [ 10166459.158146051689982, 2713239.321239979937673 ], [ 10166458.407445520162582, 2713232.813858574721962 ], [ 10166457.411124622449279, 2713230.666285018902272 ], [ 10166450.264792, 2713232.582710726186633 ], [ 10166449.03209731169045, 2713228.957397453486919 ], [ 10166444.445578288286924, 2713218.206553152762353 ], [ 10166440.30899022705853, 2713210.157395552843809 ], [ 10166430.195909494534135, 2713194.927263990510255 ], [ 10166418.812221117317677, 2713182.902341215871274 ], [ 10166411.109308695420623, 2713174.779667993541807 ], [ 10166404.006822183728218, 2713165.915060575120151 ], [ 10166400.677975324913859, 2713159.506679879967123 ], [ 10166395.508520131930709, 2713151.09757346753031 ], [ 10166391.149419881403446, 2713142.288024252280593 ], [ 10166388.361619524657726, 2713134.034627384040505 ], [ 10166383.146601721644402, 2713125.206397336907685 ], [ 10166380.628255913034081, 2713121.123039327096194 ], [ 10166377.080666936933994, 2713117.584551992826164 ], [ 10166373.096500650048256, 2713111.929145758040249 ], [ 10166365.160593839362264, 2713097.771497240755707 ], [ 10166360.884151739999652, 2713090.395999020431191 ], [ 10166359.725467324256897, 2713086.108418178744614 ], [ 10166359.113338755443692, 2713083.981211007107049 ], [ 10166359.062322100624442, 2713082.226938653737307 ], [ 10166360.702979492023587, 2713075.555344198830426 ], [ 10166363.038880793377757, 2713067.181643861345947 ], [ 10166363.061240846291184, 2713064.599478552117944 ], [ 10166362.226592965424061, 2713059.041510873939842 ], [ 10166360.888076355680823, 2713048.288388827815652 ], [ 10166357.761724427342415, 2713035.037912427447736 ], [ 10166355.523466827347875, 2713024.288482560310513 ], [ 10166354.214586136862636, 2713012.740831618662924 ], [ 10166352.763736438006163, 2713004.073703479021788 ], [ 10166348.743764471262693, 2712984.217330276500434 ], [ 10166347.073938343673944, 2712975.65041500562802 ], [ 10166343.03417694568634, 2712961.71950278012082 ], [ 10166339.082364486530423, 2712950.524935251567513 ], [ 10166336.632912976667285, 2712947.180489555932581 ], [ 10166331.396341048181057, 2712941.133124785963446 ], [ 10166328.548049880191684, 2712936.863575926516205 ], [ 10166327.052275029942393, 2712930.591124335769564 ], [ 10166324.270316207781434, 2712931.827381539158523 ], [ 10166323.106423942372203, 2712931.633610215503722 ], [ 10166321.787285406142473, 2712931.021150881890208 ], [ 10166320.467119043692946, 2712930.16583111975342 ], [ 10166318.809866210445762, 2712927.391995591577142 ], [ 10166315.273975720629096, 2712915.930811927188188 ], [ 10166313.361431838944554, 2712907.01192268775776 ], [ 10166313.411848448216915, 2712905.941330201923847 ], [ 10166313.816438181325793, 2712905.586650017648935 ], [ 10166316.449382893741131, 2712905.47644260386005 ], [ 10166317.304345829412341, 2712905.263248461298645 ], [ 10166317.707393473014235, 2712904.544333124067634 ], [ 10166317.758717425167561, 2712903.683458577375859 ], [ 10166316.425294915214181, 2712899.56209843698889 ], [ 10166312.863349631428719, 2712884.404563264921308 ], [ 10166312.276934273540974, 2712877.830429246649146 ], [ 10166309.893666306510568, 2712877.277560252230614 ], [ 10166309.43183508887887, 2712877.025640651583672 ], [ 10166309.224791456013918, 2712874.67612876649946 ], [ 10166309.412748128175735, 2712872.336138924583793 ], [ 10166309.718940280377865, 2712872.081029403489083 ], [ 10166315.315011890605092, 2712872.124212980736047 ], [ 10166315.798290923237801, 2712869.551248959265649 ], [ 10166315.51604244671762, 2712862.22564820991829 ], [ 10166314.36896588280797, 2712858.081371267326176 ], [ 10166311.131748246029019, 2712844.522449623793364 ], [ 10166309.140688192099333, 2712837.876969552133232 ], [ 10166306.951355310156941, 2712828.35240527195856 ], [ 10166305.278638761490583, 2712821.771752502303571 ], [ 10166303.327916380017996, 2712811.562033543828875 ], [ 10166300.67720802500844, 2712799.236518769990653 ], [ 10166293.395156538113952, 2712792.016978683881462 ], [ 10166283.509293904528022, 2712781.266218662727624 ], [ 10166273.702260376885533, 2712768.330221608746797 ], [ 10166267.415717722848058, 2712760.389378974679857 ], [ 10166263.217817224562168, 2712753.399981186725199 ], [ 10166262.919434934854507, 2712752.86048406502232 ], [ 10166260.450164938345551, 2712747.342499125283211 ], [ 10166255.311267690733075, 2712732.919800736941397 ], [ 10166252.97566176764667, 2712727.886723011732101 ], [ 10166223.437566533684731, 2712741.161148667801172 ], [ 10166213.48334539681673, 2712713.594403672032058 ], [ 10166241.577363817021251, 2712701.385232782922685 ], [ 10166240.176386876031756, 2712699.526217587292194 ], [ 10166236.566023323684931, 2712694.012950349133462 ], [ 10166231.459699818864465, 2712687.578877758700401 ], [ 10166222.320896577090025, 2712677.045806729700416 ], [ 10166218.454012099653482, 2712670.496273359283805 ], [ 10166213.766019536182284, 2712664.413636448327452 ], [ 10166207.391767811030149, 2712656.451159869320691 ], [ 10166204.471107672899961, 2712650.559830483980477 ], [ 10166199.725466476753354, 2712641.067865228746086 ], [ 10166198.629192756488919, 2712638.611797842662781 ], [ 10166198.185747688636184, 2712634.773657165467739 ], [ 10166198.399269005283713, 2712630.623961994890124 ], [ 10166199.467273375019431, 2712623.436287708114833 ], [ 10166199.917531026527286, 2712620.852513554040343 ], [ 10166199.826599380001426, 2712617.366050101816654 ], [ 10166197.218663711100817, 2712607.43497115932405 ], [ 10166194.175473120063543, 2712598.377431832719594 ], [ 10166189.737864833325148, 2712589.082850518636405 ], [ 10166188.47281794808805, 2712582.897907329257578 ], [ 10166186.574056500568986, 2712569.256402716971934 ], [ 10166185.122329782694578, 2712554.929066472221166 ], [ 10166185.076071133837104, 2712543.553095537237823 ], [ 10166185.61505139991641, 2712533.090484988410026 ], [ 10166185.59330310113728, 2712527.727939721662551 ], [ 10166185.27523735538125, 2712525.069998862221837 ], [ 10166183.930180624127388, 2712520.772340447176248 ], [ 10166181.869142485782504, 2712513.101044392678887 ], [ 10166181.30511867441237, 2712506.61535415565595 ], [ 10166182.031762907281518, 2712504.515825135633349 ], [ 10166182.070444606244564, 2712503.24670806992799 ], [ 10166181.681812766939402, 2712502.122920109890401 ], [ 10166179.871485035866499, 2712499.438012287020683 ], [ 10166172.138634361326694, 2712486.548894124571234 ], [ 10166165.389840049669147, 2712472.817092777229846 ], [ 10166165.241868751123548, 2712471.493646724149585 ], [ 10166166.046348048374057, 2712466.955318686086684 ], [ 10166166.837608983740211, 2712459.184070884715766 ], [ 10166167.447151511907578, 2712455.286579865030944 ], [ 10166168.351138101890683, 2712450.935438399203122 ], [ 10166170.381213679909706, 2712448.289929900318384 ], [ 10166172.742275031283498, 2712443.392166214529425 ], [ 10166174.830183869227767, 2712433.386605485342443 ], [ 10166175.77449294924736, 2712425.482391167897731 ], [ 10166175.752114180475473, 2712419.965478774160147 ], [ 10166174.48415139503777, 2712407.667764292564243 ], [ 10166173.427691791206598, 2712396.097375463694334 ], [ 10166171.369482893496752, 2712383.725650411564857 ], [ 10166169.881733510643244, 2712363.230581600219011 ], [ 10166168.865785639733076, 2712342.711494709830731 ], [ 10166160.134315945208073, 2712329.760463047772646 ], [ 10166157.148683864623308, 2712324.0571394036524 ], [ 10166153.357169659808278, 2712314.428959626704454 ], [ 10166149.279400957748294, 2712288.372534541878849 ], [ 10166144.58797026053071, 2712262.495155164040625 ], [ 10166141.44864952377975, 2712254.055987156461924 ], [ 10166132.74336895160377, 2712234.032136012800038 ], [ 10166122.650333009660244, 2712215.404155081138015 ], [ 10166117.820459559559822, 2712206.740349756553769 ], [ 10166108.421852858737111, 2712194.299645444843918 ], [ 10166098.828644981607795, 2712185.258204879239202 ], [ 10166081.214115450158715, 2712181.39141107769683 ], [ 10166077.083562351763248, 2712180.12844728725031 ], [ 10166075.53648435510695, 2712182.804980298038572 ], [ 10166060.765682838857174, 2712195.653925460763276 ], [ 10166054.947812084108591, 2712203.092572745867074 ], [ 10166047.417933689430356, 2712199.603695638012141 ], [ 10166040.70849034935236, 2712214.438737466465682 ], [ 10166036.794605489820242, 2712220.600623329170048 ], [ 10166034.133357459679246, 2712229.93524600379169 ], [ 10166028.666241619735956, 2712253.492944519035518 ], [ 10166025.64232075586915, 2712262.6635347828269 ], [ 10166030.716882137581706, 2712264.044035061262548 ], [ 10166026.770909333601594, 2712275.822411914356053 ], [ 10166022.25014322809875, 2712291.972613205667585 ], [ 10166016.188570041209459, 2712306.94848781498149 ], [ 10166012.098717775195837, 2712326.550559366121888 ], [ 10166011.437091415748, 2712341.967749075498432 ], [ 10166011.450183168053627, 2712345.189618459437042 ], [ 10166009.485836515203118, 2712353.219372978433967 ], [ 10166006.276535181328654, 2712365.392006371635944 ], [ 10165999.117708016186953, 2712383.075790001545101 ], [ 10165995.922036683186889, 2712395.910437472164631 ], [ 10165993.868306938558817, 2712417.07108850358054 ], [ 10165992.851318342611194, 2712420.617203438188881 ], [ 10165991.400013534352183, 2712422.587199197150767 ], [ 10165990.265346232801676, 2712424.169718464370817 ], [ 10165988.919793060049415, 2712425.157258746214211 ], [ 10165986.752461083233356, 2712426.424043124075979 ], [ 10165981.199643773958087, 2712434.303042506333441 ], [ 10165972.241505242884159, 2712449.312993143685162 ], [ 10165961.371836995705962, 2712469.163684619124979 ], [ 10165956.485531153157353, 2712476.355859263800085 ], [ 10165943.705943036824465, 2712493.312459100969136 ], [ 10165937.68271185643971, 2712504.249841457698494 ], [ 10165932.08962682262063, 2712513.033844843972474 ], [ 10165923.272874375805259, 2712530.470729622989893 ], [ 10165916.799480732530355, 2712544.058189903851599 ], [ 10165912.35952433757484, 2712558.531069986056536 ], [ 10165911.448295369744301, 2712561.105776632204652 ], [ 10165906.442739926278591, 2712571.376979498658329 ], [ 10165897.365606870502234, 2712589.565317920409143 ], [ 10165889.130022926256061, 2712604.219300174154341 ], [ 10165887.298197699710727, 2712607.062581195496023 ], [ 10165882.872923443093896, 2712611.615753176156431 ], [ 10165878.088453540578485, 2712619.601998210884631 ], [ 10165869.919860064983368, 2712634.553655735682696 ], [ 10165861.857174457982183, 2712651.281377559527755 ], [ 10165861.592592876404524, 2712653.687899312004447 ], [ 10165862.040095292031765, 2712655.815690074115992 ], [ 10165868.397539934143424, 2712670.498253967612982 ], [ 10165868.784281732514501, 2712673.884174761362374 ], [ 10165868.797343941405416, 2712677.106109983287752 ], [ 10165868.06053383462131, 2712682.118657250888646 ], [ 10165863.953449487686157, 2712697.528207307681441 ], [ 10165863.79569773748517, 2712699.217103834729642 ], [ 10165864.074200490489602, 2712700.253172729164362 ], [ 10165869.713980987668037, 2712711.120904129929841 ], [ 10165870.261771768331528, 2712713.623420993797481 ], [ 10165870.380772136151791, 2712715.918040547054261 ], [ 10165870.398166708648205, 2712720.221339293755591 ], [ 10165869.485823888331652, 2712722.520199744962156 ], [ 10165867.546914687380195, 2712726.014953698497266 ], [ 10165854.131005672737956, 2712743.062604691367596 ], [ 10165843.827710932120681, 2712756.533459858968854 ], [ 10165838.612054834142327, 2712766.430460064671934 ], [ 10165832.575203012675047, 2712782.190038113389164 ], [ 10165829.409056603908539, 2712788.812529675196856 ], [ 10165826.662176590412855, 2712793.292633106466383 ], [ 10165824.058316096663475, 2712795.15704208984971 ], [ 10165812.518495230004191, 2712801.328279697336257 ], [ 10165796.217541825026274, 2712813.135415163822472 ], [ 10165784.977421278133988, 2712820.166087433695793 ], [ 10165778.985585812479258, 2712825.35461849719286 ], [ 10165766.121969157829881, 2712835.205665329005569 ], [ 10165756.979257099330425, 2712848.097997537348419 ], [ 10165743.569105861708522, 2712869.338686052244157 ], [ 10165726.364960242062807, 2712893.905218662694097 ], [ 10165718.514769431203604, 2712903.548202355392277 ], [ 10165702.439254635944963, 2712922.317099942360073 ], [ 10165696.585083965212107, 2712926.291276104282588 ], [ 10165691.884915633127093, 2712928.020801695529372 ], [ 10165676.770190268754959, 2712932.021746890619397 ], [ 10165665.603376913815737, 2712940.938951505813748 ], [ 10165646.024288702756166, 2712961.620044755283743 ], [ 10165630.623835239559412, 2712979.12822285015136 ], [ 10165620.93343498185277, 2712986.858740857802331 ], [ 10165619.247031167149544, 2712987.682138147298247 ], [ 10165617.622029116377234, 2712987.412926945835352 ], [ 10165608.32472918368876, 2712983.776334097608924 ], [ 10165589.852686068043113, 2712974.240648040082306 ], [ 10165574.766796503216028, 2712969.071791919879615 ], [ 10165569.036549795418978, 2712968.410979326348752 ], [ 10165560.615850200876594, 2712969.923900421243161 ], [ 10165523.356430826708674, 2712973.341780424118042 ], [ 10165501.823378356173635, 2712988.403105009812862 ], [ 10165431.291626162827015, 2713042.703508419916034 ], [ 10165371.530480317771435, 2713087.845577055588365 ], [ 10165325.190748637542129, 2713122.637840053997934 ], [ 10165282.8750303350389, 2713156.762718745041639 ], [ 10165245.2557537201792, 2713185.505710457917303 ], [ 10165209.338853783905506, 2713211.946581104304641 ], [ 10165193.082734705880284, 2713224.205625283997506 ], [ 10165206.654778268188238, 2713237.656969588249922 ], [ 10165208.493450747802854, 2713263.878777750767767 ], [ 10165211.21468204818666, 2713283.067975894547999 ], [ 10165224.417479105293751, 2713297.458831523545086 ], [ 10165249.118459789082408, 2713322.517738407012075 ], [ 10165262.308149367570877, 2713339.093508884310722 ], [ 10165289.178542908281088, 2713371.536842190194875 ], [ 10165310.625911399722099, 2713400.592468084767461 ], [ 10165323.735692629590631, 2713410.900890985503793 ], [ 10165360.2062709890306, 2713440.314882452599704 ], [ 10165382.529937840998173, 2713458.012244831770658 ], [ 10165384.167042769491673, 2713458.54631149629131 ], [ 10165397.591119473800063, 2713456.924874826334417 ], [ 10165419.013305181637406, 2713441.400253223255277 ], [ 10165431.438707863911986, 2713434.276474131271243 ], [ 10165449.833449522033334, 2713421.743517770897597 ], [ 10165464.940781403332949, 2713410.316358068957925 ], [ 10165481.006477249786258, 2713399.823218577541411 ], [ 10165501.9591362811625, 2713384.90734700858593 ], [ 10165517.635132502764463, 2713373.014390625059605 ], [ 10165538.825056916102767, 2713359.818943029735237 ], [ 10165582.059812614694238, 2713330.478240064810961 ], [ 10165620.311756156384945, 2713303.585445167962462 ], [ 10165645.921714393422008, 2713284.512503199279308 ], [ 10165657.62529157474637, 2713278.031586294062436 ], [ 10165694.162859030067921, 2713253.264284431468695 ], [ 10165697.041343761608005, 2713251.4539266792126 ], [ 10165703.096113780513406, 2713248.21813750686124 ], [ 10165704.423754489049315, 2713248.212718764320016 ], [ 10165718.248913360759616, 2713261.728851397987455 ], [ 10165742.406088657677174, 2713287.804357070475817 ], [ 10165742.71966128051281, 2713289.369982773438096 ], [ 10165742.728813758119941, 2713291.643071210943162 ], [ 10165741.301853343844414, 2713324.123875204008073 ], [ 10165737.854891531169415, 2713375.371938457712531 ], [ 10165735.367745660245419, 2713414.323540831916034 ], [ 10165734.90166394226253, 2713434.772803948726505 ], [ 10165731.248957606032491, 2713475.836973011959344 ], [ 10165729.088588051497936, 2713519.642811031546444 ], [ 10165727.461081501096487, 2713545.945358883123845 ], [ 10165725.462653396651149, 2713551.04056366160512 ], [ 10165729.919040782377124, 2713575.861755265854299 ], [ 10165735.403880467638373, 2713599.939437231048942 ], [ 10165742.505897011607885, 2713622.322235408239067 ], [ 10165752.608695462346077, 2713670.448218811769038 ], [ 10165758.6937639079988, 2713693.69596609659493 ], [ 10165768.427067397162318, 2713742.684393387753516 ], [ 10165774.264654671773314, 2713761.695830747485161 ], [ 10165784.305697409436107, 2713775.481605384033173 ], [ 10165812.684897642582655, 2713808.845750989858061 ], [ 10165846.996653819456697, 2713846.66587001690641 ], [ 10165861.703486703336239, 2713863.687928182072937 ], [ 10165889.547642359510064, 2713897.628109234385192 ], [ 10165908.632304230704904, 2713919.951162689365447 ], [ 10165939.575681516900659, 2713955.037398000247777 ], [ 10165955.768820995464921, 2713973.234166767448187 ], [ 10165957.254276817664504, 2713974.243293122854084 ], [ 10165957.957023527473211, 2713974.36179257184267 ], [ 10165958.648832539096475, 2713974.480352506041527 ], [ 10165961.13203683309257, 2713972.58317362703383 ], [ 10165965.563823247328401, 2713972.256049180403352 ], [ 10166014.423737604171038, 2713963.349079705309123 ], [ 10166058.066529843956232, 2713955.953123194165528 ], [ 10166107.202949495986104, 2713947.607547372579575 ], [ 10166155.343186130747199, 2713866.942156432662159 ], [ 10166223.655641095712781, 2713749.591055511496961 ], [ 10166300.225585885345936, 2713620.476431800518185 ], [ 10166365.065786235034466, 2713507.841564587783068 ], [ 10166431.208924530074, 2713394.74944776436314 ], [ 10166453.522134654223919, 2713353.144749715458602 ], [ 10166446.097170289605856, 2713340.584897607564926 ], [ 10166448.93702906370163, 2713323.954869804438204 ], [ 10166452.816234786063433, 2713293.141167852561921 ], [ 10166454.023034602403641, 2713274.277974773198366 ], [ 10166456.109837289899588, 2713266.699603623710573 ] ] ] ] } }
]
}
