{
"type": "FeatureCollection",
"name": "ct_summary",
"crs": { "type": "name", "properties": { "name": "urn:ogc:def:crs:EPSG::3857" } },
"xy_coordinate_resolution": 1e-15,
"features": [
{ "type": "Feature", "properties": { "Sl_no": 1, "Project_partner": "Policy Advocacy and Reasearch Centre (PARC)", "State": "Tripura", "Location": "Rowa", "CT_no": "P5", "Altitude": "60", "Grid_no": "1", "CT_loc_ID": "ROWA CT1", "PA_name": "Rowa", "Range": "Panisagar", "Beat": "Rowa", "Nearest_village": "Panisagar", "Date_of_Deployment": "31-01-2024", "Habitat_type": "-" }, "geometry": { "type": "Point", "coordinates": [ 10260046.626094924286008, 2789046.407819963991642 ] } },
{ "type": "Feature", "properties": { "Sl_no": 2, "Project_partner": "Policy Advocacy and Reasearch Centre (PARC)", "State": "Tripura", "Location": "Rowa", "CT_no": "P3", "Altitude": "60", "Grid_no": "2", "CT_loc_ID": "ROWA CT1", "PA_name": "Rowa", "Range": "Panisagar", "Beat": "Rowa", "Nearest_village": "Panisagar", "Date_of_Deployment": "31-01-2024", "Habitat_type": "-" }, "geometry": { "type": "Point", "coordinates": [ 10260046.626094924286008, 2789046.407819963991642 ] } },
{ "type": "Feature", "properties": { "Sl_no": 3, "Project_partner": "Policy Advocacy and Reasearch Centre (PARC)", "State": "Tripura", "Location": "Rowa", "CT_no": "P13", "Altitude": "49", "Grid_no": "3", "CT_loc_ID": "ROWA CT2", "PA_name": "Rowa", "Range": "Panisagar", "Beat": "Rowa", "Nearest_village": "Panisagar", "Date_of_Deployment": "31-01-2024", "Habitat_type": "-" }, "geometry": { "type": "Point", "coordinates": [ 10259606.914106292650104, 2789138.007984213065356 ] } },
{ "type": "Feature", "properties": { "Sl_no": 4, "Project_partner": "Policy Advocacy and Reasearch Centre (PARC)", "State": "Tripura", "Location": "Rowa", "CT_no": "P16", "Altitude": "49", "Grid_no": "4", "CT_loc_ID": "ROWA CT2", "PA_name": "Rowa", "Range": "Panisagar", "Beat": "Rowa", "Nearest_village": "Panisagar", "Date_of_Deployment": "31-01-2024", "Habitat_type": "-" }, "geometry": { "type": "Point", "coordinates": [ 10259606.914106292650104, 2789138.007984213065356 ] } },
{ "type": "Feature", "properties": { "Sl_no": 5, "Project_partner": "Policy Advocacy and Reasearch Centre (PARC)", "State": "Tripura", "Location": "Rowa", "CT_no": "P21", "Altitude": "60", "Grid_no": "5", "CT_loc_ID": "ROWA CT3", "PA_name": "Rowa", "Range": "Panisagar", "Beat": "Rowa", "Nearest_village": "Panisagar", "Date_of_Deployment": "31-01-2024", "Habitat_type": "-" }, "geometry": { "type": "Point", "coordinates": [ 10259591.997294524684548, 2789327.316705391742289 ] } },
{ "type": "Feature", "properties": { "Sl_no": 6, "Project_partner": "Policy Advocacy and Reasearch Centre (PARC)", "State": "Tripura", "Location": "Rowa", "CT_no": "P2", "Altitude": "60", "Grid_no": "6", "CT_loc_ID": "ROWA CT3", "PA_name": "Rowa", "Range": "Panisagar", "Beat": "Rowa", "Nearest_village": "Panisagar", "Date_of_Deployment": "31-01-2024", "Habitat_type": "-" }, "geometry": { "type": "Point", "coordinates": [ 10259591.997294524684548, 2789327.316705391742289 ] } },
{ "type": "Feature", "properties": { "Sl_no": 7, "Project_partner": "Policy Advocacy and Reasearch Centre (PARC)", "State": "Tripura", "Location": "Rowa", "CT_no": "P19", "Altitude": "63", "Grid_no": "7", "CT_loc_ID": "ROWA CT4", "PA_name": "Rowa", "Range": "Panisagar", "Beat": "Rowa", "Nearest_village": "Panisagar", "Date_of_Deployment": "31-01-2024", "Habitat_type": "-" }, "geometry": { "type": "Point", "coordinates": [ 10260454.723348174244165, 2788989.493857172317803 ] } },
{ "type": "Feature", "properties": { "Sl_no": 8, "Project_partner": "Policy Advocacy and Reasearch Centre (PARC)", "State": "Tripura", "Location": "Rowa", "CT_no": "P12", "Altitude": "63", "Grid_no": "8", "CT_loc_ID": "ROWA CT4", "PA_name": "Rowa", "Range": "Panisagar", "Beat": "Rowa", "Nearest_village": "Panisagar", "Date_of_Deployment": "31-01-2024", "Habitat_type": "-" }, "geometry": { "type": "Point", "coordinates": [ 10260454.723348174244165, 2788989.493857172317803 ] } },
{ "type": "Feature", "properties": { "Sl_no": 9, "Project_partner": "Policy Advocacy and Reasearch Centre (PARC)", "State": "Tripura", "Location": "Sepahijala", "CT_no": "P3", "Altitude": "6m", "Grid_no": "9", "CT_loc_ID": "SEPCT1", "PA_name": "Sepahijala", "Range": "Sepahijala", "Beat": "Sepahijala", "Nearest_village": "Sepahijala", "Date_of_Deployment": "12-02-2024", "Habitat_type": "-" }, "geometry": { "type": "Point", "coordinates": [ 10162934.28531414270401, 2712150.518684244714677 ] } },
{ "type": "Feature", "properties": { "Sl_no": 10, "Project_partner": "Policy Advocacy and Reasearch Centre (PARC)", "State": "Tripura", "Location": "Sepahijala", "CT_no": "P21", "Altitude": "6m", "Grid_no": "10", "CT_loc_ID": "SEPCT1", "PA_name": "Sepahijala", "Range": "Sepahijala", "Beat": "Sepahijala", "Nearest_village": "Sepahijala", "Date_of_Deployment": "12-02-2024", "Habitat_type": "-" }, "geometry": { "type": "Point", "coordinates": [ 10162934.28531414270401, 2712150.518684244714677 ] } },
{ "type": "Feature", "properties": { "Sl_no": 11, "Project_partner": "Policy Advocacy and Reasearch Centre (PARC)", "State": "Tripura", "Location": "Sepahijala", "CT_no": "THT37", "Altitude": "17", "Grid_no": "11", "CT_loc_ID": "SEPCT2", "PA_name": "Sepahijala", "Range": "Sepahijala", "Beat": "Sepahijala", "Nearest_village": "Sepahijala", "Date_of_Deployment": "12-02-2024", "Habitat_type": "-" }, "geometry": { "type": "Point", "coordinates": [ 10162967.903800362721086, 2712133.625147575046867 ] } },
{ "type": "Feature", "properties": { "Sl_no": 12, "Project_partner": "Policy Advocacy and Reasearch Centre (PARC)", "State": "Tripura", "Location": "Sepahijala", "CT_no": "THT39", "Altitude": "17", "Grid_no": "12", "CT_loc_ID": "SEPCT2", "PA_name": "Sepahijala", "Range": "Sepahijala", "Beat": "Sepahijala", "Nearest_village": "Sepahijala", "Date_of_Deployment": "12-02-2024", "Habitat_type": "-" }, "geometry": { "type": "Point", "coordinates": [ 10162967.903800362721086, 2712133.625147575046867 ] } },
{ "type": "Feature", "properties": { "Sl_no": 13, "Project_partner": "Policy Advocacy and Reasearch Centre (PARC)", "State": "Tripura", "Location": "Sepahijala", "CT_no": "P16", "Altitude": "36", "Grid_no": "13", "CT_loc_ID": "SEPCT3", "PA_name": "Sepahijala", "Range": "Sepahijala", "Beat": "Sepahijala", "Nearest_village": "Sepahijala", "Date_of_Deployment": "12-02-2024", "Habitat_type": "-" }, "geometry": { "type": "Point", "coordinates": [ 10164412.274193406105042, 2712603.612468268722296 ] } },
{ "type": "Feature", "properties": { "Sl_no": 14, "Project_partner": "Policy Advocacy and Reasearch Centre (PARC)", "State": "Tripura", "Location": "Sepahijala", "CT_no": "P13", "Altitude": "36", "Grid_no": "14", "CT_loc_ID": "SEPCT3", "PA_name": "Sepahijala", "Range": "Sepahijala", "Beat": "Sepahijala", "Nearest_village": "Sepahijala", "Date_of_Deployment": "12-02-2024", "Habitat_type": "-" }, "geometry": { "type": "Point", "coordinates": [ 10164412.274193406105042, 2712603.612468268722296 ] } },
{ "type": "Feature", "properties": { "Sl_no": 15, "Project_partner": "Policy Advocacy and Reasearch Centre (PARC)", "State": "Tripura", "Location": "Sepahijala", "CT_no": "P19", "Altitude": "41", "Grid_no": "15", "CT_loc_ID": "SEPCT4", "PA_name": "Sepahijala", "Range": "Sepahijala", "Beat": "Sepahijala", "Nearest_village": "Sepahijala", "Date_of_Deployment": "12-02-2024", "Habitat_type": "-" }, "geometry": { "type": "Point", "coordinates": [ 10166094.534338273108006, 2714240.715904726646841 ] } },
{ "type": "Feature", "properties": { "Sl_no": 16, "Project_partner": "Policy Advocacy and Reasearch Centre (PARC)", "State": "Tripura", "Location": "Sepahijala", "CT_no": "P12", "Altitude": "41", "Grid_no": "16", "CT_loc_ID": "SEPCT4", "PA_name": "Sepahijala", "Range": "Sepahijala", "Beat": "Sepahijala", "Nearest_village": "Sepahijala", "Date_of_Deployment": "12-02-2024", "Habitat_type": "-" }, "geometry": { "type": "Point", "coordinates": [ 10166094.534338273108006, 2714240.715904726646841 ] } },
{ "type": "Feature", "properties": { "Sl_no": 17, "Project_partner": "Policy Advocacy and Reasearch Centre (PARC)", "State": "Tripura", "Location": "Sepahijala", "CT_no": "THT33", "Altitude": "26", "Grid_no": "17", "CT_loc_ID": "SEPCT5", "PA_name": "Sepahijala", "Range": "Sepahijala", "Beat": "Sepahijala", "Nearest_village": "Sepahijala", "Date_of_Deployment": "12-02-2024", "Habitat_type": "-" }, "geometry": { "type": "Point", "coordinates": [ 10163974.120677642524242, 2712512.822523267939687 ] } },
{ "type": "Feature", "properties": { "Sl_no": 18, "Project_partner": "Policy Advocacy and Reasearch Centre (PARC)", "State": "Tripura", "Location": "Sepahijala", "CT_no": "THT31", "Altitude": "22", "Grid_no": "18", "CT_loc_ID": "SEPCT6", "PA_name": "Sepahijala", "Range": "Sepahijala", "Beat": "Sepahijala", "Nearest_village": "Sepahijala", "Date_of_Deployment": "13-02-2024", "Habitat_type": "-" }, "geometry": { "type": "Point", "coordinates": [ 10164506.005204651504755, 2712373.296282902359962 ] } },
{ "type": "Feature", "properties": { "Sl_no": 19, "Project_partner": "Policy Advocacy and Reasearch Centre (PARC)", "State": "Tripura", "Location": "Sepahijala", "CT_no": "P2", "Altitude": "22", "Grid_no": "19", "CT_loc_ID": "SEPCT6", "PA_name": "Sepahijala", "Range": "Sepahijala", "Beat": "Sepahijala", "Nearest_village": "Sepahijala", "Date_of_Deployment": "13-02-2024", "Habitat_type": "-" }, "geometry": { "type": "Point", "coordinates": [ 10164506.005204651504755, 2712373.296282902359962 ] } },
{ "type": "Feature", "properties": { "Sl_no": 20, "Project_partner": "Policy Advocacy and Reasearch Centre (PARC)", "State": "Tripura", "Location": "Sepahijala", "CT_no": "P22", "Altitude": "37", "Grid_no": "20", "CT_loc_ID": "SEPCT7", "PA_name": "Sepahijala", "Range": "Sepahijala", "Beat": "Sepahijala", "Nearest_village": "Betkuchi", "Date_of_Deployment": "13-02-2024", "Habitat_type": "-" }, "geometry": { "type": "Point", "coordinates": [ 10166639.66588468849659, 2712039.070288246963173 ] } },
{ "type": "Feature", "properties": { "Sl_no": 21, "Project_partner": "Policy Advocacy and Reasearch Centre (PARC)", "State": "Tripura", "Location": "Sepahijala", "CT_no": "P7", "Altitude": "37", "Grid_no": "21", "CT_loc_ID": "SEPCT7", "PA_name": "Sepahijala", "Range": "Sepahijala", "Beat": "Sepahijala", "Nearest_village": "Betkuchi", "Date_of_Deployment": "13-02-2024", "Habitat_type": "-" }, "geometry": { "type": "Point", "coordinates": [ 10166639.66588468849659, 2712039.070288246963173 ] } },
{ "type": "Feature", "properties": { "Sl_no": 22, "Project_partner": "Policy Advocacy and Reasearch Centre (PARC)", "State": "Tripura", "Location": "Sepahijala", "CT_no": "P6", "Altitude": "23", "Grid_no": "22", "CT_loc_ID": "SEPCT8", "PA_name": "Sepahijala", "Range": "Sepahijala", "Beat": "Sepahijala", "Nearest_village": "Sepahijala", "Date_of_Deployment": "13-02-2024", "Habitat_type": "-" }, "geometry": { "type": "Point", "coordinates": [ 10164084.215654037892818, 2712206.182406957261264 ] } },
{ "type": "Feature", "properties": { "Sl_no": 23, "Project_partner": "Policy Advocacy and Reasearch Centre (PARC)", "State": "Tripura", "Location": "Sepahijala", "CT_no": "P5", "Altitude": "23", "Grid_no": "23", "CT_loc_ID": "SEPCT8", "PA_name": "Sepahijala", "Range": "Sepahijala", "Beat": "Sepahijala", "Nearest_village": "Sepahijala", "Date_of_Deployment": "13-02-2024", "Habitat_type": "-" }, "geometry": { "type": "Point", "coordinates": [ 10164084.215654037892818, 2712206.182406957261264 ] } },
{ "type": "Feature", "properties": { "Sl_no": 24, "Project_partner": "Policy Advocacy and Reasearch Centre (PARC)", "State": "Tripura", "Location": "Rajnagar", "CT_no": "THT17", "Altitude": "60", "Grid_no": "24", "CT_loc_ID": "TRSHCT01", "PA_name": "Trishna WLS", "Range": "Rangamura", "Beat": "Rajnagar", "Nearest_village": "Kashari", "Date_of_Deployment": "21-02-2024", "Habitat_type": "-" }, "geometry": { "type": "Point", "coordinates": [ 10171398.574116099625826, 2667246.245177831500769 ] } },
{ "type": "Feature", "properties": { "Sl_no": 25, "Project_partner": "Policy Advocacy and Reasearch Centre (PARC)", "State": "Tripura", "Location": "Rajnagar", "CT_no": "THT24", "Altitude": "60", "Grid_no": "25", "CT_loc_ID": "TRSHCT01", "PA_name": "Trishna WLS", "Range": "Rangamura", "Beat": "Rajnagar", "Nearest_village": "Kashari", "Date_of_Deployment": "21-02-2024", "Habitat_type": "-" }, "geometry": { "type": "Point", "coordinates": [ 10171398.574116099625826, 2667246.245177831500769 ] } },
{ "type": "Feature", "properties": { "Sl_no": 26, "Project_partner": "Policy Advocacy and Reasearch Centre (PARC)", "State": "Tripura", "Location": "Rajnagar", "CT_no": "THT28", "Altitude": "44", "Grid_no": "26", "CT_loc_ID": "TRSHCT02", "PA_name": "Trishna WLS", "Range": "Rangamura", "Beat": "Rajnagar", "Nearest_village": "Durgapur", "Date_of_Deployment": "21-02-2024", "Habitat_type": "-" }, "geometry": { "type": "Point", "coordinates": [ 10171686.446319291368127, 2664653.588119719177485 ] } },
{ "type": "Feature", "properties": { "Sl_no": 27, "Project_partner": "Policy Advocacy and Reasearch Centre (PARC)", "State": "Tripura", "Location": "Rajnagar", "CT_no": "THT23", "Altitude": "44", "Grid_no": "27", "CT_loc_ID": "TRSHCT02", "PA_name": "Trishna WLS", "Range": "Rangamura", "Beat": "Rajnagar", "Nearest_village": "Durgapur", "Date_of_Deployment": "21-02-2024", "Habitat_type": "-" }, "geometry": { "type": "Point", "coordinates": [ 10171686.446319291368127, 2664653.588119719177485 ] } },
{ "type": "Feature", "properties": { "Sl_no": 28, "Project_partner": "Policy Advocacy and Reasearch Centre (PARC)", "State": "Tripura", "Location": "Rajnagar", "CT_no": "THT26", "Altitude": "52", "Grid_no": "28", "CT_loc_ID": "TRSHCT03", "PA_name": "Trishna WLS", "Range": "Rangamura", "Beat": "Rajnagar", "Nearest_village": "Prakashnagar", "Date_of_Deployment": "22-02-2024", "Habitat_type": "-" }, "geometry": { "type": "Point", "coordinates": [ 10170868.248061960563064, 2661783.294426783453673 ] } },
{ "type": "Feature", "properties": { "Sl_no": 29, "Project_partner": "Policy Advocacy and Reasearch Centre (PARC)", "State": "Tripura", "Location": "Rajnagar", "CT_no": "THT15", "Altitude": "52", "Grid_no": "29", "CT_loc_ID": "TRSHCT03", "PA_name": "Trishna WLS", "Range": "Rangamura", "Beat": "Rajnagar", "Nearest_village": "Prakashnagar", "Date_of_Deployment": "22-02-2024", "Habitat_type": "-" }, "geometry": { "type": "Point", "coordinates": [ 10170868.248061960563064, 2661783.294426783453673 ] } },
{ "type": "Feature", "properties": { "Sl_no": 30, "Project_partner": "Policy Advocacy and Reasearch Centre (PARC)", "State": "Tripura", "Location": "Nidaya", "CT_no": "P22", "Altitude": "61", "Grid_no": "30", "CT_loc_ID": "TRSHCT04", "PA_name": "Trishna WLS", "Range": "Rangamura", "Beat": "Nidaya", "Nearest_village": "Kurulla", "Date_of_Deployment": "25-02-2024", "Habitat_type": "-" }, "geometry": { "type": "Point", "coordinates": [ 10170640.377064308151603, 2670073.145226804539561 ] } },
{ "type": "Feature", "properties": { "Sl_no": 31, "Project_partner": "Policy Advocacy and Reasearch Centre (PARC)", "State": "Tripura", "Location": "Nidaya", "CT_no": "P8", "Altitude": "61", "Grid_no": "31", "CT_loc_ID": "TRSHCT04", "PA_name": "Trishna WLS", "Range": "Rangamura", "Beat": "Nidaya", "Nearest_village": "Kurulla", "Date_of_Deployment": "25-02-2024", "Habitat_type": "-" }, "geometry": { "type": "Point", "coordinates": [ 10170640.377064308151603, 2670073.145226804539561 ] } },
{ "type": "Feature", "properties": { "Sl_no": 32, "Project_partner": "Policy Advocacy and Reasearch Centre (PARC)", "State": "Tripura", "Location": "Nidaya", "CT_no": "P18", "Altitude": "51", "Grid_no": "32", "CT_loc_ID": "TRSHCT05", "PA_name": "Trishna WLS", "Range": "Rangamura", "Beat": "Nidaya", "Nearest_village": "Mundabasti", "Date_of_Deployment": "21-02-2024", "Habitat_type": "-" }, "geometry": { "type": "Point", "coordinates": [ 10169279.718928340822458, 2669850.834480681922287 ] } },
{ "type": "Feature", "properties": { "Sl_no": 33, "Project_partner": "Policy Advocacy and Reasearch Centre (PARC)", "State": "Tripura", "Location": "Nidaya", "CT_no": "P20", "Altitude": "51", "Grid_no": "33", "CT_loc_ID": "TRSHCT05", "PA_name": "Trishna WLS", "Range": "Rangamura", "Beat": "Nidaya", "Nearest_village": "Mundabasti", "Date_of_Deployment": "21-02-2024", "Habitat_type": "-" }, "geometry": { "type": "Point", "coordinates": [ 10169279.718928340822458, 2669850.834480681922287 ] } },
{ "type": "Feature", "properties": { "Sl_no": 34, "Project_partner": "Policy Advocacy and Reasearch Centre (PARC)", "State": "Tripura", "Location": "-", "CT_no": "THT18", "Altitude": "38", "Grid_no": "34", "CT_loc_ID": "TRSHCT06", "PA_name": "Trishna WLS", "Range": "-", "Beat": "-", "Nearest_village": "Sabmara", "Date_of_Deployment": "21-02-2024", "Habitat_type": "-" }, "geometry": { "type": "Point", "coordinates": [ 10169679.244580799713731, 2665870.730204062070698 ] } },
{ "type": "Feature", "properties": { "Sl_no": 35, "Project_partner": "Policy Advocacy and Reasearch Centre (PARC)", "State": "Tripura", "Location": "-", "CT_no": "THT29", "Altitude": "38", "Grid_no": "35", "CT_loc_ID": "TRSHCT06", "PA_name": "Trishna WLS", "Range": "-", "Beat": "-", "Nearest_village": "Sabmara", "Date_of_Deployment": "21-02-2024", "Habitat_type": "-" }, "geometry": { "type": "Point", "coordinates": [ 10169679.244580799713731, 2665870.730204062070698 ] } },
{ "type": "Feature", "properties": { "Sl_no": 36, "Project_partner": "Policy Advocacy and Reasearch Centre (PARC)", "State": "Tripura", "Location": "-", "CT_no": "THT22", "Altitude": "59", "Grid_no": "36", "CT_loc_ID": "TRSHCT07", "PA_name": "Trishna WLS", "Range": "-", "Beat": "-", "Nearest_village": "Manortila", "Date_of_Deployment": "22-02-2024", "Habitat_type": "-" }, "geometry": { "type": "Point", "coordinates": [ 10169729.338351655751467, 2667807.876816720701754 ] } },
{ "type": "Feature", "properties": { "Sl_no": 37, "Project_partner": "Policy Advocacy and Reasearch Centre (PARC)", "State": "Tripura", "Location": "-", "CT_no": "THT27", "Altitude": "59", "Grid_no": "37", "CT_loc_ID": "TRSHCT07", "PA_name": "Trishna WLS", "Range": "-", "Beat": "-", "Nearest_village": "Manortila", "Date_of_Deployment": "22-02-2024", "Habitat_type": "-" }, "geometry": { "type": "Point", "coordinates": [ 10169729.338351655751467, 2667807.876816720701754 ] } },
{ "type": "Feature", "properties": { "Sl_no": 38, "Project_partner": "Policy Advocacy and Reasearch Centre (PARC)", "State": "Tripura", "Location": "-", "CT_no": "THT25", "Altitude": "48", "Grid_no": "38", "CT_loc_ID": "TRSHCT08", "PA_name": "Trishna WLS", "Range": "-", "Beat": "-", "Nearest_village": "Manortila", "Date_of_Deployment": "22-02-2024", "Habitat_type": "-" }, "geometry": { "type": "Point", "coordinates": [ 10170764.609616031870246, 2667632.137580979149789 ] } },
{ "type": "Feature", "properties": { "Sl_no": 39, "Project_partner": "Policy Advocacy and Reasearch Centre (PARC)", "State": "Tripura", "Location": "-", "CT_no": "THT14", "Altitude": "48", "Grid_no": "39", "CT_loc_ID": "TRSHCT08", "PA_name": "Trishna WLS", "Range": "-", "Beat": "-", "Nearest_village": "Manortila", "Date_of_Deployment": "22-02-2024", "Habitat_type": "-" }, "geometry": { "type": "Point", "coordinates": [ 10170764.609616031870246, 2667632.137580979149789 ] } },
{ "type": "Feature", "properties": { "Sl_no": 40, "Project_partner": "Policy Advocacy and Reasearch Centre (PARC)", "State": "Tripura", "Location": "-", "CT_no": "THT13", "Altitude": "58", "Grid_no": "40", "CT_loc_ID": "TRSHCT09", "PA_name": "Trishna WLS", "Range": "-", "Beat": "-", "Nearest_village": "Manortila", "Date_of_Deployment": "22-02-2024", "Habitat_type": "-" }, "geometry": { "type": "Point", "coordinates": [ 10170727.540225598961115, 2668757.265406555496156 ] } },
{ "type": "Feature", "properties": { "Sl_no": 41, "Project_partner": "Policy Advocacy and Reasearch Centre (PARC)", "State": "Tripura", "Location": "-", "CT_no": "THT11", "Altitude": "58", "Grid_no": "41", "CT_loc_ID": "TRSHCT09", "PA_name": "Trishna WLS", "Range": "-", "Beat": "-", "Nearest_village": "Manortila", "Date_of_Deployment": "22-02-2024", "Habitat_type": "-" }, "geometry": { "type": "Point", "coordinates": [ 10170727.540225598961115, 2668757.265406555496156 ] } },
{ "type": "Feature", "properties": { "Sl_no": 42, "Project_partner": "Policy Advocacy and Reasearch Centre (PARC)", "State": "Tripura", "Location": "Joychandpur", "CT_no": "THT10", "Altitude": "22", "Grid_no": "42", "CT_loc_ID": "TRSHCT10", "PA_name": "Trishna WLS", "Range": "Rangamura", "Beat": "Joychandpur", "Nearest_village": "Joychandpur", "Date_of_Deployment": "24-02-2024", "Habitat_type": "-" }, "geometry": { "type": "Point", "coordinates": [ 10174496.37290589697659, 2666046.450253472663462 ] } },
{ "type": "Feature", "properties": { "Sl_no": 43, "Project_partner": "Policy Advocacy and Reasearch Centre (PARC)", "State": "Tripura", "Location": "Joychandpur", "CT_no": "THT39", "Altitude": "22", "Grid_no": "43", "CT_loc_ID": "TRSHCT10", "PA_name": "Trishna WLS", "Range": "Rangamura", "Beat": "Joychandpur", "Nearest_village": "Joychandpur", "Date_of_Deployment": "24-02-2024", "Habitat_type": "-" }, "geometry": { "type": "Point", "coordinates": [ 10174496.37290589697659, 2666046.450253472663462 ] } },
{ "type": "Feature", "properties": { "Sl_no": 44, "Project_partner": "Policy Advocacy and Reasearch Centre (PARC)", "State": "Tripura", "Location": "Loharjum", "CT_no": "-", "Altitude": "-", "Grid_no": "44", "CT_loc_ID": "TRSHCT11", "PA_name": "Trishna WLS", "Range": "Rajnagar", "Beat": "Loharjum", "Nearest_village": "Loharjum", "Date_of_Deployment": "21-02-2024", "Habitat_type": "-" }, "geometry": { "type": "Point", "coordinates": [ 10170561.674184316769242, 2660124.647624329198152 ] } },
{ "type": "Feature", "properties": { "Sl_no": 45, "Project_partner": "Policy Advocacy and Reasearch Centre (PARC)", "State": "Tripura", "Location": "Loharjum", "CT_no": "-", "Altitude": "-", "Grid_no": "45", "CT_loc_ID": "TRSHCT11", "PA_name": "Trishna WLS", "Range": "Rajnagar", "Beat": "Loharjum", "Nearest_village": "Loharjum", "Date_of_Deployment": "21-02-2024", "Habitat_type": "-" }, "geometry": { "type": "Point", "coordinates": [ 10170561.674184316769242, 2660124.647624329198152 ] } },
{ "type": "Feature", "properties": { "Sl_no": 46, "Project_partner": "Policy Advocacy and Reasearch Centre (PARC)", "State": "Tripura", "Location": "Loharjum", "CT_no": "THT32/P3", "Altitude": "-", "Grid_no": "46", "CT_loc_ID": "TRSHCT12", "PA_name": "Trishna WLS", "Range": "Rajnagar", "Beat": "Loharjum", "Nearest_village": "Loharjum", "Date_of_Deployment": "21-02-2024", "Habitat_type": "-" }, "geometry": { "type": "Point", "coordinates": [ 10170148.678873473778367, 2660765.625200750306249 ] } },
{ "type": "Feature", "properties": { "Sl_no": 47, "Project_partner": "Policy Advocacy and Reasearch Centre (PARC)", "State": "Tripura", "Location": "Loharjum", "CT_no": "THT12/P7", "Altitude": "-", "Grid_no": "47", "CT_loc_ID": "TRSHCT12", "PA_name": "Trishna WLS", "Range": "Rajnagar", "Beat": "Loharjum", "Nearest_village": "Loharjum", "Date_of_Deployment": "21-02-2024", "Habitat_type": "-" }, "geometry": { "type": "Point", "coordinates": [ 10170148.678873473778367, 2660765.625200750306249 ] } },
{ "type": "Feature", "properties": { "Sl_no": 48, "Project_partner": "Policy Advocacy and Reasearch Centre (PARC)", "State": "Tripura", "Location": "-", "CT_no": "THT21", "Altitude": "-", "Grid_no": "48", "CT_loc_ID": "TRSHCT13", "PA_name": "Trishna WLS", "Range": "Rangamura", "Beat": "-", "Nearest_village": "-", "Date_of_Deployment": "21-02-2024", "Habitat_type": "-" }, "geometry": { "type": "Point", "coordinates": [ 10169808.486509608104825, 2662179.112373902928084 ] } },
{ "type": "Feature", "properties": { "Sl_no": 49, "Project_partner": "Policy Advocacy and Reasearch Centre (PARC)", "State": "Tripura", "Location": "-", "CT_no": "P17", "Altitude": "-", "Grid_no": "49", "CT_loc_ID": "TRSHCT13", "PA_name": "Trishna WLS", "Range": "Rangamura", "Beat": "-", "Nearest_village": "-", "Date_of_Deployment": "21-02-2024", "Habitat_type": "-" }, "geometry": { "type": "Point", "coordinates": [ 10169808.486509608104825, 2662179.112373902928084 ] } },
{ "type": "Feature", "properties": { "Sl_no": 50, "Project_partner": "Policy Advocacy and Reasearch Centre (PARC)", "State": "Tripura", "Location": "Steel Tower", "CT_no": "THT38", "Altitude": "-", "Grid_no": "50", "CT_loc_ID": "TRSHCT14", "PA_name": "Trishna WLS", "Range": "Rangamura", "Beat": "Steel Tower", "Nearest_village": "Steel Tower", "Date_of_Deployment": "21-02-2024", "Habitat_type": "-" }, "geometry": { "type": "Point", "coordinates": [ 10169746.704192219302058, 2664770.76616593496874 ] } },
{ "type": "Feature", "properties": { "Sl_no": 51, "Project_partner": "Policy Advocacy and Reasearch Centre (PARC)", "State": "Tripura", "Location": "Steel Tower", "CT_no": "THT40", "Altitude": "-", "Grid_no": "51", "CT_loc_ID": "TRSHCT14", "PA_name": "Trishna WLS", "Range": "Rangamura", "Beat": "Steel Tower", "Nearest_village": "Steel Tower", "Date_of_Deployment": "21-02-2024", "Habitat_type": "-" }, "geometry": { "type": "Point", "coordinates": [ 10169746.704192219302058, 2664770.76616593496874 ] } },
{ "type": "Feature", "properties": { "Sl_no": 54, "Project_partner": "Policy Advocacy and Reasearch Centre (PARC)", "State": "Tripura", "Location": "Gandachhera", "CT_no": "P21", "Altitude": "120", "Grid_no": "54", "CT_loc_ID": "GUM_GAN_CT1", "PA_name": "Gumti", "Range": "Gandachhera", "Beat": "Gandachhera", "Nearest_village": "Laxmipur", "Date_of_Deployment": "10-03-2024", "Habitat_type": "-" }, "geometry": { "type": "Point", "coordinates": [ 10217954.166277701035142, 2707205.124999010004103 ] } },
{ "type": "Feature", "properties": { "Sl_no": 55, "Project_partner": "Policy Advocacy and Reasearch Centre (PARC)", "State": "Tripura", "Location": "Jagabandhu para", "CT_no": "P7", "Altitude": "153", "Grid_no": "55", "CT_loc_ID": "GUM_JBP_CT1", "PA_name": "Gumti", "Range": "Gandachhera", "Beat": "Jagabandhu para", "Nearest_village": "Dalirai para", "Date_of_Deployment": "10-03-2024", "Habitat_type": "-" }, "geometry": { "type": "Point", "coordinates": [ 10216757.481751672923565, 2713713.309272955171764 ] } },
{ "type": "Feature", "properties": { "Sl_no": 56, "Project_partner": "Policy Advocacy and Reasearch Centre (PARC)", "State": "Tripura", "Location": "Jagabandhu para", "CT_no": "THT19", "Altitude": "153", "Grid_no": "56", "CT_loc_ID": "GUM_JBP_CT1", "PA_name": "Gumti", "Range": "Gandachhera", "Beat": "Jagabandhu para", "Nearest_village": "Dalirai para", "Date_of_Deployment": "10-03-2024", "Habitat_type": "-" }, "geometry": { "type": "Point", "coordinates": [ 10216757.481751672923565, 2713713.309272955171764 ] } },
{ "type": "Feature", "properties": { "Sl_no": 57, "Project_partner": "Policy Advocacy and Reasearch Centre (PARC)", "State": "Tripura", "Location": "Barabari", "CT_no": "P18", "Altitude": "147", "Grid_no": "57", "CT_loc_ID": "GUM_BAR_CT1", "PA_name": "Gumti", "Range": "Gandachhera", "Beat": "Barabari", "Nearest_village": "Shikaripara", "Date_of_Deployment": "10-03-2024", "Habitat_type": "-" }, "geometry": { "type": "Point", "coordinates": [ 10223113.824675969779491, 2714963.968502512667328 ] } },
{ "type": "Feature", "properties": { "Sl_no": 58, "Project_partner": "Policy Advocacy and Reasearch Centre (PARC)", "State": "Tripura", "Location": "Barabari", "CT_no": "THT39", "Altitude": "147", "Grid_no": "58", "CT_loc_ID": "GUM_BAR_CT1", "PA_name": "Gumti", "Range": "Gandachhera", "Beat": "Barabari", "Nearest_village": "Shikaripara", "Date_of_Deployment": "10-03-2024", "Habitat_type": "-" }, "geometry": { "type": "Point", "coordinates": [ 10223141.097951212897897, 2714944.762377507518977 ] } },
{ "type": "Feature", "properties": { "Sl_no": 59, "Project_partner": "Policy Advocacy and Reasearch Centre (PARC)", "State": "Tripura", "Location": "Kalajhari", "CT_no": "P10", "Altitude": "130", "Grid_no": "59", "CT_loc_ID": "GUM_KAL_CT1", "PA_name": "Gumti", "Range": "Gandachhera", "Beat": "Kalajhari", "Nearest_village": "Ajidapara", "Date_of_Deployment": "11-03-2024", "Habitat_type": "-" }, "geometry": { "type": "Point", "coordinates": [ 10216593.619461223483086, 2694925.019901154562831 ] } },
{ "type": "Feature", "properties": { "Sl_no": 60, "Project_partner": "Policy Advocacy and Reasearch Centre (PARC)", "State": "Tripura", "Location": "Kalajhari", "CT_no": "THT26", "Altitude": "130", "Grid_no": "60", "CT_loc_ID": "GUM_KAL_CT1", "PA_name": "Gumti", "Range": "Gandachhera", "Beat": "Kalajhari", "Nearest_village": "Ajidapara", "Date_of_Deployment": "11-03-2024", "Habitat_type": "-" }, "geometry": { "type": "Point", "coordinates": [ 10216593.619461223483086, 2694925.019901154562831 ] } },
{ "type": "Feature", "properties": { "Sl_no": 61, "Project_partner": "Policy Advocacy and Reasearch Centre (PARC)", "State": "Tripura", "Location": "Kalajhari", "CT_no": "P16", "Altitude": "133", "Grid_no": "61", "CT_loc_ID": "GUM_KAL_CT2", "PA_name": "Gumti", "Range": "Gandachhera", "Beat": "Kalajhari", "Nearest_village": "Montila", "Date_of_Deployment": "11-03-2024", "Habitat_type": "-" }, "geometry": { "type": "Point", "coordinates": [ 10214373.463536843657494, 2698938.566758152563125 ] } },
{ "type": "Feature", "properties": { "Sl_no": 62, "Project_partner": "Policy Advocacy and Reasearch Centre (PARC)", "State": "Tripura", "Location": "Dhalajari", "CT_no": "P9", "Altitude": "107", "Grid_no": "62", "CT_loc_ID": "GUM_DAL_CT1", "PA_name": "Gumti", "Range": "Gandachhera", "Beat": "Dhalajari", "Nearest_village": "Montopara", "Date_of_Deployment": "11-03-2024", "Habitat_type": "-" }, "geometry": { "type": "Point", "coordinates": [ 10217177.49019043520093, 2702621.524077015928924 ] } },
{ "type": "Feature", "properties": { "Sl_no": 63, "Project_partner": "Policy Advocacy and Reasearch Centre (PARC)", "State": "Tripura", "Location": "Dhalajari", "CT_no": "THT24", "Altitude": "107", "Grid_no": "63", "CT_loc_ID": "GUM_DAL_CT1", "PA_name": "Gumti", "Range": "Gandachhera", "Beat": "Dhalajari", "Nearest_village": "Montopara", "Date_of_Deployment": "11-03-2024", "Habitat_type": "-" }, "geometry": { "type": "Point", "coordinates": [ 10217177.49019043520093, 2702621.524077015928924 ] } },
{ "type": "Feature", "properties": { "Sl_no": 64, "Project_partner": "Policy Advocacy and Reasearch Centre (PARC)", "State": "Tripura", "Location": "Kalajhari", "CT_no": "THT13", "Altitude": "142", "Grid_no": "64", "CT_loc_ID": "GUM_KAL_CT3", "PA_name": "Gumti", "Range": "Gandachhera", "Beat": "Kalajhari", "Nearest_village": "Saduchandra Reangpara", "Date_of_Deployment": "11-03-2024", "Habitat_type": "-" }, "geometry": { "type": "Point", "coordinates": [ 10215175.520468007773161, 2696936.341945530846715 ] } },
{ "type": "Feature", "properties": { "Sl_no": 65, "Project_partner": "Policy Advocacy and Reasearch Centre (PARC)", "State": "Tripura", "Location": "Kalajhari", "CT_no": "P20", "Altitude": "142", "Grid_no": "65", "CT_loc_ID": "GUM_KAL_CT3", "PA_name": "Gumti", "Range": "Gandachhera", "Beat": "Kalajhari", "Nearest_village": "Ajidapara", "Date_of_Deployment": "11-03-2024", "Habitat_type": "-" }, "geometry": { "type": "Point", "coordinates": [ 10215175.520468007773161, 2696936.341945530846715 ] } },
{ "type": "Feature", "properties": { "Sl_no": 66, "Project_partner": "Policy Advocacy and Reasearch Centre (PARC)", "State": "Tripura", "Location": "karmapara", "CT_no": "P14", "Altitude": "133", "Grid_no": "66", "CT_loc_ID": "GUM_KAR_CT1", "PA_name": "Gumti", "Range": "Ganganagar", "Beat": "karmapara", "Nearest_village": "Paltanpara", "Date_of_Deployment": "12-03-2024", "Habitat_type": "-" }, "geometry": { "type": "Point", "coordinates": [ 10217042.348328612744808, 2725151.840811895672232 ] } },
{ "type": "Feature", "properties": { "Sl_no": 67, "Project_partner": "Policy Advocacy and Reasearch Centre (PARC)", "State": "Tripura", "Location": "karmapara", "CT_no": "THT12", "Altitude": "133", "Grid_no": "67", "CT_loc_ID": "GUM_KAR_CT1", "PA_name": "Gumti", "Range": "Ganganagar", "Beat": "karmapara", "Nearest_village": "Paltanpara", "Date_of_Deployment": "12-03-2024", "Habitat_type": "-" }, "geometry": { "type": "Point", "coordinates": [ 10217042.348328612744808, 2725151.840811895672232 ] } },
{ "type": "Feature", "properties": { "Sl_no": 68, "Project_partner": "Policy Advocacy and Reasearch Centre (PARC)", "State": "Tripura", "Location": "Ganganagar", "CT_no": "P6", "Altitude": "115", "Grid_no": "68", "CT_loc_ID": "GUM_GANG_CT1", "PA_name": "Gumti", "Range": "Ganganagar", "Beat": "Ganganagar", "Nearest_village": "Gumseng", "Date_of_Deployment": "12-03-2024", "Habitat_type": "-" }, "geometry": { "type": "Point", "coordinates": [ 10222160.818515287712216, 2725009.162454016041011 ] } },
{ "type": "Feature", "properties": { "Sl_no": 69, "Project_partner": "Policy Advocacy and Reasearch Centre (PARC)", "State": "Tripura", "Location": "Ganganagar", "CT_no": "THT27", "Altitude": "138", "Grid_no": "69", "CT_loc_ID": "GUM_GANG_CT1", "PA_name": "Gumti", "Range": "Ganganagar", "Beat": "Ganganagar", "Nearest_village": "Gumseng", "Date_of_Deployment": "12-03-2024", "Habitat_type": "-" }, "geometry": { "type": "Point", "coordinates": [ 10222287.054817847907543, 2724810.533940748777241 ] } },
{ "type": "Feature", "properties": { "Sl_no": 70, "Project_partner": "Policy Advocacy and Reasearch Centre (PARC)", "State": "Tripura", "Location": "Ganganagar", "CT_no": "P15", "Altitude": "-", "Grid_no": "70", "CT_loc_ID": "GUM_GANG_CT2", "PA_name": "Gumti", "Range": "Ganganagar", "Beat": "Ganganagar", "Nearest_village": "Radharambari", "Date_of_Deployment": "12-03-2024", "Habitat_type": "-" }, "geometry": { "type": "Point", "coordinates": [ 10220799.047184413298965, 2722264.587668739259243 ] } },
{ "type": "Feature", "properties": { "Sl_no": 71, "Project_partner": "Policy Advocacy and Reasearch Centre (PARC)", "State": "Tripura", "Location": "Radharambari", "CT_no": "P19", "Altitude": "116", "Grid_no": "71", "CT_loc_ID": "GUM_RAD_CT1", "PA_name": "Gumti", "Range": "Gananagar", "Beat": "Radharambari", "Nearest_village": "Sardinkhapara", "Date_of_Deployment": "13-03-2024", "Habitat_type": "-" }, "geometry": { "type": "Point", "coordinates": [ 10218210.869023468345404, 2717522.359125035814941 ] } },
{ "type": "Feature", "properties": { "Sl_no": 72, "Project_partner": "Policy Advocacy and Reasearch Centre (PARC)", "State": "Tripura", "Location": "Radharambari", "CT_no": "THT18", "Altitude": "118", "Grid_no": "72", "CT_loc_ID": "GUM_RAD_CT2", "PA_name": "Gumti", "Range": "Gananagar", "Beat": "Radharambari", "Nearest_village": "Karmapara", "Date_of_Deployment": "13-03-2024", "Habitat_type": "-" }, "geometry": { "type": "Point", "coordinates": [ 10219116.898359034210443, 2721558.513695133384317 ] } },
{ "type": "Feature", "properties": { "Sl_no": 73, "Project_partner": "Policy Advocacy and Reasearch Centre (PARC)", "State": "Tripura", "Location": "Ganganagar", "CT_no": "P8", "Altitude": "130", "Grid_no": "73", "CT_loc_ID": "GUM_GAN_CT3", "PA_name": "Gumti", "Range": "Ganganagar", "Beat": "Ganganagar", "Nearest_village": "Panchajoy Para", "Date_of_Deployment": "13-03-2024", "Habitat_type": "-" }, "geometry": { "type": "Point", "coordinates": [ 10224633.335725296288729, 2722703.741179789882153 ] } },
{ "type": "Feature", "properties": { "Sl_no": 74, "Project_partner": "Policy Advocacy and Reasearch Centre (PARC)", "State": "Tripura", "Location": "Ganganagar", "CT_no": "THT10", "Altitude": "130", "Grid_no": "74", "CT_loc_ID": "GUM_GAN_CT3", "PA_name": "Gumti", "Range": "Ganganagar", "Beat": "Ganganagar", "Nearest_village": "Panchajoy Para", "Date_of_Deployment": "13-03-2024", "Habitat_type": "-" }, "geometry": { "type": "Point", "coordinates": [ 10224633.335725296288729, 2722636.122177871409804 ] } },
{ "type": "Feature", "properties": { "Sl_no": 75, "Project_partner": "Policy Advocacy and Reasearch Centre (PARC)", "State": "Tripura", "Location": "Ekjancharra", "CT_no": "THT17", "Altitude": "145", "Grid_no": "75", "CT_loc_ID": "GUM_EKC_CT1", "PA_name": "Gumti", "Range": "Ampi", "Beat": "Ekjancharra", "Nearest_village": "Debendrapara", "Date_of_Deployment": "13-03-2024", "Habitat_type": "-" }, "geometry": { "type": "Point", "coordinates": [ 10211858.199642369523644, 2710239.475251126568764 ] } },
{ "type": "Feature", "properties": { "Sl_no": 76, "Project_partner": "Policy Advocacy and Reasearch Centre (PARC)", "State": "Tripura", "Location": "Ekjancharra", "CT_no": "P13", "Altitude": "145", "Grid_no": "76", "CT_loc_ID": "GUM_EKC_CT1", "PA_name": "Gumti", "Range": "Ampi", "Beat": "Ekjancharra", "Nearest_village": "Debendrapara", "Date_of_Deployment": "13-03-2024", "Habitat_type": "-" }, "geometry": { "type": "Point", "coordinates": [ 10211858.199642369523644, 2710239.475251126568764 ] } },
{ "type": "Feature", "properties": { "Sl_no": 77, "Project_partner": "Policy Advocacy and Reasearch Centre (PARC)", "State": "Tripura", "Location": "Dangabari", "CT_no": "THT22", "Altitude": "119", "Grid_no": "77", "CT_loc_ID": "GUM_DAN_CT1", "PA_name": "Gumti", "Range": "Ganganagar", "Beat": "Dangabari", "Nearest_village": "Nobokumarpara", "Date_of_Deployment": "14-03-2024", "Habitat_type": "-" }, "geometry": { "type": "Point", "coordinates": [ 10230532.044222941622138, 2716381.517604969441891 ] } },
{ "type": "Feature", "properties": { "Sl_no": 78, "Project_partner": "Policy Advocacy and Reasearch Centre (PARC)", "State": "Tripura", "Location": "Dangabari", "CT_no": "P17", "Altitude": "119", "Grid_no": "78", "CT_loc_ID": "GUM_DAN_CT1", "PA_name": "Gumti", "Range": "Ganganagar", "Beat": "Dangabari", "Nearest_village": "Nobokumarpara", "Date_of_Deployment": "14-03-2024", "Habitat_type": "-" }, "geometry": { "type": "Point", "coordinates": [ 10230532.044222941622138, 2716381.517604969441891 ] } },
{ "type": "Feature", "properties": { "Sl_no": 79, "Project_partner": "Policy Advocacy and Reasearch Centre (PARC)", "State": "Tripura", "Location": "Dyke 4", "CT_no": "THT35", "Altitude": "106", "Grid_no": "79", "CT_loc_ID": "GUM_DYK_CT1", "PA_name": "Gumti", "Range": "Raishyabri", "Beat": "Dyke 4", "Nearest_village": "Tarmo Adam", "Date_of_Deployment": "14-03-2024", "Habitat_type": "-" }, "geometry": { "type": "Point", "coordinates": [ 10219188.031513653695583, 2692453.283484378829598 ] } },
{ "type": "Feature", "properties": { "Sl_no": 80, "Project_partner": "Policy Advocacy and Reasearch Centre (PARC)", "State": "Tripura", "Location": "Dyke 4", "CT_no": "THT15", "Altitude": "106", "Grid_no": "80", "CT_loc_ID": "GUM_DYK_CT1", "PA_name": "Gumti", "Range": "Raishyabri", "Beat": "Dyke 4", "Nearest_village": "Tarmo Adam", "Date_of_Deployment": "14-03-2024", "Habitat_type": "-" }, "geometry": { "type": "Point", "coordinates": [ 10219188.031513653695583, 2692453.283484378829598 ] } },
{ "type": "Feature", "properties": { "Sl_no": 81, "Project_partner": "Policy Advocacy and Reasearch Centre (PARC)", "State": "Tripura", "Location": "Dangabari", "CT_no": "P2", "Altitude": "-", "Grid_no": "81", "CT_loc_ID": "GUM_DAN_CT1", "PA_name": "Gumti", "Range": "Ganganagar", "Beat": "Dangabari", "Nearest_village": "Dangabari", "Date_of_Deployment": "14-03-2024", "Habitat_type": "-" }, "geometry": { "type": "Point", "coordinates": [ 10225097.204043431207538, 2717535.854224699083716 ] } },
{ "type": "Feature", "properties": { "Sl_no": 82, "Project_partner": "Policy Advocacy and Reasearch Centre (PARC)", "State": "Tripura", "Location": "Kakrachera", "CT_no": "THT02", "Altitude": "184", "Grid_no": "82", "CT_loc_ID": "GUM_KAK_CT1", "PA_name": "Gumti", "Range": "Mungiakami", "Beat": "Kakrachera", "Nearest_village": "Bukho para", "Date_of_Deployment": "19-03-2024", "Habitat_type": "-" }, "geometry": { "type": "Point", "coordinates": [ 10215362.982490504160523, 2718673.98227549996227 ] } },
{ "type": "Feature", "properties": { "Sl_no": 83, "Project_partner": "Policy Advocacy and Reasearch Centre (PARC)", "State": "Tripura", "Location": "Kakrachera", "CT_no": "THT04", "Altitude": "184", "Grid_no": "83", "CT_loc_ID": "GUM_KAK_CT1", "PA_name": "Gumti", "Range": "Mungiakami", "Beat": "Kakrachera", "Nearest_village": "Bukho para", "Date_of_Deployment": "19-03-2024", "Habitat_type": "-" }, "geometry": { "type": "Point", "coordinates": [ 10215362.982490504160523, 2718673.98227549996227 ] } },
{ "type": "Feature", "properties": { "Sl_no": 84, "Project_partner": "Policy Advocacy and Reasearch Centre (PARC)", "State": "Tripura", "Location": "Kakrachera", "CT_no": "THT07", "Altitude": "-", "Grid_no": "84", "CT_loc_ID": "GUM_KAK_CT2", "PA_name": "Gumti", "Range": "Mungiakami", "Beat": "Kakrachera", "Nearest_village": "Nunachora", "Date_of_Deployment": "19-03-2024", "Habitat_type": "-" }, "geometry": { "type": "Point", "coordinates": [ 10216565.789588525891304, 2729434.615118189714849 ] } },
{ "type": "Feature", "properties": { "Sl_no": 85, "Project_partner": "Policy Advocacy and Reasearch Centre (PARC)", "State": "Tripura", "Location": "Kakrachera", "CT_no": "THT08", "Altitude": "-", "Grid_no": "85", "CT_loc_ID": "GUM_KAK_CT2", "PA_name": "Gumti", "Range": "Mungiakami", "Beat": "Kakrachera", "Nearest_village": "Nunachora", "Date_of_Deployment": "19-03-2024", "Habitat_type": "-" }, "geometry": { "type": "Point", "coordinates": [ 10216565.789588525891304, 2729434.615118189714849 ] } },
{ "type": "Feature", "properties": { "Sl_no": 86, "Project_partner": "Policy Advocacy and Reasearch Centre (PARC)", "State": "Tripura", "Location": "Kakrachera", "CT_no": "THT 11", "Altitude": "-", "Grid_no": "86", "CT_loc_ID": "GUM_KAK_CT3", "PA_name": "Gumti", "Range": "Mungiakami", "Beat": "Kakrachera", "Nearest_village": "Hakudia", "Date_of_Deployment": "19-03-2024", "Habitat_type": "-" }, "geometry": { "type": "Point", "coordinates": [ 10211460.566421255469322, 2729799.626101085916162 ] } },
{ "type": "Feature", "properties": { "Sl_no": 87, "Project_partner": "Policy Advocacy and Reasearch Centre (PARC)", "State": "Tripura", "Location": "Kakrachera", "CT_no": "THT32", "Altitude": "-", "Grid_no": "87", "CT_loc_ID": "GUM_KAK_CT3", "PA_name": "Gumti", "Range": "Mungiakami", "Beat": "Kakrachera", "Nearest_village": "Haludia", "Date_of_Deployment": "19-03-2024", "Habitat_type": "-" }, "geometry": { "type": "Point", "coordinates": [ 10211460.566421255469322, 2729799.626101085916162 ] } },
{ "type": "Feature", "properties": { "Sl_no": 88, "Project_partner": "Policy Advocacy and Reasearch Centre (PARC)", "State": "Tripura", "Location": "Kakrachera", "CT_no": "THT40", "Altitude": "139", "Grid_no": "88", "CT_loc_ID": "GUM_KAK_CT4", "PA_name": "Gumti", "Range": "Mungiakami", "Beat": "Kakrachera", "Nearest_village": "Tikolpara", "Date_of_Deployment": "19-03-2024", "Habitat_type": "-" }, "geometry": { "type": "Point", "coordinates": [ 10212613.391067910939455, 2727002.153845976106822 ] } },
{ "type": "Feature", "properties": { "Sl_no": 89, "Project_partner": "Policy Advocacy and Reasearch Centre (PARC)", "State": "Tripura", "Location": "Kakrachera", "CT_no": "THT38", "Altitude": "139", "Grid_no": "89", "CT_loc_ID": "GUM_KAK_CT4", "PA_name": "Gumti", "Range": "Mungiakami", "Beat": "Kakrachera", "Nearest_village": "Tikolpara", "Date_of_Deployment": "19-03-2024", "Habitat_type": "-" }, "geometry": { "type": "Point", "coordinates": [ 10212613.391067910939455, 2727002.153845976106822 ] } },
{ "type": "Feature", "properties": { "Sl_no": 90, "Project_partner": "Policy Advocacy and Reasearch Centre (PARC)", "State": "Tripura", "Location": "Kakrachera", "CT_no": "THT14", "Altitude": "153", "Grid_no": "90", "CT_loc_ID": "GUM_KAK_CT5", "PA_name": "Gumti", "Range": "Mungiakami", "Beat": "Kakrachera", "Nearest_village": "Kakrachera", "Date_of_Deployment": "19-03-2024", "Habitat_type": "-" }, "geometry": { "type": "Point", "coordinates": [ 10211895.380352294072509, 2728883.707839163485914 ] } },
{ "type": "Feature", "properties": { "Sl_no": 91, "Project_partner": "Policy Advocacy and Reasearch Centre (PARC)", "State": "Tripura", "Location": "Kakrachera", "CT_no": "THT01", "Altitude": "184", "Grid_no": "91", "CT_loc_ID": "GUM_KAK_CT6", "PA_name": "Gumti", "Range": "Mungiakami", "Beat": "Kakrachera", "Nearest_village": "Datamosampara", "Date_of_Deployment": "19-03-2024", "Habitat_type": "-" }, "geometry": { "type": "Point", "coordinates": [ 10211045.901318050920963, 2724880.1083720815368 ] } },
{ "type": "Feature", "properties": { "Sl_no": 92, "Project_partner": "Policy Advocacy and Reasearch Centre (PARC)", "State": "Tripura", "Location": "Kakrachera", "CT_no": "THT09", "Altitude": "203", "Grid_no": "92", "CT_loc_ID": "GUM_KAK_CT5", "PA_name": "Gumti", "Range": "Mungiakami", "Beat": "Kakrachera", "Nearest_village": "Datamosampara", "Date_of_Deployment": "19-03-2024", "Habitat_type": "-" }, "geometry": { "type": "Point", "coordinates": [ 10211405.574592802673578, 2724674.061906079296023 ] } },
{ "type": "Feature", "properties": { "Sl_no": 93, "Project_partner": "Policy Advocacy and Reasearch Centre (PARC)", "State": "Tripura", "Location": "Sarbong", "CT_no": "THT05", "Altitude": "138", "Grid_no": "93", "CT_loc_ID": "GUM_SAR_CT1", "PA_name": "Gumti", "Range": "Amarpur", "Beat": "Sarbong", "Nearest_village": "Chandrakumar para", "Date_of_Deployment": "22-03-2024", "Habitat_type": "-" }, "geometry": { "type": "Point", "coordinates": [ 10214002.324354538694024, 2705470.463668102864176 ] } },
{ "type": "Feature", "properties": { "Sl_no": 94, "Project_partner": "Policy Advocacy and Reasearch Centre (PARC)", "State": "Tripura", "Location": "Nutanbazzar", "CT_no": "THT21", "Altitude": "122", "Grid_no": "94", "CT_loc_ID": "GUM_NUT_CT1", "PA_name": "Gumti", "Range": "Amarpur", "Beat": "Nutanbazzar", "Nearest_village": "Tularampara", "Date_of_Deployment": "23-03-2024", "Habitat_type": "-" }, "geometry": { "type": "Point", "coordinates": [ 10216354.950472962111235, 2691367.88447033520788 ] } },
{ "type": "Feature", "properties": { "Sl_no": 95, "Project_partner": "Policy Advocacy and Reasearch Centre (PARC)", "State": "Maharastra", "Location": "Tamhini khind", "CT_no": "T59, T72", "Altitude": "853", "Grid_no": "1", "CT_loc_ID": "T59, T72", "PA_name": "-", "Range": "Paud", "Beat": "Tamhini khind", "Nearest_village": "Tamhini khind", "Date_of_Deployment": "18-05-2025", "Habitat_type": "Open forest" }, "geometry": { "type": "Point", "coordinates": [ 8176712.708611452952027, 2087665.485546292737126 ] } },
{ "type": "Feature", "properties": { "Sl_no": 96, "Project_partner": "Policy Advocacy and Reasearch Centre (PARC)", "State": "Maharastra", "Location": "Mugaon, Bhuini", "CT_no": "T49, T50", "Altitude": "1110", "Grid_no": "2", "CT_loc_ID": "T49, T50", "PA_name": "-", "Range": "Paud", "Beat": "Mugaon", "Nearest_village": "Mugaon", "Date_of_Deployment": "18-05-2025", "Habitat_type": "Plateau" }, "geometry": { "type": "Point", "coordinates": [ 8182147.660110453143716, 2088256.04660372924991 ] } },
{ "type": "Feature", "properties": { "Sl_no": 97, "Project_partner": "Policy Advocacy and Reasearch Centre (PARC)", "State": "Maharastra", "Location": "Temghar", "CT_no": "T76, T73", "Altitude": "1081", "Grid_no": "3", "CT_loc_ID": "T76, T73", "PA_name": "-", "Range": "Paud", "Beat": "Temgahr", "Nearest_village": "Temgahr", "Date_of_Deployment": "18-05-2025", "Habitat_type": "Fairly dense near the road" }, "geometry": { "type": "Point", "coordinates": [ 8184442.734052137471735, 2087688.952772904187441 ] } },
{ "type": "Feature", "properties": { "Sl_no": 98, "Project_partner": "Policy Advocacy and Reasearch Centre (PARC)", "State": "Maharastra", "Location": "Watunde", "CT_no": "T41, T34", "Altitude": "987", "Grid_no": "4", "CT_loc_ID": "T41, T34", "PA_name": "-", "Range": "Paud", "Beat": "Watunde (Wajale)", "Nearest_village": "Watunde (Wajale)", "Date_of_Deployment": "22-05-2025", "Habitat_type": "Dried stream below plateau" }, "geometry": { "type": "Point", "coordinates": [ 8192081.477510373108089, 2087861.437726075062528 ] } },
{ "type": "Feature", "properties": { "Sl_no": 99, "Project_partner": "Policy Advocacy and Reasearch Centre (PARC)", "State": "Maharastra", "Location": "Mutha", "CT_no": "T48, T77", "Altitude": "971", "Grid_no": "5", "CT_loc_ID": "T48, T77", "PA_name": "-", "Range": "Paud", "Beat": "Mutha, Malegaon", "Nearest_village": "Mutha, Malegaon", "Date_of_Deployment": "19-05-2025", "Habitat_type": "Heavily disturbed forest" }, "geometry": { "type": "Point", "coordinates": [ 8194176.510327102616429, 2087578.65704514621757 ] } },
{ "type": "Feature", "properties": { "Sl_no": 100, "Project_partner": "Policy Advocacy and Reasearch Centre (PARC)", "State": "Maharastra", "Location": "Dhamanohol", "CT_no": "T53, T42", "Altitude": "718", "Grid_no": "6", "CT_loc_ID": "T53, T42", "PA_name": "-", "Range": "Paud", "Beat": "Paud", "Nearest_village": "Paud", "Date_of_Deployment": "17-05-2025", "Habitat_type": "Dense forest" }, "geometry": { "type": "Point", "coordinates": [ 8174814.711293428204954, 2081683.405676222871989 ] } },
{ "type": "Feature", "properties": { "Sl_no": 101, "Project_partner": "Policy Advocacy and Reasearch Centre (PARC)", "State": "Maharastra", "Location": "Sakhri", "CT_no": "T74, T78", "Altitude": "1028", "Grid_no": "7", "CT_loc_ID": "T74, T78", "PA_name": "-", "Range": "Paud", "Beat": "Dhadavali", "Nearest_village": "Dhadavali", "Date_of_Deployment": "18-05-2025", "Habitat_type": "Dense forest" }, "geometry": { "type": "Point", "coordinates": [ 8180368.440689104609191, 2081547.336592301493511 ] } },
{ "type": "Feature", "properties": { "Sl_no": 102, "Project_partner": "Policy Advocacy and Reasearch Centre (PARC)", "State": "Maharastra", "Location": "Daswe", "CT_no": "T40, T37", "Altitude": "815", "Grid_no": "8", "CT_loc_ID": "T40, T37", "PA_name": "-", "Range": "Paud", "Beat": "Daswe", "Nearest_village": "Daswe", "Date_of_Deployment": "17-05-2025", "Habitat_type": "Dense forest" }, "geometry": { "type": "Point", "coordinates": [ 8185427.911545660346746, 2084014.669343586312607 ] } },
{ "type": "Feature", "properties": { "Sl_no": 103, "Project_partner": "Policy Advocacy and Reasearch Centre (PARC)", "State": "Maharastra", "Location": "Mose Budruk", "CT_no": "T38, T43", "Altitude": "762", "Grid_no": "9", "CT_loc_ID": "T38, T43", "PA_name": "-", "Range": "Velhe", "Beat": "Ambegaon", "Nearest_village": "Ambegaon", "Date_of_Deployment": "17-05-2025", "Habitat_type": "Degraded forest" }, "geometry": { "type": "Point", "coordinates": [ 8190606.048979398794472, 2084567.699129982618615 ] } },
{ "type": "Feature", "properties": { "Sl_no": 104, "Project_partner": "Policy Advocacy and Reasearch Centre (PARC)", "State": "Maharastra", "Location": "Varasgaon", "CT_no": "T58, T71", "Altitude": "703", "Grid_no": "10", "CT_loc_ID": "T58, T71", "PA_name": "-", "Range": "Velhe", "Beat": "Ambegaon", "Nearest_village": "Ambegaon", "Date_of_Deployment": "17-05-2025", "Habitat_type": "Degraded forest" }, "geometry": { "type": "Point", "coordinates": [ 8194571.69451941922307, 2085540.641263964120299 ] } },
{ "type": "Feature", "properties": { "Sl_no": 105, "Project_partner": "Policy Advocacy and Reasearch Centre (PARC)", "State": "Maharastra", "Location": "Dapsare", "CT_no": "T57, T51", "Altitude": "716", "Grid_no": "11", "CT_loc_ID": "T57, T51", "PA_name": "-", "Range": "Velhe", "Beat": "Dapsare", "Nearest_village": "Dapsare", "Date_of_Deployment": "16-05-2025", "Habitat_type": "Near water stream" }, "geometry": { "type": "Point", "coordinates": [ 8173950.872044873423874, 2075628.043547000735998 ] } },
{ "type": "Feature", "properties": { "Sl_no": 106, "Project_partner": "Policy Advocacy and Reasearch Centre (PARC)", "State": "Maharastra", "Location": "Gondekhal", "CT_no": "T39, T47", "Altitude": "765", "Grid_no": "12", "CT_loc_ID": "T39, T47", "PA_name": "-", "Range": "Velhe", "Beat": "Ambegaon", "Nearest_village": "Ambegaon", "Date_of_Deployment": "16-05-2025", "Habitat_type": "Dense forest adjoining stream" }, "geometry": { "type": "Point", "coordinates": [ 8179640.077260843478143, 2078304.822880811523646 ] } },
{ "type": "Feature", "properties": { "Sl_no": 107, "Project_partner": "Policy Advocacy and Reasearch Centre (PARC)", "State": "Maharastra", "Location": "Kashedi", "CT_no": "T45, T36", "Altitude": "705", "Grid_no": "13", "CT_loc_ID": "T45, T36", "PA_name": "-", "Range": "Velhe", "Beat": "Mangaon", "Nearest_village": "Mangaon", "Date_of_Deployment": "16-05-2025", "Habitat_type": "Dense forest, road nearby" }, "geometry": { "type": "Point", "coordinates": [ 8184635.316771212033927, 2078721.763814039761201 ] } },
{ "type": "Feature", "properties": { "Sl_no": 108, "Project_partner": "Policy Advocacy and Reasearch Centre (PARC)", "State": "Maharastra", "Location": "Kadve ghat", "CT_no": "T56, T55", "Altitude": "988", "Grid_no": "14", "CT_loc_ID": "T56, T55", "PA_name": "-", "Range": "Velhe", "Beat": "Mangaon", "Nearest_village": "Mangaon", "Date_of_Deployment": "16-05-2025", "Habitat_type": "Open forest" }, "geometry": { "type": "Point", "coordinates": [ 8191713.009995847940445, 2076620.609562716446817 ] } },
{ "type": "Feature", "properties": { "Sl_no": 109, "Project_partner": "Policy Advocacy and Reasearch Centre (PARC)", "State": "Maharastra", "Location": "Khanu", "CT_no": "T44, T54", "Altitude": "911", "Grid_no": "16", "CT_loc_ID": "T44, T54", "PA_name": "-", "Range": "Velhe", "Beat": "Harpud", "Nearest_village": "Harpud", "Date_of_Deployment": "16-05-2025", "Habitat_type": "Open forest" }, "geometry": { "type": "Point", "coordinates": [ 8181080.88543018233031, 2073385.80176517739892 ] } },
{ "type": "Feature", "properties": { "Sl_no": 110, "Project_partner": "Policy Advocacy and Reasearch Centre (PARC)", "State": "Maharastra", "Location": "Pole", "CT_no": "T52, T35", "Altitude": "899", "Grid_no": "17", "CT_loc_ID": "T52, T35", "PA_name": "-", "Range": "Velhe", "Beat": "Mangaon", "Nearest_village": "Mangaon", "Date_of_Deployment": "16-05-2025", "Habitat_type": "Open forest" }, "geometry": { "type": "Point", "coordinates": [ 8186429.56432381644845, 2074020.621153840096667 ] } },
{ "type": "Feature", "properties": { "Sl_no": 111, "Project_partner": "Policy Advocacy and Reasearch Centre (PARC)", "State": "Maharastra", "Location": "Gevande", "CT_no": "T86, T70", "Altitude": "875", "Grid_no": "18", "CT_loc_ID": "T86, T70", "PA_name": "-", "Range": "Velhe", "Beat": "Dhanep", "Nearest_village": "Dhanep", "Date_of_Deployment": "15-05-2025", "Habitat_type": "Dense forest adjoining open forest & plateau" }, "geometry": { "type": "Point", "coordinates": [ 8189442.982939591631293, 2070647.535071029094979 ] } },
{ "type": "Feature", "properties": { "Sl_no": 112, "Project_partner": "Policy Advocacy and Reasearch Centre (PARC)", "State": "Maharastra", "Location": "Harpud", "CT_no": "T75, T64", "Altitude": "755", "Grid_no": "19", "CT_loc_ID": "T75, T64", "PA_name": "-", "Range": "Velhe", "Beat": "Harpud", "Nearest_village": "Harpud", "Date_of_Deployment": "15-05-2025", "Habitat_type": "Near water stream" }, "geometry": { "type": "Point", "coordinates": [ 8185469.322396234609187, 2068008.689727730117738 ] } },
{ "type": "Feature", "properties": { "Sl_no": 113, "Project_partner": "Policy Advocacy and Reasearch Centre (PARC)", "State": "Maharastra", "Location": "Kolambi", "CT_no": "T87, T80", "Altitude": "808", "Grid_no": "20", "CT_loc_ID": "T87, T80", "PA_name": "-", "Range": "Velhe", "Beat": "Harpud", "Nearest_village": "Harpud", "Date_of_Deployment": "15-05-2025", "Habitat_type": "Dense forest, hill near water body" }, "geometry": { "type": "Point", "coordinates": [ 8192648.09371851105243, 2068718.717654786538333 ] } },
{ "type": "Feature", "properties": { "Sl_no": 114, "Project_partner": "Policy Advocacy and Reasearch Centre (PARC)", "State": "Maharastra", "Location": "Khopadewadi", "CT_no": "T68, T66", "Altitude": "936", "Grid_no": "21", "CT_loc_ID": "T68, T66", "PA_name": "-", "Range": "Velhe", "Beat": "Velhe", "Nearest_village": "Velhe", "Date_of_Deployment": "14-05-2025", "Habitat_type": "Dense forest (junction)" }, "geometry": { "type": "Point", "coordinates": [ 8195444.439327238127589, 2067279.228350135730579 ] } },
{ "type": "Feature", "properties": { "Sl_no": 115, "Project_partner": "Policy Advocacy and Reasearch Centre (PARC)", "State": "Maharastra", "Location": "Pali", "CT_no": "T83, T89", "Altitude": "961", "Grid_no": "22", "CT_loc_ID": "T83, T89", "PA_name": "-", "Range": "Velhe", "Beat": "Gunjavane", "Nearest_village": "Gunjavane", "Date_of_Deployment": "14-05-2025", "Habitat_type": "Dense forest" }, "geometry": { "type": "Point", "coordinates": [ 8200149.914203070104122, 2066414.177056793589145 ] } },
{ "type": "Feature", "properties": { "Sl_no": 116, "Project_partner": "Policy Advocacy and Reasearch Centre (PARC)", "State": "Maharastra", "Location": "Kelad", "CT_no": "T81, T82", "Altitude": "644", "Grid_no": "23", "CT_loc_ID": "T81, T82", "PA_name": "-", "Range": "Bhor", "Beat": "Kelad", "Nearest_village": "Kelad", "Date_of_Deployment": "15-05-2025", "Habitat_type": "Dense forest (junction)" }, "geometry": { "type": "Point", "coordinates": [ 8190359.364987800829113, 2060792.238246253924444 ] } },
{ "type": "Feature", "properties": { "Sl_no": 117, "Project_partner": "Policy Advocacy and Reasearch Centre (PARC)", "State": "Maharastra", "Location": "Kumbale", "CT_no": "T13, T17", "Altitude": "792", "Grid_no": "24", "CT_loc_ID": "T13, T17", "PA_name": "-", "Range": "Bhor", "Beat": "Kumbale", "Nearest_village": "Kumbale", "Date_of_Deployment": "14-05-2025", "Habitat_type": "Road" }, "geometry": { "type": "Point", "coordinates": [ 8196602.495989960618317, 2061930.095808986574411 ] } },
{ "type": "Feature", "properties": { "Sl_no": 118, "Project_partner": "Policy Advocacy and Reasearch Centre (PARC)", "State": "Maharastra", "Location": "Dhere", "CT_no": "T85, T69", "Altitude": "718", "Grid_no": "25", "CT_loc_ID": "T85, T69", "PA_name": "-", "Range": "Bhor", "Beat": "Dhere", "Nearest_village": "Dhere", "Date_of_Deployment": "14-05-2025", "Habitat_type": "Dense forest, hill near water body" }, "geometry": { "type": "Point", "coordinates": [ 8202809.336838121525943, 2061202.375269860727713 ] } },
{ "type": "Feature", "properties": { "Sl_no": 119, "Project_partner": "Policy Advocacy and Reasearch Centre (PARC)", "State": "Maharastra", "Location": "Sanghvi Village", "CT_no": "T16, T23", "Altitude": "606", "Grid_no": "27", "CT_loc_ID": "T16, T23", "PA_name": "-", "Range": "Bhor", "Beat": "Sanghavi Village", "Nearest_village": "Sanghavi Village", "Date_of_Deployment": "13-05-2025", "Habitat_type": "Cliff" }, "geometry": { "type": "Point", "coordinates": [ 8199695.396722159348428, 2057366.509507379960269 ] } },
{ "type": "Feature", "properties": { "Sl_no": 120, "Project_partner": "Policy Advocacy and Reasearch Centre (PARC)", "State": "Maharastra", "Location": "Panghare, Dehen", "CT_no": "T32 T90", "Altitude": "1039", "Grid_no": "28", "CT_loc_ID": "T32 T90", "PA_name": "-", "Range": "Bhor", "Beat": "Velvand", "Nearest_village": "Velvand", "Date_of_Deployment": "13-05-2025", "Habitat_type": "Semi decidious forest" }, "geometry": { "type": "Point", "coordinates": [ 8206291.410510133951902, 2056564.791189974406734 ] } },
{ "type": "Feature", "properties": { "Sl_no": 121, "Project_partner": "Policy Advocacy and Reasearch Centre (PARC)", "State": "Maharastra", "Location": "Ashimpi", "CT_no": "T61, T3", "Altitude": "833", "Grid_no": "29", "CT_loc_ID": "T61, T3", "PA_name": "-", "Range": "Bhor", "Beat": "-", "Nearest_village": "-", "Date_of_Deployment": "13-05-2025", "Habitat_type": "Decidious, sloppy area" }, "geometry": { "type": "Point", "coordinates": [ 8197289.003289682790637, 2051269.060454995138571 ] } },
{ "type": "Feature", "properties": { "Sl_no": 122, "Project_partner": "Policy Advocacy and Reasearch Centre (PARC)", "State": "Maharastra", "Location": "Hirdoshi", "CT_no": "T67, T63", "Altitude": "831", "Grid_no": "30", "CT_loc_ID": "T67, T63", "PA_name": "-", "Range": "Bhor", "Beat": "Hirdoshi", "Nearest_village": "Hirdoshi", "Date_of_Deployment": "14-05-2025", "Habitat_type": "Moist/Scrub, Secondary forest" }, "geometry": { "type": "Point", "coordinates": [ 8201421.182787929661572, 2051747.878433031029999 ] } },
{ "type": "Feature", "properties": { "Sl_no": 123, "Project_partner": "Policy Advocacy and Reasearch Centre (PARC)", "State": "Maharastra", "Location": "Devghar", "CT_no": "T7, T20", "Altitude": "791", "Grid_no": "31", "CT_loc_ID": "T7, T20", "PA_name": "-", "Range": "Bhor", "Beat": "Aapti", "Nearest_village": "Aapti", "Date_of_Deployment": "14-05-2025", "Habitat_type": "Degraded Forest" }, "geometry": { "type": "Point", "coordinates": [ 8205615.70120101980865, 2050345.891587521182373 ] } },
{ "type": "Feature", "properties": { "Sl_no": 124, "Project_partner": "Policy Advocacy and Reasearch Centre (PARC)", "State": "Maharastra", "Location": "Kudali (Durgadi)", "CT_no": "T28, T8", "Altitude": "848", "Grid_no": "32", "CT_loc_ID": "T28, T8", "PA_name": "-", "Range": "Bhor", "Beat": "Kudali", "Nearest_village": "Kudali", "Date_of_Deployment": "13-05-2025", "Habitat_type": "Decidious Forest" }, "geometry": { "type": "Point", "coordinates": [ 8195897.509654766879976, 2045614.746329996502027 ] } },
{ "type": "Feature", "properties": { "Sl_no": 125, "Project_partner": "Policy Advocacy and Reasearch Centre (PARC)", "State": "Maharastra", "Location": "Parhar Khurd village", "CT_no": "T24, T31", "Altitude": "782", "Grid_no": "33", "CT_loc_ID": "T24, T31", "PA_name": "-", "Range": "Bhor", "Beat": "Salav", "Nearest_village": "Salav", "Date_of_Deployment": "13-05-2025", "Habitat_type": "Fairly open forest, Forest fire in recent month near river end" }, "geometry": { "type": "Point", "coordinates": [ 8201816.700938717462122, 2046957.273740466451272 ] } },
{ "type": "Feature", "properties": { "Sl_no": 126, "Project_partner": "Policy Advocacy and Reasearch Centre (PARC)", "State": "Maharastra", "Location": "Rayari", "CT_no": "T21, T18", "Altitude": "811", "Grid_no": "34", "CT_loc_ID": "T21, T18", "PA_name": "-", "Range": "Bhor", "Beat": "Rayi Beat, Dharambe village", "Nearest_village": "Rayi Beat, Dharambe village", "Date_of_Deployment": "13-05-2025", "Habitat_type": "-" }, "geometry": { "type": "Point", "coordinates": [ 8206310.334823570214212, 2045399.29435919621028 ] } },
{ "type": "Feature", "properties": { "Sl_no": 128, "Project_partner": "Policy Advocacy and Reasearch Centre (PARC)", "State": "Maharastra", "Location": "Umbartha", "CT_no": "T4, T27", "Altitude": "907", "Grid_no": "36", "CT_loc_ID": "T4, T27", "PA_name": "-", "Range": "Wai", "Beat": "Jambhali", "Nearest_village": "Jambhali", "Date_of_Deployment": "12-05-2025", "Habitat_type": "Dense forest" }, "geometry": { "type": "Point", "coordinates": [ 8200272.365642942488194, 2039651.657646468607709 ] } },
{ "type": "Feature", "properties": { "Sl_no": 129, "Project_partner": "Policy Advocacy and Reasearch Centre (PARC)", "State": "Maharastra", "Location": "Washivali", "CT_no": "T29, T14", "Altitude": "108", "Grid_no": "37", "CT_loc_ID": "T29, T14", "PA_name": "-", "Range": "Wai", "Beat": "Washivali", "Nearest_village": "Washivali", "Date_of_Deployment": "12-05-2025", "Habitat_type": "Plateau" }, "geometry": { "type": "Point", "coordinates": [ 8205778.227657576091588, 2039191.967473369790241 ] } },
{ "type": "Feature", "properties": { "Sl_no": 130, "Project_partner": "Policy Advocacy and Reasearch Centre (PARC)", "State": "Maharastra", "Location": "Kshetra Mahabaleshwar (Arthur Point)", "CT_no": "T6, T15", "Altitude": "1202", "Grid_no": "38", "CT_loc_ID": "T6, T15", "PA_name": "-", "Range": "Mahabaleshwar", "Beat": "Shetra Mahabaleshwar", "Nearest_village": "Shetra Mahabaleshwar", "Date_of_Deployment": "12-05-2025", "Habitat_type": "Plateau" }, "geometry": { "type": "Point", "coordinates": [ 8197619.288218866102397, 2033854.013467191951349 ] } },
{ "type": "Feature", "properties": { "Sl_no": 131, "Project_partner": "Policy Advocacy and Reasearch Centre (PARC)", "State": "Maharastra", "Location": "Jor/ Golewadi", "CT_no": "T12, T19", "Altitude": "860", "Grid_no": "39", "CT_loc_ID": "T12, T19", "PA_name": "-", "Range": "Wai", "Beat": "-", "Nearest_village": "-", "Date_of_Deployment": "12-05-2025", "Habitat_type": "Plateau, Dry deciduous forest with a dry stream running down to the river" }, "geometry": { "type": "Point", "coordinates": [ 8200602.650572124868631, 2035721.034426054451615 ] } },
{ "type": "Feature", "properties": { "Sl_no": 132, "Project_partner": "Policy Advocacy and Reasearch Centre (PARC)", "State": "Maharastra", "Location": "Kondhawale", "CT_no": "T5, T9", "Altitude": "1169", "Grid_no": "40", "CT_loc_ID": "T5, T9", "PA_name": "-", "Range": "Wai", "Beat": "Vadoli", "Nearest_village": "Vadoli", "Date_of_Deployment": "12-05-2025", "Habitat_type": "Moist Evergreen" }, "geometry": { "type": "Point", "coordinates": [ 8206319.240382833406329, 2035772.999310371698812 ] } },
{ "type": "Feature", "properties": { "Sl_no": 133, "Project_partner": "Policy Advocacy and Reasearch Centre (PARC)", "State": "Maharastra", "Location": "Nakinda", "CT_no": "T25, T11", "Altitude": "1303", "Grid_no": "41", "CT_loc_ID": "T25, T11", "PA_name": "-", "Range": "Mahabaleshwar", "Beat": "Metgutade", "Nearest_village": "Metgutade", "Date_of_Deployment": "12-05-2025", "Habitat_type": "Dense forest" }, "geometry": { "type": "Point", "coordinates": [ 8202930.675083085894585, 2031102.5333991299849 ] } },
{ "type": "Feature", "properties": { "Sl_no": 134, "Project_partner": "Policy Advocacy and Reasearch Centre (PARC)", "State": "Maharastra", "Location": "Avkali", "CT_no": "T1, T2", "Altitude": "1263", "Grid_no": "42", "CT_loc_ID": "T1, T2", "PA_name": "-", "Range": "Mahabaleshwar", "Beat": "Metgutade", "Nearest_village": "Metgutade", "Date_of_Deployment": "12-05-2025", "Habitat_type": "Forest edge (end of plateau)" }, "geometry": { "type": "Point", "coordinates": [ 8205060.996178397908807, 2029904.718820242211223 ] } },
{ "type": "Feature", "properties": { "Sl_no": 135, "Project_partner": "Policy Advocacy and Reasearch Centre (PARC)", "State": "Maharastra", "Location": "Kadve khind", "CT_no": "T79, T84", "Altitude": "941", "Grid_no": "14A", "CT_loc_ID": "T79, T84", "PA_name": "-", "Range": "Velhe", "Beat": "Rule", "Nearest_village": "Rule", "Date_of_Deployment": "15-05-2025", "Habitat_type": "Dense forest adjoining mud road" }, "geometry": { "type": "Point", "coordinates": [ 8194635.369268152862787, 2077277.343463244847953 ] } },
{ "type": "Feature", "properties": { "Sl_no": 136, "Project_partner": "Policy Advocacy and Reasearch Centre (PARC)", "State": "Maharastra", "Location": "Kari", "CT_no": "T60, T62", "Altitude": "753", "Grid_no": "34A", "CT_loc_ID": "T60, T62", "PA_name": "-", "Range": "Bhor", "Beat": "Rayari", "Nearest_village": "Rayari", "Date_of_Deployment": "13-05-2025", "Habitat_type": "Field, No place to deploy - Agriculture" }, "geometry": { "type": "Point", "coordinates": [ 8209458.450023203156888, 2046740.051192448008806 ] } },
{ "type": "Feature", "properties": { "Sl_no": 137, "Project_partner": "Policy Advocacy and Reasearch Centre (PARC)", "State": "Maharastra", "Location": "Oholi", "CT_no": "T26, T30", "Altitude": "1138", "Grid_no": "37A", "CT_loc_ID": "T26, T30", "PA_name": "-", "Range": "Wai", "Beat": "Wadavali", "Nearest_village": "Wadavali", "Date_of_Deployment": "12-05-2025", "Habitat_type": "Degraded" }, "geometry": { "type": "Point", "coordinates": [ 8211569.067568644881248, 2040231.4648323263973 ] } },
{ "type": "Feature", "properties": { "Sl_no": 138, "Project_partner": "Sahjeevan", "State": "Gujarat", "Location": "Chotila", "CT_no": "1279A3004882", "Altitude": "-", "Grid_no": "7", "CT_loc_ID": "DEPAKD001", "PA_name": "-", "Range": "-", "Beat": "-", "Nearest_village": "-", "Date_of_Deployment": "28-03-2025", "Habitat_type": "Vidi" }, "geometry": { "type": "Point", "coordinates": [ 7917683.719443058595061, 2540670.435466613154858 ] } },
{ "type": "Feature", "properties": { "Sl_no": 139, "Project_partner": "Sahjeevan", "State": "Gujarat", "Location": "Chotila", "CT_no": "1279A3004883", "Altitude": "-", "Grid_no": "18", "CT_loc_ID": "DEPBHOJ001", "PA_name": "-", "Range": "-", "Beat": "-", "Nearest_village": "-", "Date_of_Deployment": "19-03-2025", "Habitat_type": "Agricultural Land" }, "geometry": { "type": "Point", "coordinates": [ 7922377.505772355943918, 2546825.590120916254818 ] } },
{ "type": "Feature", "properties": { "Sl_no": 140, "Project_partner": "Sahjeevan", "State": "Gujarat", "Location": "Chotila", "CT_no": "1279A3004944", "Altitude": "-", "Grid_no": "19", "CT_loc_ID": "DEPBHOJ002", "PA_name": "-", "Range": "-", "Beat": "-", "Nearest_village": "-", "Date_of_Deployment": "19-03-2025", "Habitat_type": "Agricultural Land" }, "geometry": { "type": "Point", "coordinates": [ 7921960.725598827004433, 2544621.485548347700387 ] } },
{ "type": "Feature", "properties": { "Sl_no": 141, "Project_partner": "Sahjeevan", "State": "Gujarat", "Location": "Chotila", "CT_no": "179", "Altitude": "-", "Grid_no": "33", "CT_loc_ID": "DEPCHOB001", "PA_name": "-", "Range": "-", "Beat": "-", "Nearest_village": "-", "Date_of_Deployment": "18-03-2025", "Habitat_type": "Vidi" }, "geometry": { "type": "Point", "coordinates": [ 7925981.474286788143218, 2544255.786833994556218 ] } },
{ "type": "Feature", "properties": { "Sl_no": 142, "Project_partner": "Sahjeevan", "State": "Gujarat", "Location": "Chotila", "CT_no": "176", "Altitude": "-", "Grid_no": "34", "CT_loc_ID": "DEPCHOB002", "PA_name": "-", "Range": "-", "Beat": "-", "Nearest_village": "-", "Date_of_Deployment": "18-03-2025", "Habitat_type": "Vidi" }, "geometry": { "type": "Point", "coordinates": [ 7925598.423918968066573, 2542120.818301993887872 ] } },
{ "type": "Feature", "properties": { "Sl_no": 143, "Project_partner": "Sahjeevan", "State": "Gujarat", "Location": "Chotila", "CT_no": "1279A3005106", "Altitude": "-", "Grid_no": "6", "CT_loc_ID": "DEPFUL001", "PA_name": "-", "Range": "-", "Beat": "-", "Nearest_village": "-", "Date_of_Deployment": "20-03-2025", "Habitat_type": "Vidi" }, "geometry": { "type": "Point", "coordinates": [ 7917617.818304507061839, 2542044.922381107229739 ] } },
{ "type": "Feature", "properties": { "Sl_no": 144, "Project_partner": "Sahjeevan", "State": "Gujarat", "Location": "Chotila", "CT_no": "1279A3005104", "Altitude": "-", "Grid_no": "12", "CT_loc_ID": "DEPGUNDA001", "PA_name": "-", "Range": "-", "Beat": "-", "Nearest_village": "-", "Date_of_Deployment": "13-03-2025", "Habitat_type": "Agricultural Land" }, "geometry": { "type": "Point", "coordinates": [ 7919920.573291058652103, 2544660.100909408647567 ] } },
{ "type": "Feature", "properties": { "Sl_no": 145, "Project_partner": "Sahjeevan", "State": "Gujarat", "Location": "Chotila", "CT_no": "1279A3001873", "Altitude": "-", "Grid_no": "5", "CT_loc_ID": "DEPGUNDA002", "PA_name": "-", "Range": "-", "Beat": "-", "Nearest_village": "-", "Date_of_Deployment": "13-03-2025", "Habitat_type": "Reserved Forest" }, "geometry": { "type": "Point", "coordinates": [ 7917521.638264462351799, 2544537.759088561870158 ] } },
{ "type": "Feature", "properties": { "Sl_no": 146, "Project_partner": "Sahjeevan", "State": "Gujarat", "Location": "Chotila", "CT_no": "1279A3005110", "Altitude": "-", "Grid_no": "14", "CT_loc_ID": "DEPJIV001", "PA_name": "-", "Range": "-", "Beat": "-", "Nearest_village": "-", "Date_of_Deployment": "28-03-2025", "Habitat_type": "Reserved Forest" }, "geometry": { "type": "Point", "coordinates": [ 7919846.545829679816961, 2540245.290931149851531 ] } },
{ "type": "Feature", "properties": { "Sl_no": 147, "Project_partner": "Sahjeevan", "State": "Gujarat", "Location": "Chotila", "CT_no": "1279A3004889", "Altitude": "-", "Grid_no": "13", "CT_loc_ID": "DEPJIV002", "PA_name": "-", "Range": "-", "Beat": "-", "Nearest_village": "-", "Date_of_Deployment": "29-03-2025", "Habitat_type": "Agricultural Land" }, "geometry": { "type": "Point", "coordinates": [ 7920075.418702752329409, 2542380.262250107247382 ] } },
{ "type": "Feature", "properties": { "Sl_no": 148, "Project_partner": "Sahjeevan", "State": "Gujarat", "Location": "Chotila", "CT_no": "1279A3004950", "Altitude": "-", "Grid_no": "21", "CT_loc_ID": "DEPJIV003", "PA_name": "-", "Range": "-", "Beat": "-", "Nearest_village": "-", "Date_of_Deployment": "03-04-2025", "Habitat_type": "Reserved Forest" }, "geometry": { "type": "Point", "coordinates": [ 7921068.49988011829555, 2539730.922474724706262 ] } },
{ "type": "Feature", "properties": { "Sl_no": 149, "Project_partner": "Sahjeevan", "State": "Gujarat", "Location": "Chotila", "CT_no": "1279A3004888", "Altitude": "-", "Grid_no": "11", "CT_loc_ID": "DEPKAB001", "PA_name": "-", "Range": "-", "Beat": "-", "Nearest_village": "-", "Date_of_Deployment": "21-03-2025", "Habitat_type": "Vidi" }, "geometry": { "type": "Point", "coordinates": [ 7919830.627142497338355, 2546240.158704539295286 ] } },
{ "type": "Feature", "properties": { "Sl_no": 150, "Project_partner": "Sahjeevan", "State": "Gujarat", "Location": "Chotila", "CT_no": "178/177", "Altitude": "-", "Grid_no": "10", "CT_loc_ID": "DEPKAB002", "PA_name": "-", "Range": "-", "Beat": "-", "Nearest_village": "-", "Date_of_Deployment": "18-03-2025", "Habitat_type": "Vidi" }, "geometry": { "type": "Point", "coordinates": [ 7919369.207853158935905, 2548197.692170435097069 ] } },
{ "type": "Feature", "properties": { "Sl_no": 151, "Project_partner": "Sahjeevan", "State": "Gujarat", "Location": "Chotila", "CT_no": "1279A3005109", "Altitude": "-", "Grid_no": "4", "CT_loc_ID": "DEPKAB003", "PA_name": "-", "Range": "-", "Beat": "-", "Nearest_village": "-", "Date_of_Deployment": "21-03-2025", "Habitat_type": "Vidi" }, "geometry": { "type": "Point", "coordinates": [ 7918403.399951036088169, 2547713.882267801556736 ] } },
{ "type": "Feature", "properties": { "Sl_no": 152, "Project_partner": "Sahjeevan", "State": "Gujarat", "Location": "Chotila", "CT_no": "1279A3004947", "Altitude": "-", "Grid_no": "30", "CT_loc_ID": "DEPKHER001", "PA_name": "-", "Range": "-", "Beat": "-", "Nearest_village": "-", "Date_of_Deployment": "04-03-2025", "Habitat_type": "Reserved Forest" }, "geometry": { "type": "Point", "coordinates": [ 7926458.478304837830365, 2551316.139793791808188 ] } },
{ "type": "Feature", "properties": { "Sl_no": 153, "Project_partner": "Sahjeevan", "State": "Gujarat", "Location": "Chotila", "CT_no": "1279A3004887", "Altitude": "-", "Grid_no": "24", "CT_loc_ID": "DEPKHER002", "PA_name": "-", "Range": "-", "Beat": "-", "Nearest_village": "-", "Date_of_Deployment": "21-03-2025", "Habitat_type": "Agricultural Land" }, "geometry": { "type": "Point", "coordinates": [ 7923918.612802897579968, 2549085.816186030395329 ] } },
{ "type": "Feature", "properties": { "Sl_no": 154, "Project_partner": "Sahjeevan", "State": "Gujarat", "Location": "Chotila", "CT_no": "1279A3005108", "Altitude": "-", "Grid_no": "31", "CT_loc_ID": "DEPKHER003", "PA_name": "-", "Range": "-", "Beat": "-", "Nearest_village": "-", "Date_of_Deployment": "21-03-2025", "Habitat_type": "Revenue Wasteland" }, "geometry": { "type": "Point", "coordinates": [ 7926301.629142311401665, 2549298.679329527076334 ] } },
{ "type": "Feature", "properties": { "Sl_no": 155, "Project_partner": "Sahjeevan", "State": "Gujarat", "Location": "Chotila", "CT_no": "170", "Altitude": "-", "Grid_no": "25", "CT_loc_ID": "DEPMAHI001", "PA_name": "-", "Range": "-", "Beat": "-", "Nearest_village": "-", "Date_of_Deployment": "18-03-2025", "Habitat_type": "Vidi" }, "geometry": { "type": "Point", "coordinates": [ 7923783.58226056676358, 2546418.81779579538852 ] } },
{ "type": "Feature", "properties": { "Sl_no": 156, "Project_partner": "Sahjeevan", "State": "Gujarat", "Location": "Chotila", "CT_no": "171", "Altitude": "-", "Grid_no": "26", "CT_loc_ID": "DEPMAHI002", "PA_name": "-", "Range": "-", "Beat": "-", "Nearest_village": "-", "Date_of_Deployment": "18-03-2025", "Habitat_type": "Reserve Forest" }, "geometry": { "type": "Point", "coordinates": [ 7924016.239996324293315, 2544539.443237382918596 ] } },
{ "type": "Feature", "properties": { "Sl_no": 157, "Project_partner": "Sahjeevan", "State": "Gujarat", "Location": "Chotila", "CT_no": "175", "Altitude": "-", "Grid_no": "25", "CT_loc_ID": "DEPMAHIFOXDEN", "PA_name": "-", "Range": "-", "Beat": "-", "Nearest_village": "-", "Date_of_Deployment": "18-03-2025", "Habitat_type": "Vidi" }, "geometry": { "type": "Point", "coordinates": [ 7923774.788020793348551, 2546399.327620872762054 ] } },
{ "type": "Feature", "properties": { "Sl_no": 158, "Project_partner": "Sahjeevan", "State": "Gujarat", "Location": "Chotila", "CT_no": "1279A3005110", "Altitude": "-", "Grid_no": "29", "CT_loc_ID": "DEPMOK001", "PA_name": "-", "Range": "-", "Beat": "-", "Nearest_village": "-", "Date_of_Deployment": "21-03-2025", "Habitat_type": "Vidi" }, "geometry": { "type": "Point", "coordinates": [ 7926040.807575380429626, 2552684.87776100775227 ] } },
{ "type": "Feature", "properties": { "Sl_no": 159, "Project_partner": "Sahjeevan", "State": "Gujarat", "Location": "Chotila", "CT_no": "1279A3005103", "Altitude": "-", "Grid_no": "1", "CT_loc_ID": "DEPRAJ001", "PA_name": "-", "Range": "-", "Beat": "-", "Nearest_village": "-", "Date_of_Deployment": "06-03-2025", "Habitat_type": "Reserved Forest" }, "geometry": { "type": "Point", "coordinates": [ 7917632.289838311262429, 2553377.773968741763383 ] } },
{ "type": "Feature", "properties": { "Sl_no": 160, "Project_partner": "Sahjeevan", "State": "Gujarat", "Location": "Chotila", "CT_no": "1279A3005101", "Altitude": "-", "Grid_no": "7", "CT_loc_ID": "DEPRAJ002", "PA_name": "-", "Range": "-", "Beat": "-", "Nearest_village": "-", "Date_of_Deployment": "13-03-2025", "Habitat_type": "Vidi" }, "geometry": { "type": "Point", "coordinates": [ 7920310.970745270140469, 2552868.29929771181196 ] } },
{ "type": "Feature", "properties": { "Sl_no": 161, "Project_partner": "Sahjeevan", "State": "Gujarat", "Location": "Chotila", "CT_no": "1279A3005107", "Altitude": "-", "Grid_no": "2", "CT_loc_ID": "DEPRAJ003", "PA_name": "-", "Range": "-", "Beat": "-", "Nearest_village": "-", "Date_of_Deployment": "06-03-2025", "Habitat_type": "Agricultural Land" }, "geometry": { "type": "Point", "coordinates": [ 7917735.705645259469748, 2551203.016001206357032 ] } },
{ "type": "Feature", "properties": { "Sl_no": 162, "Project_partner": "Sahjeevan", "State": "Gujarat", "Location": "Chotila", "CT_no": "1279A3005102", "Altitude": "-", "Grid_no": "9", "CT_loc_ID": "DEPRAJ004", "PA_name": "-", "Range": "-", "Beat": "-", "Nearest_village": "-", "Date_of_Deployment": "13-03-2025", "Habitat_type": "Vidi" }, "geometry": { "type": "Point", "coordinates": [ 7919865.024865152314305, 2551153.434323886875063 ] } },
{ "type": "Feature", "properties": { "Sl_no": 163, "Project_partner": "Sahjeevan", "State": "Gujarat", "Location": "Chotila", "CT_no": "1279A3004941", "Altitude": "-", "Grid_no": "16", "CT_loc_ID": "DEPRAJ005", "PA_name": "-", "Range": "-", "Beat": "-", "Nearest_village": "-", "Date_of_Deployment": "05-03-2025", "Habitat_type": "Agricultural Land" }, "geometry": { "type": "Point", "coordinates": [ 7922024.511667050421238, 2551258.013324299361557 ] } },
{ "type": "Feature", "properties": { "Sl_no": 164, "Project_partner": "Sahjeevan", "State": "Gujarat", "Location": "Chotila", "CT_no": "174", "Altitude": "-", "Grid_no": "3", "CT_loc_ID": "DEPRAJ006", "PA_name": "-", "Range": "-", "Beat": "-", "Nearest_village": "-", "Date_of_Deployment": "18-03-2025", "Habitat_type": "Agricultural Land" }, "geometry": { "type": "Point", "coordinates": [ 7917746.503635866567492, 2549252.111526094842702 ] } },
{ "type": "Feature", "properties": { "Sl_no": 165, "Project_partner": "Sahjeevan", "State": "Gujarat", "Location": "Chotila", "CT_no": "173", "Altitude": "-", "Grid_no": "17", "CT_loc_ID": "DEPRAJ008", "PA_name": "-", "Range": "-", "Beat": "-", "Nearest_village": "-", "Date_of_Deployment": "18-03-2025", "Habitat_type": "Vidi" }, "geometry": { "type": "Point", "coordinates": [ 7921938.016422704793513, 2549649.325798839796335 ] } },
{ "type": "Feature", "properties": { "Sl_no": 166, "Project_partner": "Sahjeevan", "State": "Gujarat", "Location": "Chotila", "CT_no": "172", "Altitude": "-", "Grid_no": "15", "CT_loc_ID": "DEPRESH002", "PA_name": "-", "Range": "-", "Beat": "-", "Nearest_village": "-", "Date_of_Deployment": "18-03-2025", "Habitat_type": "Gauchar" }, "geometry": { "type": "Point", "coordinates": [ 7921282.789899895898998, 2552943.281251362990588 ] } },
{ "type": "Feature", "properties": { "Sl_no": 167, "Project_partner": "Sahjeevan", "State": "Gujarat", "Location": "Chotila", "CT_no": "177", "Altitude": "-", "Grid_no": "22", "CT_loc_ID": "DEPRESH003", "PA_name": "-", "Range": "-", "Beat": "-", "Nearest_village": "-", "Date_of_Deployment": "18-03-2025", "Habitat_type": "Agricultural Land" }, "geometry": { "type": "Point", "coordinates": [ 7924630.946224483661354, 2553484.292599118780345 ] } },
{ "type": "Feature", "properties": { "Sl_no": 168, "Project_partner": "Sahjeevan", "State": "Gujarat", "Location": "Chotila", "CT_no": "1279A3005021", "Altitude": "-", "Grid_no": "23", "CT_loc_ID": "DEPRESH004", "PA_name": "-", "Range": "-", "Beat": "-", "Nearest_village": "-", "Date_of_Deployment": "04-03-2025", "Habitat_type": "Agricultural Land" }, "geometry": { "type": "Point", "coordinates": [ 7924255.688221019692719, 2551223.474502973258495 ] } },
{ "type": "Feature", "properties": { "Sl_no": 169, "Project_partner": "Sahjeevan", "State": "Gujarat", "Location": "Chotila", "CT_no": "-", "Altitude": "-", "Grid_no": "32", "CT_loc_ID": "DEPSOD001", "PA_name": "-", "Range": "-", "Beat": "-", "Nearest_village": "-", "Date_of_Deployment": "21-03-2025", "Habitat_type": "Agricultural Land" }, "geometry": { "type": "Point", "coordinates": [ 7925821.619498010724783, 2546350.722591699566692 ] } },
{ "type": "Feature", "properties": { "Sl_no": 170, "Project_partner": "Sahjeevan", "State": "Gujarat", "Location": "Chotila", "CT_no": "1279A3001878", "Altitude": "-", "Grid_no": "24", "CT_loc_ID": "KHERHYENA", "PA_name": "-", "Range": "-", "Beat": "-", "Nearest_village": "-", "Date_of_Deployment": "03-03-2025", "Habitat_type": "Vidi" }, "geometry": { "type": "Point", "coordinates": [ 7923230.658349796198308, 2548722.667540470603853 ] } },
{ "type": "Feature", "properties": { "Sl_no": 171, "Project_partner": "Sahjeevan", "State": "Gujarat", "Location": "Gugaliyana", "CT_no": "172", "Altitude": "-", "Grid_no": "-", "CT_loc_ID": "DEPGUG01", "PA_name": "-", "Range": "-", "Beat": "-", "Nearest_village": "-", "Date_of_Deployment": "03-12-2024", "Habitat_type": "Reserved Forest" }, "geometry": { "type": "Point", "coordinates": [ 7931598.433153235353529, 2575758.931101014837623 ] } },
{ "type": "Feature", "properties": { "Sl_no": 172, "Project_partner": "Sahjeevan", "State": "Gujarat", "Location": "Gugaliyana", "CT_no": "177", "Altitude": "-", "Grid_no": "-", "CT_loc_ID": "DEPGUG02", "PA_name": "-", "Range": "-", "Beat": "-", "Nearest_village": "-", "Date_of_Deployment": "03-12-2024", "Habitat_type": "Reserved Forest" }, "geometry": { "type": "Point", "coordinates": [ 7931539.990420568734407, 2575818.468573686201125 ] } },
{ "type": "Feature", "properties": { "Sl_no": 173, "Project_partner": "Sahjeevan", "State": "Gujarat", "Location": "Gugaliyana", "CT_no": "174", "Altitude": "-", "Grid_no": "-", "CT_loc_ID": "DEPGUG06", "PA_name": "-", "Range": "-", "Beat": "-", "Nearest_village": "-", "Date_of_Deployment": "03-12-2024", "Habitat_type": "Reserved Forest" }, "geometry": { "type": "Point", "coordinates": [ 7931677.024713736027479, 2575818.830137936398387 ] } },
{ "type": "Feature", "properties": { "Sl_no": 174, "Project_partner": "Sahjeevan", "State": "Gujarat", "Location": "Gugaliyana", "CT_no": "179", "Altitude": "-", "Grid_no": "-", "CT_loc_ID": "DEPGUG07", "PA_name": "-", "Range": "-", "Beat": "-", "Nearest_village": "-", "Date_of_Deployment": "16-12-2024", "Habitat_type": "Reserved Forest" }, "geometry": { "type": "Point", "coordinates": [ 7931980.036367674358189, 2575765.318714402616024 ] } },
{ "type": "Feature", "properties": { "Sl_no": 175, "Project_partner": "Sahjeevan", "State": "Gujarat", "Location": "Gugaliyana", "CT_no": "175", "Altitude": "-", "Grid_no": "-", "CT_loc_ID": "DEPGUG08", "PA_name": "-", "Range": "-", "Beat": "-", "Nearest_village": "-", "Date_of_Deployment": "16-12-2024", "Habitat_type": "Reserved Forest" }, "geometry": { "type": "Point", "coordinates": [ 7932168.38894609734416, 2575800.751935065258294 ] } },
{ "type": "Feature", "properties": { "Sl_no": 176, "Project_partner": "Sahjeevan", "State": "Gujarat", "Location": "Gugaliyana", "CT_no": "173", "Altitude": "-", "Grid_no": "-", "CT_loc_ID": "DEPGUG09", "PA_name": "-", "Range": "-", "Beat": "-", "Nearest_village": "-", "Date_of_Deployment": "16-12-2024", "Habitat_type": "Reserved Forest" }, "geometry": { "type": "Point", "coordinates": [ 7931900.888209722004831, 2575979.244918314740062 ] } },
{ "type": "Feature", "properties": { "Sl_no": 177, "Project_partner": "Sahjeevan", "State": "Gujarat", "Location": "Gugaliyana", "CT_no": "170", "Altitude": "-", "Grid_no": "-", "CT_loc_ID": "DEPGUG10", "PA_name": "-", "Range": "-", "Beat": "-", "Nearest_village": "-", "Date_of_Deployment": "16-12-2024", "Habitat_type": "Reserved Forest" }, "geometry": { "type": "Point", "coordinates": [ 7931880.405423413962126, 2575955.140419841744006 ] } },
{ "type": "Feature", "properties": { "Sl_no": 178, "Project_partner": "Sahjeevan", "State": "Gujarat", "Location": "Gugaliyana", "CT_no": "176", "Altitude": "-", "Grid_no": "-", "CT_loc_ID": "DEPGUG11", "PA_name": "-", "Range": "-", "Beat": "-", "Nearest_village": "-", "Date_of_Deployment": "16-12-2024", "Habitat_type": "Reserved Forest" }, "geometry": { "type": "Point", "coordinates": [ 7931868.71687688305974, 2575966.831097241025418 ] } },
{ "type": "Feature", "properties": { "Sl_no": 179, "Project_partner": "Sahjeevan", "State": "Gujarat", "Location": "Gugaliyana", "CT_no": "171", "Altitude": "-", "Grid_no": "-", "CT_loc_ID": "DEPGUG12", "PA_name": "-", "Range": "-", "Beat": "-", "Nearest_village": "-", "Date_of_Deployment": "16-12-2024", "Habitat_type": "Reserved Forest" }, "geometry": { "type": "Point", "coordinates": [ 7931648.860882566310465, 2576259.462275232654065 ] } },
{ "type": "Feature", "properties": { "Sl_no": 180, "Project_partner": "Sahjeevan", "State": "Gujarat", "Location": "Gugaliyana", "CT_no": "178", "Altitude": "-", "Grid_no": "-", "CT_loc_ID": "DEPGUG13", "PA_name": "-", "Range": "-", "Beat": "-", "Nearest_village": "-", "Date_of_Deployment": "16-12-2024", "Habitat_type": "Reserved Forest" }, "geometry": { "type": "Point", "coordinates": [ 7931441.695310197770596, 2575902.231168118771166 ] } },
{ "type": "Feature", "properties": { "Sl_no": 181, "Project_partner": "Sahjeevan", "State": "Gujarat", "Location": "Gugaliyana", "CT_no": "173", "Altitude": "-", "Grid_no": "-", "CT_loc_ID": "DEPGUG14", "PA_name": "-", "Range": "-", "Beat": "-", "Nearest_village": "-", "Date_of_Deployment": "27-12-2024", "Habitat_type": "Reserved Forest" }, "geometry": { "type": "Point", "coordinates": [ 7932086.123842401430011, 2575938.749380823224783 ] } },
{ "type": "Feature", "properties": { "Sl_no": 182, "Project_partner": "Sahjeevan", "State": "Gujarat", "Location": "Gugaliyana", "CT_no": "1279A3005110", "Altitude": "-", "Grid_no": "-", "CT_loc_ID": "DEPGUG15", "PA_name": "-", "Range": "-", "Beat": "-", "Nearest_village": "-", "Date_of_Deployment": "30-12-2024", "Habitat_type": "Reserved Forest" }, "geometry": { "type": "Point", "coordinates": [ 7932155.921163128688931, 2574981.950451415032148 ] } },
{ "type": "Feature", "properties": { "Sl_no": 183, "Project_partner": "Sahjeevan", "State": "Gujarat", "Location": "Gugaliyana", "CT_no": "1279A3005021", "Altitude": "-", "Grid_no": "-", "CT_loc_ID": "DEPGUG16", "PA_name": "-", "Range": "-", "Beat": "-", "Nearest_village": "-", "Date_of_Deployment": "30-12-2024", "Habitat_type": "Reserved Forest" }, "geometry": { "type": "Point", "coordinates": [ 7932316.555188342928886, 2575004.727869760245085 ] } },
{ "type": "Feature", "properties": { "Sl_no": 184, "Project_partner": "Sahjeevan", "State": "Gujarat", "Location": "Gugaliyana", "CT_no": "1279A3005108", "Altitude": "-", "Grid_no": "-", "CT_loc_ID": "DEPGUG17", "PA_name": "-", "Range": "-", "Beat": "-", "Nearest_village": "-", "Date_of_Deployment": "30-12-2024", "Habitat_type": "Reserved Forest" }, "geometry": { "type": "Point", "coordinates": [ 7932464.164833134971559, 2575346.633920887950808 ] } },
{ "type": "Feature", "properties": { "Sl_no": 185, "Project_partner": "Sahjeevan", "State": "Gujarat", "Location": "Gugaliyana", "CT_no": "1279A3005104", "Altitude": "-", "Grid_no": "-", "CT_loc_ID": "DEPGUG18", "PA_name": "-", "Range": "-", "Beat": "-", "Nearest_village": "-", "Date_of_Deployment": "30-12-2024", "Habitat_type": "Reserved Forest" }, "geometry": { "type": "Point", "coordinates": [ 7932188.983051893301308, 2574556.054621986113489 ] } },
{ "type": "Feature", "properties": { "Sl_no": 186, "Project_partner": "Sahjeevan", "State": "Gujarat", "Location": "Gugaliyana", "CT_no": "1279A3005103", "Altitude": "-", "Grid_no": "-", "CT_loc_ID": "DEPGUG19", "PA_name": "-", "Range": "-", "Beat": "-", "Nearest_village": "-", "Date_of_Deployment": "30-12-2024", "Habitat_type": "Reserved Forest" }, "geometry": { "type": "Point", "coordinates": [ 7932114.844271025620401, 2574396.738155777100474 ] } },
{ "type": "Feature", "properties": { "Sl_no": 187, "Project_partner": "Sahjeevan", "State": "Gujarat", "Location": "Gugaliyana", "CT_no": "1279A3005106", "Altitude": "-", "Grid_no": "-", "CT_loc_ID": "DEPGUG20", "PA_name": "-", "Range": "-", "Beat": "-", "Nearest_village": "-", "Date_of_Deployment": "30-12-2024", "Habitat_type": "Reserved Forest" }, "geometry": { "type": "Point", "coordinates": [ 7931809.606227270327508, 2574440.36323929252103 ] } },
{ "type": "Feature", "properties": { "Sl_no": 188, "Project_partner": "Sahjeevan", "State": "Gujarat", "Location": "Gugaliyana", "CT_no": "1279A3001873", "Altitude": "-", "Grid_no": "-", "CT_loc_ID": "DEPGUG21", "PA_name": "-", "Range": "-", "Beat": "-", "Nearest_village": "-", "Date_of_Deployment": "30-12-2024", "Habitat_type": "Reserved Forest" }, "geometry": { "type": "Point", "coordinates": [ 7931635.502543669193983, 2574426.865963674150407 ] } },
{ "type": "Feature", "properties": { "Sl_no": 189, "Project_partner": "Sahjeevan", "State": "Gujarat", "Location": "Gugaliyana", "CT_no": "1279A3005101", "Altitude": "-", "Grid_no": "-", "CT_loc_ID": "DEPGUG22", "PA_name": "-", "Range": "-", "Beat": "-", "Nearest_village": "-", "Date_of_Deployment": "03-01-2025", "Habitat_type": "Reserved Forest" }, "geometry": { "type": "Point", "coordinates": [ 7932938.608502895571291, 2577707.749013875611126 ] } },
{ "type": "Feature", "properties": { "Sl_no": 190, "Project_partner": "Sahjeevan", "State": "Gujarat", "Location": "Gugaliyana", "CT_no": "1279A3005102", "Altitude": "-", "Grid_no": "-", "CT_loc_ID": "DEPGUG23", "PA_name": "-", "Range": "-", "Beat": "-", "Nearest_village": "-", "Date_of_Deployment": "03-01-2025", "Habitat_type": "Reserved Forest" }, "geometry": { "type": "Point", "coordinates": [ 7932667.100264851935208, 2577783.083623370155692 ] } },
{ "type": "Feature", "properties": { "Sl_no": 191, "Project_partner": "Sahjeevan", "State": "Gujarat", "Location": "Gugaliyana", "CT_no": "178", "Altitude": "-", "Grid_no": "-", "CT_loc_ID": "DEPGUG24", "PA_name": "-", "Range": "-", "Beat": "-", "Nearest_village": "-", "Date_of_Deployment": "03-01-2025", "Habitat_type": "Reserved Forest" }, "geometry": { "type": "Point", "coordinates": [ 7932492.99658124987036, 2577558.286158716771752 ] } },
{ "type": "Feature", "properties": { "Sl_no": 192, "Project_partner": "Sahjeevan", "State": "Gujarat", "Location": "Gugaliyana", "CT_no": "1279A3005109", "Altitude": "-", "Grid_no": "-", "CT_loc_ID": "DEPGUG25", "PA_name": "-", "Range": "-", "Beat": "-", "Nearest_village": "-", "Date_of_Deployment": "03-01-2025", "Habitat_type": "Reserved Forest" }, "geometry": { "type": "Point", "coordinates": [ 7933338.690752808004618, 2577526.34467434277758 ] } },
{ "type": "Feature", "properties": { "Sl_no": 193, "Project_partner": "Sahjeevan", "State": "Gujarat", "Location": "Gugaliyana", "CT_no": "1279A3005021", "Altitude": "-", "Grid_no": "-", "CT_loc_ID": "DEPGUG26", "PA_name": "-", "Range": "-", "Beat": "-", "Nearest_village": "-", "Date_of_Deployment": "12-02-2025", "Habitat_type": "Reserved Forest" }, "geometry": { "type": "Point", "coordinates": [ 7932675.783185132779181, 2576315.626837878953665 ] } },
{ "type": "Feature", "properties": { "Sl_no": 194, "Project_partner": "Sahjeevan", "State": "Gujarat", "Location": "Gugaliyana", "CT_no": "1279A3005110", "Altitude": "-", "Grid_no": "-", "CT_loc_ID": "DEPGUG27", "PA_name": "-", "Range": "-", "Beat": "-", "Nearest_village": "-", "Date_of_Deployment": "12-02-2025", "Habitat_type": "Reserved Forest" }, "geometry": { "type": "Point", "coordinates": [ 7932488.098523654974997, 2575795.69004178000614 ] } },
{ "type": "Feature", "properties": { "Sl_no": 195, "Project_partner": "Sahjeevan", "State": "Gujarat", "Location": "Gugaliyana", "CT_no": "1279A3005103", "Altitude": "-", "Grid_no": "-", "CT_loc_ID": "DEPGUG28", "PA_name": "-", "Range": "-", "Beat": "-", "Nearest_village": "-", "Date_of_Deployment": "12-02-2025", "Habitat_type": "Reserved Forest" }, "geometry": { "type": "Point", "coordinates": [ 7932456.817746741697192, 2576054.571701072622091 ] } },
{ "type": "Feature", "properties": { "Sl_no": 196, "Project_partner": "Sahjeevan", "State": "Gujarat", "Location": "Gugaliyana", "CT_no": "1279A3005104", "Altitude": "-", "Grid_no": "-", "CT_loc_ID": "DEPGUG29", "PA_name": "-", "Range": "-", "Beat": "-", "Nearest_village": "-", "Date_of_Deployment": "17-02-2025", "Habitat_type": "Reserved Forest" }, "geometry": { "type": "Point", "coordinates": [ 7933254.644537257030606, 2576935.73960044933483 ] } },
{ "type": "Feature", "properties": { "Sl_no": 197, "Project_partner": "Sahjeevan", "State": "Gujarat", "Location": "Gugaliyana", "CT_no": "1279A3005109", "Altitude": "-", "Grid_no": "-", "CT_loc_ID": "DEPGUG30", "PA_name": "-", "Range": "-", "Beat": "-", "Nearest_village": "-", "Date_of_Deployment": "17-02-2025", "Habitat_type": "Reserved Forest" }, "geometry": { "type": "Point", "coordinates": [ 7933412.384255710989237, 2576304.900114917661995 ] } },
{ "type": "Feature", "properties": { "Sl_no": 198, "Project_partner": "Sahjeevan", "State": "Gujarat", "Location": "Gugaliyana", "CT_no": "1279A3001873", "Altitude": "-", "Grid_no": "-", "CT_loc_ID": "DEPGUG31", "PA_name": "-", "Range": "-", "Beat": "-", "Nearest_village": "-", "Date_of_Deployment": "17-02-2025", "Habitat_type": "Reserved Forest" }, "geometry": { "type": "Point", "coordinates": [ 7933507.562420340254903, 2576498.464291598647833 ] } },
{ "type": "Feature", "properties": { "Sl_no": 199, "Project_partner": "Sahjeevan", "State": "Gujarat", "Location": "Gugaliyana", "CT_no": "1279A3005101", "Altitude": "-", "Grid_no": "-", "CT_loc_ID": "DEPGUG32", "PA_name": "-", "Range": "-", "Beat": "-", "Nearest_village": "-", "Date_of_Deployment": "17-02-2025", "Habitat_type": "Reserved Forest" }, "geometry": { "type": "Point", "coordinates": [ 7933615.542326409369707, 2576343.829715512227267 ] } },
{ "type": "Feature", "properties": { "Sl_no": 200, "Project_partner": "Sahjeevan", "State": "Gujarat", "Location": "Gugaliyana", "CT_no": "1279A3005102", "Altitude": "-", "Grid_no": "-", "CT_loc_ID": "DEPGUG33", "PA_name": "-", "Range": "-", "Beat": "-", "Nearest_village": "-", "Date_of_Deployment": "17-02-2025", "Habitat_type": "Reserved Forest" }, "geometry": { "type": "Point", "coordinates": [ 7932851.111383131705225, 2576216.193996802438051 ] } },
{ "type": "Feature", "properties": { "Sl_no": 201, "Project_partner": "Sahjeevan", "State": "Gujarat", "Location": "Gugaliyana", "CT_no": "1279A3005108", "Altitude": "-", "Grid_no": "-", "CT_loc_ID": "DEPGUG34", "PA_name": "-", "Range": "-", "Beat": "-", "Nearest_village": "-", "Date_of_Deployment": "17-02-2025", "Habitat_type": "Reserved Forest" }, "geometry": { "type": "Point", "coordinates": [ 7932606.653781349770725, 2576545.590157402679324 ] } },
{ "type": "Feature", "properties": { "Sl_no": 202, "Project_partner": "Sahjeevan", "State": "Gujarat", "Location": "Vavdi", "CT_no": "179", "Altitude": "-", "Grid_no": "-", "CT_loc_ID": "DEPVAV01", "PA_name": "-", "Range": "-", "Beat": "-", "Nearest_village": "-", "Date_of_Deployment": "18-02-2025", "Habitat_type": "Reserved Forest" }, "geometry": { "type": "Point", "coordinates": [ 7931265.810514744371176, 2573200.346707099583 ] } },
{ "type": "Feature", "properties": { "Sl_no": 203, "Project_partner": "Sahjeevan", "State": "Gujarat", "Location": "Vavdi", "CT_no": "177", "Altitude": "-", "Grid_no": "-", "CT_loc_ID": "DEPVAV02", "PA_name": "-", "Range": "-", "Beat": "-", "Nearest_village": "-", "Date_of_Deployment": "18-02-2025", "Habitat_type": "Reserved Forest" }, "geometry": { "type": "Point", "coordinates": [ 7931422.437038291245699, 2573098.040427782572806 ] } },
{ "type": "Feature", "properties": { "Sl_no": 204, "Project_partner": "Sahjeevan", "State": "Gujarat", "Location": "Vavdi", "CT_no": "172", "Altitude": "-", "Grid_no": "-", "CT_loc_ID": "DEPVAV03", "PA_name": "-", "Range": "-", "Beat": "-", "Nearest_village": "-", "Date_of_Deployment": "18-02-2025", "Habitat_type": "Reserved Forest" }, "geometry": { "type": "Point", "coordinates": [ 7931510.60207499936223, 2573217.217060856055468 ] } },
{ "type": "Feature", "properties": { "Sl_no": 205, "Project_partner": "Sahjeevan", "State": "Gujarat", "Location": "Vavdi", "CT_no": "1279A3004883", "Altitude": "-", "Grid_no": "-", "CT_loc_ID": "DEPVAV04", "PA_name": "-", "Range": "-", "Beat": "-", "Nearest_village": "-", "Date_of_Deployment": "18-02-2025", "Habitat_type": "Reserved Forest" }, "geometry": { "type": "Point", "coordinates": [ 7931623.813997136428952, 2573264.333639341872185 ] } },
{ "type": "Feature", "properties": { "Sl_no": 206, "Project_partner": "Sahjeevan", "State": "Gujarat", "Location": "Vavdi", "CT_no": "173", "Altitude": "-", "Grid_no": "-", "CT_loc_ID": "DEPVAV05", "PA_name": "-", "Range": "-", "Beat": "-", "Nearest_village": "-", "Date_of_Deployment": "18-02-2025", "Habitat_type": "Reserved Forest" }, "geometry": { "type": "Point", "coordinates": [ 7931648.972202056087554, 2573182.03034236561507 ] } },
{ "type": "Feature", "properties": { "Sl_no": 207, "Project_partner": "Sahjeevan", "State": "Gujarat", "Location": "Vavdi", "CT_no": "1279A3004889", "Altitude": "-", "Grid_no": "-", "CT_loc_ID": "DEPVAV06", "PA_name": "-", "Range": "-", "Beat": "-", "Nearest_village": "-", "Date_of_Deployment": "18-02-2025", "Habitat_type": "Reserved Forest" }, "geometry": { "type": "Point", "coordinates": [ 7931827.083387324586511, 2573326.272259847726673 ] } },
{ "type": "Feature", "properties": { "Sl_no": 208, "Project_partner": "Sahjeevan", "State": "Gujarat", "Location": "Vavdi", "CT_no": "1279A3005106", "Altitude": "-", "Grid_no": "-", "CT_loc_ID": "DEPVAV07", "PA_name": "-", "Range": "-", "Beat": "-", "Nearest_village": "-", "Date_of_Deployment": "18-02-2025", "Habitat_type": "Reserved Forest" }, "geometry": { "type": "Point", "coordinates": [ 7931793.576220597140491, 2573283.493616024032235 ] } },
{ "type": "Feature", "properties": { "Sl_no": 209, "Project_partner": "Sahjeevan", "State": "Gujarat", "Location": "Vavdi", "CT_no": "1279A3004944", "Altitude": "-", "Grid_no": "-", "CT_loc_ID": "DEPVAV08", "PA_name": "-", "Range": "-", "Beat": "-", "Nearest_village": "-", "Date_of_Deployment": "18-02-2025", "Habitat_type": "Reserved Forest" }, "geometry": { "type": "Point", "coordinates": [ 7931865.71125063020736, 2573397.128396096173674 ] } },
{ "type": "Feature", "properties": { "Sl_no": 210, "Project_partner": "Sahjeevan", "State": "Gujarat", "Location": "Vavdi", "CT_no": "170", "Altitude": "-", "Grid_no": "-", "CT_loc_ID": "DEPVAV09", "PA_name": "-", "Range": "-", "Beat": "-", "Nearest_village": "-", "Date_of_Deployment": "18-02-2025", "Habitat_type": "Reserved Forest" }, "geometry": { "type": "Point", "coordinates": [ 7931596.318082910962403, 2573505.341240271460265 ] } },
{ "type": "Feature", "properties": { "Sl_no": 211, "Project_partner": "Sahjeevan", "State": "Gujarat", "Location": "Vavdi", "CT_no": "175", "Altitude": "-", "Grid_no": "-", "CT_loc_ID": "DEPVAV10", "PA_name": "-", "Range": "-", "Beat": "-", "Nearest_village": "-", "Date_of_Deployment": "18-02-2025", "Habitat_type": "Reserved Forest" }, "geometry": { "type": "Point", "coordinates": [ 7931808.826990835368633, 2573575.716117547359318 ] } },
{ "type": "Feature", "properties": { "Sl_no": 212, "Project_partner": "Sahjeevan", "State": "Gujarat", "Location": "Vavdi", "CT_no": "171", "Altitude": "-", "Grid_no": "-", "CT_loc_ID": "DEPVAV11", "PA_name": "-", "Range": "-", "Beat": "-", "Nearest_village": "-", "Date_of_Deployment": "18-02-2025", "Habitat_type": "Reserved Forest" }, "geometry": { "type": "Point", "coordinates": [ 7931717.878966857679188, 2573917.954349023289979 ] } },
{ "type": "Feature", "properties": { "Sl_no": 213, "Project_partner": "Sahjeevan", "State": "Gujarat", "Location": "Vavdi", "CT_no": "176", "Altitude": "-", "Grid_no": "-", "CT_loc_ID": "DEPVAV12", "PA_name": "-", "Range": "-", "Beat": "-", "Nearest_village": "-", "Date_of_Deployment": "18-02-2025", "Habitat_type": "Reserved Forest" }, "geometry": { "type": "Point", "coordinates": [ 7931521.400065606459975, 2573902.77039107400924 ] } },
{ "type": "Feature", "properties": { "Sl_no": 214, "Project_partner": "Sahjeevan", "State": "Gujarat", "Location": "Vavdi", "CT_no": "1279A3004942", "Altitude": "-", "Grid_no": "-", "CT_loc_ID": "DEPVAV13", "PA_name": "-", "Range": "-", "Beat": "-", "Nearest_village": "-", "Date_of_Deployment": "18-02-2025", "Habitat_type": "Reserved Forest" }, "geometry": { "type": "Point", "coordinates": [ 7931432.233153481036425, 2573839.745062811300159 ] } },
{ "type": "Feature", "properties": { "Sl_no": 215, "Project_partner": "Sahjeevan", "State": "Gujarat", "Location": "Vavdi", "CT_no": "174", "Altitude": "-", "Grid_no": "-", "CT_loc_ID": "DEPVAV14", "PA_name": "-", "Range": "-", "Beat": "-", "Nearest_village": "-", "Date_of_Deployment": "18-02-2025", "Habitat_type": "Reserved Forest" }, "geometry": { "type": "Point", "coordinates": [ 7931367.779168312437832, 2573995.802477856632322 ] } },
{ "type": "Feature", "properties": { "Sl_no": 216, "Project_partner": "Sahjeevan", "State": "Gujarat", "Location": "Vavdi", "CT_no": "1279A3004888", "Altitude": "-", "Grid_no": "-", "CT_loc_ID": "DEPVAV15", "PA_name": "-", "Range": "-", "Beat": "-", "Nearest_village": "-", "Date_of_Deployment": "19-02-2025", "Habitat_type": "Reserved Forest" }, "geometry": { "type": "Point", "coordinates": [ 7931430.563361118547618, 2573735.868273638188839 ] } },
{ "type": "Feature", "properties": { "Sl_no": 217, "Project_partner": "Sahjeevan", "State": "Gujarat", "Location": "Vavdi", "CT_no": "1279A3004950", "Altitude": "-", "Grid_no": "-", "CT_loc_ID": "DEPVAV16", "PA_name": "-", "Range": "-", "Beat": "-", "Nearest_village": "-", "Date_of_Deployment": "19-02-2025", "Habitat_type": "Reserved Forest" }, "geometry": { "type": "Point", "coordinates": [ 7931349.968049785122275, 2573893.250297516118735 ] } }
]
}
