{
"type": "FeatureCollection",
"name": "gumti_tripura",
"crs": { "type": "name", "properties": { "name": "urn:ogc:def:crs:EPSG::3857" } },
"xy_coordinate_resolution": 1e-15,
"features": [
{ "type": "Feature", "properties": { "Name": "Gumti WLS", "Area_GIS": 398.45688458500001 }, "geometry": { "type": "MultiPolygon", "coordinates": [ [ [ [ 10218989.708999954164028, 2705163.232921505812556 ], [ 10218973.619111131876707, 2705156.337466683238745 ], [ 10218983.779705101624131, 2705159.804489417001605 ], [ 10218989.708999954164028, 2705163.232921505812556 ], [ 10218996.576306143775582, 2705156.627525967080146 ], [ 10219022.363602507859468, 2705136.390863242559135 ], [ 10219007.427618173882365, 2705129.489679569378495 ], [ 10218994.422985605895519, 2705125.11091881012544 ], [ 10218958.692609526216984, 2705115.701832249294966 ], [ 10218959.721197735518217, 2705108.99096340034157 ], [ 10218964.582844218239188, 2705088.103100096806884 ], [ 10218966.217442186549306, 2705081.732623094227165 ], [ 10218957.302194254472852, 2705075.997997476253659 ], [ 10218951.03805679641664, 2705071.511396961286664 ], [ 10218946.978068545460701, 2705067.040719083510339 ], [ 10218944.244171746075153, 2705064.795856957323849 ], [ 10218941.653935777023435, 2705064.534248748328537 ], [ 10218938.582762762904167, 2705065.466119710821658 ], [ 10218932.090241892263293, 2705069.782755034975708 ], [ 10218925.152412990108132, 2705074.216907867230475 ], [ 10218916.836839191615582, 2705077.216121429111809 ], [ 10218908.662075007334352, 2705078.907230457756668 ], [ 10218902.325746951624751, 2705079.666228412650526 ], [ 10218895.683489987626672, 2705078.521547290962189 ], [ 10218889.028224520385265, 2705076.631085665430874 ], [ 10218880.825665028765798, 2705069.841620098799467 ], [ 10218874.057205505669117, 2705062.08322040271014 ], [ 10218867.865098671987653, 2705057.968305553309619 ], [ 10218854.15173845179379, 2705051.725836814846843 ], [ 10218848.08695968799293, 2705048.036470680031925 ], [ 10218843.497926680371165, 2705042.006160988472402 ], [ 10218836.26148796454072, 2705034.310985993593931 ], [ 10218829.505737263709307, 2705027.276531612034887 ], [ 10218823.767087237909436, 2705006.608425575308502 ], [ 10218821.057868121191859, 2704996.386815012432635 ], [ 10218814.652439011260867, 2704981.907527805771679 ], [ 10218811.131986942142248, 2704971.458814188838005 ], [ 10218811.03142955340445, 2704968.816433315631002 ], [ 10218801.724226417019963, 2704966.873846150003374 ], [ 10218767.746058475226164, 2704965.333162971306592 ], [ 10218739.302124075591564, 2704965.219850196968764 ], [ 10218725.708295287564397, 2704963.956169155426323 ], [ 10218724.316246068105102, 2704961.698670423123986 ], [ 10218725.558449290692806, 2704952.844594583846629 ], [ 10218726.996810825541615, 2704937.711528738494962 ], [ 10218728.471971342340112, 2704924.069795741233975 ], [ 10218729.747498754411936, 2704908.9834273760207 ], [ 10218732.023732205852866, 2704892.475180457811803 ], [ 10218734.545855976641178, 2704874.426512551959604 ], [ 10218737.502161392942071, 2704855.624162657186389 ], [ 10218738.946800909936428, 2704850.870011990889907 ], [ 10218735.877637891098857, 2704835.640780346468091 ], [ 10218733.953688504174352, 2704817.253593481145799 ], [ 10218733.85085123591125, 2704804.46266911085695 ], [ 10218734.375506842508912, 2704795.753042844124138 ], [ 10218735.798311645165086, 2704791.624687471427023 ], [ 10218737.736843405291438, 2704788.299080912955105 ], [ 10218743.229350678622723, 2704782.321702702902257 ], [ 10218749.410884942859411, 2704776.441831202246249 ], [ 10218753.521686512976885, 2704773.187689191661775 ], [ 10218766.809538630768657, 2704768.795374975539744 ], [ 10218770.91733274795115, 2704765.365730381570756 ], [ 10218774.72705746255815, 2704757.98073053592816 ], [ 10218776.831469224765897, 2704747.268477507866919 ], [ 10218792.923795599490404, 2704739.787625962868333 ], [ 10218808.361340586096048, 2704732.921777601353824 ], [ 10218803.711334943771362, 2704730.897276029922068 ], [ 10218788.885141829028726, 2704727.768288355786353 ], [ 10218777.804355666041374, 2704726.087466966826469 ], [ 10218770.383813159540296, 2704726.602258595637977 ], [ 10218755.952697126194835, 2704729.237304490059614 ], [ 10218747.760294560343027, 2704713.001291166525334 ], [ 10218750.582246856763959, 2704710.910930029116571 ], [ 10218764.323519434779882, 2704704.37124454928562 ], [ 10218763.219783710315824, 2704700.506879449822009 ], [ 10218763.461222104728222, 2704694.325695207808167 ], [ 10218764.685646234080195, 2704682.575693977065384 ], [ 10218764.850385813042521, 2704676.999357360880822 ], [ 10218764.915276357904077, 2704667.573801758699119 ], [ 10218762.967768963426352, 2704660.992442085407674 ], [ 10218758.054447874426842, 2704655.121513924561441 ], [ 10218755.454594636335969, 2704650.548413771670312 ], [ 10218753.586233638226986, 2704643.49384397873655 ], [ 10218758.652585787698627, 2704639.981540095992386 ], [ 10218765.712333997711539, 2704636.927840345539153 ], [ 10218772.427686354145408, 2704631.005607923492789 ], [ 10218781.522900279611349, 2704618.283209993503988 ], [ 10218772.298907525837421, 2704607.957145479042083 ], [ 10218770.311665562912822, 2704601.595965299755335 ], [ 10218768.645898012444377, 2704593.023726695682853 ], [ 10218767.274877155199647, 2704587.595234590116888 ], [ 10218766.860536113381386, 2704582.599582504946738 ], [ 10218759.064421260729432, 2704574.694943439681083 ], [ 10218749.372124932706356, 2704569.423950499854982 ], [ 10218742.977169016376138, 2704568.055509272497147 ], [ 10218733.034492867067456, 2704570.326197090558708 ], [ 10218726.718950252979994, 2704571.01895294059068 ], [ 10218721.125744571909308, 2704566.202354890294373 ], [ 10218709.957643397152424, 2704558.872786368243396 ], [ 10218705.505449760705233, 2704545.653946163132787 ], [ 10218701.923752790316939, 2704542.327004372142255 ], [ 10218695.360885685309768, 2704548.235414300113916 ], [ 10218683.209158843383193, 2704553.331647736020386 ], [ 10218672.378490833565593, 2704554.729258865118027 ], [ 10218654.656514663249254, 2704554.44890183582902 ], [ 10218639.012508567422628, 2704554.461051232181489 ], [ 10218635.37131124176085, 2704543.334531398955733 ], [ 10218633.324344767257571, 2704541.05568465217948 ], [ 10218616.713545192033052, 2704537.552125667221844 ], [ 10218616.276527971029282, 2704533.127409413456917 ], [ 10218612.047539411112666, 2704523.953062484506518 ], [ 10218608.24546179920435, 2704518.622207128442824 ], [ 10218605.450085125863552, 2704515.347099557053298 ], [ 10218603.274667480960488, 2704513.838509981986135 ], [ 10218597.613238759338856, 2704513.872338357847184 ], [ 10218579.017715621739626, 2704514.792251323815435 ], [ 10218576.009315434843302, 2704514.943912275135517 ], [ 10218565.712390163913369, 2704514.412117724772543 ], [ 10218561.215448074042797, 2704508.018176190555096 ], [ 10218558.232758803293109, 2704502.124365873634815 ], [ 10218557.651417020708323, 2704497.559524369891733 ], [ 10218558.944027343764901, 2704493.477479671593755 ], [ 10218558.566647667437792, 2704489.973349682986736 ], [ 10218556.137113496661186, 2704489.533287460450083 ], [ 10218551.623441614210606, 2704490.325874449685216 ], [ 10218545.264691015705466, 2704492.292022807057947 ], [ 10218538.455599589273334, 2704495.330271960701793 ], [ 10218530.102943250909448, 2704496.190418259240687 ], [ 10218523.170974686741829, 2704496.564754707273096 ], [ 10218518.11260936781764, 2704494.88748283777386 ], [ 10218511.686748879030347, 2704491.11673050513491 ], [ 10218498.110217137262225, 2704482.67744745220989 ], [ 10218486.685508392751217, 2704475.637519509531558 ], [ 10218475.108395542949438, 2704469.872951234690845 ], [ 10218471.157740119844675, 2704468.538201658986509 ], [ 10218463.099852995947003, 2704468.153394982684404 ], [ 10218445.268795443698764, 2704467.863734908867627 ], [ 10218435.107587959617376, 2704469.490762005094439 ], [ 10218426.690553557127714, 2704469.156173666473478 ], [ 10218421.864360183477402, 2704467.661210189107805 ], [ 10218419.069859074428678, 2704465.680701686069369 ], [ 10218418.746697388589382, 2704452.751367457676679 ], [ 10218418.724023278802633, 2704452.071542091667652 ], [ 10218418.196036569774151, 2704427.999099128879607 ], [ 10218416.625635860487819, 2704385.392707345075905 ], [ 10218417.657924810424447, 2704345.659048743080348 ], [ 10218499.931186700239778, 2704346.602804483380169 ], [ 10218568.635575737804174, 2704348.311639747116715 ], [ 10218637.710919894278049, 2704350.024665205739439 ], [ 10218671.325423002243042, 2704350.804034756496549 ], [ 10218666.393361130729318, 2704346.985183998476714 ], [ 10218646.825218496844172, 2704334.021772176492959 ], [ 10218648.479903480038047, 2704327.552682094741613 ], [ 10218650.777063658460975, 2704321.642671259585768 ], [ 10218665.505912967026234, 2704328.602267518639565 ], [ 10218682.168876420706511, 2704337.623196035157889 ], [ 10218694.270381908863783, 2704347.185349977575243 ], [ 10218704.071882067248225, 2704358.115471647586673 ], [ 10218713.561629921197891, 2704366.176660708151758 ], [ 10218730.053271422162652, 2704366.610251293517649 ], [ 10218751.588413840159774, 2704365.978556827642024 ], [ 10218754.856239406391978, 2704355.673994053620845 ], [ 10218756.153742097318172, 2704353.753092570230365 ], [ 10218758.373603079468012, 2704353.428684168029577 ], [ 10218760.998094027861953, 2704354.413782643619925 ], [ 10218760.17982511408627, 2704342.513552279211581 ], [ 10218759.026493908837438, 2704328.907730269245803 ], [ 10218757.226847039535642, 2704317.035700222942978 ], [ 10218757.65750621445477, 2704309.820163044147193 ], [ 10218760.63620344735682, 2704302.95456523494795 ], [ 10218762.881276734173298, 2704295.312094502151012 ], [ 10218763.747689245268703, 2704286.179794542025775 ], [ 10218763.880161030218005, 2704275.623267196584493 ], [ 10218764.279581487178802, 2704262.231534789316356 ], [ 10218762.121987227350473, 2704251.726339129265398 ], [ 10218757.568277809768915, 2704236.436080302577466 ], [ 10218750.76318920776248, 2704219.035261049401015 ], [ 10218743.147831747308373, 2704204.588843389879912 ], [ 10218732.199512541294098, 2704186.065143741201609 ], [ 10218728.029954226687551, 2704165.271755942609161 ], [ 10218731.642232641577721, 2704162.213032490573823 ], [ 10218732.308394145220518, 2704142.212098287418485 ], [ 10218734.805747991427779, 2704122.12416056310758 ], [ 10218736.641311705112457, 2704112.261809598654509 ], [ 10218740.714451231062412, 2704099.968369215261191 ], [ 10218746.332438979297876, 2704082.414570813067257 ], [ 10218749.145454114302993, 2704068.552655139937997 ], [ 10218749.544674895703793, 2704058.902164631988853 ], [ 10218751.317181831225753, 2704051.059574420098215 ], [ 10218756.036853358149529, 2704031.415234355255961 ], [ 10218759.098300946876407, 2704015.530289507471025 ], [ 10218759.5252027772367, 2704006.844809964299202 ], [ 10218760.289128864184022, 2704001.225184721406549 ], [ 10218774.416368804872036, 2704001.217693257611245 ], [ 10218783.411734899505973, 2704002.82553260307759 ], [ 10218789.730387495830655, 2704002.330206613056362 ], [ 10218823.052850129082799, 2703995.785821898374707 ], [ 10218830.067844577133656, 2703995.179469384253025 ], [ 10218851.143272908404469, 2703990.112461068667471 ], [ 10218879.280537048354745, 2703983.999538642819971 ], [ 10218908.194929376244545, 2703977.411929478868842 ], [ 10218932.324334202334285, 2703972.938377242535353 ], [ 10218939.174048503860831, 2703972.236170805990696 ], [ 10218938.192040598019958, 2703970.980858708266169 ], [ 10218941.28817930445075, 2703959.593343551270664 ], [ 10218943.669802255928516, 2703950.401589956134558 ], [ 10218945.980726011097431, 2703943.416344040073454 ], [ 10218947.515255231410265, 2703938.825399477034807 ], [ 10218947.242291979491711, 2703936.306858319789171 ], [ 10218943.653343124315143, 2703932.563306098803878 ], [ 10218940.470046447589993, 2703928.93324704747647 ], [ 10218939.721100967377424, 2703926.017161204013973 ], [ 10218942.477040518075228, 2703921.404748606495559 ], [ 10218946.20532694645226, 2703916.248531650751829 ], [ 10218949.408212123438716, 2703910.991915579885244 ], [ 10218951.120392110198736, 2703903.446633554063737 ], [ 10218950.757128167897463, 2703895.751576937269419 ], [ 10218948.780153123661876, 2703888.73216479504481 ], [ 10218946.367460545152426, 2703882.993000823073089 ], [ 10218943.129238583147526, 2703876.215321969706565 ], [ 10218940.3705491758883, 2703870.657912061549723 ], [ 10218939.946044908836484, 2703865.706581050530076 ], [ 10218940.127746570855379, 2703859.855874914675951 ], [ 10218940.885888241231441, 2703857.034055110998452 ], [ 10218943.463381746783853, 2703855.332016795407981 ], [ 10218949.762380205094814, 2703854.957617169711739 ], [ 10218955.590182339772582, 2703854.470951672177762 ], [ 10218960.89248177036643, 2703853.247402026783675 ], [ 10218964.735220996662974, 2703851.52310297312215 ], [ 10218969.977011382579803, 2703847.459254699759185 ], [ 10218974.849669087678194, 2703841.613644137512892 ], [ 10218979.190116820856929, 2703837.78515074076131 ], [ 10218985.660333340987563, 2703831.593278015498072 ], [ 10218987.437591901049018, 2703829.953569331206381 ], [ 10218995.892050035297871, 2703822.153433962725103 ], [ 10219006.630001956596971, 2703813.593389000743628 ], [ 10219017.557453345507383, 2703806.511013230774552 ], [ 10219030.069785417988896, 2703797.10788763826713 ], [ 10219035.996341865509748, 2703787.897659446112812 ], [ 10219042.80564297363162, 2703777.377316353842616 ], [ 10219047.837971825152636, 2703768.808161247521639 ], [ 10219053.471508722752333, 2703755.302495535928756 ], [ 10219059.092008894309402, 2703742.927105722017586 ], [ 10219062.31742069683969, 2703736.46336724050343 ], [ 10219060.878244495019317, 2703734.634718234185129 ], [ 10219051.37979206815362, 2703674.77056078100577 ], [ 10219048.988919923081994, 2703667.155177317559719 ], [ 10219047.137167850509286, 2703654.176569645758718 ], [ 10219046.003576673567295, 2703639.221614568959922 ], [ 10219046.078292636200786, 2703632.868251972366124 ], [ 10219047.761437322944403, 2703629.295056669507176 ], [ 10219052.354576574638486, 2703620.569178220815957 ], [ 10219057.38940479233861, 2703612.76808201149106 ], [ 10219059.520816260948777, 2703608.627469319850206 ], [ 10219057.578668931499124, 2703600.477601690683514 ], [ 10219050.684312330558896, 2703594.225271126721054 ], [ 10219042.414106678217649, 2703588.52378945518285 ], [ 10219031.21021350286901, 2703587.240346079226583 ], [ 10219013.799370843917131, 2703584.727874180767685 ], [ 10218998.624296588823199, 2703582.801404147874564 ], [ 10218984.738368853926659, 2703582.234399400651455 ], [ 10218974.534047560766339, 2703583.2261025570333 ], [ 10218955.221693372353911, 2703585.5194007800892 ], [ 10218936.873194955289364, 2703588.0369734284468 ], [ 10218921.850640904158354, 2703590.484960736706853 ], [ 10218906.528701778501272, 2703593.903702568262815 ], [ 10218892.946189461275935, 2703596.973501870408654 ], [ 10218886.601778373122215, 2703610.381711977533996 ], [ 10218884.671728009358048, 2703616.065652509685606 ], [ 10218879.688561845570803, 2703604.294158514589071 ], [ 10218876.71429643034935, 2703597.007249854505062 ], [ 10218873.775496941059828, 2703591.749300879426301 ], [ 10218868.907858809456229, 2703586.613085536286235 ], [ 10218864.537083026021719, 2703583.695089084096253 ], [ 10218857.215297505259514, 2703580.456167630385607 ], [ 10218846.856488326564431, 2703576.338295009918511 ], [ 10218840.084589498117566, 2703572.727588602341712 ], [ 10218831.590588200837374, 2703565.439232158474624 ], [ 10218826.16187690384686, 2703559.402289348188788 ], [ 10218825.383909344673157, 2703557.33157553570345 ], [ 10218820.775951590389013, 2703556.447441374417394 ], [ 10218806.253370329737663, 2703556.286416843067855 ], [ 10218775.577201575040817, 2703540.601379881612957 ], [ 10218769.210706513375044, 2703538.969246802385896 ], [ 10218764.224851101636887, 2703537.060485162306577 ], [ 10218757.240265566855669, 2703540.024891898501664 ], [ 10218750.502518512308598, 2703542.754610665608197 ], [ 10218739.337747793644667, 2703545.595233790576458 ], [ 10218725.150977753102779, 2703547.79795027943328 ], [ 10218716.053819099441171, 2703550.349755887407809 ], [ 10218700.279095003381371, 2703555.959288668818772 ], [ 10218653.551899960264564, 2703537.528885401319712 ], [ 10218656.550737036392093, 2703531.200947896111757 ], [ 10218645.753157710656524, 2703507.519139281939715 ], [ 10218637.859926108270884, 2703488.997164356987923 ], [ 10218631.584484120830894, 2703477.555683902930468 ], [ 10218639.003729179501534, 2703426.883811604231596 ], [ 10218660.495925415307283, 2703417.597321102861315 ], [ 10218677.020883003249764, 2703409.977990963030607 ], [ 10218677.725203892216086, 2703410.327529062982649 ], [ 10218679.069598685950041, 2703408.603494460228831 ], [ 10218680.454096302390099, 2703401.656658802181482 ], [ 10218680.947037398815155, 2703396.14087128220126 ], [ 10218664.492296371608973, 2703378.976547754835337 ], [ 10218647.327030476182699, 2703361.726136314217001 ], [ 10218640.604988619685173, 2703355.328120643272996 ], [ 10218634.928358808159828, 2703356.349507956765592 ], [ 10218626.38843354396522, 2703357.695688427425921 ], [ 10218620.55371474288404, 2703357.151243472471833 ], [ 10218618.685113338753581, 2703356.964728365652263 ], [ 10218612.388570910319686, 2703359.34653638349846 ], [ 10218603.172867488116026, 2703361.977143912576139 ], [ 10218599.634395299479365, 2703362.368504412472248 ], [ 10218586.601700766012073, 2703361.303495677188039 ], [ 10218575.015779895707965, 2703361.880452456884086 ], [ 10218570.822031879797578, 2703362.853857506997883 ], [ 10218567.812803396955132, 2703364.201329551637173 ], [ 10218564.157164247706532, 2703364.134153815452009 ], [ 10218557.468661641702056, 2703363.418088753242046 ], [ 10218545.241581168025732, 2703359.124518990982324 ], [ 10218538.05480870231986, 2703356.738749749958515 ], [ 10218529.109251376241446, 2703354.83381016831845 ], [ 10218503.068983184173703, 2703348.501444816123694 ], [ 10218479.73276743479073, 2703342.088574160356075 ], [ 10218464.625508235767484, 2703322.7283647027798 ], [ 10218467.883459817618132, 2703298.064278058242053 ], [ 10218469.658985033631325, 2703286.009468828793615 ], [ 10218470.660104779526591, 2703278.345529691781849 ], [ 10218472.946443125605583, 2703273.697663756553084 ], [ 10218472.776351720094681, 2703269.564838869962841 ], [ 10218471.111104398965836, 2703261.004350283648819 ], [ 10218474.303761376067996, 2703248.266386095434427 ], [ 10218477.850101927295327, 2703240.173604022245854 ], [ 10218483.877164313569665, 2703227.956291513517499 ], [ 10218488.921216674149036, 2703218.795013438910246 ], [ 10218498.197595179080963, 2703214.013154882006347 ], [ 10218507.651265753433108, 2703208.767521228641272 ], [ 10218523.010636638849974, 2703199.99511819658801 ], [ 10218534.033730940893292, 2703192.154676838777959 ], [ 10218540.940604228526354, 2703187.239079854916781 ], [ 10218548.313898924738169, 2703181.547259119339287 ], [ 10218558.828259414061904, 2703171.43402133975178 ], [ 10218567.040281930938363, 2703160.033901766408235 ], [ 10218579.765075009316206, 2703146.557709616143256 ], [ 10218590.71014167368412, 2703134.242792992852628 ], [ 10218602.427690118551254, 2703123.066187009215355 ], [ 10218612.177008843049407, 2703112.867645796388388 ], [ 10218616.503102408722043, 2703105.715677587781101 ], [ 10218622.434021467342973, 2703098.634159944951534 ], [ 10218634.977185841649771, 2703086.005831992719322 ], [ 10218649.890346575528383, 2703073.54421948408708 ], [ 10218664.645968198776245, 2703062.68710853299126 ], [ 10218675.903441412374377, 2703052.659504778217524 ], [ 10218682.366831574589014, 2703048.596325808670372 ], [ 10218691.414881190285087, 2703041.36113108927384 ], [ 10218703.140513066202402, 2703030.656119618564844 ], [ 10218710.83503258600831, 2703022.117312107235193 ], [ 10218716.845698177814484, 2703013.981234890408814 ], [ 10218725.160194205120206, 2703008.470381246414036 ], [ 10218739.91070519387722, 2702997.328088242560625 ], [ 10218753.342466305941343, 2702986.878165884874761 ], [ 10218763.439612809568644, 2702980.381390276364982 ], [ 10218764.607341511175036, 2702980.840000333730131 ], [ 10218782.77073372900486, 2702987.972280539106578 ], [ 10218793.626909751445055, 2702992.487237742636353 ], [ 10218802.663195613771677, 2702995.224176379851997 ], [ 10218808.500154444947839, 2703004.665343056432903 ], [ 10218815.245684903115034, 2703017.425557149108499 ], [ 10218821.774369990453124, 2703028.379484610632062 ], [ 10218827.149071393534541, 2703038.21279972139746 ], [ 10218830.819133453071117, 2703047.878771199379116 ], [ 10218832.583689972758293, 2703057.117533871904016 ], [ 10218832.63583075068891, 2703070.752700639422983 ], [ 10218830.970747616142035, 2703084.121935779694468 ], [ 10218828.91685613244772, 2703096.466712317429483 ], [ 10218825.141746148467064, 2703107.690077290870249 ], [ 10218820.839429335668683, 2703121.215519378893077 ], [ 10218817.953093428164721, 2703134.617225464899093 ], [ 10218814.791424257680774, 2703148.49546991661191 ], [ 10218813.030846176669002, 2703161.394723235629499 ], [ 10218811.997989840805531, 2703172.86596919503063 ], [ 10218812.18583089672029, 2703183.646510899998248 ], [ 10218813.657626561820507, 2703191.738664901349694 ], [ 10218818.377118308097124, 2703202.154027364682406 ], [ 10218819.927489658817649, 2703204.737729830201715 ], [ 10218824.109233312308788, 2703205.574606081936508 ], [ 10218827.316138273105025, 2703205.561915540602058 ], [ 10218835.250347204506397, 2703204.522498809732497 ], [ 10218851.344928678125143, 2703200.388335498981178 ], [ 10218863.456733234226704, 2703195.567264511715621 ], [ 10218883.107010738924146, 2703188.902067294344306 ], [ 10218901.149867145344615, 2703182.649008282925934 ], [ 10218918.571597296744585, 2703178.304852022323757 ], [ 10218930.832778815180063, 2703176.421167660038918 ], [ 10218940.084804121404886, 2703175.259841457474977 ], [ 10218949.425337737426162, 2703179.801361114252359 ], [ 10218957.952586427330971, 2703185.871285442728549 ], [ 10218975.921873496845365, 2703197.292757737450302 ], [ 10218993.794714597985148, 2703207.563954858109355 ], [ 10219011.380014078691602, 2703218.235230627469718 ], [ 10219029.355828089639544, 2703230.029566204641014 ], [ 10219047.335899522528052, 2703241.439797664992511 ], [ 10219066.138628954067826, 2703251.233850640244782 ], [ 10219083.864477921277285, 2703259.32452919986099 ], [ 10219117.099204510450363, 2703272.23185688117519 ], [ 10219123.351584181189537, 2703274.586859411559999 ], [ 10219130.704420814290643, 2703277.356384391896427 ], [ 10219142.140465077012777, 2703281.948740937747061 ], [ 10219143.853695828467607, 2703282.886212295852602 ], [ 10219152.163074932992458, 2703287.43261194974184 ], [ 10219163.652885852381587, 2703295.732050173915923 ], [ 10219174.965542230755091, 2703304.506233327556401 ], [ 10219185.122616056352854, 2703312.072171106003225 ], [ 10219193.268313897773623, 2703318.14862445788458 ], [ 10219195.132251558825374, 2703322.438130323775113 ], [ 10219200.238639205694199, 2703333.131907695438713 ], [ 10219205.320102240890265, 2703342.40010156063363 ], [ 10219209.799949372187257, 2703349.693207366392016 ], [ 10219211.599799146875739, 2703355.3111662697047 ], [ 10219213.674861369654536, 2703360.452695677988231 ], [ 10219218.618446787819266, 2703367.441393860150129 ], [ 10219233.472746903076768, 2703373.498232493642718 ], [ 10219247.349394235759974, 2703377.290439788252115 ], [ 10219264.563243128359318, 2703372.280286965426058 ], [ 10219274.795097149908543, 2703367.876085272990167 ], [ 10219287.642154661938548, 2703361.429051564540714 ], [ 10219295.519072940573096, 2703357.72466989280656 ], [ 10219293.661184702068567, 2703348.783598172478378 ], [ 10219291.489789297804236, 2703338.125741736963391 ], [ 10219281.463403029367328, 2703343.678203150629997 ], [ 10219271.815269591286778, 2703349.026522284373641 ], [ 10219262.519004173576832, 2703352.657258125487715 ], [ 10219253.473117684945464, 2703354.385748249944299 ], [ 10219244.487871577963233, 2703354.588147471658885 ], [ 10219237.056832076981664, 2703351.340492776129395 ], [ 10219229.887978319078684, 2703346.859409340191633 ], [ 10219231.291881149634719, 2703329.786506937351078 ], [ 10219232.331434285268188, 2703313.093019350897521 ], [ 10219234.125729704275727, 2703297.143333945889026 ], [ 10219235.753985192626715, 2703281.679157509002835 ], [ 10219239.744276033714414, 2703266.546363686211407 ], [ 10219244.700075292959809, 2703252.350980633869767 ], [ 10219249.936756225302815, 2703238.633263026364148 ], [ 10219251.887875337153673, 2703231.040246969554573 ], [ 10219251.981211632490158, 2703225.761875757481903 ], [ 10219249.304725678637624, 2703213.039599154610187 ], [ 10219245.725928181782365, 2703197.371285517234355 ], [ 10219241.428914863616228, 2703184.293598645366728 ], [ 10219234.533089468255639, 2703174.201932589989156 ], [ 10219228.837049424648285, 2703167.226533461827785 ], [ 10219217.463017977774143, 2703154.932073109317571 ], [ 10219208.295784974470735, 2703144.694037579 ], [ 10219200.304850459098816, 2703136.234214139170945 ], [ 10219193.670042976737022, 2703129.845923375803977 ], [ 10219190.272845271974802, 2703125.199685746338218 ], [ 10219188.17315348982811, 2703114.095333016943187 ], [ 10219187.256444485858083, 2703109.247181467246264 ], [ 10219186.978659730404615, 2703100.201590306591243 ], [ 10219194.149233117699623, 2703084.157095072325319 ], [ 10219197.568304155021906, 2703073.795732425991446 ], [ 10219204.322529511526227, 2703053.897162256762385 ], [ 10219211.837588766589761, 2703034.467866145074368 ], [ 10219216.581698952242732, 2703025.026460650842637 ], [ 10219218.375125981867313, 2703019.026978583075106 ], [ 10219220.378556592389941, 2703015.689589580986649 ], [ 10219226.955291736871004, 2703009.375386861618608 ], [ 10219247.388004556298256, 2702991.308835373725742 ], [ 10219257.522776324301958, 2702982.606149506289512 ], [ 10219265.21283513866365, 2702975.913272167555988 ], [ 10219266.194275269284844, 2702975.05920301983133 ], [ 10219275.666909646242857, 2702969.044794274494052 ], [ 10219281.728705583140254, 2702963.858567574061453 ], [ 10219286.568810939788818, 2702956.796121595893055 ], [ 10219289.484273992478848, 2702950.711033666040748 ], [ 10219293.696047196164727, 2702941.399811777286232 ], [ 10219296.348747892305255, 2702936.43450041487813 ], [ 10219298.322796437889338, 2702932.739477537572384 ], [ 10219300.654962657019496, 2702930.489189935382456 ], [ 10219306.134509487077594, 2702920.833136729430407 ], [ 10219322.424902714788914, 2702914.942156032193452 ], [ 10219320.079059248790145, 2702918.570849608164281 ], [ 10219331.02832461707294, 2702916.606422218028456 ], [ 10219340.665665417909622, 2702916.28266055136919 ], [ 10219352.417716570198536, 2702915.866761271841824 ], [ 10219358.857261953875422, 2702918.57240243954584 ], [ 10219368.887737253680825, 2702924.516647579614073 ], [ 10219382.922329533845186, 2702932.375778200104833 ], [ 10219398.349460612982512, 2702942.525070595555007 ], [ 10219407.365829668939114, 2702947.861961071379483 ], [ 10219415.39174734801054, 2702950.835814487654716 ], [ 10219421.809707157313824, 2702952.302109557203948 ], [ 10219425.648650357499719, 2702952.256271609570831 ], [ 10219445.95717635191977, 2702950.833493878133595 ], [ 10219453.220530116930604, 2702950.738120758906007 ], [ 10219455.371329801157117, 2702952.093350414652377 ], [ 10219457.521631443873048, 2702956.542200114578009 ], [ 10219463.626568870618939, 2702964.442607855889946 ], [ 10219466.118616739287972, 2702968.468532702885568 ], [ 10219472.446199038997293, 2702968.510374397970736 ], [ 10219485.97103776037693, 2702968.414076449815184 ], [ 10219497.43645466119051, 2702967.827629656065255 ], [ 10219506.044207148253918, 2702966.633326767012477 ], [ 10219511.864076429978013, 2702965.082523052114993 ], [ 10219517.334360390901566, 2702956.637527767568827 ], [ 10219518.007551597431302, 2702955.394101725891232 ], [ 10219515.924432205036283, 2702955.695614704862237 ], [ 10219507.600902255624533, 2702956.034565039444715 ], [ 10219497.750994393602014, 2702956.379676008597016 ], [ 10219486.363806745037436, 2702956.742026077117771 ], [ 10219480.998158084228635, 2702955.022013253066689 ], [ 10219479.510878045111895, 2702953.993920879438519 ], [ 10219477.614020964130759, 2702950.724650851450861 ], [ 10219475.605987634509802, 2702946.737376826815307 ], [ 10219473.088246846571565, 2702942.534452131949365 ], [ 10219470.769959475845098, 2702939.473833842668682 ], [ 10219476.611582513898611, 2702930.39206155994907 ], [ 10219485.281663049012423, 2702916.704405652359128 ], [ 10219492.131176453083754, 2702905.245161714032292 ], [ 10219507.651970898732543, 2702893.761286852881312 ], [ 10219523.27314131334424, 2702883.039060971699655 ], [ 10219535.252704, 2702876.599475151393563 ], [ 10219540.488895429298282, 2702873.094150778837502 ], [ 10219550.116055849939585, 2702857.856768835801631 ], [ 10219557.725124426186085, 2702844.173483691643924 ], [ 10219561.982009306550026, 2702834.085737342946231 ], [ 10219556.487030029296875, 2702821.80610790476203 ], [ 10219547.501079158857465, 2702805.577982487622648 ], [ 10219543.84071278385818, 2702794.553779856767505 ], [ 10219543.92493705637753, 2702780.607431440614164 ], [ 10219554.461189324036241, 2702776.013578435406089 ], [ 10219562.456322075799108, 2702785.474142271559685 ], [ 10219572.57352845184505, 2702795.012978617567569 ], [ 10219580.943110136315227, 2702803.405171727295965 ], [ 10219591.556068770587444, 2702793.683315731585026 ], [ 10219604.184673458337784, 2702781.819296893198043 ], [ 10219614.221816664561629, 2702771.609936196822673 ], [ 10219621.177483, 2702764.994903395883739 ], [ 10219631.697110960260034, 2702766.987610723357648 ], [ 10219633.470247507095337, 2702767.507555943913758 ], [ 10219633.592401478439569, 2702767.246264875400811 ], [ 10219642.741284165531397, 2702761.445922501850873 ], [ 10219660.556912066414952, 2702748.471634326037019 ], [ 10219669.451671490445733, 2702741.238707317970693 ], [ 10219675.307049689814448, 2702736.110939137171954 ], [ 10219680.738371316343546, 2702732.306990775745362 ], [ 10219686.59107762388885, 2702730.76644217595458 ], [ 10219697.798575557768345, 2702729.789519209880382 ], [ 10219710.071630045771599, 2702729.85780795942992 ], [ 10219730.628581115975976, 2702728.934922354761511 ], [ 10219758.216164825484157, 2702723.971284579019994 ], [ 10219782.025975333526731, 2702719.204083185642958 ], [ 10219782.072305114939809, 2702707.908193709794432 ], [ 10219782.760997772216797, 2702698.912908227182925 ], [ 10219796.71523392945528, 2702688.295386349316686 ], [ 10219803.324199484661222, 2702681.659935132600367 ], [ 10219815.007428597658873, 2702666.316037932876498 ], [ 10219825.211198436096311, 2702651.86009988700971 ], [ 10219828.502927443012595, 2702646.670512204058468 ], [ 10219834.440169528126717, 2702637.310124988202006 ], [ 10219842.405137125402689, 2702626.031447537243366 ], [ 10219875.983336552977562, 2702601.539689161814749 ], [ 10219875.773553092032671, 2702601.918364640790969 ], [ 10219875.789595175534487, 2702601.945995904039592 ], [ 10219898.456334171816707, 2702605.033577680122107 ], [ 10219930.257035089656711, 2702608.332421359140426 ], [ 10219952.755389928817749, 2702610.346538432408124 ], [ 10219960.236160298809409, 2702611.016231250017881 ], [ 10219987.583557100966573, 2702614.78857205202803 ], [ 10220010.145966425538063, 2702618.141119221225381 ], [ 10220033.338908944278955, 2702619.507741698529571 ], [ 10220037.166481012478471, 2702619.321489178575575 ], [ 10220056.728014208376408, 2702618.369749652221799 ], [ 10220072.801123788580298, 2702614.614633508492261 ], [ 10220077.456171792000532, 2702613.527065356262028 ], [ 10220077.605198077857494, 2702612.859313104301691 ], [ 10220078.063053384423256, 2702610.806808746419847 ], [ 10220081.353824723511934, 2702600.634249680209905 ], [ 10220087.898573404178023, 2702585.039763313252479 ], [ 10220091.368436040356755, 2702575.752644762396812 ], [ 10220096.94543813355267, 2702567.196071589831263 ], [ 10220108.213725948706269, 2702554.11786075681448 ], [ 10220116.876551870256662, 2702546.110027032438666 ], [ 10220118.462096663191915, 2702545.011217393912375 ], [ 10220120.02215089276433, 2702543.715774812735617 ], [ 10220121.126766566187143, 2702543.16476034745574 ], [ 10220131.253618517890573, 2702536.147102334536612 ], [ 10220142.526523465290666, 2702529.126771874725819 ], [ 10220126.812652066349983, 2702507.348129156511277 ], [ 10220108.345694558694959, 2702502.318612876813859 ], [ 10220110.662287972867489, 2702489.070863388478756 ], [ 10220086.596235904842615, 2702480.787574590649456 ], [ 10220067.466439392417669, 2702475.107605457305908 ], [ 10220048.475391091778874, 2702471.62604997958988 ], [ 10220043.416283037513494, 2702470.699852054938674 ], [ 10220041.23114424943924, 2702463.131820531096309 ], [ 10220039.029807018116117, 2702448.933894584421068 ], [ 10220035.663552483543754, 2702433.118683474138379 ], [ 10220034.311505697667599, 2702417.480223995633423 ], [ 10220034.100640989840031, 2702400.302178828977048 ], [ 10220033.885533720254898, 2702382.068124437704682 ], [ 10220033.657216699793935, 2702363.257113615516573 ], [ 10220034.623699339106679, 2702353.368181858677417 ], [ 10220037.582937758415937, 2702341.075979360379279 ], [ 10220039.028326611965895, 2702331.860028297640383 ], [ 10220036.153325134888291, 2702319.679018245544285 ], [ 10220035.573412058874965, 2702304.908510258421302 ], [ 10220034.360745893791318, 2702299.535555512644351 ], [ 10220028.231487050652504, 2702285.745924632996321 ], [ 10220028.03441483899951, 2702271.920984035823494 ], [ 10220027.837347311899066, 2702258.106802980881184 ], [ 10220025.639661895111203, 2702247.458110207691789 ], [ 10220024.889198109507561, 2702238.632220354862511 ], [ 10220024.979046942666173, 2702226.156042573042214 ], [ 10220026.319187715649605, 2702215.024584320373833 ], [ 10220037.978297300636768, 2702204.51459338190034 ], [ 10220042.688824646174908, 2702199.596359195653349 ], [ 10220048.83218340575695, 2702190.32844767626375 ], [ 10220051.063718009740114, 2702185.431189165916294 ], [ 10220052.799899432808161, 2702173.176789844408631 ], [ 10220056.234806802123785, 2702163.375795097090304 ], [ 10220058.982573956251144, 2702157.627291321288794 ], [ 10220067.353662017732859, 2702145.193184205330908 ], [ 10220075.428796637803316, 2702137.125717280432582 ], [ 10220081.244668025523424, 2702132.518501004669815 ], [ 10220080.862598169595003, 2702123.789253888186067 ], [ 10220077.763098899275064, 2702120.285694652236998 ], [ 10220071.899771207943559, 2702110.599312730599195 ], [ 10220064.042317977175117, 2702100.376808643806726 ], [ 10220058.345736788585782, 2702094.434600972104818 ], [ 10220041.165314223617315, 2702091.52265864238143 ], [ 10220030.450474053621292, 2702089.346139781642705 ], [ 10220018.060906196013093, 2702087.949389666784555 ], [ 10220014.047065962105989, 2702096.479054384864867 ], [ 10220006.709625460207462, 2702112.871430362109095 ], [ 10220000.008637292310596, 2702126.093330112751573 ], [ 10219997.951572289690375, 2702133.961783255916089 ], [ 10220002.206618407741189, 2702139.46362914191559 ], [ 10219999.863384870812297, 2702146.211924747098237 ], [ 10220000.303428402170539, 2702150.597345844376832 ], [ 10220003.634024387225509, 2702157.692422416526824 ], [ 10220011.000038033351302, 2702172.162723128218204 ], [ 10220018.08427169919014, 2702183.923411720898002 ], [ 10220017.902964221313596, 2702197.858759996946901 ], [ 10220015.101547798141837, 2702206.383492714725435 ], [ 10220014.979621086269617, 2702210.978080775588751 ], [ 10220001.204919308423996, 2702222.999083085916936 ], [ 10219993.735186221078038, 2702227.487763525452465 ], [ 10219986.93992892280221, 2702231.57113666459918 ], [ 10219974.918666755780578, 2702240.885074932593852 ], [ 10219957.701125895604491, 2702255.456752965226769 ], [ 10219956.444128815084696, 2702257.802462081424892 ], [ 10219953.768222846090794, 2702273.250474208965898 ], [ 10219923.959583260118961, 2702295.451112593058497 ], [ 10219903.177291786298156, 2702303.951933909207582 ], [ 10219896.645728843286633, 2702313.613400073722005 ], [ 10219882.237687693908811, 2702332.288610059767962 ], [ 10219870.119437327608466, 2702339.07727074297145 ], [ 10219863.707111597061157, 2702332.83304570382461 ], [ 10219872.345102787017822, 2702314.083598491735756 ], [ 10219866.009394122287631, 2702302.700599047355354 ], [ 10219854.699724109843373, 2702282.073758355807513 ], [ 10219843.128579063341022, 2702263.690577527973801 ], [ 10219834.63390146382153, 2702248.484562485013157 ], [ 10219827.198630288243294, 2702251.541505708824843 ], [ 10219762.306262018159032, 2702212.671631208155304 ], [ 10219690.178016282618046, 2702121.903201072476804 ], [ 10219687.326807152479887, 2702115.54640624159947 ], [ 10219679.38188349828124, 2702102.373951677698642 ], [ 10219670.146443106234074, 2702088.618777165189385 ], [ 10219666.136120757088065, 2702079.370996305719018 ], [ 10219662.119698792695999, 2702071.277165892999619 ], [ 10219656.034322200343013, 2702062.843499951064587 ], [ 10219651.572180589661002, 2702056.961332465987653 ], [ 10219637.104431314393878, 2702060.95073735434562 ], [ 10219635.027805164456367, 2702061.383740471210331 ], [ 10219618.263104978948832, 2702064.859987300820649 ], [ 10219611.644320767372847, 2702066.389443306718022 ], [ 10219600.433898271992803, 2702075.47096161916852 ], [ 10219587.369273180142045, 2702083.754566755611449 ], [ 10219570.491344196721911, 2702088.689966949634254 ], [ 10219563.985042352229357, 2702091.264076936524361 ], [ 10219551.060006538406014, 2702101.974710593931377 ], [ 10219540.212805658578873, 2702115.224293807055801 ], [ 10219535.323688555508852, 2702118.83679969701916 ], [ 10219529.849188724532723, 2702119.555882967542857 ], [ 10219517.559068024158478, 2702118.669983035884798 ], [ 10219507.115917410701513, 2702116.753251509275287 ], [ 10219496.66377398557961, 2702115.282763660419732 ], [ 10219490.019400028511882, 2702115.821644379291683 ], [ 10219487.617043821141124, 2702116.016548302024603 ], [ 10219476.757178233936429, 2702126.141715247184038 ], [ 10219464.749258831143379, 2702138.819111991673708 ], [ 10219458.248666360974312, 2702142.786543312482536 ], [ 10219447.831657515838742, 2702147.346987743396312 ], [ 10219438.320317465811968, 2702148.311225500889122 ], [ 10219423.155065855011344, 2702148.492967884521931 ], [ 10219404.743776833638549, 2702146.358232649974525 ], [ 10219384.618015198037028, 2702145.863564770668745 ], [ 10219379.714725755155087, 2702146.003329307772219 ], [ 10219376.094025630503893, 2702147.40064844628796 ], [ 10219369.689485630020499, 2702148.363047715742141 ], [ 10219360.975433805957437, 2702145.731520823668689 ], [ 10219355.029262963682413, 2702144.939243511296809 ], [ 10219347.471642918884754, 2702144.512972847558558 ], [ 10219337.738550944253802, 2702146.871467556804419 ], [ 10219331.236489759758115, 2702150.490536868572235 ], [ 10219326.135380951687694, 2702157.924960550386459 ], [ 10219324.594889895990491, 2702162.449088790919632 ], [ 10219323.067816266790032, 2702170.326163272373378 ], [ 10219321.666520250961185, 2702179.835748846642673 ], [ 10219319.482659867033362, 2702196.64232888026163 ], [ 10219318.002856446430087, 2702216.222130525391549 ], [ 10219314.671642415225506, 2702233.044408232904971 ], [ 10219311.92623864300549, 2702252.857982262503356 ], [ 10219310.427750302478671, 2702267.811277769971639 ], [ 10219302.707197146490216, 2702283.366850967518985 ], [ 10219293.336361585184932, 2702292.332014732528478 ], [ 10219288.222990030422807, 2702296.750977161340415 ], [ 10219274.791493883356452, 2702297.38281153421849 ], [ 10219283.228708425536752, 2702287.735619160812348 ], [ 10219286.822400715202093, 2702279.610546984244138 ], [ 10219289.598733963444829, 2702264.771826148964465 ], [ 10219290.175108581781387, 2702252.021497934591025 ], [ 10219290.652635835111141, 2702241.590313814580441 ], [ 10219291.245537390932441, 2702230.233364180196077 ], [ 10219291.027970694005489, 2702219.227990350686014 ], [ 10219291.735154096037149, 2702209.383810888044536 ], [ 10219294.413779912516475, 2702202.53622010210529 ], [ 10219296.398881793022156, 2702192.795665845740587 ], [ 10219297.795049166306853, 2702182.012474469374865 ], [ 10219297.945367613807321, 2702176.340049287769943 ], [ 10219295.910022616386414, 2702170.905194680672139 ], [ 10219292.613143211230636, 2702169.405438535381109 ], [ 10219285.74641359038651, 2702168.508073558099568 ], [ 10219277.032333370298147, 2702168.543569000903517 ], [ 10219264.296991165727377, 2702169.989001769106835 ], [ 10219241.997950857505202, 2702175.523072512354702 ], [ 10219223.157711422070861, 2702179.769336267840117 ], [ 10219217.124280981719494, 2702184.202940298244357 ], [ 10219208.91302509047091, 2702193.500764657743275 ], [ 10219200.026744659990072, 2702207.210327765438706 ], [ 10219196.303665045648813, 2702212.788399871438742 ], [ 10219194.765885021537542, 2702218.009267417714 ], [ 10219187.421041997149587, 2702213.978518163785338 ], [ 10219187.818887313827872, 2702210.61302519403398 ], [ 10219189.792675260454416, 2702200.763690199237317 ], [ 10219194.995627667754889, 2702189.039604428224266 ], [ 10219203.080756906419992, 2702178.000488581135869 ], [ 10219209.919043473899364, 2702171.832717118319124 ], [ 10219212.744861863553524, 2702171.940942122600973 ], [ 10219224.76783499121666, 2702162.965075468178838 ], [ 10219228.820281436666846, 2702161.228534826543182 ], [ 10219229.388503216207027, 2702151.820381940808147 ], [ 10219213.318685898557305, 2702131.669955495279282 ], [ 10219204.052437782287598, 2702134.34218533243984 ], [ 10219193.057094702497125, 2702137.772625201847404 ], [ 10219180.753580218181014, 2702141.600308196153492 ], [ 10219161.545261373743415, 2702148.515224074013531 ], [ 10219147.274118140339851, 2702158.371052975300699 ], [ 10219133.010229706764221, 2702170.012195345479995 ], [ 10219128.819248149171472, 2702172.30446060327813 ], [ 10219124.282741198316216, 2702174.783285850193352 ], [ 10219111.145406568422914, 2702181.259755636565387 ], [ 10219108.735598623752594, 2702193.059491328429431 ], [ 10219108.467019211500883, 2702197.461511654779315 ], [ 10219107.598186403512955, 2702211.701685411855578 ], [ 10219096.156774371862411, 2702219.967389297205955 ], [ 10219081.807289099320769, 2702237.291588155552745 ], [ 10219027.434221098199487, 2702202.665243422612548 ], [ 10219030.862741267308593, 2702191.144382703118026 ], [ 10219031.248395230621099, 2702187.430589273106307 ], [ 10219024.484194524586201, 2702182.406725699082017 ], [ 10219017.038620794191957, 2702180.227067184168845 ], [ 10219001.127108007669449, 2702177.907520489767194 ], [ 10218997.942807752639055, 2702182.873829083982855 ], [ 10218980.401095861569047, 2702189.69464240828529 ], [ 10218973.141123740002513, 2702193.305717898067087 ], [ 10218969.552012324333191, 2702199.90658320300281 ], [ 10218971.310261279344559, 2702203.742258558049798 ], [ 10218973.776848310604692, 2702214.150580168701708 ], [ 10218975.91073440015316, 2702225.256965876556933 ], [ 10218971.895550096407533, 2702230.901551791001111 ], [ 10218961.361314626410604, 2702246.751362574286759 ], [ 10218928.961979188024998, 2702236.039956684224308 ], [ 10218917.589106533676386, 2702231.7315478855744 ], [ 10218904.41648705303669, 2702224.012102693784982 ], [ 10218898.146595312282443, 2702220.793295866344124 ], [ 10218874.926635352894664, 2702207.279473535716534 ], [ 10218872.160955278202891, 2702181.642293856944889 ], [ 10218870.919169018045068, 2702177.031509045511484 ], [ 10218862.359177678823471, 2702180.375699430704117 ], [ 10218854.857789926230907, 2702180.503996690735221 ], [ 10218848.450748899951577, 2702186.25626255152747 ], [ 10218833.45682050101459, 2702202.167530303355306 ], [ 10218815.476211503148079, 2702218.385002581868321 ], [ 10218798.247444627806544, 2702233.129673419520259 ], [ 10218789.258340243250132, 2702223.934337294194847 ], [ 10218808.145573055371642, 2702212.481556768063456 ], [ 10218818.394560892134905, 2702198.34217736730352 ], [ 10218826.418143266811967, 2702185.376577301882207 ], [ 10218830.328882347792387, 2702180.690488171763718 ], [ 10218844.271447403356433, 2702169.845594566781074 ], [ 10218855.991205085068941, 2702160.762413205578923 ], [ 10218878.341875195503235, 2702146.475986062549055 ], [ 10218895.190471047535539, 2702134.160517212003469 ], [ 10218906.809475248679519, 2702124.293979397043586 ], [ 10218913.595279529690742, 2702115.807731582317501 ], [ 10218913.39406369253993, 2702100.730930884368718 ], [ 10218902.749367661774158, 2702089.016849061008543 ], [ 10218885.79010284692049, 2702071.003380316309631 ], [ 10218874.954377705231309, 2702060.248096702620387 ], [ 10218875.332501148805022, 2702046.540705398190767 ], [ 10218876.293125782161951, 2702032.341043975204229 ], [ 10218868.653531964868307, 2702022.258737941272557 ], [ 10218856.922056686133146, 2702006.749722779262811 ], [ 10218858.877172725275159, 2701997.608253738842905 ], [ 10218861.092349896207452, 2701983.109697869047523 ], [ 10218863.343750173225999, 2701974.946718999650329 ], [ 10218859.019201323390007, 2701960.093615371733904 ], [ 10218851.527689689770341, 2701951.828618656378239 ], [ 10218839.287775514647365, 2701949.907788772135973 ], [ 10218837.414605271071196, 2701938.985620159190148 ], [ 10218852.181140268221498, 2701939.306856513023376 ], [ 10218849.900701608508825, 2701918.59953785687685 ], [ 10218858.097963416948915, 2701916.585041848476976 ], [ 10218864.268384078517556, 2701924.757350550033152 ], [ 10218871.942064613103867, 2701932.542575551662594 ], [ 10218878.661038672551513, 2701937.131166976410896 ], [ 10218885.500928018242121, 2701947.554205399006605 ], [ 10218893.466094698756933, 2701957.874767600558698 ], [ 10218904.095947355031967, 2701955.099200466647744 ], [ 10218901.755404500290751, 2701943.721629308070987 ], [ 10218898.245149809867144, 2701934.874516574665904 ], [ 10218889.360002119094133, 2701919.201683448627591 ], [ 10218883.086634641513228, 2701912.368804049212486 ], [ 10218873.969939686357975, 2701903.762111970223486 ], [ 10218862.225081576034427, 2701895.688628387171775 ], [ 10218847.75895868986845, 2701886.570139715448022 ], [ 10218839.801133817061782, 2701880.800065838266164 ], [ 10218828.970855081453919, 2701863.230089180637151 ], [ 10218807.279581656679511, 2701860.999168321024626 ], [ 10218796.70802086032927, 2701845.729873777367175 ], [ 10218792.864121351391077, 2701840.177837321069092 ], [ 10218785.837877746671438, 2701829.135045567993075 ], [ 10218778.738841136917472, 2701826.943035075906664 ], [ 10218770.711936755105853, 2701828.23832982359454 ], [ 10218761.456114165484905, 2701830.801347098778933 ], [ 10218753.769854882732034, 2701830.669192598666996 ], [ 10218750.257806057110429, 2701818.64327408047393 ], [ 10218744.618138257414103, 2701797.013570449315012 ], [ 10218722.769685875624418, 2701793.335308726411313 ], [ 10218707.843406686559319, 2701788.213849063031375 ], [ 10218695.446122886613011, 2701782.06978476466611 ], [ 10218687.121541325002909, 2701776.584158197510988 ], [ 10218686.248497355729342, 2701763.992405257187784 ], [ 10218683.786116242408752, 2701741.021809427067637 ], [ 10218682.004080271348357, 2701720.367198765743524 ], [ 10218680.664805117994547, 2701702.149384876247495 ], [ 10218673.518787952139974, 2701690.90028234757483 ], [ 10218671.210250474512577, 2701676.659666169900447 ], [ 10218666.994757065549493, 2701653.816092118620872 ], [ 10218664.44711516238749, 2701636.582889411598444 ], [ 10218671.930524284020066, 2701621.203351099044085 ], [ 10218677.858613189309835, 2701606.700999555177987 ], [ 10218675.625775247812271, 2701584.284804847557098 ], [ 10218671.418237285688519, 2701563.42247945908457 ], [ 10218672.847279729321599, 2701549.939879923593253 ], [ 10218681.110462637618184, 2701540.076479468494654 ], [ 10218681.633591964840889, 2701519.30392831703648 ], [ 10218690.792708618566394, 2701511.527083812747151 ], [ 10218709.604798613116145, 2701500.401753045152873 ], [ 10218730.200477065518498, 2701491.370222503319383 ], [ 10218744.745037177577615, 2701485.019342199433595 ], [ 10218750.057207230478525, 2701478.923484919127077 ], [ 10218768.743250580504537, 2701463.379064724314958 ], [ 10218786.012142075225711, 2701448.057944377418607 ], [ 10218802.069663366302848, 2701432.970478081144392 ], [ 10218814.285508396103978, 2701420.881213671527803 ], [ 10218821.316195229068398, 2701406.047872664406896 ], [ 10218836.017629275098443, 2701411.844936932437122 ], [ 10218861.082134729251266, 2701421.355634400155395 ], [ 10218879.104615451768041, 2701429.349027581047267 ], [ 10218884.459899008274078, 2701436.729791879653931 ], [ 10218891.363121906295419, 2701444.104115796741098 ], [ 10218899.894517548382282, 2701444.5050352611579 ], [ 10218927.561342772096395, 2701444.283937209285796 ], [ 10218946.797500314190984, 2701428.301590085495263 ], [ 10218958.905893797054887, 2701416.430378494318575 ], [ 10218979.170942382887006, 2701411.373278880957514 ], [ 10219003.844791993498802, 2701404.425880391616374 ], [ 10219011.754767660051584, 2701417.206395882181823 ], [ 10219023.656433209776878, 2701434.727910826914012 ], [ 10219056.100235741585493, 2701421.89222807623446 ], [ 10219071.049048900604248, 2701432.652007449418306 ], [ 10219087.972063491120934, 2701441.759970077313483 ], [ 10219101.907572317868471, 2701448.213085817173123 ], [ 10219114.41415648534894, 2701451.91781760007143 ], [ 10219136.032237768173218, 2701454.932396687101573 ], [ 10219168.939084131270647, 2701444.184662553947419 ], [ 10219193.593991147354245, 2701435.244890532456338 ], [ 10219211.222436983138323, 2701428.663309100084007 ], [ 10219210.122582701966166, 2701424.335212105885148 ], [ 10219205.138782616704702, 2701417.867504112422466 ], [ 10219184.576986968517303, 2701400.261703055351973 ], [ 10219175.742348005995154, 2701391.763156735803932 ], [ 10219161.226771179586649, 2701381.067065668758005 ], [ 10219153.361316172406077, 2701373.979781648609787 ], [ 10219150.921840235590935, 2701370.299409495666623 ], [ 10219147.839694056659937, 2701368.341551086399704 ], [ 10219142.617666019126773, 2701367.198049005120993 ], [ 10219146.191958660259843, 2701356.983484702184796 ], [ 10219150.375356111675501, 2701344.806918998248875 ], [ 10219155.613709330558777, 2701331.178358517121524 ], [ 10219160.769461473450065, 2701315.862757645081729 ], [ 10219162.750746820122004, 2701310.575131929479539 ], [ 10219172.894632402807474, 2701297.470812319312245 ], [ 10219181.259496457874775, 2701283.394075605552644 ], [ 10219189.089487969875336, 2701270.919730775523931 ], [ 10219198.778394630178809, 2701255.052380961365998 ], [ 10219207.576521446928382, 2701238.372199158649892 ], [ 10219209.909172596409917, 2701231.65708159795031 ], [ 10219208.683203030377626, 2701225.576871694996953 ], [ 10219208.61566423624754, 2701219.57915756944567 ], [ 10219226.83713535964489, 2701201.728383517358452 ], [ 10219235.481020851060748, 2701192.472965590190142 ], [ 10219256.357867667451501, 2701188.904376641847193 ], [ 10219266.550274066627026, 2701187.872288879472762 ], [ 10219289.980143949389458, 2701175.878598911687732 ], [ 10219297.395131178200245, 2701170.568861138541251 ], [ 10219313.542696034535766, 2701153.869489683303982 ], [ 10219327.944773141294718, 2701157.925537852104753 ], [ 10219345.615284085273743, 2701156.503569512628019 ], [ 10219346.3516093082726, 2701153.90976056130603 ], [ 10219347.504407504573464, 2701149.877345102839172 ], [ 10219343.961932066828012, 2701143.806684421841055 ], [ 10219342.360357357189059, 2701133.167073548771441 ], [ 10219341.99480808340013, 2701120.37783944606781 ], [ 10219342.714146506041288, 2701110.893467027228326 ], [ 10219344.409973258152604, 2701099.249807291664183 ], [ 10219345.936109319329262, 2701091.199106484185904 ], [ 10219355.241025330498815, 2701092.859189628623426 ], [ 10219360.623451406136155, 2701090.866949083749205 ], [ 10219366.97254934720695, 2701084.309631648473442 ], [ 10219366.551064122468233, 2701079.118890188634396 ], [ 10219364.31980106048286, 2701068.035529436543584 ], [ 10219359.720955552533269, 2701065.724750278051943 ], [ 10219362.40176504291594, 2701056.776710613630712 ], [ 10219364.622527124360204, 2701057.224857928231359 ], [ 10219359.805509595200419, 2701041.101043799426407 ], [ 10219355.95468445494771, 2701022.981361797079444 ], [ 10219355.244469776749611, 2701013.306974390055984 ], [ 10219355.474437199532986, 2700997.881114413961768 ], [ 10219334.476724477484822, 2701003.605579094029963 ], [ 10219297.001077245920897, 2701013.871294245123863 ], [ 10219258.782486749812961, 2701025.141374327242374 ], [ 10219219.885083513334394, 2701037.165214028675109 ], [ 10219198.328800644725561, 2701043.991273428313434 ], [ 10219191.453326676040888, 2701035.430485967546701 ], [ 10219179.960016064345837, 2701022.512577987276018 ], [ 10219167.615941798314452, 2701007.997848510742188 ], [ 10219157.559492398053408, 2700997.087904660031199 ], [ 10219139.193177541717887, 2700984.285043363459408 ], [ 10219142.68059747852385, 2700966.887548541650176 ], [ 10219153.189995620399714, 2700965.296269065700471 ], [ 10219165.763037635013461, 2700964.87994199199602 ], [ 10219171.165233051404357, 2700965.530522809363902 ], [ 10219180.553854152560234, 2700957.367131303064525 ], [ 10219194.769441511482, 2700943.628342673648149 ], [ 10219199.51805635355413, 2700940.975467299576849 ], [ 10219216.360044693574309, 2700936.170665369834751 ], [ 10219223.807416198775172, 2700934.808201052714139 ], [ 10219237.40514669008553, 2700952.953283954877406 ], [ 10219240.46450550109148, 2700948.952046051155776 ], [ 10219243.815455468371511, 2700940.044645165093243 ], [ 10219253.270266411826015, 2700927.723148658405989 ], [ 10219260.021851036697626, 2700918.777250715065747 ], [ 10219268.079397354274988, 2700897.41059584217146 ], [ 10219272.843570318073034, 2700884.620906395837665 ], [ 10219276.41652013361454, 2700867.188915139064193 ], [ 10219278.042804509401321, 2700858.620478586759418 ], [ 10219290.802106820046902, 2700863.676643195562065 ], [ 10219301.436462262645364, 2700865.649118968751281 ], [ 10219305.673852181062102, 2700873.393745953217149 ], [ 10219309.724889121949673, 2700881.13679807446897 ], [ 10219308.826841827481985, 2700891.906224468722939 ], [ 10219307.770767033100128, 2700903.225778469350189 ], [ 10219321.610239431262016, 2700900.801074162591249 ], [ 10219329.753193069249392, 2700898.870701531413943 ], [ 10219335.135121302679181, 2700896.575937103014439 ], [ 10219347.922079514712095, 2700899.56953974114731 ], [ 10219354.580430280417204, 2700910.433383693918586 ], [ 10219360.766642881557345, 2700918.623958311975002 ], [ 10219373.235919501632452, 2700925.674163300544024 ], [ 10219381.226464154198766, 2700930.437908675521612 ], [ 10219389.075684126466513, 2700921.368401498533785 ], [ 10219394.896005269140005, 2700912.271458491217345 ], [ 10219401.515061311423779, 2700906.148141545243561 ], [ 10219409.54896636493504, 2700900.036255875602365 ], [ 10219424.058781292289495, 2700883.762702896259725 ], [ 10219440.106569262221456, 2700865.825128059834242 ], [ 10219445.700624009594321, 2700858.943442452233285 ], [ 10219440.865507826209068, 2700855.98119595926255 ], [ 10219433.465405603870749, 2700848.696388110052794 ], [ 10219429.589024290442467, 2700845.179337426554412 ], [ 10219423.762739496305585, 2700837.234335044398904 ], [ 10219417.238551972433925, 2700827.419648610986769 ], [ 10219414.209638494998217, 2700823.523516178131104 ], [ 10219425.485721468925476, 2700816.588546983897686 ], [ 10219425.509261790663004, 2700801.333911005873233 ], [ 10219425.960507914423943, 2700775.140564857982099 ], [ 10219425.530499322339892, 2700753.517696978524327 ], [ 10219424.941410457715392, 2700720.289870217442513 ], [ 10219425.41094009578228, 2700697.28458389127627 ], [ 10219425.32659762725234, 2700680.429718358442187 ], [ 10219425.056225169450045, 2700656.70155373448506 ], [ 10219423.983204796910286, 2700638.68053303938359 ], [ 10219424.617287596687675, 2700625.250907717738301 ], [ 10219424.890385154634714, 2700602.122900198213756 ], [ 10219425.091646241024137, 2700590.697275327518582 ], [ 10219409.421542961150408, 2700582.087980428244919 ], [ 10219415.944009609520435, 2700574.320473296567798 ], [ 10219420.555930305272341, 2700566.813236727844924 ], [ 10219429.740429094061255, 2700547.121703569311649 ], [ 10219435.191819744184613, 2700534.768102502916008 ], [ 10219441.156915044412017, 2700521.271450859028846 ], [ 10219449.229964071884751, 2700508.883885710034519 ], [ 10219493.562805350869894, 2700451.346247265581042 ], [ 10219506.589952519163489, 2700448.959037324413657 ], [ 10219510.070383628830314, 2700448.512957486789674 ], [ 10219516.109151115640998, 2700450.447922806721181 ], [ 10219526.196349196135998, 2700456.342566354200244 ], [ 10219535.428328575566411, 2700462.197063497733325 ], [ 10219550.646519074216485, 2700453.286709355656058 ], [ 10219558.887964576482773, 2700448.610491950530559 ], [ 10219569.724680162966251, 2700448.554853112902492 ], [ 10219580.308561787009239, 2700458.181507993023843 ], [ 10219584.545352911576629, 2700466.003065991215408 ], [ 10219587.041063468903303, 2700473.479643164202571 ], [ 10219589.627184091135859, 2700479.247265053912997 ], [ 10219592.765370981767774, 2700487.302492831367999 ], [ 10219603.818221729248762, 2700490.403280929662287 ], [ 10219613.254256673157215, 2700491.317859563976526 ], [ 10219618.397743510082364, 2700487.267398675903678 ], [ 10219684.02308913320303, 2700521.065229948610067 ], [ 10219681.89158196374774, 2700536.61145128775388 ], [ 10219679.205701978877187, 2700550.156727354042232 ], [ 10219680.499108506366611, 2700555.748417977243662 ], [ 10219684.665848830714822, 2700570.970611692871898 ], [ 10219686.506027184426785, 2700579.500864034984261 ], [ 10219697.450478008016944, 2700592.053426809608936 ], [ 10219701.584344685077667, 2700597.66815663408488 ], [ 10219699.606831610202789, 2700610.414012625347823 ], [ 10219699.335994416847825, 2700619.599989096168429 ], [ 10219698.906912337988615, 2700623.876230730675161 ], [ 10219704.00530513189733, 2700629.5869888686575 ], [ 10219713.484181946143508, 2700641.620358240325004 ], [ 10219716.419148864224553, 2700643.552306141704321 ], [ 10219718.307839015498757, 2700646.016291399020702 ], [ 10219725.831473233178258, 2700646.077192511409521 ], [ 10219741.09074660949409, 2700647.116097709164023 ], [ 10219743.419605182483792, 2700656.267856014426798 ], [ 10219745.61464973539114, 2700667.062160808593035 ], [ 10219747.471099924296141, 2700673.562859337311238 ], [ 10219749.522785399109125, 2700676.226802084129304 ], [ 10219759.825892154127359, 2700689.44703908637166 ], [ 10219768.753748463466763, 2700703.185634524561465 ], [ 10219774.969281274825335, 2700711.850541708059609 ], [ 10219775.011216616258025, 2700714.829012885224074 ], [ 10219777.134545356035233, 2700722.258556731976569 ], [ 10219779.958341706544161, 2700728.49143246607855 ], [ 10219785.551615880802274, 2700740.901503289118409 ], [ 10219786.91675702854991, 2700745.754767745733261 ], [ 10219803.031357733532786, 2700748.201436831615865 ], [ 10219806.364558475092053, 2700745.592175011523068 ], [ 10219817.47585023008287, 2700741.402160366997123 ], [ 10219822.667517712339759, 2700745.06212053168565 ], [ 10219832.657262938097119, 2700750.834442493971437 ], [ 10219842.024652905762196, 2700760.374072948936373 ], [ 10219847.00180459022522, 2700766.161095262505114 ], [ 10219850.981224225834012, 2700766.413821783848107 ], [ 10219871.717145320028067, 2700769.769105526152998 ], [ 10219878.766206638887525, 2700771.579871576279402 ], [ 10219888.975070599466562, 2700777.3870620126836 ], [ 10219901.908593045547605, 2700788.113645879086107 ], [ 10219912.605296028777957, 2700797.399298588279635 ], [ 10219917.642006635665894, 2700805.3486946253106 ], [ 10219930.191941840574145, 2700822.911046874243766 ], [ 10219931.303460322320461, 2700826.570982077624649 ], [ 10219940.773067096248269, 2700834.313538193237036 ], [ 10219945.169274218380451, 2700837.316160143353045 ], [ 10219958.407020920887589, 2700836.044240761548281 ], [ 10219964.472672909498215, 2700830.522981393616647 ], [ 10219972.491057977080345, 2700826.318950803019106 ], [ 10219983.633002543821931, 2700821.037109426688403 ], [ 10219996.489013919606805, 2700827.759067104198039 ], [ 10220007.71098237298429, 2700831.688170134555548 ], [ 10220014.945390896871686, 2700829.529398906044662 ], [ 10220017.023991856724024, 2700823.314052231609821 ], [ 10220015.704979253932834, 2700814.048988129477948 ], [ 10220014.569835962727666, 2700805.105271022301167 ], [ 10220012.248793875798583, 2700794.949738509953022 ], [ 10220008.025606106966734, 2700782.638941466342658 ], [ 10220006.316750410944223, 2700776.120632845908403 ], [ 10220001.969108454883099, 2700759.536848498973995 ], [ 10219998.774823384359479, 2700739.226352095603943 ], [ 10219996.118980418890715, 2700724.303063528146595 ], [ 10219992.591361533850431, 2700701.806007461156696 ], [ 10220010.864619376137853, 2700686.196717928163707 ], [ 10220011.05446395650506, 2700686.214904562104493 ], [ 10220017.637771816924214, 2700680.410980803892016 ], [ 10220019.373763153329492, 2700674.523823998868465 ], [ 10220023.461064118891954, 2700669.504987770691514 ], [ 10220028.705465450882912, 2700663.800524043850601 ], [ 10220033.101387849077582, 2700659.953390561044216 ], [ 10220045.091368662193418, 2700654.226104352157563 ], [ 10220064.87607835419476, 2700646.190345684997737 ], [ 10220069.411904953420162, 2700641.307410587090999 ], [ 10220080.445620350539684, 2700631.711914077866822 ], [ 10220087.033534474670887, 2700623.944629191420972 ], [ 10220087.721262270584702, 2700618.843300061766058 ], [ 10220086.583307625725865, 2700611.631334138568491 ], [ 10220085.706803658977151, 2700603.263450493570417 ], [ 10220085.25350546091795, 2700595.461460241582245 ], [ 10220084.786938648670912, 2700579.695671895053238 ], [ 10220084.028976812958717, 2700561.964044290594757 ], [ 10220081.31436875462532, 2700544.768267857842147 ], [ 10220085.769484860822558, 2700543.138653975911438 ], [ 10220090.879446351900697, 2700521.263045509345829 ], [ 10220095.317344337701797, 2700502.536600278690457 ], [ 10220098.241650644689798, 2700486.544485956430435 ], [ 10220094.272588275372982, 2700476.75084054749459 ], [ 10220093.498646540567279, 2700472.012800846248865 ], [ 10220093.68576436303556, 2700465.054324902128428 ], [ 10220090.874777903780341, 2700448.94979612948373 ], [ 10220084.824149524793029, 2700441.610090407077223 ], [ 10220069.212720287963748, 2700431.116033437196165 ], [ 10220065.565761299803853, 2700390.562231019604951 ], [ 10220068.969189800322056, 2700390.137445131316781 ], [ 10220081.154730159789324, 2700380.496226068586111 ], [ 10220085.78338579274714, 2700369.459422649815679 ], [ 10220090.584063144400716, 2700358.865244177635759 ], [ 10220093.701400419697165, 2700347.551530563738197 ], [ 10220096.604265233501792, 2700339.754751529078931 ], [ 10220098.987569201737642, 2700335.218538001179695 ], [ 10220095.262972392141819, 2700326.397658029105514 ], [ 10220099.731231801211834, 2700316.230978106148541 ], [ 10220115.504484955221415, 2700324.299671517685056 ], [ 10220123.05561189353466, 2700316.760976985562593 ], [ 10220125.103844460099936, 2700315.740641699172556 ], [ 10220126.910266591235995, 2700307.890812939498574 ], [ 10220130.306886568665504, 2700295.939682018943131 ], [ 10220133.078267946839333, 2700283.994520328938961 ], [ 10220133.561720412224531, 2700276.994441642425954 ], [ 10220136.460094843059778, 2700269.760124195367098 ], [ 10220144.353005623444915, 2700259.245969299692661 ], [ 10220144.381421448662877, 2700255.683628207072616 ], [ 10220145.503546997904778, 2700244.243601532187313 ], [ 10220146.842778479680419, 2700233.09211050439626 ], [ 10220150.578915867954493, 2700219.809103780426085 ], [ 10220154.896982764825225, 2700207.832319151610136 ], [ 10220157.483507718890905, 2700201.191183276474476 ], [ 10220158.490509586408734, 2700195.938086112495512 ], [ 10220167.351755522191525, 2700189.148829180747271 ], [ 10220172.661618167534471, 2700184.834799352567643 ], [ 10220172.787986183539033, 2700181.372440792620182 ], [ 10220174.957104314118624, 2700173.426461167167872 ], [ 10220176.657025653868914, 2700159.663829906843603 ], [ 10220178.234799543395638, 2700152.992426995187998 ], [ 10220178.232535203918815, 2700147.764328033663332 ], [ 10220177.505349347367883, 2700144.052425797563046 ], [ 10220177.399550789967179, 2700133.926124406047165 ], [ 10220177.70699861459434, 2700125.6231345445849 ], [ 10220175.823294663801789, 2700110.144160684198141 ], [ 10220173.230426345020533, 2700101.067779374774545 ], [ 10220171.084154168143868, 2700086.888144546654075 ], [ 10220169.157157177105546, 2700079.581896964926273 ], [ 10220166.239205922931433, 2700072.775109858252108 ], [ 10220153.590210486203432, 2700071.801797731313854 ], [ 10220144.231548892334104, 2700069.454216710757464 ], [ 10220135.356482261791825, 2700071.114360559266061 ], [ 10220122.646957665681839, 2700072.236248231958598 ], [ 10220116.979850202798843, 2700073.20520882261917 ], [ 10220096.622786592692137, 2700070.581419111695141 ], [ 10220086.109474075958133, 2700069.989325230475515 ], [ 10220078.280286312103271, 2700068.392988495994359 ], [ 10220069.034845501184464, 2700064.22634220123291 ], [ 10220061.265065688639879, 2700060.689390207640827 ], [ 10220051.356431229040027, 2700033.795937125571072 ], [ 10220033.819895418360829, 2700024.069608681835234 ], [ 10220030.567306865006685, 2700013.851895251777023 ], [ 10220029.320373956114054, 2700010.67633535945788 ], [ 10220015.575662240386009, 2700009.58372895186767 ], [ 10219997.302008992061019, 2700007.03178589604795 ], [ 10219974.771773062646389, 2700001.864500979427248 ], [ 10219964.621650481596589, 2699998.374422546941787 ], [ 10219956.567401124164462, 2699989.253886234946549 ], [ 10219947.922740371897817, 2699978.540513545740396 ], [ 10219944.922220656648278, 2699977.964713478460908 ], [ 10219924.597197825089097, 2699967.223132488317788 ], [ 10219914.59211958758533, 2699962.05765636684373 ], [ 10219924.19178313575685, 2699952.06497666798532 ], [ 10219917.586726143956184, 2699948.261597562115639 ], [ 10219901.058669310063124, 2699941.377910169772804 ], [ 10219881.515372632071376, 2699933.024933388922364 ], [ 10219855.888723060488701, 2699920.089670427609235 ], [ 10219847.483042312785983, 2699915.157646070700139 ], [ 10219839.165612725540996, 2699918.399381296243519 ], [ 10219827.826660400256515, 2699909.969305077102035 ], [ 10219811.575622510164976, 2699873.925347389653325 ], [ 10219817.215579150244594, 2699870.849502173252404 ], [ 10219818.231409789994359, 2699864.515663288533688 ], [ 10219818.06485771946609, 2699855.150122126098722 ], [ 10219822.595586186274886, 2699845.403438846115023 ], [ 10219823.420261444523931, 2699842.399016659706831 ], [ 10219826.253945536911488, 2699840.513813729397953 ], [ 10219837.397761195898056, 2699833.555888363625854 ], [ 10219849.995277870446444, 2699825.837696182541549 ], [ 10219855.29774123057723, 2699819.70393768325448 ], [ 10219862.029924459755421, 2699811.706694200634956 ], [ 10219871.668063297867775, 2699802.376325962599367 ], [ 10219876.322236487641931, 2699796.391737522557378 ], [ 10219883.857351226732135, 2699783.978073691483587 ], [ 10219890.880652070045471, 2699779.347211140673608 ], [ 10219903.920289151370525, 2699771.191415562294424 ], [ 10219909.198407338932157, 2699763.976590291596949 ], [ 10219916.424040639773011, 2699754.604641291778535 ], [ 10219926.194558268412948, 2699745.187045007944107 ], [ 10219927.462638763710856, 2699737.454512074589729 ], [ 10219928.386178040876985, 2699724.811056612990797 ], [ 10219928.923101445659995, 2699711.138775888830423 ], [ 10219925.11128126271069, 2699709.155792395584285 ], [ 10219922.382337981835008, 2699706.166740657296032 ], [ 10219904.220188524574041, 2699702.049387295730412 ], [ 10219895.388621434569359, 2699699.65084194811061 ], [ 10219887.352520223706961, 2699695.152108957525343 ], [ 10219875.224544642493129, 2699696.267399592325091 ], [ 10219862.617502260953188, 2699699.705992335453629 ], [ 10219850.85897727869451, 2699705.379528964869678 ], [ 10219842.541337078437209, 2699710.032905298285186 ], [ 10219832.547750731930137, 2699707.56975895864889 ], [ 10219821.023196207359433, 2699703.164148114155978 ], [ 10219803.30476051941514, 2699706.660633492749184 ], [ 10219789.791303301230073, 2699709.606524117290974 ], [ 10219788.545600207522511, 2699704.919976979028434 ], [ 10219789.237404499202967, 2699703.436640131752938 ], [ 10219783.623980782926083, 2699696.343376019969583 ], [ 10219776.083140512928367, 2699684.76746429130435 ], [ 10219766.200973743572831, 2699668.374959700740874 ], [ 10219761.963572135195136, 2699660.631030582822859 ], [ 10219750.74354369007051, 2699645.595364108681679 ], [ 10219745.956568486988544, 2699638.012407421600074 ], [ 10219741.431128207594156, 2699632.008904538117349 ], [ 10219743.898382976651192, 2699625.201554929837584 ], [ 10219745.529212269932032, 2699613.269898884929717 ], [ 10219748.411109769716859, 2699598.502577646169811 ], [ 10219750.873898446559906, 2699590.879096421878785 ], [ 10219752.593190800398588, 2699581.606181813869625 ], [ 10219754.987506791949272, 2699566.084996724501252 ], [ 10219756.331111270934343, 2699554.404709266964346 ], [ 10219759.51824644766748, 2699541.228159391321242 ], [ 10219763.747016239911318, 2699517.118977041915059 ], [ 10219767.354971863329411, 2699499.324615137651563 ], [ 10219769.599348915740848, 2699486.085426521953195 ], [ 10219772.934542564675212, 2699466.744781374000013 ], [ 10219774.544518856331706, 2699458.783525391481817 ], [ 10219777.597522327676415, 2699445.925860086455941 ], [ 10219781.391570653766394, 2699429.544801949057728 ], [ 10219784.739185454323888, 2699411.373432462569326 ], [ 10219786.56004211679101, 2699400.369836272671819 ], [ 10219792.202877443283796, 2699381.808992873877287 ], [ 10219793.703200083225965, 2699368.365360024385154 ], [ 10219798.489818209782243, 2699349.918924430850893 ], [ 10219801.798212703317404, 2699335.287742725107819 ], [ 10219804.459950350224972, 2699327.456290574744344 ], [ 10219804.321415757760406, 2699324.212646809406579 ], [ 10219806.237157670781016, 2699316.419322655070573 ], [ 10219807.232221135869622, 2699304.427500474732369 ], [ 10219814.113803070038557, 2699294.181752607226372 ], [ 10219819.675792671740055, 2699285.734253407921642 ], [ 10219821.113366363570094, 2699284.256909586023539 ], [ 10219820.567265314981341, 2699277.105482088401914 ], [ 10219819.005198938772082, 2699272.206903089303523 ], [ 10219822.031227426603436, 2699259.977905199397355 ], [ 10219821.705823667347431, 2699256.776783564593643 ], [ 10219817.949463767930865, 2699243.753969785291702 ], [ 10219814.081634029746056, 2699233.697144422214478 ], [ 10219814.896008662879467, 2699229.236901557538658 ], [ 10219818.963546022772789, 2699214.292035762686282 ], [ 10219826.23001822642982, 2699188.807111956644803 ], [ 10219827.683911610394716, 2699183.910878808237612 ], [ 10219831.482868770137429, 2699177.875553114339709 ], [ 10219824.893981834873557, 2699167.973246005363762 ], [ 10219821.942888129502535, 2699162.611319112125784 ], [ 10219829.156629523262382, 2699158.809320773463696 ], [ 10219828.639587013050914, 2699156.268387464806437 ], [ 10219828.743446338921785, 2699141.898290317971259 ], [ 10219827.988132517784834, 2699122.502859643660486 ], [ 10219826.865180356428027, 2699110.692608332727104 ], [ 10219826.277651323005557, 2699086.77673914982006 ], [ 10219826.080362237989902, 2699077.146745941601694 ], [ 10219819.728311480954289, 2699071.933778300415725 ], [ 10219813.476266695186496, 2699069.291389490477741 ], [ 10219813.851221652701497, 2699056.677076188381761 ], [ 10219818.679200109094381, 2699048.135472510475665 ], [ 10219820.602130511775613, 2699046.298090434167534 ], [ 10219825.781198555603623, 2699050.089800575282425 ], [ 10219830.147620499134064, 2699049.882484813220799 ], [ 10219834.461693061515689, 2699050.755562268663198 ], [ 10219838.795539138838649, 2699045.033340733032674 ], [ 10219841.615393921732903, 2699039.376192704308778 ], [ 10219851.487486490979791, 2699035.022284207865596 ], [ 10219856.604997491464019, 2699031.413019662722945 ], [ 10219868.97041242569685, 2699036.211290887091309 ], [ 10219881.686695441603661, 2699041.001409810502082 ], [ 10219888.319395981729031, 2699050.903927418868989 ], [ 10219897.957952324301004, 2699064.823347529862076 ], [ 10219906.558680228888988, 2699068.609612523112446 ], [ 10219917.95629451982677, 2699064.124562396202236 ], [ 10219928.801113806664944, 2699071.193585498724133 ], [ 10219950.055871292948723, 2699079.350307432003319 ], [ 10219960.846591100096703, 2699083.573275847826153 ], [ 10219978.83513262681663, 2699095.607940072659403 ], [ 10219981.997935697436333, 2699093.703364965040237 ], [ 10219986.777556423097849, 2699092.57280888222158 ], [ 10219995.462228205054998, 2699089.98485302599147 ], [ 10220007.14807210303843, 2699086.483720026910305 ], [ 10220017.231520362198353, 2699081.756363358814269 ], [ 10220024.599004961550236, 2699076.554996772669256 ], [ 10220026.064762456342578, 2699070.158881065901369 ], [ 10220027.340622156858444, 2699058.709876833483577 ], [ 10220029.129289140924811, 2699050.320103820413351 ], [ 10220028.477902863174677, 2699050.516089295037091 ], [ 10220030.796383919194341, 2699033.81207239581272 ], [ 10220047.037262527272105, 2699035.343713406939059 ], [ 10220053.232913972809911, 2699035.437782051973045 ], [ 10220062.14615548402071, 2699033.050253628287464 ], [ 10220070.077897498384118, 2699025.835055247414857 ], [ 10220070.867288252338767, 2699024.495807105209678 ], [ 10220076.33531897328794, 2698987.923457074910402 ], [ 10220103.601086674258113, 2698984.933855088427663 ], [ 10220158.155058678239584, 2698977.629131961613894 ], [ 10220174.098278038203716, 2698973.811252886429429 ], [ 10220187.019310660660267, 2698970.717076142318547 ], [ 10220246.192475270479918, 2698990.560842892155051 ], [ 10220248.729489112272859, 2698981.835240269545466 ], [ 10220254.619018562138081, 2698981.805455879773945 ], [ 10220259.571264825761318, 2698972.768422381021082 ], [ 10220272.793393770232797, 2698965.000151692889631 ], [ 10220283.935950182378292, 2698960.85477654915303 ], [ 10220291.549477551132441, 2698956.416265282779932 ], [ 10220299.220634596422315, 2698951.614132566843182 ], [ 10220301.619302654638886, 2698949.240210378076881 ], [ 10220301.981808431446552, 2698931.265821401495486 ], [ 10220306.2024498116225, 2698930.097589181736112 ], [ 10220321.011555895209312, 2698928.242618989665061 ], [ 10220323.98412761837244, 2698944.699803834315389 ], [ 10220324.769846241921186, 2698972.752952336799353 ], [ 10220330.131923662498593, 2698993.519786866847426 ], [ 10220322.819457698613405, 2698995.964563142508268 ], [ 10220313.836138384416699, 2698997.502373901195824 ], [ 10220306.046346925199032, 2698997.914017483126372 ], [ 10220294.517638960853219, 2698999.596757947001606 ], [ 10220285.801803030073643, 2699001.997157165780663 ], [ 10220299.302787832915783, 2699006.043288851156831 ], [ 10220310.486041417345405, 2699009.177239135373384 ], [ 10220314.589595397934318, 2699010.324286086950451 ], [ 10220331.37800021097064, 2699005.055193676613271 ], [ 10220345.871025767177343, 2699000.208775877952576 ], [ 10220355.000197779387236, 2698999.631518039852381 ], [ 10220358.798307908698916, 2698904.084450677968562 ], [ 10220363.235882434993982, 2698726.796812122687697 ], [ 10220359.601640796288848, 2698724.572863033041358 ], [ 10220355.883948188275099, 2698720.440214299596846 ], [ 10220361.067015184089541, 2698709.938203597906977 ], [ 10220362.888303833082318, 2698705.706807559356093 ], [ 10220366.838039945811033, 2698698.59188464237377 ], [ 10220363.629937501624227, 2698695.191247315146029 ], [ 10220367.225640844553709, 2698689.849139960482717 ], [ 10220369.553095921874046, 2698686.77978701191023 ], [ 10220372.016514511778951, 2698676.267008975613862 ], [ 10220385.652076443657279, 2698628.908657248597592 ], [ 10220391.780036199837923, 2698609.922190504148602 ], [ 10220388.667004594579339, 2698555.966485951095819 ], [ 10220375.110950618982315, 2698432.082044579088688 ], [ 10220384.937180301174521, 2698429.29360890481621 ], [ 10220388.978284871205688, 2698427.241729425732046 ], [ 10220389.755986500531435, 2698425.979600353166461 ], [ 10220388.045348357409239, 2698419.061957398895174 ], [ 10220382.358485769480467, 2698408.814684946089983 ], [ 10220374.139858312904835, 2698395.624430797994137 ], [ 10220365.631995800882578, 2698382.950185336638242 ], [ 10220355.66002163104713, 2698372.337561753578484 ], [ 10220349.017453152686357, 2698370.574685414321721 ], [ 10220348.106945855543017, 2698369.232914806343615 ], [ 10220349.360124990344048, 2698367.478394379839301 ], [ 10220365.591339405626059, 2698361.874201443977654 ], [ 10220364.33845591545105, 2698355.313060651533306 ], [ 10220360.02423170208931, 2698350.359525041189045 ], [ 10220357.814744392409921, 2698346.878820221405476 ], [ 10220358.634545840322971, 2698343.080495249014348 ], [ 10220359.836427105590701, 2698333.991555927321315 ], [ 10220359.995211411267519, 2698329.195424387231469 ], [ 10220351.509101083502173, 2698316.543471590615809 ], [ 10220353.47830224595964, 2698314.386694552376866 ], [ 10220370.737017823383212, 2698302.305941588710994 ], [ 10220379.314609820023179, 2698295.184273401275277 ], [ 10220382.319824824109674, 2698292.374120203312486 ], [ 10220382.53210012614727, 2698287.754833635874093 ], [ 10220381.678636111319065, 2698272.341006599832326 ], [ 10220382.701636327430606, 2698266.448959787841886 ], [ 10220386.221203785389662, 2698261.007136493455619 ], [ 10220392.572649920359254, 2698249.742995937820524 ], [ 10220390.786186883226037, 2698245.48256800044328 ], [ 10220386.746077030897141, 2698240.531367386225611 ], [ 10220381.706998847424984, 2698231.557659442536533 ], [ 10220368.107707990333438, 2698213.758466319646686 ], [ 10220370.862839361652732, 2698212.06022216565907 ], [ 10220375.665878413245082, 2698207.963085379917175 ], [ 10220381.364780079573393, 2698205.659879387822002 ], [ 10220390.891924649477005, 2698201.854554633144289 ], [ 10220387.685032213106751, 2698201.078780489973724 ], [ 10220382.377914573997259, 2698192.720528613775969 ], [ 10220377.21541721560061, 2698185.499438208062202 ], [ 10220372.54883742518723, 2698184.855312020052224 ], [ 10220362.569103106856346, 2698186.274865895044059 ], [ 10220358.898642336949706, 2698184.480807952117175 ], [ 10220349.558858223259449, 2698179.89502275781706 ], [ 10220341.380200929939747, 2698176.851419019978493 ], [ 10220339.871304415166378, 2698173.541822171304375 ], [ 10220340.07765, 2698164.147170607931912 ], [ 10220339.950884928926826, 2698153.889665310736746 ], [ 10220333.838302800431848, 2698147.54316807212308 ], [ 10220329.562377778813243, 2698143.284808271098882 ], [ 10220329.646692855283618, 2698138.201390647795051 ], [ 10220330.572446767240763, 2698130.742529038805515 ], [ 10220340.014418434351683, 2698119.723878828343004 ], [ 10220347.23543693870306, 2698110.804853692185134 ], [ 10220359.996575498953462, 2698105.768323832657188 ], [ 10220373.408979531377554, 2698102.942672478035092 ], [ 10220385.298710752278566, 2698098.527734550647438 ], [ 10220402.006616968661547, 2698090.853995802812278 ], [ 10220406.536863779649138, 2698086.578280234709382 ], [ 10220408.882576890289783, 2698082.571802214253694 ], [ 10220429.571296060457826, 2698088.682575351092964 ], [ 10220444.563426183536649, 2698092.67409698991105 ], [ 10220462.601317130029202, 2698102.557253290899098 ], [ 10220467.365867177024484, 2698104.668985973577946 ], [ 10220477.132293924689293, 2698099.718529479578137 ], [ 10220486.721022240817547, 2698095.064400751609355 ], [ 10220486.873090475797653, 2698092.484988705720752 ], [ 10220489.369560435414314, 2698087.454039748292416 ], [ 10220494.684306619688869, 2698072.773747828323394 ], [ 10220499.427528377622366, 2698065.147131007630378 ], [ 10220495.180433245375752, 2698057.260753952898085 ], [ 10220494.233204199001193, 2698048.121590128168464 ], [ 10220501.113949041813612, 2698044.758044287096709 ], [ 10220506.804589, 2698051.762805168051273 ], [ 10220512.707011049613357, 2698050.067672018893063 ], [ 10220531.957147739827633, 2698042.623832837678492 ], [ 10220539.080754777416587, 2698037.674188121687621 ], [ 10220551.738702038303018, 2698026.273274494335055 ], [ 10220563.46054514311254, 2698015.372191872447729 ], [ 10220569.248557452112436, 2698010.125013683922589 ], [ 10220579.775486523285508, 2698015.734923002310097 ], [ 10220587.172403270378709, 2698017.790404497645795 ], [ 10220595.953423330560327, 2698020.915816758293658 ], [ 10220600.593966392800212, 2698020.699519566260278 ], [ 10220606.01222413033247, 2698020.577606961131096 ], [ 10220605.535043517127633, 2698004.714894399512559 ], [ 10220606.276719866320491, 2697987.273907762486488 ], [ 10220608.354248905554414, 2697976.99010173138231 ], [ 10220613.898880114778876, 2697978.920518726110458 ], [ 10220632.294386617839336, 2697985.177940533962101 ], [ 10220650.512155890464783, 2697990.35325568402186 ], [ 10220660.320554060861468, 2697981.487935095559806 ], [ 10220672.657185336574912, 2697969.102852919138968 ], [ 10220678.759149787947536, 2697971.269275067839772 ], [ 10220681.552010329440236, 2697971.721831101924181 ], [ 10220680.409739103168249, 2697965.029472504276782 ], [ 10220678.669467087835073, 2697952.178474986925721 ], [ 10220677.172681011259556, 2697944.567923811264336 ], [ 10220676.541788872331381, 2697937.008410104550421 ], [ 10220667.52657176181674, 2697935.75606241915375 ], [ 10220663.532906606793404, 2697935.999718437436968 ], [ 10220650.364462787285447, 2697941.27574955439195 ], [ 10220645.439422983676195, 2697942.802296079695225 ], [ 10220625.870356889441609, 2697942.093736768234521 ], [ 10220622.837090574204922, 2697937.393320301547647 ], [ 10220620.768862847238779, 2697934.079223476815969 ], [ 10220623.568293552845716, 2697928.168513108044863 ], [ 10220623.535446377471089, 2697922.643028962425888 ], [ 10220624.188482243567705, 2697919.130260799545795 ], [ 10220621.903276141732931, 2697915.516613995656371 ], [ 10220609.662941912189126, 2697906.099349526222795 ], [ 10220596.748650588095188, 2697898.70592180127278 ], [ 10220589.188045419752598, 2697895.182323980610818 ], [ 10220578.173640182241797, 2697888.829747830051929 ], [ 10220566.151422493159771, 2697883.715242381207645 ], [ 10220554.603795412927866, 2697879.608124010264874 ], [ 10220541.247479503974319, 2697876.776811758056283 ], [ 10220535.831547409296036, 2697865.572649401146919 ], [ 10220530.264285292476416, 2697851.323496348690242 ], [ 10220518.049472091719508, 2697852.515606865286827 ], [ 10220505.034823810681701, 2697853.6241823323071 ], [ 10220493.293805677443743, 2697854.522228580899537 ], [ 10220482.998594770208001, 2697854.263031770475209 ], [ 10220455.010100057348609, 2697854.622547999024391 ], [ 10220439.057135099545121, 2697852.895160969346762 ], [ 10220425.196060260757804, 2697848.736220476217568 ], [ 10220416.123624455183744, 2697856.052214898634702 ], [ 10220400.195534670725465, 2697870.492467946838588 ], [ 10220380.077093463391066, 2697890.600563887506723 ], [ 10220368.598594697192311, 2697902.617363546509296 ], [ 10220364.495327442884445, 2697905.606084382161498 ], [ 10220367.213780209422112, 2697897.48903985787183 ], [ 10220370.406823152676225, 2697887.600319885648787 ], [ 10220382.152621077373624, 2697855.778922880534083 ], [ 10220384.795890498906374, 2697848.830268056131899 ], [ 10220386.18482150323689, 2697845.169084300287068 ], [ 10220382.574784372001886, 2697824.770829570479691 ], [ 10220380.196032371371984, 2697812.256562146823853 ], [ 10220391.916176373139024, 2697801.554310070816427 ], [ 10220395.395721869543195, 2697798.384085351601243 ], [ 10220406.967518990859389, 2697787.040826096199453 ], [ 10220410.755756285041571, 2697767.121220907196403 ], [ 10220413.357532232999802, 2697755.738975234795362 ], [ 10220412.543409170582891, 2697739.520987082272768 ], [ 10220411.702445141971111, 2697700.496445097029209 ], [ 10220410.57346529699862, 2697664.579643088858575 ], [ 10220409.431041764095426, 2697630.361134242266417 ], [ 10220408.352947128936648, 2697586.681121680885553 ], [ 10220407.327531781047583, 2697554.294357209932059 ], [ 10220406.930722991004586, 2697520.082008534111083 ], [ 10220406.358245622366667, 2697498.319061722606421 ], [ 10220405.04976231791079, 2697460.162540522869676 ], [ 10220404.111976217478514, 2697408.48887810530141 ], [ 10220403.507224244996905, 2697383.880550710950047 ], [ 10220402.114757586270571, 2697335.611026668921113 ], [ 10220401.755971962586045, 2697304.884385838638991 ], [ 10220401.424129841849208, 2697288.018244488630444 ], [ 10220400.842354312539101, 2697258.460521277971566 ], [ 10220399.894906312227249, 2697227.310204209759831 ], [ 10220398.942282533273101, 2697185.782729612197727 ], [ 10220398.232819218188524, 2697145.382098836824298 ], [ 10220397.2597172614187, 2697106.435127499978989 ], [ 10220396.624363549053669, 2697067.755615571979433 ], [ 10220395.570961434394121, 2697027.870822893455625 ], [ 10220394.398643331602216, 2696998.792275448795408 ], [ 10220369.663546843454242, 2697006.654543110635132 ], [ 10220366.663487669080496, 2696999.197661798447371 ], [ 10220363.214251575991511, 2696987.557731128763407 ], [ 10220342.385034816339612, 2696982.736434321384877 ], [ 10220333.02790467813611, 2696987.314847538247705 ], [ 10220324.381390422582626, 2696989.406644525937736 ], [ 10220314.473618276417255, 2696990.131930582690984 ], [ 10220290.321039607748389, 2696989.551463968586177 ], [ 10220261.461021652445197, 2696983.871397770475596 ], [ 10220221.454425385221839, 2696976.138433730229735 ], [ 10220175.32350262068212, 2696966.349084826651961 ], [ 10220134.935006633400917, 2696958.381341293919832 ], [ 10220102.835850991308689, 2696951.869768915232271 ], [ 10220103.348350720480084, 2696949.480939236469567 ], [ 10220109.883111726492643, 2696939.939563389401883 ], [ 10220117.719262823462486, 2696929.471348197199404 ], [ 10220137.925624901428819, 2696925.741440341342241 ], [ 10220145.918285980820656, 2696917.634360529016703 ], [ 10220154.742029817774892, 2696902.92071450734511 ], [ 10220156.231345688924193, 2696900.437269498594105 ], [ 10220163.564053632318974, 2696889.783692228607833 ], [ 10220168.512419989332557, 2696882.594281805213541 ], [ 10220172.939145362004638, 2696877.513070887420326 ], [ 10220169.232944678515196, 2696859.607463976368308 ], [ 10220167.606037737801671, 2696850.474499111995101 ], [ 10220164.107736088335514, 2696822.998644768726081 ], [ 10220162.336498575285077, 2696806.967692324891686 ], [ 10220161.939510516822338, 2696803.374052812810987 ], [ 10220161.232434848323464, 2696790.912139613181353 ], [ 10220160.872253611683846, 2696784.56349735846743 ], [ 10220160.816152350977063, 2696768.209217813797295 ], [ 10220160.215976122766733, 2696752.710652506910264 ], [ 10220166.029969241470098, 2696749.658775492571294 ], [ 10220184.24702188372612, 2696768.497233397327363 ], [ 10220190.723117083311081, 2696774.803849914111197 ], [ 10220198.577301915735006, 2696782.452357714064419 ], [ 10220200.304402854293585, 2696783.663090818561614 ], [ 10220214.41063335724175, 2696793.552311551291496 ], [ 10220217.266424907371402, 2696794.336313994135708 ], [ 10220231.57480513677001, 2696789.026002754922956 ], [ 10220248.542880931869149, 2696778.81874982919544 ], [ 10220260.00352731347084, 2696771.710086611099541 ], [ 10220281.328057184815407, 2696758.340011930093169 ], [ 10220303.624532323330641, 2696745.473931695334613 ], [ 10220309.301251567900181, 2696744.5161740523763 ], [ 10220335.563831439241767, 2696730.700592957437038 ], [ 10220339.390593281015754, 2696728.765401291195303 ], [ 10220347.498314432799816, 2696724.665326701942831 ], [ 10220363.006595639511943, 2696714.622736916411668 ], [ 10220379.052745612338185, 2696705.874787286389619 ], [ 10220387.821500077843666, 2696702.184928882401437 ], [ 10220416.917661195620894, 2696687.774477288592607 ], [ 10220435.482059391215444, 2696678.873227543663234 ], [ 10220445.327636679634452, 2696674.152545054443181 ], [ 10220472.725526869297028, 2696660.930297500919551 ], [ 10220474.426967106759548, 2696661.012220634147525 ], [ 10220492.784469624981284, 2696661.896635928656906 ], [ 10220514.43490325845778, 2696664.055608950089663 ], [ 10220522.374062400311232, 2696658.506452729925513 ], [ 10220537.740457331761718, 2696646.973883345257491 ], [ 10220559.207076746970415, 2696630.858817280735821 ], [ 10220563.022717414423823, 2696614.33722413983196 ], [ 10220566.609030447900295, 2696594.924735216423869 ], [ 10220568.703665118664503, 2696582.469549006782472 ], [ 10220566.391682067885995, 2696573.981831916607916 ], [ 10220560.842866215854883, 2696547.80230477405712 ], [ 10220553.934746850281954, 2696521.578795831650496 ], [ 10220547.771739967167377, 2696496.805868024937809 ], [ 10220542.436165435239673, 2696475.535348629578948 ], [ 10220539.805285075679421, 2696464.398681645281613 ], [ 10220560.498518273234367, 2696457.264832992572337 ], [ 10220579.647096611559391, 2696450.343889803159982 ], [ 10220583.151890657842159, 2696449.077082418370992 ], [ 10220595.827392555773258, 2696443.599103295709938 ], [ 10220604.285764016211033, 2696440.303777166642249 ], [ 10220623.031004007905722, 2696438.215746205300093 ], [ 10220646.860454313457012, 2696435.187090514227748 ], [ 10220663.324650537222624, 2696433.537788417655975 ], [ 10220674.986664760857821, 2696432.369381038937718 ], [ 10220694.374683987349272, 2696429.415328653063625 ], [ 10220715.834641488268971, 2696426.522042903583497 ], [ 10220729.320428499951959, 2696425.306948889046907 ], [ 10220736.171918159350753, 2696406.185451862867922 ], [ 10220743.145819839090109, 2696386.833364615682513 ], [ 10220749.477834366261959, 2696368.215019805822521 ], [ 10220753.390539141371846, 2696356.017122577875853 ], [ 10220757.633986065164208, 2696343.579320905264467 ], [ 10220759.591257451102138, 2696337.353590980172157 ], [ 10220765.825831254944205, 2696326.883649526163936 ], [ 10220780.161785254254937, 2696308.329482089728117 ], [ 10220780.36073194257915, 2696308.060731790494174 ], [ 10220787.536866975948215, 2696298.3667310657911 ], [ 10220794.127466827630997, 2696289.463702169246972 ], [ 10220807.918025409802794, 2696270.563368574250489 ], [ 10220821.420688342303038, 2696251.991519400849938 ], [ 10220812.687974497675896, 2696235.976223046891391 ], [ 10220800.739689012989402, 2696214.774378413334489 ], [ 10220788.950157867744565, 2696194.30151921370998 ], [ 10220777.749607160687447, 2696174.219459023792297 ], [ 10220766.766460003331304, 2696154.392754201311618 ], [ 10220758.993937466293573, 2696140.359081706032157 ], [ 10220758.016599481925368, 2696119.807721180375665 ], [ 10220757.187561778351665, 2696101.297616909258068 ], [ 10220757.989966280758381, 2696088.082981349900365 ], [ 10220768.600982470437884, 2696093.528279990889132 ], [ 10220778.722005523741245, 2696098.261424819007516 ], [ 10220786.779333287850022, 2696102.02363922027871 ], [ 10220796.801358269527555, 2696105.730250897351652 ], [ 10220802.860614808276296, 2696107.793017230462283 ], [ 10220813.453476913273335, 2696111.355964389164001 ], [ 10220817.954091731458902, 2696113.18735149409622 ], [ 10220819.435794040560722, 2696112.977282681036741 ], [ 10220823.639368427917361, 2696111.706950298976153 ], [ 10220835.99802285246551, 2696109.275638227816671 ], [ 10220849.728328611701727, 2696105.795412168372422 ], [ 10220866.905186025425792, 2696102.170853534713387 ], [ 10220879.252668993547559, 2696099.17656801501289 ], [ 10220880.943055940791965, 2696099.529453577939421 ], [ 10220887.265758505091071, 2696101.735570307821035 ], [ 10220891.39318661019206, 2696103.467673789244145 ], [ 10220898.517197033390403, 2696105.585384587291628 ], [ 10220907.024502439424396, 2696108.751386689487845 ], [ 10220913.182523678988218, 2696110.780957593116909 ], [ 10220924.752243580296636, 2696114.531283916905522 ], [ 10220935.82817554473877, 2696118.822633754462004 ], [ 10220940.636103035882115, 2696120.399942549411207 ], [ 10220941.733905216678977, 2696121.227573439944535 ], [ 10220944.325240699574351, 2696125.05726109072566 ], [ 10220950.364359365776181, 2696134.714347244240344 ], [ 10220952.099417742341757, 2696138.323421776294708 ], [ 10220954.910590896382928, 2696143.477663686033338 ], [ 10220958.643833355978131, 2696149.437584163621068 ], [ 10220962.487143997102976, 2696156.501206133980304 ], [ 10220966.615706423297524, 2696163.012821344658732 ], [ 10220970.272189874202013, 2696168.685661669820547 ], [ 10220973.829881217330694, 2696174.766920170746744 ], [ 10220977.189899468794465, 2696180.296395817305893 ], [ 10220982.647530253976583, 2696190.538649322930723 ], [ 10220990.081043543294072, 2696202.016829134430736 ], [ 10220998.512037007138133, 2696197.642858323641121 ], [ 10221014.344989014789462, 2696189.42876118933782 ], [ 10221028.141828294843435, 2696182.270978081971407 ], [ 10221028.975251507014036, 2696178.804748901166022 ], [ 10221030.324350729584694, 2696174.974087856244296 ], [ 10221032.276809683069587, 2696169.454516689758748 ], [ 10221033.99879265204072, 2696164.354389236774296 ], [ 10221034.48110767826438, 2696161.63874401897192 ], [ 10221033.656361853703856, 2696155.159469418227673 ], [ 10221032.348221281543374, 2696146.726496047805995 ], [ 10221030.841737974435091, 2696135.368375215679407 ], [ 10221029.455786803737283, 2696123.226574229076505 ], [ 10221027.389117224141955, 2696110.036277920007706 ], [ 10221026.53094289265573, 2696101.514864483848214 ], [ 10221025.738847028464079, 2696093.733092942275107 ], [ 10221024.617103930562735, 2696084.549432186409831 ], [ 10221023.627255449071527, 2696076.281994854100049 ], [ 10221022.802258476614952, 2696069.007942959200591 ], [ 10221021.229704800993204, 2696056.424692820757627 ], [ 10221020.074908643960953, 2696046.711231708992273 ], [ 10221018.942783331498504, 2696040.276217214763165 ], [ 10221019.030345663428307, 2696039.39311546087265 ], [ 10221019.798420650884509, 2696038.17872480629012 ], [ 10221022.004023654386401, 2696035.782846919260919 ], [ 10221028.039166923612356, 2696028.407911972608417 ], [ 10221039.154579436406493, 2696014.298287771176547 ], [ 10221048.283945221453905, 2696003.092241032514721 ], [ 10221056.261222083121538, 2695993.652527505997568 ], [ 10221064.271335223689675, 2695983.583751616999507 ], [ 10221073.971349954605103, 2695971.704213750548661 ], [ 10221083.682467369362712, 2695960.751909998711199 ], [ 10221091.890007428824902, 2695950.307789574377239 ], [ 10221099.198056345805526, 2695942.115532993804663 ], [ 10221104.300288548693061, 2695935.590782192070037 ], [ 10221109.380501754581928, 2695928.845142160542309 ], [ 10221111.860699564218521, 2695926.968007437884808 ], [ 10221114.153975250199437, 2695924.229942244011909 ], [ 10221119.541533133015037, 2695917.362908975686878 ], [ 10221120.013330295681953, 2695916.899177169892937 ], [ 10221120.595015132799745, 2695916.678219224791974 ], [ 10221121.385330438613892, 2695916.656027293298393 ], [ 10221121.956067495048046, 2695916.56750519759953 ], [ 10221122.800430595874786, 2695913.487651796080172 ], [ 10221122.590958673506975, 2695909.646495361346751 ], [ 10221123.006317976862192, 2695902.526727807242423 ], [ 10221123.596009135246277, 2695890.362462595570832 ], [ 10221124.152669282630086, 2695877.734715898986906 ], [ 10221123.954550478607416, 2695875.317407982423902 ], [ 10221123.152312764897943, 2695871.310675869695842 ], [ 10221122.558736477047205, 2695867.800678247585893 ], [ 10221121.262195808812976, 2695862.061188536696136 ], [ 10221118.877139560878277, 2695849.025732917711139 ], [ 10221117.250603226944804, 2695840.217712162062526 ], [ 10221114.349610161036253, 2695826.718794554937631 ], [ 10221113.866178411990404, 2695824.45609473856166 ], [ 10221113.492820108309388, 2695823.760795764625072 ], [ 10221112.878077602013946, 2695823.451828914694488 ], [ 10221108.718020141124725, 2695822.702309122309089 ], [ 10221100.331966042518616, 2695820.993470791261643 ], [ 10221091.001874404028058, 2695818.788134542293847 ], [ 10221090.749335788190365, 2695818.401817640755326 ], [ 10221090.749201780185103, 2695817.883060909807682 ], [ 10221090.869628209620714, 2695816.889560511801392 ], [ 10221092.788664085790515, 2695809.50459111109376 ], [ 10221096.474229019135237, 2695799.856409380212426 ], [ 10221099.09566605836153, 2695792.592690500430763 ], [ 10221103.066998166963458, 2695784.235789623577148 ], [ 10221103.505845170468092, 2695783.716935282107443 ], [ 10221104.054557930678129, 2695783.39667321043089 ], [ 10221104.943639663979411, 2695783.396470465697348 ], [ 10221108.664669137448072, 2695784.068910819478333 ], [ 10221117.950459325686097, 2695785.060022566001862 ], [ 10221128.0925, 2695786.238622276112437 ], [ 10221129.387668434530497, 2695786.293476915452629 ], [ 10221130.079152259975672, 2695786.138792557176203 ], [ 10221130.155811505392194, 2695785.498533377423882 ], [ 10221130.23213766887784, 2695783.456471913028508 ], [ 10221133.026535697281361, 2695765.276009066030383 ], [ 10221134.966446250677109, 2695753.895254810806364 ], [ 10221136.742469221353531, 2695745.196827434934676 ], [ 10221136.709371311590075, 2695744.589729479048401 ], [ 10221136.248376069590449, 2695744.369051024783403 ], [ 10221135.040937468409538, 2695744.259012947790325 ], [ 10221123.779584780335426, 2695743.941633982118219 ], [ 10221119.235570032149553, 2695743.78823501477018 ], [ 10221118.543994581326842, 2695743.512523385230452 ], [ 10221117.95120744779706, 2695743.060046225786209 ], [ 10221115.403952926397324, 2695739.506496322341263 ], [ 10221115.063434317708015, 2695738.634576540905982 ], [ 10221115.140052517876029, 2695737.674208938609809 ], [ 10221116.15996953099966, 2695734.483912159688771 ], [ 10221117.618456436321139, 2695729.030820033047348 ], [ 10221118.133846765384078, 2695727.165165695361793 ], [ 10221120.600998744368553, 2695717.318634113762528 ], [ 10221121.302555011585355, 2695713.322736308909953 ], [ 10221122.212910111993551, 2695711.048646061681211 ], [ 10221122.992065085098147, 2695710.496524367947131 ], [ 10221123.760272461920977, 2695710.076946499757469 ], [ 10221126.591901164501905, 2695709.40282006887719 ], [ 10221129.6538653858006, 2695708.033440923318267 ], [ 10221130.729384256526828, 2695707.414963327348232 ], [ 10221130.84993752092123, 2695706.929259913042188 ], [ 10221131.013099078088999, 2695700.626528805587441 ], [ 10221131.821884036064148, 2695687.071588199585676 ], [ 10221129.17704376578331, 2695688.0877700089477 ], [ 10221126.729451801627874, 2695688.287030404899269 ], [ 10221114.348731270059943, 2695688.676502190064639 ], [ 10221108.564506677910686, 2695688.920757236424834 ], [ 10221099.015706149861217, 2695689.497100760694593 ], [ 10221098.313206244260073, 2695689.397893052082509 ], [ 10221097.731400238350034, 2695689.111057099420577 ], [ 10221095.897967355325818, 2695686.992188180796802 ], [ 10221090.145108474418521, 2695680.657736409921199 ], [ 10221087.674746599048376, 2695677.391161259729415 ], [ 10221087.180580554530025, 2695676.397850886452943 ], [ 10221086.620711799710989, 2695676.166146464645863 ], [ 10221086.115783032029867, 2695676.16627591336146 ], [ 10221085.534112066030502, 2695676.166441674809903 ], [ 10221083.459803130477667, 2695676.674665053840727 ], [ 10221077.599117072299123, 2695678.210453927051276 ], [ 10221073.65895969979465, 2695679.072336310520768 ], [ 10221064.231051260605454, 2695680.575822005979717 ], [ 10221029.721444444730878, 2695674.193180680274963 ], [ 10221013.294526735320687, 2695644.449733902700245 ], [ 10221017.332996005192399, 2695641.689205983188003 ], [ 10221019.922664212062955, 2695639.469924168661237 ], [ 10221020.504139879718423, 2695638.112150301691145 ], [ 10221021.074133465066552, 2695635.032374209724367 ], [ 10221021.873747134581208, 2695628.298981179483235 ], [ 10221022.618876812979579, 2695623.254515673499554 ], [ 10221023.57292946614325, 2695619.75524235656485 ], [ 10221025.789024855941534, 2695615.195951174944639 ], [ 10221028.301361382007599, 2695610.780131839681417 ], [ 10221028.718433870002627, 2695610.559368388727307 ], [ 10221029.651354311034083, 2695610.38243221025914 ], [ 10221032.988072, 2695610.790097748860717 ], [ 10221035.248995082452893, 2695610.513544614426792 ], [ 10221035.48986454308033, 2695608.085215888451785 ], [ 10221036.915131041780114, 2695601.48407679842785 ], [ 10221037.989421023055911, 2695595.887607347685844 ], [ 10221039.425466567277908, 2695588.326255165506154 ], [ 10221040.082444168627262, 2695581.968196791131049 ], [ 10221040.915669633075595, 2695578.14888093015179 ], [ 10221035.724380368366838, 2695579.099366796202958 ], [ 10221029.874541494995356, 2695579.983836873434484 ], [ 10221020.150107195600867, 2695580.615353328175843 ], [ 10221014.70613088272512, 2695580.616701331455261 ], [ 10221011.281438153237104, 2695579.712359488010406 ], [ 10221008.888477256521583, 2695578.741648455616087 ], [ 10221007.000438813120127, 2695577.527879525907338 ], [ 10221005.430770985782146, 2695577.163999483454973 ], [ 10221003.839253913611174, 2695576.932557458058 ], [ 10221001.753562226891518, 2695575.906559875234962 ], [ 10220998.602974198758602, 2695573.710805589333177 ], [ 10220993.10304949991405, 2695568.932710044551641 ], [ 10220988.865591686218977, 2695565.423599064350128 ], [ 10220983.168159523978829, 2695561.374057284090668 ], [ 10220982.202123083174229, 2695560.413968371693045 ], [ 10220981.839562248438597, 2695559.233030926436186 ], [ 10220981.784544693306088, 2695558.592842878308147 ], [ 10220983.35371663607657, 2695557.1795838996768 ], [ 10220991.122883580625057, 2695549.991968861315399 ], [ 10220993.207721658051014, 2695547.530009679496288 ], [ 10220993.600544061511755, 2695537.772386364173144 ], [ 10220993.970865614712238, 2695525.796180069912225 ], [ 10220993.735653173178434, 2695506.049366029445082 ], [ 10220993.87456345744431, 2695489.856777680572122 ], [ 10220993.817499639466405, 2695480.783569668419659 ], [ 10220993.90338, 2695472.494119033683091 ], [ 10220994.320121198892593, 2695471.092148595955223 ], [ 10220994.715135307982564, 2695470.794112609233707 ], [ 10220996.29560312628746, 2695470.727488724980503 ], [ 10221014.548229817301035, 2695470.700961613561958 ], [ 10221042.975164048373699, 2695470.186400427948684 ], [ 10221051.316747099161148, 2695470.438226973172277 ], [ 10221053.565819889307022, 2695466.530240520369262 ], [ 10221056.670351257547736, 2695459.752198186703026 ], [ 10221061.003928665071726, 2695452.488268683664501 ], [ 10221066.818896118551493, 2695443.3253775970079 ], [ 10221070.900199126452208, 2695436.712743255775422 ], [ 10221073.105369342491031, 2695432.650211958214641 ], [ 10221077.757233384996653, 2695425.154392890632153 ], [ 10221081.147589448839426, 2695420.296852621249855 ], [ 10221083.561135537922382, 2695415.914230965077877 ], [ 10221083.934087479487062, 2695414.832497454248369 ], [ 10221083.802246840670705, 2695414.490311648231 ], [ 10221079.58612472191453, 2695408.541990334633738 ], [ 10221075.754413794726133, 2695403.399229070637375 ], [ 10221070.802757188677788, 2695396.832974742166698 ], [ 10221066.916184589266777, 2695391.844811525195837 ], [ 10221066.707505762577057, 2695391.292950646486133 ], [ 10221066.729365415871143, 2695390.950802239589393 ], [ 10221066.970775144174695, 2695390.630584693513811 ], [ 10221074.388989202678204, 2695384.966400451492518 ], [ 10221076.72646776586771, 2695383.663395293988287 ], [ 10221078.745867371559143, 2695383.066850678063929 ], [ 10221085.945629531517625, 2695382.071671525016427 ], [ 10221091.5648546628654, 2695380.977589419577271 ], [ 10221102.86939612776041, 2695379.561911447905004 ], [ 10221115.030121516436338, 2695378.245357668958604 ], [ 10221116.137963604182005, 2695375.242876307107508 ], [ 10221121.129907466471195, 2695367.316414627246559 ], [ 10221123.357132045552135, 2695363.838948266580701 ], [ 10221119.284715218469501, 2695362.140173554886132 ], [ 10221113.291451597586274, 2695359.889913870487362 ], [ 10221098.154593290761113, 2695353.900102432351559 ], [ 10221093.720010368153453, 2695351.859247036278248 ], [ 10221084.258218297734857, 2695348.793043656274676 ], [ 10221072.294080374762416, 2695345.738541799597442 ], [ 10221067.409634970128536, 2695344.63594684144482 ], [ 10221062.294893741607666, 2695344.074235268868506 ], [ 10221060.780217686668038, 2695343.77655293373391 ], [ 10221059.517913373187184, 2695343.291294059716165 ], [ 10221058.990834262222052, 2695342.286946693900973 ], [ 10221056.046761991456151, 2695331.481587185990065 ], [ 10221055.123668055981398, 2695326.746700219810009 ], [ 10221054.980866387486458, 2695326.272095310967416 ], [ 10221054.563725462183356, 2695326.095577957574278 ], [ 10221053.926189064979553, 2695322.210363431368023 ], [ 10221044.61879775300622, 2695322.002954358700663 ], [ 10221043.68806373886764, 2695330.822429858148098 ], [ 10221033.668935446068645, 2695337.822806630283594 ], [ 10221027.445014826953411, 2695334.590174875687808 ], [ 10221028.989042289555073, 2695319.699868901167065 ], [ 10221036.067265775054693, 2695315.249863125383854 ], [ 10221049.817966243252158, 2695308.193473172839731 ], [ 10221057.862342353910208, 2695305.233342894818634 ], [ 10221060.132371658459306, 2695297.23038504878059 ], [ 10221067.913538876920938, 2695295.307965682819486 ], [ 10221072.607296518981457, 2695279.335094276349992 ], [ 10221076.884525246918201, 2695266.143915133550763 ], [ 10221069.694215759634972, 2695260.428137960378081 ], [ 10221075.91282619535923, 2695241.850144172087312 ], [ 10221073.672255221754313, 2695235.647500871680677 ], [ 10221076.305190864950418, 2695230.536378793884069 ], [ 10221082.338311480358243, 2695216.274154999293387 ], [ 10221093.072767423465848, 2695218.158978656399995 ], [ 10221102.051412807777524, 2695220.849921493325382 ], [ 10221113.841191839426756, 2695229.070134230423719 ], [ 10221127.552341429516673, 2695240.115521179512143 ], [ 10221156.897996263578534, 2695228.055004903115332 ], [ 10221169.321088453754783, 2695223.283515716902912 ], [ 10221170.384717835113406, 2695219.265529660973698 ], [ 10221174.409797430038452, 2695207.387999856378883 ], [ 10221175.814283117651939, 2695205.897546986117959 ], [ 10221176.626299358904362, 2695205.047468144912273 ], [ 10221189.619667731225491, 2695198.631238839123398 ], [ 10221196.56633810326457, 2695195.340303939301521 ], [ 10221197.783613540232182, 2695191.002149557229131 ], [ 10221199.493270613253117, 2695181.167147339321673 ], [ 10221200.469835296273232, 2695180.217561384662986 ], [ 10221209.997777780517936, 2695185.016554217785597 ], [ 10221213.18812059238553, 2695170.755140461958945 ], [ 10221228.939151940867305, 2695175.265554238576442 ], [ 10221235.645811703056097, 2695177.990068315993994 ], [ 10221249.401192622259259, 2695190.03977088117972 ], [ 10221258.238571571186185, 2695198.183346384204924 ], [ 10221267.646366817876697, 2695205.377526355907321 ], [ 10221285.552104419097304, 2695223.607194971293211 ], [ 10221286.583472920581698, 2695222.381762210279703 ], [ 10221287.316210770979524, 2695211.950855684932321 ], [ 10221294.655776875093579, 2695200.16070366371423 ], [ 10221298.34163898602128, 2695192.576821993570775 ], [ 10221304.562138201668859, 2695182.144577250350267 ], [ 10221309.673456713557243, 2695169.814206822309643 ], [ 10221314.927652230486274, 2695157.892119819298387 ], [ 10221319.545185333117843, 2695145.385293452069163 ], [ 10221323.76754105463624, 2695132.82330886553973 ], [ 10221327.222131047397852, 2695122.66770668560639 ], [ 10221335.49719232134521, 2695120.745045509655029 ], [ 10221335.902692146599293, 2695118.493197483941913 ], [ 10221341.366150150075555, 2695109.518240591976792 ], [ 10221344.864921310916543, 2695100.36709888279438 ], [ 10221341.778754595667124, 2695092.442901762202382 ], [ 10221338.05543433316052, 2695081.991236065980047 ], [ 10221334.057687804102898, 2695071.627956386189908 ], [ 10221330.026957709342241, 2695061.121202843729407 ], [ 10221326.402632610872388, 2695051.806398113723844 ], [ 10221327.243816806003451, 2695036.452854952774942 ], [ 10221327.359102711081505, 2695015.382017149589956 ], [ 10221334.672185752540827, 2694986.262983114924282 ], [ 10221339.12963511608541, 2694949.418501044623554 ], [ 10221344.225566633045673, 2694920.145660924725235 ], [ 10221344.62470605224371, 2694893.059482971206307 ], [ 10221341.945946920663118, 2694890.135225395672023 ], [ 10221337.523949977010489, 2694886.587307766545564 ], [ 10221330.682937551289797, 2694881.098528229631484 ], [ 10221319.837446363642812, 2694873.915863694623113 ], [ 10221316.543129352852702, 2694866.874870403204113 ], [ 10221317.539426729083061, 2694857.625227325595915 ], [ 10221324.011678121984005, 2694845.360864802263677 ], [ 10221327.951157905161381, 2694842.644619680475444 ], [ 10221339.879536570981145, 2694835.996974007692188 ], [ 10221343.007004544138908, 2694834.318465140648186 ], [ 10221341.036128748208284, 2694809.782707033213228 ], [ 10221357.595680514350533, 2694801.555464716628194 ], [ 10221364.507600471377373, 2694791.995249113067985 ], [ 10221367.206783790141344, 2694789.19103863555938 ], [ 10221378.038474515080452, 2694785.998392759356648 ], [ 10221373.789381129667163, 2694779.376997567713261 ], [ 10221369.035130083560944, 2694771.994209953583777 ], [ 10221368.06890388764441, 2694770.592750133946538 ], [ 10221370.481938583776355, 2694764.620876160915941 ], [ 10221373.081909365952015, 2694760.216262427624315 ], [ 10221377.41487274505198, 2694751.473454898688942 ], [ 10221384.699397895485163, 2694740.036818860564381 ], [ 10221393.794809633865952, 2694728.235466613899916 ], [ 10221403.394889941439033, 2694716.213203851599246 ], [ 10221415.342345351353288, 2694699.11307005956769 ], [ 10221434.004864586517215, 2694675.146003343630582 ], [ 10221440.477549280971289, 2694665.431373469997197 ], [ 10221457.323660749942064, 2694662.259174813050777 ], [ 10221462.118583941832185, 2694657.898099206387997 ], [ 10221473.287822848185897, 2694644.893095313571393 ], [ 10221480.935388309881091, 2694636.922146450728178 ], [ 10221487.112718716263771, 2694630.916200333740562 ], [ 10221472.622542403638363, 2694619.551616952754557 ], [ 10221457.484295856207609, 2694606.255749924108386 ], [ 10221447.384896678850055, 2694597.42863565357402 ], [ 10221445.890869488939643, 2694592.208436582237482 ], [ 10221445.166458224877715, 2694591.78917384147644 ], [ 10221436.900876618921757, 2694586.890775583684444 ], [ 10221418.811436612159014, 2694577.745768092572689 ], [ 10221407.999405354261398, 2694571.556647983845323 ], [ 10221403.992693532258272, 2694568.566684854682535 ], [ 10221386.451258581131697, 2694556.319933321326971 ], [ 10221371.061553882434964, 2694546.136565643828362 ], [ 10221361.478660512715578, 2694539.726488296408206 ], [ 10221361.608568910509348, 2694532.717731235083193 ], [ 10221360.486909247934818, 2694524.097977571655065 ], [ 10221360.715018467977643, 2694515.047422969248146 ], [ 10221349.52059269323945, 2694515.436575600411743 ], [ 10221341.782975040376186, 2694515.052314142696559 ], [ 10221330.466521732509136, 2694510.364418788813055 ], [ 10221319.445912703871727, 2694503.888494171667844 ], [ 10221312.135748671367764, 2694500.678592861164361 ], [ 10221287.410928029567003, 2694467.980633193627 ], [ 10221316.245092589408159, 2694433.802973819430918 ], [ 10221333.256379140540957, 2694433.644052365329117 ], [ 10221347.545425809919834, 2694432.227592465467751 ], [ 10221352.977312173694372, 2694429.224028337281197 ], [ 10221369.831994952633977, 2694418.138314675074071 ], [ 10221375.680708853527904, 2694414.726213931571692 ], [ 10221398.067644324153662, 2694406.729422334115952 ], [ 10221409.480297258123755, 2694401.825848363339901 ], [ 10221405.395397117361426, 2694393.538017666433007 ], [ 10221403.140873314812779, 2694375.503946172539145 ], [ 10221400.577159682288766, 2694350.615883074235171 ], [ 10221421.417897205799818, 2694348.104890644084662 ], [ 10221423.15764076448977, 2694369.726200535427779 ], [ 10221424.183700697496533, 2694390.100551463197917 ], [ 10221425.315917802974582, 2694396.854967732448131 ], [ 10221421.445402024313807, 2694410.619292484596372 ], [ 10221431.86056344397366, 2694410.561304432339966 ], [ 10221442.110877284780145, 2694409.311406368855387 ], [ 10221449.155947064980865, 2694406.097753490786999 ], [ 10221457.966191995888948, 2694396.062581791076809 ], [ 10221474.994313670322299, 2694377.261690528597683 ], [ 10221488.708889830857515, 2694361.739800783805549 ], [ 10221497.18984093517065, 2694351.793041090480983 ], [ 10221508.20523695088923, 2694338.744158970657736 ], [ 10221528.2393110524863, 2694316.145728615578264 ], [ 10221537.346124099567533, 2694307.368715769145638 ], [ 10221546.069292945787311, 2694300.655766668729484 ], [ 10221559.489414336159825, 2694292.539766307920218 ], [ 10221574.214438093826175, 2694280.218301691580564 ], [ 10221587.732115309685469, 2694268.018678659573197 ], [ 10221600.14126567915082, 2694255.631620917469263 ], [ 10221611.782064924016595, 2694242.814267756883055 ], [ 10221623.785484259948134, 2694231.299307300709188 ], [ 10221633.978035639971495, 2694220.115978753194213 ], [ 10221640.385430140420794, 2694213.392570288386196 ], [ 10221651.755075598135591, 2694212.252586826682091 ], [ 10221668.19437350332737, 2694208.749200059100986 ], [ 10221682.822881147265434, 2694205.058729757089168 ], [ 10221698.350712152197957, 2694199.822742475196719 ], [ 10221713.253095319494605, 2694194.366185283754021 ], [ 10221722.613452989608049, 2694190.246712278574705 ], [ 10221726.180052330717444, 2694189.704910874832422 ], [ 10221726.915719363838434, 2694190.63177823740989 ], [ 10221734.730223575606942, 2694192.461755432654172 ], [ 10221751.27023852430284, 2694195.459036807063967 ], [ 10221762.267805820330977, 2694198.292434414383024 ], [ 10221766.318461146205664, 2694201.580263734329492 ], [ 10221772.081945473328233, 2694207.6820506346412 ], [ 10221775.034274658188224, 2694207.868847006931901 ], [ 10221780.2575449552387, 2694205.185366589576006 ], [ 10221781.288710754364729, 2694203.551547769457102 ], [ 10221779.246282909065485, 2694199.909938290249556 ], [ 10221766.66320544295013, 2694178.899137059226632 ], [ 10221757.746251258999109, 2694160.094572116620839 ], [ 10221753.189332144334912, 2694151.928542622365057 ], [ 10221746.303791156038642, 2694136.511844825930893 ], [ 10221743.65664135850966, 2694128.554975104518235 ], [ 10221741.283961558714509, 2694121.260157483629882 ], [ 10221740.918997023254633, 2694111.326952091418207 ], [ 10221742.453073995187879, 2694102.82808519853279 ], [ 10221740.421031566336751, 2694096.846629472915083 ], [ 10221741.438131561502814, 2694084.065569989848882 ], [ 10221742.851872608065605, 2694077.06774607906118 ], [ 10221745.538420397788286, 2694069.076262400019914 ], [ 10221748.312985191121697, 2694062.055930527858436 ], [ 10221755.170066528022289, 2694054.405401288066059 ], [ 10221747.242627369239926, 2694041.715139044448733 ], [ 10221738.216238714754581, 2694023.142614194657654 ], [ 10221734.361970484256744, 2694015.627620295621455 ], [ 10221720.567659756168723, 2694019.030913112219423 ], [ 10221715.234354274347425, 2694020.213437749538571 ], [ 10221715.262838194146752, 2694043.50131052872166 ], [ 10221700.139580814167857, 2694043.207615850027651 ], [ 10221699.04362864792347, 2694048.847781009972095 ], [ 10221698.935969119891524, 2694056.231534434016794 ], [ 10221700.916265372186899, 2694112.486278700176626 ], [ 10221685.485738778486848, 2694112.31407103035599 ], [ 10221664.886206012219191, 2694113.037304831203073 ], [ 10221643.430730678141117, 2694113.804903001058847 ], [ 10221632.70884551294148, 2694115.209595903754234 ], [ 10221622.699494788423181, 2694114.252136323135346 ], [ 10221602.341004017740488, 2694112.900247777812183 ], [ 10221588.896333940327168, 2694111.016715125646442 ], [ 10221576.845590507611632, 2694109.243071121163666 ], [ 10221575.29393800534308, 2694094.023479215335101 ], [ 10221574.313145831227303, 2694079.311572684906423 ], [ 10221573.694500364363194, 2694064.489114060532302 ], [ 10221573.229881193488836, 2694051.002036467660218 ], [ 10221570.118674295023084, 2694031.136470440775156 ], [ 10221563.771813897415996, 2694018.578192066401243 ], [ 10221563.615164522081614, 2694007.585509561933577 ], [ 10221562.217413118109107, 2693992.752327137626708 ], [ 10221563.313814589753747, 2693989.021574959624559 ], [ 10221569.25628450512886, 2693967.873196864966303 ], [ 10221575.090727658942342, 2693952.640808344818652 ], [ 10221569.006770649924874, 2693938.062699442729354 ], [ 10221560.968310791999102, 2693919.578262818977237 ], [ 10221560.363830506801605, 2693916.5433394680731 ], [ 10221563.862776996567845, 2693909.390436401590705 ], [ 10221572.539808198809624, 2693894.753194509074092 ], [ 10221557.084201946854591, 2693882.51770560303703 ], [ 10221545.755197377875447, 2693870.876989013049752 ], [ 10221534.810246638953686, 2693858.882903230842203 ], [ 10221525.720295747742057, 2693847.716133885551244 ], [ 10221538.647655133157969, 2693845.196312887128443 ], [ 10221560.880689840763807, 2693839.837293630931526 ], [ 10221586.428396524861455, 2693835.570082074496895 ], [ 10221583.692463271319866, 2693823.518638910260051 ], [ 10221581.142338819801807, 2693808.994989515282214 ], [ 10221586.464667033404112, 2693807.558774889446795 ], [ 10221579.316041238605976, 2693792.462425753474236 ], [ 10221579.301621714606881, 2693779.935671995393932 ], [ 10221555.871319534257054, 2693781.056867575738579 ], [ 10221532.71515991166234, 2693781.780651431996375 ], [ 10221522.750254150480032, 2693781.66188944876194 ], [ 10221523.002874812111259, 2693782.257842017803341 ], [ 10221527.823646321892738, 2693793.238062032032758 ], [ 10221529.318305384367704, 2693801.151097520254552 ], [ 10221528.103673273697495, 2693814.174815104808658 ], [ 10221523.793624643236399, 2693825.157546859234571 ], [ 10221509.089936446398497, 2693833.571526586078107 ], [ 10221495.153726685792208, 2693839.215167229063809 ], [ 10221480.174739968031645, 2693843.976046715397388 ], [ 10221480.852725883945823, 2693835.179511082358658 ], [ 10221491.39830170571804, 2693831.34697349043563 ], [ 10221494.701184257864952, 2693829.734658285975456 ], [ 10221503.731122002005577, 2693821.631214793771505 ], [ 10221507.043368084356189, 2693813.827352826017886 ], [ 10221509.949114669114351, 2693804.37905149301514 ], [ 10221511.920759337022901, 2693790.295657745562494 ], [ 10221511.776914997026324, 2693785.94724478200078 ], [ 10221500.865013282746077, 2693774.273253274150193 ], [ 10221487.35129738971591, 2693758.858573555015028 ], [ 10221472.708061678335071, 2693747.163641736842692 ], [ 10221452.242846474051476, 2693755.689459037035704 ], [ 10221433.36895952001214, 2693764.237047258298844 ], [ 10221422.93479286134243, 2693774.283250123728067 ], [ 10221413.373943220824003, 2693766.80290087684989 ], [ 10221400.037835327908397, 2693758.694352207239717 ], [ 10221391.344501163810492, 2693753.001693479716778 ], [ 10221385.576270809397101, 2693727.773287441115826 ], [ 10221382.564112842082977, 2693708.139861974399537 ], [ 10221382.551420895382762, 2693701.539951744955033 ], [ 10221385.774770248681307, 2693689.498027876019478 ], [ 10221389.911269888281822, 2693686.174936898518354 ], [ 10221395.430772190913558, 2693683.447349370922893 ], [ 10221400.741347948089242, 2693679.417551696766168 ], [ 10221403.41895648278296, 2693678.809852671809494 ], [ 10221409.116411652415991, 2693685.176542908884585 ], [ 10221416.131366826593876, 2693693.91570551879704 ], [ 10221431.42107150144875, 2693702.487124556209892 ], [ 10221446.294152963906527, 2693712.27270591026172 ], [ 10221458.54417715407908, 2693721.860305086243898 ], [ 10221471.935986235737801, 2693732.639596581924707 ], [ 10221467.465979255735874, 2693719.805008452851325 ], [ 10221457.429579764604568, 2693698.308276813942939 ], [ 10221448.425173426046968, 2693678.58810061076656 ], [ 10221445.943491159006953, 2693673.092571133747697 ], [ 10221437.931675467640162, 2693671.063988942652941 ], [ 10221415.981398031115532, 2693666.257797098252922 ], [ 10221379.927931478247046, 2693657.206305609084666 ], [ 10221353.675540991127491, 2693651.716956712771207 ], [ 10221305.308247582986951, 2693640.703894067555666 ], [ 10221278.309447797015309, 2693633.945474978070706 ], [ 10221247.985292179509997, 2693627.077363567426801 ], [ 10221236.987914271652699, 2693623.404953034128994 ], [ 10221236.318353962153196, 2693622.709893918130547 ], [ 10221228.070288229733706, 2693597.8133101798594 ], [ 10221214.452658869326115, 2693560.83306449977681 ], [ 10221205.545730931684375, 2693533.751546388026327 ], [ 10221201.174297260120511, 2693519.294736366253346 ], [ 10221194.347724242135882, 2693517.354047408793122 ], [ 10221187.454818833619356, 2693513.206024039536715 ], [ 10221175.062301456928253, 2693503.552201013546437 ], [ 10221159.160723010078073, 2693504.715004000347108 ], [ 10221155.539187200367451, 2693504.737998325377703 ], [ 10221147.977017747238278, 2693501.39581743022427 ], [ 10221131.0419861972332, 2693494.513144291937351 ], [ 10221122.140555528923869, 2693489.880035951733589 ], [ 10221092.292911438271403, 2693500.427335861604661 ], [ 10221078.082602011039853, 2693506.511921939440072 ], [ 10221075.611486781388521, 2693498.577197041828185 ], [ 10221073.380940241739154, 2693487.176988595165312 ], [ 10221073.542817069217563, 2693476.01910536037758 ], [ 10221073.725424161180854, 2693459.773273133672774 ], [ 10221072.723382197320461, 2693445.63573399046436 ], [ 10221069.054539311677217, 2693431.377359130419791 ], [ 10221067.72562063485384, 2693427.49292404204607 ], [ 10221063.146694622933865, 2693416.280868794303387 ], [ 10221055.756656873971224, 2693398.37049530306831 ], [ 10221048.706732675433159, 2693380.073708966374397 ], [ 10221033.576245406642556, 2693346.658945098984987 ], [ 10221015.722183102741838, 2693305.210406574420631 ], [ 10220999.482343384996057, 2693267.193970267660916 ], [ 10220998.768263893201947, 2693264.214222567621619 ], [ 10220999.685581916943192, 2693244.966587763279676 ], [ 10220999.572416592389345, 2693230.52004362642765 ], [ 10221000.295286437496543, 2693224.93540870025754 ], [ 10221002.22525610588491, 2693218.434530214872211 ], [ 10221000.771779043599963, 2693197.785821137949824 ], [ 10221019.921750299632549, 2693197.946748121641576 ], [ 10221027.263354241847992, 2693197.735374234151095 ], [ 10221030.441796699538827, 2693180.870982978492975 ], [ 10221031.537413012236357, 2693173.189467307180166 ], [ 10221024.182929774746299, 2693165.818938229233027 ], [ 10221018.848386708647013, 2693160.776663335505873 ], [ 10221010.551188407465816, 2693157.754672335926443 ], [ 10220990.774337558075786, 2693151.678406086750329 ], [ 10220983.169116672128439, 2693150.973989249672741 ], [ 10220975.868561280891299, 2693138.990294229704887 ], [ 10220972.553376043215394, 2693134.995922037400305 ], [ 10220964.88106844201684, 2693128.938759311102331 ], [ 10220947.243206482380629, 2693118.304012774024159 ], [ 10220944.564674286171794, 2693114.596410559024662 ], [ 10220938.162412784993649, 2693096.067989360541105 ], [ 10220934.373810164630413, 2693084.988495020195842 ], [ 10220935.421619709581137, 2693060.664263755083084 ], [ 10220936.064532972872257, 2693041.35068728402257 ], [ 10220937.292154276743531, 2693034.817004216369241 ], [ 10220945.078897485509515, 2693014.387069745920599 ], [ 10220944.405293961986899, 2692996.486462695989758 ], [ 10220949.93331029266119, 2692983.694248623214662 ], [ 10220951.22675434499979, 2692977.40322973113507 ], [ 10220947.396321441978216, 2692975.351388871204108 ], [ 10220946.534728210419416, 2692951.557614238932729 ], [ 10220946.832432918250561, 2692910.35947350692004 ], [ 10220947.003013340756297, 2692889.015593403019011 ], [ 10220952.581829663366079, 2692859.724331737030298 ], [ 10220956.539080599322915, 2692841.105459264479578 ], [ 10220955.37413739040494, 2692833.855039655230939 ], [ 10220952.397592075169086, 2692822.378243757877499 ], [ 10220951.112484822049737, 2692817.842638046015054 ], [ 10220943.769487472251058, 2692811.55383007414639 ], [ 10220935.504699427634478, 2692805.342502230312675 ], [ 10220928.622592076659203, 2692798.733535489998758 ], [ 10220920.291777905076742, 2692791.826888430863619 ], [ 10220913.531137149780989, 2692788.407317244447768 ], [ 10220890.8684719260782, 2692781.735697058495134 ], [ 10220866.109549758955836, 2692773.431319538038224 ], [ 10220848.341351976618171, 2692766.637267579324543 ], [ 10220839.605697268620133, 2692764.796255072113127 ], [ 10220834.534693390130997, 2692760.062903193756938 ], [ 10220825.105546675622463, 2692748.565518607385457 ], [ 10220819.167454611510038, 2692743.148178395349532 ], [ 10220807.500480715185404, 2692735.083488998003304 ], [ 10220800.882280709221959, 2692730.814037051051855 ], [ 10220792.737758034840226, 2692722.318191618192941 ], [ 10220787.579075172543526, 2692717.893857622053474 ], [ 10220779.66641809605062, 2692715.302187464665622 ], [ 10220762.173309853300452, 2692711.697376313619316 ], [ 10220730.841794330626726, 2692705.866325571667403 ], [ 10220725.749825641512871, 2692705.337686043698341 ], [ 10220720.547229511663318, 2692700.880363136529922 ], [ 10220702.273644836619496, 2692691.05129672260955 ], [ 10220685.372415157034993, 2692683.815432778559625 ], [ 10220677.766808496788144, 2692680.230437600519508 ], [ 10220677.056935468688607, 2692645.411958598531783 ], [ 10220677.97398336417973, 2692623.527518272399902 ], [ 10220681.906074058264494, 2692588.840583364479244 ], [ 10220687.181259946897626, 2692574.216837678104639 ], [ 10220691.972769860178232, 2692555.951351437252015 ], [ 10220693.859484069049358, 2692552.573892391752452 ], [ 10220698.489749873057008, 2692549.703552959486842 ], [ 10220702.154503893107176, 2692547.594964809250087 ], [ 10220702.697387943044305, 2692545.668188051786274 ], [ 10220703.710769720375538, 2692545.211117334663868 ], [ 10220709.441171877086163, 2692543.611703772097826 ], [ 10220715.707190655171871, 2692541.395736816339195 ], [ 10220721.951628316193819, 2692539.180106228217483 ], [ 10220728.872736070305109, 2692537.382422390859574 ], [ 10220731.864934330806136, 2692536.281404364388436 ], [ 10220734.805437901988626, 2692533.392418622970581 ], [ 10220738.8811548743397, 2692526.107093933969736 ], [ 10220744.719817725941539, 2692515.334764852188528 ], [ 10220746.861439887434244, 2692510.742220343090594 ], [ 10220749.911021942272782, 2692505.878103683702648 ], [ 10220753.058368191123009, 2692501.02391775790602 ], [ 10220754.043442001566291, 2692499.665356549434364 ], [ 10220763.650266647338867, 2692493.891622337512672 ], [ 10220769.860323738306761, 2692489.431723803281784 ], [ 10220774.721411529928446, 2692488.062198856379837 ], [ 10220792.125517033040524, 2692487.440182089805603 ], [ 10220815.883096989244223, 2692486.000118671916425 ], [ 10220839.015148648992181, 2692483.975234983954579 ], [ 10220852.324828814715147, 2692481.455133439041674 ], [ 10220855.033705592155457, 2692483.380636485293508 ], [ 10220859.119379848241806, 2692486.182895274832845 ], [ 10220862.007045054808259, 2692487.493103123269975 ], [ 10220865.955621831119061, 2692488.628442026209086 ], [ 10220869.829146919772029, 2692489.851717694662511 ], [ 10220871.798838531598449, 2692490.495728338137269 ], [ 10220875.621556378901005, 2692489.996474477928132 ], [ 10220879.21794281154871, 2692488.616209615953267 ], [ 10220883.341997278854251, 2692486.892308963928372 ], [ 10220885.197271602228284, 2692486.381024855189025 ], [ 10220905.814696671441197, 2692495.911646356806159 ], [ 10220929.081409573554993, 2692507.107565054204315 ], [ 10220951.54777155816555, 2692520.720622797030956 ], [ 10220961.568128362298012, 2692526.523066878318787 ], [ 10220978.216127749532461, 2692530.42580940015614 ], [ 10221004.389603573828936, 2692535.418819264043123 ], [ 10221033.908601012080908, 2692534.595108705572784 ], [ 10221042.23759021051228, 2692534.008094555698335 ], [ 10221053.232507167384028, 2692531.047853924799711 ], [ 10221064.86345243267715, 2692526.178202843759209 ], [ 10221069.427831234410405, 2692523.340892077423632 ], [ 10221071.39012704603374, 2692515.118593132123351 ], [ 10221077.981319565325975, 2692498.706615332979709 ], [ 10221085.35168331861496, 2692482.60347835207358 ], [ 10221090.024059193208814, 2692472.559708241838962 ], [ 10221092.380896784365177, 2692462.295856781769544 ], [ 10221101.942306816577911, 2692430.852326982654631 ], [ 10221108.171782590448856, 2692416.228351413272321 ], [ 10221112.668733518570662, 2692407.045422200113535 ], [ 10221115.027248425409198, 2692404.120386442635208 ], [ 10221114.415846593677998, 2692371.642192683182657 ], [ 10221116.630756666883826, 2692364.402116952929646 ], [ 10221118.734859416261315, 2692353.056877273134887 ], [ 10221120.149425685405731, 2692348.719393600244075 ], [ 10221119.575501319020987, 2692335.487728499341756 ], [ 10221117.937752950936556, 2692324.551683656405658 ], [ 10221119.230871871113777, 2692317.356017421931028 ], [ 10221121.357696698978543, 2692308.924176024273038 ], [ 10221122.353801593184471, 2692298.428929356858134 ], [ 10221124.675102941691875, 2692277.813582193572074 ], [ 10221127.303903866559267, 2692258.246690238360316 ], [ 10221127.695972828194499, 2692246.06310487119481 ], [ 10221128.437547486275434, 2692227.136682807467878 ], [ 10221164.133197750896215, 2692232.857065342832357 ], [ 10221164.937655597925186, 2692226.70574934547767 ], [ 10221165.312953444197774, 2692223.836487808264792 ], [ 10221161.255104228854179, 2692222.692415937315673 ], [ 10221167.113301048055291, 2692206.579495763871819 ], [ 10221170.426939882338047, 2692197.465516970958561 ], [ 10221169.219679256901145, 2692194.402691174298525 ], [ 10221168.818024287000299, 2692193.383569356519729 ], [ 10221169.430255781859159, 2692193.516779387369752 ], [ 10221169.974317314103246, 2692191.227352065499872 ], [ 10221175.544384069740772, 2692173.370268772821873 ], [ 10221167.92777894064784, 2692170.215158784762025 ], [ 10221149.556831423193216, 2692162.605332122184336 ], [ 10221151.131632156670094, 2692147.516344961710274 ], [ 10221134.708921901881695, 2692144.286069776397198 ], [ 10221135.544303447008133, 2692134.587267595343292 ], [ 10221143.321317633613944, 2692119.944833302404732 ], [ 10221160.685374235734344, 2692087.778123741503805 ], [ 10221169.5890006814152, 2692071.243009412195534 ], [ 10221179.055383821949363, 2692054.205660274252295 ], [ 10221187.934836840257049, 2692039.173771641682833 ], [ 10221195.113970706239343, 2692027.499044487252831 ], [ 10221203.041801452636719, 2692013.043147376272827 ], [ 10221208.967424733564258, 2692001.462853712495416 ], [ 10221212.393654547631741, 2691993.426530038937926 ], [ 10221230.797727042809129, 2691984.444260386750102 ], [ 10221231.260160082951188, 2691960.921808945015073 ], [ 10221233.099009782075882, 2691933.650585536379367 ], [ 10221234.388202399015427, 2691925.021940202917904 ], [ 10221237.052481880411506, 2691908.262648600619286 ], [ 10221239.401421085000038, 2691899.629669091664255 ], [ 10221238.263342007994652, 2691869.768254202790558 ], [ 10221239.85970813408494, 2691828.387325862422585 ], [ 10221228.121373167261481, 2691827.88169924588874 ], [ 10221212.298481127247214, 2691826.70047811511904 ], [ 10221205.51838555559516, 2691825.421520457603037 ], [ 10221207.748966148123145, 2691817.000284797977656 ], [ 10221209.364732667803764, 2691804.823563916608691 ], [ 10221210.902921235188842, 2691794.523245734162629 ], [ 10221214.7856101449579, 2691795.604558341670781 ], [ 10221218.676115183159709, 2691796.3913703719154 ], [ 10221222.948265047743917, 2691797.381196656730026 ], [ 10221227.053937550634146, 2691798.012928303796798 ], [ 10221231.215710254386067, 2691798.818567549809813 ], [ 10221235.267790282145143, 2691799.505342292133719 ], [ 10221239.220738455653191, 2691800.051546687725931 ], [ 10221243.421895749866962, 2691800.485947603359818 ], [ 10221246.117889788001776, 2691799.082748415414244 ], [ 10221249.405670205131173, 2691797.247876287903637 ], [ 10221252.746362991631031, 2691795.303377844393253 ], [ 10221255.912751128897071, 2691793.273475007154047 ], [ 10221258.771974753588438, 2691790.908891619648784 ], [ 10221261.448513114824891, 2691788.709783209953457 ], [ 10221264.270065162330866, 2691786.879957190249115 ], [ 10221299.817437866702676, 2691805.285311726853251 ], [ 10221304.408286606892943, 2691807.689354225527495 ], [ 10221309.185757074505091, 2691811.312828259542584 ], [ 10221313.777745993807912, 2691813.814960721880198 ], [ 10221318.343194818124175, 2691816.873546499293298 ], [ 10221322.508515678346157, 2691820.045543914660811 ], [ 10221332.151992931962013, 2691826.440846960991621 ], [ 10221339.035050760954618, 2691831.251905337441713 ], [ 10221348.397532219067216, 2691839.117631762754172 ], [ 10221351.885163204744458, 2691836.565300555899739 ], [ 10221354.790010819211602, 2691823.779198344796896 ], [ 10221361.440777676180005, 2691795.42254394153133 ], [ 10221365.579162145033479, 2691781.920507039874792 ], [ 10221369.737673357129097, 2691765.665097189601511 ], [ 10221374.883367281407118, 2691751.941525162663311 ], [ 10221378.140514357015491, 2691745.200953048188239 ], [ 10221384.4136952329427, 2691733.437911439687014 ], [ 10221392.326175443828106, 2691717.421488950960338 ], [ 10221398.531792612746358, 2691705.264703524764627 ], [ 10221404.957137189805508, 2691690.932045726105571 ], [ 10221407.987491019070148, 2691683.343852342572063 ], [ 10221416.994495265185833, 2691673.721725214738399 ], [ 10221424.804937582463026, 2691666.244282939471304 ], [ 10221430.712663004174829, 2691659.880872321780771 ], [ 10221433.6320322137326, 2691656.923862823285162 ], [ 10221440.430382700636983, 2691655.974765758495778 ], [ 10221451.966214422136545, 2691654.024100515525788 ], [ 10221468.293169857934117, 2691648.46566908666864 ], [ 10221473.248143972828984, 2691644.073975024744868 ], [ 10221477.280149921774864, 2691639.900732586160302 ], [ 10221481.622698599472642, 2691633.185182548128068 ], [ 10221485.790386745706201, 2691623.267563611734658 ], [ 10221488.443946328014135, 2691619.008426784072071 ], [ 10221492.410445822402835, 2691603.558796017896384 ], [ 10221495.235795510932803, 2691592.528665520250797 ], [ 10221495.203741542994976, 2691580.783519225660712 ], [ 10221494.633417950943112, 2691565.253876722417772 ], [ 10221495.281934801489115, 2691543.749969977885485 ], [ 10221496.029517840594053, 2691524.244679333642125 ], [ 10221495.954436719417572, 2691516.078319571912289 ], [ 10221494.657059049233794, 2691505.5392214814201 ], [ 10221492.687041826546192, 2691491.212311998475343 ], [ 10221491.217340728268027, 2691478.622186366468668 ], [ 10221490.627553034573793, 2691465.377221995964646 ], [ 10221490.020711105316877, 2691457.110545709729195 ], [ 10221490.873705876991153, 2691448.275319399312139 ], [ 10221492.584859017282724, 2691436.445237425621599 ], [ 10221494.519601665437222, 2691428.524405457545072 ], [ 10221497.356152588501573, 2691421.26860495749861 ], [ 10221495.702280705794692, 2691404.703738010954112 ], [ 10221493.472089828923345, 2691392.485703907907009 ], [ 10221491.61870395578444, 2691381.493009907193482 ], [ 10221494.576355189085007, 2691368.992934196256101 ], [ 10221496.728586921468377, 2691363.894925432745367 ], [ 10221500.673348791897297, 2691353.125020680483431 ], [ 10221503.329032640904188, 2691344.875953620765358 ], [ 10221506.116483442485332, 2691335.771199345123023 ], [ 10221508.201124718412757, 2691330.200979167129844 ], [ 10221504.365759028121829, 2691319.046456967480481 ], [ 10221501.739992171525955, 2691309.947816065978259 ], [ 10221498.33543935418129, 2691301.021744982805103 ], [ 10221486.904259365051985, 2691294.543358888011426 ], [ 10221473.846993217244744, 2691286.918515779078007 ], [ 10221462.652361890301108, 2691280.530527194961905 ], [ 10221450.107897626236081, 2691274.084896846208721 ], [ 10221437.377015128731728, 2691268.37836205586791 ], [ 10221426.551856696605682, 2691263.566172785125673 ], [ 10221417.369229109957814, 2691260.306480386760086 ], [ 10221412.642025761306286, 2691249.974398445803672 ], [ 10221408.464270716533065, 2691242.936961161438376 ], [ 10221408.783143127337098, 2691235.784644188825041 ], [ 10221409.041905827820301, 2691220.010299604386091 ], [ 10221409.660330139100552, 2691203.633122969418764 ], [ 10221410.850390944629908, 2691187.797414795029908 ], [ 10221411.450296320021152, 2691175.240579857956618 ], [ 10221411.950674993917346, 2691165.529902738984674 ], [ 10221412.461884532123804, 2691156.576972582377493 ], [ 10221412.759444816038013, 2691144.837019380182028 ], [ 10221413.090391360223293, 2691135.188694368582219 ], [ 10221408.84590189345181, 2691127.784960964228958 ], [ 10221405.937093276530504, 2691120.246536015532911 ], [ 10221402.955925509333611, 2691112.804396689869463 ], [ 10221400.148559359833598, 2691105.796129194553941 ], [ 10221399.120002396404743, 2691101.046104311011732 ], [ 10221394.54174542799592, 2691081.805136325769126 ], [ 10221391.790936024859548, 2691073.750019497703761 ], [ 10221388.497250152751803, 2691064.895017456728965 ], [ 10221386.126603379845619, 2691055.135075864847749 ], [ 10221383.689239306375384, 2691047.78867870150134 ], [ 10221382.044437637552619, 2691038.356627577915788 ], [ 10221378.77835594676435, 2691021.913265220820904 ], [ 10221376.61936753615737, 2691010.382956111803651 ], [ 10221375.861537223681808, 2691006.335876259021461 ], [ 10221374.188078610226512, 2690994.199279797729105 ], [ 10221371.757015109062195, 2690982.513279376551509 ], [ 10221368.94981687515974, 2690972.278724811971188 ], [ 10221367.145679207518697, 2690960.99037006823346 ], [ 10221365.287854734808207, 2690949.102238155435771 ], [ 10221363.627586144953966, 2690943.465508164372295 ], [ 10221362.836793096736073, 2690938.398793217726052 ], [ 10221360.911137394607067, 2690927.749675496481359 ], [ 10221359.144894452765584, 2690913.454282533377409 ], [ 10221356.401145100593567, 2690899.402679847553372 ], [ 10221355.687093149870634, 2690888.969442105852067 ], [ 10221353.651134693995118, 2690876.007974572945386 ], [ 10221353.392337959259748, 2690869.523749540559947 ], [ 10221354.382783859968185, 2690859.537278195843101 ], [ 10221356.045613143593073, 2690845.053408095147461 ], [ 10221358.618463613092899, 2690822.848663710523397 ], [ 10221360.906799908727407, 2690799.578181552235037 ], [ 10221360.887584472075105, 2690792.981097958981991 ], [ 10221361.743776107206941, 2690784.595899372827262 ], [ 10221364.030663488432765, 2690777.244017721619457 ], [ 10221368.917792716994882, 2690763.554834272246808 ], [ 10221375.356962285935879, 2690746.091056573670357 ], [ 10221381.715824434533715, 2690730.017303692642599 ], [ 10221388.572282195091248, 2690712.207037867512554 ], [ 10221395.433825040236115, 2690691.216949628666043 ], [ 10221397.198375858366489, 2690684.779366346076131 ], [ 10221399.999172722920775, 2690675.665568419266492 ], [ 10221405.694444626569748, 2690665.874381542205811 ], [ 10221412.587864074856043, 2690655.141426416113973 ], [ 10221416.239485213533044, 2690648.856573283672333 ], [ 10221419.90947213023901, 2690646.045357211027294 ], [ 10221430.859517013654113, 2690639.006629575509578 ], [ 10221437.650191409513354, 2690634.160051297862083 ], [ 10221444.539224678650498, 2690628.561838057357818 ], [ 10221447.060796871781349, 2690626.799877561163157 ], [ 10221454.577750729396939, 2690623.678687076084316 ], [ 10221461.655539054423571, 2690621.233567712828517 ], [ 10221469.656834978610277, 2690618.909634324256331 ], [ 10221489.977379893884063, 2690615.27519856672734 ], [ 10221511.489079672843218, 2690610.022889414336532 ], [ 10221513.880449371412396, 2690608.988130144309253 ], [ 10221516.867240499705076, 2690608.144092396833003 ], [ 10221520.109495108947158, 2690608.237817081622779 ], [ 10221535.884773444384336, 2690610.050031239166856 ], [ 10221539.61522151529789, 2690610.557985444553196 ], [ 10221548.079078296199441, 2690611.710488099604845 ], [ 10221558.904860382899642, 2690614.639935214072466 ], [ 10221569.56116209551692, 2690618.82582737179473 ], [ 10221573.921335130929947, 2690621.22019902151078 ], [ 10221581.949347253888845, 2690624.214165278710425 ], [ 10221590.240544077008963, 2690628.098433615639806 ], [ 10221594.206302026286721, 2690634.341119281947613 ], [ 10221597.931482896208763, 2690641.310745205264539 ], [ 10221600.431280616670847, 2690647.258274503052235 ], [ 10221602.173149777576327, 2690650.783754249569029 ], [ 10221603.443445008248091, 2690653.354811818338931 ], [ 10221604.166116256266832, 2690663.726949252653867 ], [ 10221606.549071883782744, 2690686.413083139806986 ], [ 10221608.567526564002037, 2690697.572120901197195 ], [ 10221610.689291408285499, 2690711.998518389184028 ], [ 10221609.671244822442532, 2690717.447229528799653 ], [ 10221606.263208374381065, 2690727.587404773570597 ], [ 10221605.134591976180673, 2690732.90324027556926 ], [ 10221603.523505905643106, 2690740.112323780544102 ], [ 10221600.631080223247409, 2690754.948979649692774 ], [ 10221598.805818993598223, 2690766.018934250343591 ], [ 10221596.381858007982373, 2690780.393659265246242 ], [ 10221595.207756301388144, 2690787.167017907835543 ], [ 10221594.327292967587709, 2690800.828733623493463 ], [ 10221593.165338596329093, 2690808.145898038521409 ], [ 10221591.053936682641506, 2690826.727037981618196 ], [ 10221583.370874730870128, 2690849.391845587175339 ], [ 10221579.498729661107063, 2690860.975793460384011 ], [ 10221574.456584557890892, 2690873.165516033768654 ], [ 10221570.546440878883004, 2690881.337613473180681 ], [ 10221567.6531603615731, 2690887.335731216706336 ], [ 10221565.490916220471263, 2690892.287954499479383 ], [ 10221570.107567893341184, 2690896.182802211493254 ], [ 10221580.617718013003469, 2690907.616958850994706 ], [ 10221591.050249692052603, 2690917.874331441707909 ], [ 10221592.625329561531544, 2690923.200481158215553 ], [ 10221596.428253691643476, 2690934.053123285993934 ], [ 10221598.145267402753234, 2690939.4650185755454 ], [ 10221601.696343541145325, 2690953.1337207746692 ], [ 10221606.059391280636191, 2690951.494392297696322 ], [ 10221613.639491317793727, 2690949.536707391031086 ], [ 10221618.524943973869085, 2690951.108561347704381 ], [ 10221621.977805096656084, 2690950.536811787169427 ], [ 10221628.155453665181994, 2690947.220309698022902 ], [ 10221634.530335949733853, 2690944.097907366696745 ], [ 10221641.148035041987896, 2690940.362308115232736 ], [ 10221646.243876047432423, 2690937.286471682135016 ], [ 10221642.513899778947234, 2690929.192074849735945 ], [ 10221641.089384565129876, 2690925.772465634159744 ], [ 10221640.254596708342433, 2690923.764243059325963 ], [ 10221634.932528238743544, 2690919.89617921737954 ], [ 10221635.033900519832969, 2690930.374449145048857 ], [ 10221624.874434716999531, 2690931.444089779630303 ], [ 10221621.612748710438609, 2690931.632161911111325 ], [ 10221616.742848057299852, 2690931.510347004514188 ], [ 10221612.13188592158258, 2690932.280060135293752 ], [ 10221607.893746733665466, 2690932.424127935897559 ], [ 10221607.625751907005906, 2690925.622504013590515 ], [ 10221606.125119026750326, 2690915.104832611978054 ], [ 10221604.65889161080122, 2690907.792783236596733 ], [ 10221608.944891946390271, 2690907.04855399671942 ], [ 10221618.026816803961992, 2690905.608932365197688 ], [ 10221627.86371480114758, 2690904.793500829488039 ], [ 10221635.156761471182108, 2690904.387373182922602 ], [ 10221636.375922214239836, 2690900.775624024216086 ], [ 10221639.233530391007662, 2690890.189017507713288 ], [ 10221639.735937904566526, 2690888.50430019851774 ], [ 10221623.918171158060431, 2690884.673565609846264 ], [ 10221618.935053126886487, 2690884.105980129446834 ], [ 10221621.731760278344154, 2690875.929939950816333 ], [ 10221626.221528427675366, 2690860.811142664402723 ], [ 10221626.695503855124116, 2690858.494305233471096 ], [ 10221620.91770014539361, 2690857.630014666821808 ], [ 10221616.663075987249613, 2690857.239931512624025 ], [ 10221616.051422752439976, 2690847.715871882624924 ], [ 10221614.60751523450017, 2690830.338747417088598 ], [ 10221621.039324838668108, 2690831.523050324060023 ], [ 10221632.232003521174192, 2690832.775844763033092 ], [ 10221642.404750252142549, 2690833.974133116193116 ], [ 10221647.930807402357459, 2690834.612231343053281 ], [ 10221652.354113461449742, 2690834.553323664702475 ], [ 10221660.977643493562937, 2690834.852512951940298 ], [ 10221669.783281791955233, 2690834.95334961079061 ], [ 10221672.585296925157309, 2690831.324477269779891 ], [ 10221678.158680321648717, 2690824.241551195736974 ], [ 10221683.739379847422242, 2690817.845555721316487 ], [ 10221687.536015950143337, 2690812.930095492862165 ], [ 10221690.923514341935515, 2690810.308968191966414 ], [ 10221696.766491949558258, 2690804.095532215200365 ], [ 10221702.184929603710771, 2690797.733923926949501 ], [ 10221707.941465890035033, 2690792.568246840965003 ], [ 10221713.760543135926127, 2690787.172829372808337 ], [ 10221719.832604423165321, 2690782.101897672284395 ], [ 10221726.248063508421183, 2690777.714104029349983 ], [ 10221729.996633825823665, 2690775.405349262990057 ], [ 10221737.309832584112883, 2690770.811604721937329 ], [ 10221743.223068675026298, 2690766.102189627476037 ], [ 10221747.212464729323983, 2690763.997919419314712 ], [ 10221754.45209732465446, 2690759.623065878637135 ], [ 10221761.405799558386207, 2690754.869712792336941 ], [ 10221768.911296101287007, 2690750.012179204262793 ], [ 10221776.541264178231359, 2690745.633063203189522 ], [ 10221781.589953241869807, 2690743.222913726698607 ], [ 10221785.968485400080681, 2690738.977204678114504 ], [ 10221793.084021663293242, 2690732.139299204573035 ], [ 10221794.479541869834065, 2690730.826528875622898 ], [ 10221799.159270571544766, 2690726.359395257662982 ], [ 10221805.524904243648052, 2690721.372465443331748 ], [ 10221811.3130216691643, 2690717.133258211426437 ], [ 10221811.872399451211095, 2690716.723748023621738 ], [ 10221814.110810024663806, 2690715.140174461062998 ], [ 10221816.121717309579253, 2690712.566655716858804 ], [ 10221820.802381508052349, 2690707.183652073144913 ], [ 10221825.722275136038661, 2690701.863430986646563 ], [ 10221828.075805401429534, 2690698.882707018405199 ], [ 10221831.165041040629148, 2690700.812019563745707 ], [ 10221837.379415145143867, 2690704.975621982943267 ], [ 10221847.811370700597763, 2690712.146670060697943 ], [ 10221849.685063377022743, 2690708.920373792294413 ], [ 10221854.640597242861986, 2690704.897485610563308 ], [ 10221857.356234794482589, 2690702.316363005433232 ], [ 10221862.278865110129118, 2690697.257729003671557 ], [ 10221865.334151731804013, 2690693.996953453402966 ], [ 10221850.806760914623737, 2690682.072279118932784 ], [ 10221849.559670010581613, 2690681.049879996106029 ], [ 10221842.718629254028201, 2690675.061237976420671 ], [ 10221839.575815476477146, 2690673.197933375835419 ], [ 10221833.455747539177537, 2690669.731300369370729 ], [ 10221827.604729223996401, 2690667.090416373685002 ], [ 10221822.826397076249123, 2690665.386539134196937 ], [ 10221820.103199627250433, 2690663.213414805009961 ], [ 10221822.254569435492158, 2690659.580727566964924 ], [ 10221826.967027295380831, 2690653.117797904647887 ], [ 10221832.494532834738493, 2690644.803209064062685 ], [ 10221834.022440690547228, 2690639.66154052130878 ], [ 10221836.073343221098185, 2690629.694356415420771 ], [ 10221838.214967675507069, 2690621.11117281159386 ], [ 10221840.337883174419403, 2690612.811737638898194 ], [ 10221842.815578389912844, 2690604.224880607333034 ], [ 10221845.082503616809845, 2690595.193193117156625 ], [ 10221844.221748298034072, 2690589.750307717826217 ], [ 10221843.109919801354408, 2690585.160729323513806 ], [ 10221841.25575353205204, 2690575.050618692301214 ], [ 10221838.933452870696783, 2690564.760259554255754 ], [ 10221836.120380794629455, 2690564.310970182530582 ], [ 10221830.394769217818975, 2690563.249916786327958 ], [ 10221830.946836235001683, 2690557.104699893854558 ], [ 10221831.315013062208891, 2690544.920630641281605 ], [ 10221835.448967827484012, 2690545.181064657401294 ], [ 10221843.09007783792913, 2690544.890947122592479 ], [ 10221851.455885604023933, 2690544.429485292173922 ], [ 10221854.109976835548878, 2690547.235846195369959 ], [ 10221858.327967332676053, 2690550.276028360705823 ], [ 10221865.593835046514869, 2690556.445442140568048 ], [ 10221869.124167218804359, 2690556.036466216668487 ], [ 10221875.539535278454423, 2690554.680095224641263 ], [ 10221881.969358183443546, 2690553.672654822934419 ], [ 10221892.251352582126856, 2690551.914464671630412 ], [ 10221893.085034869611263, 2690547.76181131741032 ], [ 10221894.57535363920033, 2690539.109303872101009 ], [ 10221897.81694084405899, 2690536.042762585449964 ], [ 10221904.321766469627619, 2690530.90158332278952 ], [ 10221908.677816020324826, 2690527.604862617328763 ], [ 10221910.097789533436298, 2690524.536207457073033 ], [ 10221910.321605762466788, 2690521.142583222594112 ], [ 10221909.89392894692719, 2690517.657792306505144 ], [ 10221907.647854417562485, 2690514.476318900939077 ], [ 10221905.247121123597026, 2690511.034756373614073 ], [ 10221903.684365993365645, 2690505.850358449388295 ], [ 10221902.566686311736703, 2690500.715592975728214 ], [ 10221902.429929861798882, 2690495.046823661774397 ], [ 10221902.077343108132482, 2690489.467596053611487 ], [ 10221902.04763962700963, 2690483.666826474480331 ], [ 10221902.454170191660523, 2690478.101123155560344 ], [ 10221903.714132947847247, 2690472.231844805646688 ], [ 10221905.286194743588567, 2690466.151989606209099 ], [ 10221906.908752532675862, 2690459.733582611661404 ], [ 10221909.928482282906771, 2690448.109520444646478 ], [ 10221911.068637335672975, 2690443.211950366850942 ], [ 10221913.610566522926092, 2690432.530852368567139 ], [ 10221916.157053286209702, 2690423.289127086289227 ], [ 10221918.143714029341936, 2690414.413295963779092 ], [ 10221919.093817913904786, 2690405.952157650142908 ], [ 10221920.877612130716443, 2690397.372885389253497 ], [ 10221924.230320788919926, 2690395.569999048952013 ], [ 10221930.414910797029734, 2690392.92955540958792 ], [ 10221936.27063911780715, 2690390.957677119877189 ], [ 10221941.973082836717367, 2690388.856779635883868 ], [ 10221948.178320940583944, 2690386.11790679814294 ], [ 10221954.491411065682769, 2690383.323303052224219 ], [ 10221961.254042046144605, 2690381.003535961732268 ], [ 10221968.018958792090416, 2690378.891110775060952 ], [ 10221970.452346466481686, 2690378.308556461241096 ], [ 10221968.529138324782252, 2690375.908658798318356 ], [ 10221964.52358278632164, 2690371.448678939603269 ], [ 10221961.45212571695447, 2690366.117070447187871 ], [ 10221959.915715668350458, 2690363.396745646838099 ], [ 10221956.354673562571406, 2690357.907038673292845 ], [ 10221952.389652458950877, 2690352.170747740659863 ], [ 10221947.9084143768996, 2690346.821803447790444 ], [ 10221943.918388800695539, 2690340.769578187726438 ], [ 10221941.047249596565962, 2690336.929724907036871 ], [ 10221937.79097886197269, 2690336.605297329369932 ], [ 10221931.774715123698115, 2690334.729533523786813 ], [ 10221926.105070099234581, 2690332.806571254041046 ], [ 10221927.838375564664602, 2690329.636415543034673 ], [ 10221930.52383977919817, 2690323.239200288429856 ], [ 10221932.922926310449839, 2690316.430735679343343 ], [ 10221935.505250370129943, 2690309.522121285554022 ], [ 10221938.372342698276043, 2690302.872211638838053 ], [ 10221940.503161692991853, 2690296.328336668666452 ], [ 10221941.59209593012929, 2690292.718082868959755 ], [ 10221943.741410158574581, 2690284.865586433093995 ], [ 10221946.314197486266494, 2690278.07698980672285 ], [ 10221947.727934101596475, 2690275.433700590860099 ], [ 10221945.281256360933185, 2690275.787430716212839 ], [ 10221941.00131537951529, 2690275.048745744861662 ], [ 10221932.343222849071026, 2690273.517944136634469 ], [ 10221923.986783655360341, 2690271.80944371689111 ], [ 10221917.264650527387857, 2690270.824690477456897 ], [ 10221913.632728241384029, 2690265.804525662679225 ], [ 10221906.993974315002561, 2690256.433574419934303 ], [ 10221900.567705998197198, 2690247.659998315852135 ], [ 10221894.394636698067188, 2690240.246739441063255 ], [ 10221892.854906067252159, 2690238.224298587068915 ], [ 10221889.182925907894969, 2690234.524058158975095 ], [ 10221885.426613030955195, 2690231.053671447560191 ], [ 10221881.146302167326212, 2690227.250844080932438 ], [ 10221877.452319232746959, 2690222.50403348961845 ], [ 10221873.907254623249173, 2690218.507944320328534 ], [ 10221867.839382912963629, 2690212.816395712085068 ], [ 10221870.984499266371131, 2690210.863073286600411 ], [ 10221874.024418756365776, 2690208.202185490634292 ], [ 10221878.603535499423742, 2690210.551476980093867 ], [ 10221887.177181953564286, 2690215.332554971799254 ], [ 10221890.969214674085379, 2690217.079731672536582 ], [ 10221894.095623796805739, 2690215.410251090303063 ], [ 10221899.992854150012136, 2690212.26040734257549 ], [ 10221903.136023569852114, 2690210.132613032590598 ], [ 10221904.550468523055315, 2690206.54073099559173 ], [ 10221905.613987108692527, 2690200.56458441587165 ], [ 10221909.122874004766345, 2690201.191679357085377 ], [ 10221916.02443334646523, 2690201.716609650757164 ], [ 10221918.255738217383623, 2690201.506999342236668 ], [ 10221920.244324956089258, 2690197.86528196465224 ], [ 10221924.093109475448728, 2690190.7575882836245 ], [ 10221926.55424933321774, 2690189.738647690042853 ], [ 10221931.614555921405554, 2690187.415650864131749 ], [ 10221937.105590490624309, 2690184.815384115558118 ], [ 10221942.752925107255578, 2690180.610535236075521 ], [ 10221940.613832615315914, 2690177.297020741272718 ], [ 10221935.877389322966337, 2690170.391657886561006 ], [ 10221934.863505059853196, 2690167.851034100633115 ], [ 10221938.184126675128937, 2690167.095312980469316 ], [ 10221945.278454039245844, 2690166.385933371260762 ], [ 10221947.807197453454137, 2690169.640609495807439 ], [ 10221951.163806321099401, 2690177.302533514797688 ], [ 10221953.006579499691725, 2690184.32657122798264 ], [ 10221952.829089799895883, 2690190.020493492949754 ], [ 10221957.369346147403121, 2690190.767253425437957 ], [ 10221963.466844683513045, 2690190.123157669790089 ], [ 10221964.533970410004258, 2690192.564905279781669 ], [ 10221969.062043182551861, 2690188.132360957562923 ], [ 10221967.22727757319808, 2690181.849691541399807 ], [ 10221963.212867038324475, 2690168.470292680896819 ], [ 10221964.446616712957621, 2690163.201026782859117 ], [ 10221968.438977306708694, 2690152.297201024834067 ], [ 10221970.670368129387498, 2690147.049988421145827 ], [ 10221970.070275366306305, 2690141.647998756263405 ], [ 10221969.32998732663691, 2690135.298906370531768 ], [ 10221974.036999993026257, 2690126.328309162519872 ], [ 10221976.981636298820376, 2690124.900561509653926 ], [ 10221982.561805441975594, 2690121.514269729144871 ], [ 10221980.162026714533567, 2690118.149184454232454 ], [ 10221975.072300165891647, 2690111.661907720379531 ], [ 10221969.409180769696832, 2690102.269514472223818 ], [ 10221971.883739110082388, 2690100.47621051222086 ], [ 10221957.322237275540829, 2690090.384409425314516 ], [ 10221964.232180086895823, 2690081.586157022044063 ], [ 10221963.528687044978142, 2690071.605628605466336 ], [ 10221963.706999074667692, 2690071.04761866806075 ], [ 10221965.176509438082576, 2690066.528284338768572 ], [ 10221968.80575511418283, 2690059.172315876465291 ], [ 10221971.170692700892687, 2690053.225668684113771 ], [ 10221975.876664072275162, 2690056.282346597407013 ], [ 10221979.906742056831717, 2690051.931414244230837 ], [ 10221983.883018307387829, 2690046.599803095683455 ], [ 10221990.365103987976909, 2690036.334181236568838 ], [ 10221996.135106114670634, 2690027.406575908418745 ], [ 10222001.870671512559056, 2690019.318876416422427 ], [ 10222006.021687047556043, 2690013.091293739154935 ], [ 10221995.056305034086108, 2690016.808641328942031 ], [ 10221995.025881327688694, 2690010.942616586107761 ], [ 10221994.576859068125486, 2690007.490824929904193 ], [ 10221992.416877239942551, 2690005.257245852146298 ], [ 10221990.110255813226104, 2690003.504836599808186 ], [ 10221986.187639854848385, 2690004.735944302286953 ], [ 10221979.304034221917391, 2690005.879302439745516 ], [ 10221977.318137597292662, 2690001.67008311720565 ], [ 10221979.140810048207641, 2689996.732610896695405 ], [ 10221980.824297957122326, 2689991.949294476769865 ], [ 10221985.771588699892163, 2689992.233579392079264 ], [ 10221993.957768531516194, 2689992.24283500527963 ], [ 10222001.602965403348207, 2689992.356153138447553 ], [ 10222009.258587690070271, 2689993.439755348023027 ], [ 10222013.943468060344458, 2689994.533807916101068 ], [ 10222014.936765141785145, 2689985.047443662770092 ], [ 10222016.124336574226618, 2689981.545255329459906 ], [ 10222020.021347749978304, 2689980.957766230683774 ], [ 10222026.36108990944922, 2689979.645915840752423 ], [ 10222032.991355312988162, 2689978.145417037885636 ], [ 10222040.366696428507566, 2689977.356621825136244 ], [ 10222044.165839513763785, 2689976.748357342556119 ], [ 10222046.48896462097764, 2689980.037938457913697 ], [ 10222048.42467494495213, 2689988.652939987368882 ], [ 10222050.388140870258212, 2689997.823762189596891 ], [ 10222051.438957767561078, 2690001.781307553872466 ], [ 10222055.497054032981396, 2690002.064401264302433 ], [ 10222063.424848956987262, 2690002.240004268009216 ], [ 10222068.998801385983825, 2690005.35250991769135 ], [ 10222070.335867494344711, 2690010.713728287722915 ], [ 10222071.642900271341205, 2690014.297880870755762 ], [ 10222075.272015923634171, 2690012.993593789171427 ], [ 10222081.799834467470646, 2690011.036252938210964 ], [ 10222088.118141548708081, 2690008.74324349546805 ], [ 10222094.981784267351031, 2690006.74955379543826 ], [ 10222104.362870585173368, 2690002.929429015144706 ], [ 10222102.07447979785502, 2690000.849796161055565 ], [ 10222096.865271337330341, 2689997.373493928462267 ], [ 10222093.584194967523217, 2689994.73757535405457 ], [ 10222092.046765554696321, 2689991.919244506862015 ], [ 10222088.163477858528495, 2689985.702528704889119 ], [ 10222084.427409699186683, 2689979.069848947227001 ], [ 10222081.460618244484067, 2689974.391590031795204 ], [ 10222082.298131532967091, 2689969.595571589190513 ], [ 10222084.415443332865834, 2689960.784006360918283 ], [ 10222086.584951972588897, 2689952.800573078915477 ], [ 10222088.731970358639956, 2689944.740991938393563 ], [ 10222090.968480039387941, 2689936.942185420077294 ], [ 10222093.014245197176933, 2689933.583321092650294 ], [ 10222097.905828384682536, 2689927.685647836886346 ], [ 10222102.34453877992928, 2689922.01100982259959 ], [ 10222105.757382426410913, 2689917.732192619238049 ], [ 10222108.550283866003156, 2689916.30616426281631 ], [ 10222111.362465584650636, 2689914.661936258897185 ], [ 10222114.124970892444253, 2689912.429249302018434 ], [ 10222116.842113006860018, 2689914.035329926759005 ], [ 10222122.678444027900696, 2689917.352149480488151 ], [ 10222124.275434656068683, 2689918.654177981894463 ], [ 10222126.345520896837115, 2689915.556776113342494 ], [ 10222129.920604987069964, 2689909.21543011860922 ], [ 10222133.071750236675143, 2689902.791465813294053 ], [ 10222136.568473018705845, 2689896.232963100541383 ], [ 10222140.375202216207981, 2689890.270779655314982 ], [ 10222144.03105310536921, 2689884.397444594185799 ], [ 10222147.320549424737692, 2689878.735264040064067 ], [ 10222149.994238285347819, 2689876.30733904056251 ], [ 10222154.945084996521473, 2689871.881065876688808 ], [ 10222159.832596426829696, 2689867.618988310918212 ], [ 10222164.883254922926426, 2689863.398903742432594 ], [ 10222169.58672178350389, 2689860.1747159329243 ], [ 10222172.852198818698525, 2689859.343265319243073 ], [ 10222179.275066535919905, 2689857.703324480913579 ], [ 10222185.595480851829052, 2689855.617416774388403 ], [ 10222192.046576209366322, 2689853.584585787728429 ], [ 10222193.286059841513634, 2689852.895048872102052 ], [ 10222193.965063059702516, 2689852.51693375967443 ], [ 10222195.414763063192368, 2689847.180020071566105 ], [ 10222198.159604549407959, 2689837.249500933103263 ], [ 10222199.341728877276182, 2689833.234904743731022 ], [ 10222203.175244057551026, 2689833.803882815875113 ], [ 10222210.725601809099317, 2689833.176561753731221 ], [ 10222214.935566203668714, 2689832.454725841991603 ], [ 10222223.133479576557875, 2689831.536970133427531 ], [ 10222226.95415118150413, 2689830.917587575968355 ], [ 10222228.165644885972142, 2689825.605135965161026 ], [ 10222228.271078059449792, 2689824.906680644024163 ], [ 10222228.79190013371408, 2689824.812919449526817 ], [ 10222234.55091992393136, 2689817.529154212679714 ], [ 10222235.865058034658432, 2689810.798815118148923 ], [ 10222238.906576538458467, 2689797.2012650356628 ], [ 10222236.191503310576081, 2689795.78052686387673 ], [ 10222231.318390686064959, 2689792.300622448790818 ], [ 10222226.588238127529621, 2689790.018641870468855 ], [ 10222227.389098040759563, 2689784.841547538526356 ], [ 10222230.042922539636493, 2689775.52249449165538 ], [ 10222231.128311820328236, 2689771.585332014132291 ], [ 10222233.881825631484389, 2689769.527329937089235 ], [ 10222237.668409094214439, 2689765.735214346088469 ], [ 10222238.751738840714097, 2689760.609478936064988 ], [ 10222240.911507327109575, 2689750.718008163385093 ], [ 10222242.842837039381266, 2689741.766809638589621 ], [ 10222244.828430473804474, 2689735.846197657752782 ], [ 10222240.529616808518767, 2689706.11460168659687 ], [ 10222236.550768753513694, 2689701.098490009084344 ], [ 10222232.354039302095771, 2689696.989761074539274 ], [ 10222227.532362572848797, 2689691.230457599274814 ], [ 10222222.956447821110487, 2689686.144427336752415 ], [ 10222218.355182539671659, 2689679.7066675783135 ], [ 10222213.141592863947153, 2689672.79583030520007 ], [ 10222208.432602062821388, 2689665.410651516634971 ], [ 10222202.369996342808008, 2689657.178672187961638 ], [ 10222224.680655978620052, 2689639.762789749540389 ], [ 10222232.085559600964189, 2689632.660234676674008 ], [ 10222230.877766758203506, 2689631.255894072819501 ], [ 10222225.496211932972074, 2689624.848390090744942 ], [ 10222222.10275855101645, 2689621.444095311686397 ], [ 10222219.840566014871001, 2689619.174492341931909 ], [ 10222218.065336285158992, 2689617.080290333833545 ], [ 10222202.35506216622889, 2689629.343894241377711 ], [ 10222199.213676339015365, 2689625.572564068716019 ], [ 10222193.538546225056052, 2689617.074865377973765 ], [ 10222190.217495374381542, 2689612.727542310487479 ], [ 10222186.714708851650357, 2689608.622173436451703 ], [ 10222189.551270306110382, 2689606.225316247902811 ], [ 10222194.777036787942052, 2689602.166833871044219 ], [ 10222195.851718790829182, 2689601.230939014814794 ], [ 10222179.725372545421124, 2689516.911776874680072 ], [ 10222193.482193538919091, 2689505.629794744774699 ], [ 10222198.796294238418341, 2689503.594991271849722 ], [ 10222205.304565716534853, 2689501.159991903696209 ], [ 10222211.670005813241005, 2689498.976784102153033 ], [ 10222219.322481788694859, 2689496.03706814115867 ], [ 10222227.261789096519351, 2689493.56413362454623 ], [ 10222235.273726027458906, 2689491.809812780003995 ], [ 10222238.958029732108116, 2689491.247498797718436 ], [ 10222242.888085005804896, 2689487.306881431490183 ], [ 10222246.460027549415827, 2689483.079347466584295 ], [ 10222249.673973711207509, 2689478.780340773053467 ], [ 10222252.745012072846293, 2689474.589462971314788 ], [ 10222255.70858826674521, 2689470.36270060762763 ], [ 10222258.67227191850543, 2689466.136048320680857 ], [ 10222261.528512889519334, 2689461.909455257002264 ], [ 10222264.384861329570413, 2689457.682862739544362 ], [ 10222267.419874591752887, 2689453.384176140651107 ], [ 10222270.920064317062497, 2689449.084797334857285 ], [ 10222273.883424919098616, 2689444.678429443389177 ], [ 10222277.240518651902676, 2689440.343405327759683 ], [ 10222280.561612661927938, 2689435.93640445638448 ], [ 10222283.847072936594486, 2689431.529642754700035 ], [ 10222287.383200794458389, 2689427.409855157136917 ], [ 10222290.489902103319764, 2689423.111132873687893 ], [ 10222293.703824553638697, 2689418.812133166473359 ], [ 10222296.345177954062819, 2689414.406165050342679 ], [ 10222299.453805549070239, 2689409.650038965046406 ], [ 10222304.008113164454699, 2689404.138523526955396 ], [ 10222309.133849797770381, 2689399.453507039230317 ], [ 10222313.183878015726805, 2689395.788323165848851 ], [ 10222315.271996667608619, 2689393.780581093858927 ], [ 10222317.041425105184317, 2689390.436855599749833 ], [ 10222319.760116899386048, 2689386.200813631992787 ], [ 10222322.605104003101587, 2689381.773588302545249 ], [ 10222325.767106365412474, 2689377.409528742544353 ], [ 10222328.928998099640012, 2689373.045579404104501 ], [ 10222332.091031707823277, 2689368.745189176872373 ], [ 10222334.999608837068081, 2689364.445158271118999 ], [ 10222337.591777132824063, 2689360.40019442839548 ], [ 10222340.183835156261921, 2689356.355231208261102 ], [ 10222342.776000859215856, 2689352.310268535744399 ], [ 10222344.102319559082389, 2689349.285462542902678 ], [ 10222344.349191658198833, 2689344.607414183672518 ], [ 10222345.672011120244861, 2689339.164098472334445 ], [ 10222346.615257645025849, 2689334.039553676731884 ], [ 10222347.115617783740163, 2689329.424818731378764 ], [ 10222347.362345078960061, 2689324.68321760231629 ], [ 10222347.60896322503686, 2689319.94150833459571 ], [ 10222347.285616829991341, 2689315.264330827631056 ], [ 10222346.89856531471014, 2689310.459963345434517 ], [ 10222345.878310348838568, 2689305.847388892434537 ], [ 10222344.984530298039317, 2689301.171077976468951 ], [ 10222344.976912193000317, 2689295.793383949901909 ], [ 10222344.969150397926569, 2689290.352023837622255 ], [ 10222344.834770828485489, 2689284.91084497096017 ], [ 10222345.143736761063337, 2689279.40542672900483 ], [ 10222345.896300358697772, 2689273.899327353574336 ], [ 10222346.396123746410012, 2689268.902821731753647 ], [ 10222346.262348454445601, 2689263.970773315988481 ], [ 10222346.318182425573468, 2689258.656614836771041 ], [ 10222345.326814109459519, 2689254.057517820969224 ], [ 10222344.447454407811165, 2689250.842175966128707 ], [ 10222343.786146903410554, 2689247.249858160503209 ], [ 10222344.468151051551104, 2689243.435990472789854 ], [ 10222345.025223292410374, 2689239.716543514281511 ], [ 10222345.519823962822556, 2689235.934231216087937 ], [ 10222346.326827296987176, 2689232.151637876406312 ], [ 10222347.196816546842456, 2689228.776768882293254 ], [ 10222363.09330477565527, 2689226.389931528829038 ], [ 10222375.028308063745499, 2689224.899029985070229 ], [ 10222386.51521722972393, 2689223.159066750202328 ], [ 10222397.952735938131809, 2689221.568922695703804 ], [ 10222408.593689432367682, 2689219.530361442826688 ], [ 10222414.013533929362893, 2689218.398536163382232 ], [ 10222415.813623862341046, 2689225.115188434254378 ], [ 10222417.613824270665646, 2689231.831843171734363 ], [ 10222419.41391720995307, 2689238.548500531353056 ], [ 10222421.114717859774828, 2689245.415125388652086 ], [ 10222422.71649906784296, 2689252.531657581217587 ], [ 10222424.666398173198104, 2689259.597809890285134 ], [ 10222426.665850672870874, 2689266.613857898395509 ], [ 10222428.66541394777596, 2689273.630018195603043 ], [ 10222430.615236742421985, 2689280.746039395686239 ], [ 10222432.565170280635357, 2689287.862172945868224 ], [ 10222434.465636365115643, 2689295.178217102307826 ], [ 10222435.620892284438014, 2689303.094758705236018 ], [ 10222436.974764941260219, 2689310.761233332101256 ], [ 10222438.029990492388606, 2689318.278296341188252 ], [ 10222440.525078808888793, 2689323.994758552405983 ], [ 10222442.722587272524834, 2689330.311249300837517 ], [ 10222444.672039976343513, 2689337.127582258079201 ], [ 10222446.720952603965998, 2689343.893892135005444 ], [ 10222447.373425340279937, 2689348.014425669796765 ], [ 10222456.029256101697683, 2689349.026092851534486 ], [ 10222464.685196902602911, 2689350.037755304481834 ], [ 10222473.24200901016593, 2689351.299210096243769 ], [ 10222481.550601730123162, 2689352.96088990336284 ], [ 10222488.866501823067665, 2689355.972756480798125 ], [ 10222496.331305615603924, 2689358.8844866710715 ], [ 10222503.796056598424911, 2689361.69627339951694 ], [ 10222511.359911605715752, 2689364.208179895766079 ], [ 10222519.023145964369178, 2689366.720027270261198 ], [ 10222527.08248589746654, 2689367.882341566029936 ], [ 10222535.29124953597784, 2689369.294199854135513 ], [ 10222543.00373768992722, 2689371.406246498227119 ], [ 10222550.713397020474076, 2689371.569998332764953 ], [ 10222557.476179283112288, 2689370.436150047462434 ], [ 10222564.487593002617359, 2689369.251968977041543 ], [ 10222571.498868767172098, 2689368.017814703751355 ], [ 10222578.463289245963097, 2689368.732195523567498 ], [ 10222585.427022492513061, 2689368.99684131052345 ], [ 10222591.037120338529348, 2689361.769890983123332 ], [ 10222589.20558344013989, 2689358.983663814608008 ], [ 10222588.375178331509233, 2689356.305795797612518 ], [ 10222588.59529784321785, 2689352.626503783743829 ], [ 10222588.890582542866468, 2689348.909363580867648 ], [ 10222589.260944513604045, 2689345.192072062753141 ], [ 10222589.668790573254228, 2689341.474760157521814 ], [ 10222590.527536813169718, 2689337.75686468090862 ], [ 10222590.973492810502648, 2689334.379023081157357 ], [ 10222591.457041881978512, 2689331.001270448323339 ], [ 10222591.715443195775151, 2689327.774652421940118 ], [ 10222591.936100011691451, 2689324.472662888467312 ], [ 10222592.269427290186286, 2689321.170610137283802 ], [ 10222593.429948376491666, 2689318.320011633913964 ], [ 10222594.477777548134327, 2689315.431999850552529 ], [ 10222595.412826852872968, 2689312.543942919466645 ], [ 10222596.347875932231545, 2689309.656105617526919 ], [ 10222597.018762312829494, 2689305.938433238305151 ], [ 10222597.276665927842259, 2689302.410027488600463 ], [ 10222597.23387011885643, 2689298.768812568858266 ], [ 10222597.266130352392793, 2689295.089749581646174 ], [ 10222597.486356005072594, 2689291.410471232607961 ], [ 10222597.557652542367578, 2689288.750184408854693 ], [ 10222598.380955489352345, 2689286.541612305678427 ], [ 10222600.030238781124353, 2689285.149296431336552 ], [ 10222601.04498952254653, 2689284.2926553231664 ], [ 10222603.746552262455225, 2689281.930367723572999 ], [ 10222606.372431786730886, 2689279.266440141014755 ], [ 10222608.697783971205354, 2689276.602902465499938 ], [ 10222611.023135390132666, 2689273.939364856109023 ], [ 10222613.573826301842928, 2689271.275480109266937 ], [ 10222617.51279678568244, 2689267.364296684507281 ], [ 10222621.338189763948321, 2689262.812006487511098 ], [ 10222625.31421011313796, 2689258.52350720576942 ], [ 10222629.328230461105704, 2689254.574584590271115 ], [ 10222633.379841856658459, 2689250.625640533864498 ], [ 10222637.431451201438904, 2689246.676586829591542 ], [ 10222641.370237162336707, 2689242.652313800062984 ], [ 10222645.308999890461564, 2689238.590344259049743 ], [ 10222649.059710748493671, 2689234.377695828676224 ], [ 10222652.810419570654631, 2689230.164938031230122 ], [ 10222666.168175207450986, 2689215.599981248844415 ], [ 10222670.612943084910512, 2689210.932715971488506 ], [ 10222674.88997395336628, 2689206.392005382571369 ], [ 10222678.706279644742608, 2689202.780163271352649 ], [ 10222677.151851566508412, 2689196.734932764433324 ], [ 10222675.080159928649664, 2689190.289365909062326 ], [ 10222672.742822833359241, 2689184.245135475881398 ], [ 10222670.538680149242282, 2689178.267566608265042 ], [ 10222668.334539115428925, 2689172.289999595843256 ], [ 10222666.865044893696904, 2689168.24932460905984 ], [ 10222667.521440114825964, 2689162.067069088574499 ], [ 10222668.177834901958704, 2689155.884925446473062 ], [ 10222668.83433810248971, 2689149.702674480620772 ], [ 10222669.49073183350265, 2689143.520425913855433 ], [ 10222670.01407959125936, 2689137.338474908377975 ], [ 10222670.205090055242181, 2689131.357471131253988 ], [ 10222670.39610031992197, 2689125.376359963323921 ], [ 10222670.919631734490395, 2689119.328106048051268 ], [ 10222671.577130787074566, 2689113.947790818288922 ], [ 10222674.363643268123269, 2689108.497551306150854 ], [ 10222676.884139, 2689103.181374745909125 ], [ 10222679.138727277517319, 2689097.999261077027768 ], [ 10222681.859026668593287, 2689092.816443736664951 ], [ 10222684.247173089534044, 2689087.968152592889965 ], [ 10222685.307528285309672, 2689085.126631367951632 ], [ 10222698.612583370879292, 2689084.338779999874532 ], [ 10222711.718716539442539, 2689084.018946983851492 ], [ 10222718.170836282894015, 2689083.10746155353263 ], [ 10222717.497388841584325, 2689077.461747001390904 ], [ 10222716.757180038839579, 2689071.682601985987276 ], [ 10222716.775077598169446, 2689069.813781773671508 ], [ 10222716.814980525523424, 2689065.63496300438419 ], [ 10222716.736582929268479, 2689028.733243151567876 ], [ 10222717.009639898315072, 2689015.685973931103945 ], [ 10222717.224927918985486, 2689002.990724022965878 ], [ 10222717.498686613515019, 2688990.412592852953821 ], [ 10222717.727336660027504, 2688987.040533389430493 ], [ 10222730.510572403669357, 2688985.644016783218831 ], [ 10222743.11817423440516, 2688983.89572562277317 ], [ 10222755.842824881896377, 2688982.381861144676805 ], [ 10222768.567087633535266, 2688980.574856887571514 ], [ 10222781.292085416615009, 2688979.295585750136524 ], [ 10222793.841624738648534, 2688977.782011855393648 ], [ 10222798.453446770086884, 2688977.687289645895362 ], [ 10222797.821059610694647, 2688984.402141372207552 ], [ 10222797.889055149629712, 2688991.057415754068643 ], [ 10222797.723894460126758, 2688997.947551458142698 ], [ 10222797.558733649551868, 2689004.837690078187734 ], [ 10222797.393572706729174, 2689011.72783161373809 ], [ 10222797.286707175895572, 2689018.617942266631871 ], [ 10222797.17818845063448, 2689024.335204904899001 ], [ 10222800.172448871657252, 2689021.755999769084156 ], [ 10222803.651012538000941, 2689019.108134565409273 ], [ 10222808.907504566013813, 2689015.078071129042655 ], [ 10222810.365948839113116, 2689012.551150895189494 ], [ 10222811.725007813423872, 2689010.196550793945789 ], [ 10222817.521655498072505, 2689005.077481091953814 ], [ 10222822.737323138862848, 2688999.609512684866786 ], [ 10222827.991845235228539, 2688994.258006846532226 ], [ 10222832.436707980930805, 2688990.889737567864358 ], [ 10222835.608062192797661, 2688989.894097844138741 ], [ 10222839.666896184906363, 2688987.148255113512278 ], [ 10222844.577479025349021, 2688984.750931940041482 ], [ 10222848.521080991253257, 2688982.665930308867246 ], [ 10222852.391768066212535, 2688983.573636152315885 ], [ 10222861.322191083803773, 2688983.945383998099715 ], [ 10222861.044818110764027, 2688976.667484713718295 ], [ 10222860.498090354725718, 2688970.148705530911684 ], [ 10222859.993892021477222, 2688961.988706723321229 ], [ 10222859.599659731611609, 2688956.320193973369896 ], [ 10222859.445175018161535, 2688954.098526692483574 ], [ 10222858.673504622653127, 2688946.74827698757872 ], [ 10222862.163932422176003, 2688945.821374935097992 ], [ 10222867.624376531690359, 2688945.206394322682172 ], [ 10222873.800473751500249, 2688944.185653130058199 ], [ 10222880.111082699149847, 2688943.254687401466072 ], [ 10222886.51131059601903, 2688942.413523188792169 ], [ 10222892.822666428983212, 2688942.022019519470632 ], [ 10222898.954299194738269, 2688941.181226901244372 ], [ 10222905.710919033735991, 2688939.17039742320776 ], [ 10222915.064766695722938, 2688937.695425591897219 ], [ 10222919.820937447249889, 2688945.264571928419173 ], [ 10222920.084485527127981, 2688945.76892830664292 ], [ 10222929.700566811487079, 2688945.90584019664675 ], [ 10222938.680181043222547, 2688946.207273447420448 ], [ 10222956.81682812795043, 2688946.106728794053197 ], [ 10222965.26045516692102, 2688946.225243655499071 ], [ 10222966.649076458066702, 2688955.360200065653771 ], [ 10222967.443258814513683, 2688961.058060471434146 ], [ 10222968.834248451516032, 2688966.40765 ], [ 10222974.584743417799473, 2688965.025720989797264 ], [ 10222980.242025708779693, 2688964.307030464988202 ], [ 10222980.782897939905524, 2688968.742229097522795 ], [ 10222980.602280095219612, 2688974.220521219074726 ], [ 10222975.866181027144194, 2688975.329544192180037 ], [ 10222970.540537031367421, 2688976.349057472776622 ], [ 10222966.916538188233972, 2688977.68074758304283 ], [ 10222959.847443491220474, 2688980.321555897593498 ], [ 10222952.778346391394734, 2688982.96225193887949 ], [ 10222945.709247032180429, 2688985.603054849430919 ], [ 10222938.640332773327827, 2688988.378640011418611 ], [ 10222931.610110588371754, 2688990.801019008271396 ], [ 10222933.389663489535451, 2688992.606968866661191 ], [ 10222937.807255920022726, 2688997.08920668438077 ], [ 10222942.340389, 2689001.260384333785623 ], [ 10222947.028338881209493, 2689005.392459510825574 ], [ 10222951.793655341491103, 2689009.524488749913871 ], [ 10222956.558842517435551, 2689013.61750665307045 ], [ 10222961.169281225651503, 2689017.672042758669704 ], [ 10222965.276637202128768, 2689021.727204337250441 ], [ 10222966.521797314286232, 2689026.447353734169155 ], [ 10222967.612542921677232, 2689031.517489773221314 ], [ 10222968.819421831518412, 2689036.548547639977187 ], [ 10222970.026192592456937, 2689041.579716614913195 ], [ 10222971.155599735677242, 2689046.610823189839721 ], [ 10222972.323798773810267, 2689051.642017886508256 ], [ 10222973.569430992007256, 2689056.789653742685914 ], [ 10222974.892691735178232, 2689062.01493878941983 ], [ 10222976.564224699512124, 2689067.2784827738069 ], [ 10222978.274332005530596, 2689072.542005466297269 ], [ 10222979.907430300489068, 2689078.038875195197761 ], [ 10222981.424814525991678, 2689083.73010391369462 ], [ 10222983.019718825817108, 2689089.499091864563525 ], [ 10222984.614360824227333, 2689095.190278574824333 ], [ 10222986.016033200547099, 2689101.07608956284821 ], [ 10222987.494853302836418, 2689106.961856876965612 ], [ 10222987.929697670042515, 2689113.237699228338897 ], [ 10222988.364233512431383, 2689119.358156552072614 ], [ 10222988.914793977513909, 2689125.439645786769688 ], [ 10222989.117459159344435, 2689131.754753533750772 ], [ 10222989.049525171518326, 2689138.186838718131185 ], [ 10222989.213376453146338, 2689144.463072621263564 ], [ 10222989.45465618185699, 2689150.661569171119481 ], [ 10222990.313700277358294, 2689156.004082332365215 ], [ 10222990.709201417863369, 2689161.891496731899679 ], [ 10222991.259409755468369, 2689167.7397006964311 ], [ 10222991.346006335690618, 2689174.01610129326582 ], [ 10222991.664343355223536, 2689180.059065658133477 ], [ 10222992.291472181677818, 2689185.518540777266026 ], [ 10222992.377605836838484, 2689191.56175646558404 ], [ 10222992.773263104259968, 2689197.52687776228413 ], [ 10222993.168566128239036, 2689203.258699668571353 ], [ 10222993.718708612024784, 2689208.990431876853108 ], [ 10222994.19157736748457, 2689214.87760036252439 ], [ 10222994.625918492674828, 2689220.842707225587219 ], [ 10222994.944257646799088, 2689226.885579307563603 ], [ 10222995.185409171506763, 2689233.045205228496343 ], [ 10222995.115859301760793, 2689238.389171803835779 ], [ 10223003.880341939628124, 2689237.422496278770268 ], [ 10223012.204661399126053, 2689237.296031080186367 ], [ 10223020.812574988231063, 2689236.726896821521223 ], [ 10223029.448659552261233, 2689236.072047269437462 ], [ 10223038.113468397408724, 2689235.531361472792923 ], [ 10223046.806498561054468, 2689234.990544587373734 ], [ 10223055.499620281159878, 2689234.421231329906732 ], [ 10223064.192951330915093, 2689234.023081908468157 ], [ 10223072.886055061593652, 2689233.425267623737454 ], [ 10223081.579385107383132, 2689233.02710869954899 ], [ 10223090.272714776918292, 2689232.629054641816765 ], [ 10223098.966060817241669, 2689232.25937784044072 ], [ 10223107.659355776384473, 2689231.80422157375142 ], [ 10223116.238326841965318, 2689230.949699213728309 ], [ 10223124.846603564918041, 2689230.637261655647308 ], [ 10223133.397612720727921, 2689230.039609393570572 ], [ 10223141.949185710400343, 2689229.841382169164717 ], [ 10223150.471964767202735, 2689229.414906337857246 ], [ 10223158.909481754526496, 2689228.903002638369799 ], [ 10223167.261535597965121, 2689228.334162884391844 ], [ 10223175.585400963202119, 2689227.822428518440574 ], [ 10223183.909316854551435, 2689227.396164480131119 ], [ 10223192.205095777288079, 2689227.112809304147959 ], [ 10223200.500874320045114, 2689226.829340222291648 ], [ 10223208.824983485043049, 2689226.545849664602429 ], [ 10223217.035247378051281, 2689226.11985638178885 ], [ 10223225.217214155942202, 2689225.750968739856035 ], [ 10223233.370918137952685, 2689225.496169907972217 ], [ 10223241.524730879813433, 2689225.241476434282959 ], [ 10223249.678079150617123, 2689224.758517806883901 ], [ 10223257.83126637712121, 2689224.189861273393035 ], [ 10223265.956477614119649, 2689223.849588460754603 ], [ 10223274.053374793380499, 2689223.537820350844413 ], [ 10223282.121671214699745, 2689223.14059086702764 ], [ 10223290.189858181402087, 2689222.743247810285538 ], [ 10223298.286966791376472, 2689222.602745371870697 ], [ 10223306.384092476218939, 2689222.490730360615999 ], [ 10223314.298773106187582, 2689223.216693982481956 ], [ 10223314.872462645173073, 2689220.678402272984385 ], [ 10223318.015422260388732, 2689222.250964477192611 ], [ 10223322.485863218083978, 2689223.756414949893951 ], [ 10223327.247904671356082, 2689225.456633556634188 ], [ 10223331.490340938791633, 2689226.697578782215714 ], [ 10223331.992910435423255, 2689223.142071213107556 ], [ 10223332.644769597798586, 2689217.084695356432348 ], [ 10223332.746447985991836, 2689211.360024045687169 ], [ 10223333.23335887119174, 2689205.524111019447446 ], [ 10223333.720378359779716, 2689199.688199986703694 ], [ 10223334.152261381968856, 2689193.85243444563821 ], [ 10223334.584286568686366, 2689188.071900580544025 ], [ 10223335.124713921919465, 2689181.185065416619182 ], [ 10223335.555296186357737, 2689174.46431818511337 ], [ 10223337.197908224537969, 2689168.128889127168804 ], [ 10223338.675328763201833, 2689161.793782969471067 ], [ 10223340.207775192335248, 2689155.458535772748291 ], [ 10223341.520498087629676, 2689149.400231012608856 ], [ 10223341.786130104213953, 2689142.900954458862543 ], [ 10223342.602576848119497, 2689136.4009038801305 ], [ 10223343.363886972889304, 2689129.900889727752656 ], [ 10223344.125196471810341, 2689123.400878127664328 ], [ 10223344.66653199121356, 2689117.12246986432001 ], [ 10223344.492676928639412, 2689111.287653635721654 ], [ 10223343.878279833123088, 2689105.453438825905323 ], [ 10223344.695109728723764, 2689099.229878486599773 ], [ 10223346.226952219381928, 2689092.452163107227534 ], [ 10223347.758827056735754, 2689085.729789307806641 ], [ 10223348.8506542108953, 2689079.28471174929291 ], [ 10223349.667162148281932, 2689072.895254326984286 ], [ 10223350.924067946150899, 2689066.449861092958599 ], [ 10223351.686076287180185, 2689060.39236545143649 ], [ 10223351.842421408742666, 2689054.446360300295055 ], [ 10223351.172997206449509, 2689048.612309560645372 ], [ 10223350.778715036809444, 2689042.611856296658516 ], [ 10223350.384324198588729, 2689036.611405316740274 ], [ 10223349.605267554521561, 2689031.109351023565978 ], [ 10223347.778675900772214, 2689024.779176660813391 ], [ 10223345.841889940202236, 2689018.393843141850084 ], [ 10223343.850850656628609, 2689012.561712626833469 ], [ 10223344.006812436506152, 2689006.339251200202852 ], [ 10223344.493469934910536, 2689000.282166550401598 ], [ 10223345.420171378180385, 2688993.948011252097785 ], [ 10223346.402007471770048, 2688987.613605339080095 ], [ 10223347.824381547048688, 2688981.278602400794625 ], [ 10223348.586773116141558, 2688975.497721454594284 ], [ 10223349.349055081605911, 2688969.716733019333333 ], [ 10223350.111445549875498, 2688963.93585611321032 ], [ 10223351.149042824283242, 2688958.099254427943379 ], [ 10223352.847358167171478, 2688952.206362246535718 ], [ 10223354.380484180524945, 2688946.313683168496937 ], [ 10223355.803590012714267, 2688940.476412127260119 ], [ 10223357.226585915312171, 2688934.639252728782594 ], [ 10223358.649689743295312, 2688928.802095227409154 ], [ 10223360.072792492806911, 2688922.964830107055604 ], [ 10223361.881296031177044, 2688917.127110658679157 ], [ 10223362.809043455868959, 2688911.456497959792614 ], [ 10223363.351279860362411, 2688905.786562766879797 ], [ 10223364.223891049623489, 2688900.116207044571638 ], [ 10223365.151603074744344, 2688894.390371504705399 ], [ 10223366.409580355510116, 2688888.664005851838738 ], [ 10223367.39287967979908, 2688883.325288367923349 ], [ 10223368.431204447522759, 2688877.986429120413959 ], [ 10223369.414536153897643, 2688872.703053196892142 ], [ 10223370.342874728143215, 2688867.474941367283463 ], [ 10223371.326347773894668, 2688862.246797215659171 ], [ 10223372.199835505336523, 2688857.129508247599006 ], [ 10223373.073322603479028, 2688852.012111291754991 ], [ 10223373.946700250729918, 2688846.894825546070933 ], [ 10223374.655033050104976, 2688841.833090687636286 ], [ 10223375.198321048170328, 2688836.826797149609774 ], [ 10223375.741499826312065, 2688831.820614763069898 ], [ 10223376.284787176176906, 2688826.814324245788157 ], [ 10223376.827931581065059, 2688821.752806922420859 ], [ 10223377.535313133150339, 2688816.027353134937584 ], [ 10223378.95864306204021, 2688810.411478548310697 ], [ 10223379.831739028915763, 2688805.017515936866403 ], [ 10223380.536724649369717, 2688797.688145929947495 ], [ 10223381.241886058822274, 2688790.469454902689904 ], [ 10223382.993577305227518, 2688783.525605795904994 ], [ 10223384.470524711534381, 2688776.85872779879719 ], [ 10223385.56217385455966, 2688770.358322697691619 ], [ 10223386.543661763891578, 2688763.858207246754318 ], [ 10223387.965437527745962, 2688757.13614279543981 ], [ 10223389.333136120811105, 2688751.077838887926191 ], [ 10223390.534799223765731, 2688744.522038125898689 ], [ 10223391.791595984250307, 2688737.966205896809697 ], [ 10223392.718230234459043, 2688731.576702672056854 ], [ 10223393.644863739609718, 2688725.187201899942011 ], [ 10223394.516504758968949, 2688718.853184808045626 ], [ 10223395.388145031407475, 2688712.519060538616031 ], [ 10223396.314986737444997, 2688706.29557982692495 ], [ 10223398.398201432079077, 2688700.014953969046474 ], [ 10223399.874109616503119, 2688692.739724783692509 ], [ 10223401.515310801565647, 2688685.464287037961185 ], [ 10223402.825997196137905, 2688678.134047786239535 ], [ 10223404.026665402576327, 2688670.859326798468828 ], [ 10223405.118123074993491, 2688664.248397438321263 ], [ 10223405.989192837849259, 2688657.527151154354215 ], [ 10223406.695110738277435, 2688650.861566254869103 ], [ 10223407.455985702574253, 2688644.085165692958981 ], [ 10223408.272095793858171, 2688637.474745932500809 ], [ 10223407.491912096738815, 2688631.198435572441667 ], [ 10223406.986577402800322, 2688624.645270985085517 ], [ 10223406.646427752450109, 2688618.091787785757333 ], [ 10223407.297495, 2688611.536817912943661 ], [ 10223407.673571012914181, 2688605.203588909003884 ], [ 10223407.829647406935692, 2688599.036510124802589 ], [ 10223408.647235311567783, 2688593.42163007799536 ], [ 10223411.941855385899544, 2688587.139310893602669 ], [ 10223415.181338796392083, 2688580.857027546036988 ], [ 10223418.420819679275155, 2688574.574745995458215 ], [ 10223421.877712983638048, 2688569.779531347099692 ], [ 10223422.432287629693747, 2688569.010275528766215 ], [ 10223426.389679007232189, 2688564.109665937721729 ], [ 10223427.324743105098605, 2688560.670623722951859 ], [ 10223440.214418280869722, 2688549.06452565966174 ], [ 10223462.360152805224061, 2688529.124068119563162 ], [ 10223483.488245075568557, 2688504.217062743380666 ], [ 10223490.457463622093201, 2688491.512734559364617 ], [ 10223500.827864108607173, 2688478.994436744600534 ], [ 10223513.387192374095321, 2688468.670056945644319 ], [ 10223526.220488863065839, 2688456.679701157845557 ], [ 10223539.399277478456497, 2688444.688908350188285 ], [ 10223553.201049106195569, 2688433.529855118598789 ], [ 10223567.90002242103219, 2688421.744984694756567 ], [ 10223582.529112700372934, 2688409.404924280941486 ], [ 10223594.047353023663163, 2688395.959211359266192 ], [ 10223605.707971099764109, 2688385.289223046973348 ], [ 10223619.104707537218928, 2688380.515364716760814 ], [ 10223634.22402448579669, 2688372.6852852627635 ], [ 10223652.039823809638619, 2688366.030893963761628 ], [ 10223666.604989547282457, 2688357.230179141741246 ], [ 10223680.344033744186163, 2688350.373767700046301 ], [ 10223686.214768433943391, 2688349.011610958259553 ], [ 10223699.695884376764297, 2688354.438716693315655 ], [ 10223714.213319482281804, 2688359.864275750238448 ], [ 10223729.69814738817513, 2688365.357691620942205 ], [ 10223745.317977828904986, 2688368.769041573628783 ], [ 10223762.319897156208754, 2688372.24764893995598 ], [ 10223774.054760655388236, 2688365.116737577598542 ], [ 10223785.713989643380046, 2688353.683215491008013 ], [ 10223794.884703651070595, 2688341.42080769687891 ], [ 10223803.016270160675049, 2688327.286183666903526 ], [ 10223810.732533540576696, 2688312.735881452448666 ], [ 10223818.448541529476643, 2688297.977393006905913 ], [ 10223824.723069282248616, 2688289.466805798001587 ], [ 10223833.739369073882699, 2688280.353315797634423 ], [ 10223841.157337386161089, 2688274.302206180989742 ], [ 10223848.642657494172454, 2688267.771983447484672 ], [ 10223857.081815175712109, 2688261.103405853267759 ], [ 10223865.214095275849104, 2688254.366868500132114 ], [ 10223872.834545791149139, 2688247.049358532764018 ], [ 10223878.989914320409298, 2688239.699924259446561 ], [ 10223885.963183552026749, 2688232.451866796240211 ], [ 10223893.106573387980461, 2688225.100916723255068 ], [ 10223900.386132398620248, 2688217.715471494011581 ], [ 10223908.006505692377687, 2688210.329585829284042 ], [ 10223915.762916510924697, 2688202.874907283578068 ], [ 10223926.621120978146791, 2688196.408010638318956 ], [ 10223938.024717265740037, 2688190.042769179213792 ], [ 10223949.086542392149568, 2688183.062256983481348 ], [ 10223960.99990619532764, 2688175.977635076269507 ], [ 10223969.170872658491135, 2688172.252308358903974 ], [ 10223980.953594190999866, 2688168.89783177850768 ], [ 10223992.327938832342625, 2688165.715100711677223 ], [ 10224004.861115179955959, 2688162.975384461693466 ], [ 10224017.734382577240467, 2688159.790338852442801 ], [ 10224031.665464203804731, 2688157.69859254360199 ], [ 10224039.769389539957047, 2688156.811727660708129 ], [ 10224045.63664329983294, 2688154.274367091245949 ], [ 10224053.089397370815277, 2688152.828868831507862 ], [ 10224061.174670368432999, 2688150.912870605941862 ], [ 10224068.476786490529776, 2688151.721765561960638 ], [ 10224075.650362266227603, 2688152.241352586075664 ], [ 10224082.727904763072729, 2688152.696788474451751 ], [ 10224087.660989647731185, 2688153.895246693398803 ], [ 10224091.668454194441438, 2688157.05703588295728 ], [ 10224097.634292952716351, 2688163.496475070714951 ], [ 10224103.695850955322385, 2688169.678347995039076 ], [ 10224111.284220073372126, 2688176.992334036156535 ], [ 10224116.919467363506556, 2688181.892012872733176 ], [ 10224149.95110053755343, 2688184.596889642998576 ], [ 10224157.309556590393186, 2688194.501718126237392 ], [ 10224168.673044899478555, 2688208.948660301975906 ], [ 10224180.201455764472485, 2688224.460796915460378 ], [ 10224191.730105886235833, 2688240.136756289750338 ], [ 10224198.761006116867065, 2688249.263606503605843 ], [ 10224199.033351667225361, 2688250.012159927282482 ], [ 10224216.866662370041013, 2688261.664978796616197 ], [ 10224246.280770719051361, 2688283.498669976834208 ], [ 10224255.865550832822919, 2688283.679833597503603 ], [ 10224270.563141560181975, 2688284.566187089309096 ], [ 10224285.011924298480153, 2688285.203407793771476 ], [ 10224297.417639136314392, 2688285.046466276515275 ], [ 10224305.331534976139665, 2688278.032065404113382 ], [ 10224318.36378663405776, 2688267.149445596151054 ], [ 10224325.9807368516922, 2688260.763882719911635 ], [ 10224339.818350782617927, 2688269.868987215682864 ], [ 10224355.324920888990164, 2688279.330502311233431 ], [ 10224373.173771936446428, 2688269.435691968537867 ], [ 10224399.005478031933308, 2688255.213197549805045 ], [ 10224404.244598485529423, 2688251.754141302779317 ], [ 10224422.046046711504459, 2688240.000911384820938 ], [ 10224435.69079140946269, 2688229.983565442729741 ], [ 10224438.281815586611629, 2688222.552091991063207 ], [ 10224441.634887700900435, 2688215.438200572505593 ], [ 10224446.064888337627053, 2688206.856242590583861 ], [ 10224457.173074033111334, 2688206.87067401362583 ], [ 10224469.020555511116982, 2688209.80380779132247 ], [ 10224474.190834490582347, 2688211.083731747698039 ], [ 10224487.528256598860025, 2688216.003761855885386 ], [ 10224510.831846641376615, 2688221.354473198298365 ], [ 10224511.727529864758253, 2688225.91156919952482 ], [ 10224516.06136498786509, 2688237.157466665841639 ], [ 10224519.885198893025517, 2688247.001582645345479 ], [ 10224520.029790878295898, 2688258.381647265516222 ], [ 10224523.090772826224566, 2688267.525668021757156 ], [ 10224525.129305481910706, 2688272.208441040478647 ], [ 10224527.796932807192206, 2688273.319902263116091 ], [ 10224536.101372277364135, 2688261.236007120925933 ], [ 10224536.998907521367073, 2688252.663117116317153 ], [ 10224538.421218879520893, 2688242.379931663163006 ], [ 10224539.796383557841182, 2688232.626476601697505 ], [ 10224541.370079927146435, 2688227.206628719810396 ], [ 10224556.076939949765801, 2688219.695448298938572 ], [ 10224563.267506372183561, 2688230.829670919571072 ], [ 10224566.685764642432332, 2688231.015123549383134 ], [ 10224577.169733798131347, 2688232.448038070462644 ], [ 10224591.782259279862046, 2688227.057515650521964 ], [ 10224603.685513259842992, 2688222.599709304049611 ], [ 10224614.31692267395556, 2688219.140906885266304 ], [ 10224615.976864797994494, 2688226.86892971303314 ], [ 10224617.48693928308785, 2688234.521890720818192 ], [ 10224618.959481958299875, 2688242.09971189359203 ], [ 10224620.319529371336102, 2688249.602445160970092 ], [ 10224621.151116214692593, 2688253.276511285454035 ], [ 10224631.82137868180871, 2688236.56605263100937 ], [ 10224638.545222567394376, 2688233.747350979130715 ], [ 10224649.597284413874149, 2688228.653791267890483 ], [ 10224661.417579336091876, 2688223.682525156065822 ], [ 10224675.275885969400406, 2688225.280564964283258 ], [ 10224682.589435750618577, 2688226.302737926132977 ], [ 10224681.61585134640336, 2688232.398704099003226 ], [ 10224680.488289434462786, 2688238.309815226588398 ], [ 10224679.391777254641056, 2688244.375080614816397 ], [ 10224679.084385758265853, 2688246.872868294361979 ], [ 10224693.335353625938296, 2688247.457149002701044 ], [ 10224708.127504706382751, 2688247.705734708346426 ], [ 10224717.721221245825291, 2688254.365644895471632 ], [ 10224721.094398630782962, 2688254.58177757775411 ], [ 10224727.816500855609775, 2688253.506725152488798 ], [ 10224728.45592549815774, 2688241.797497412189841 ], [ 10224729.972143039107323, 2688229.940064211841673 ], [ 10224732.15950214676559, 2688226.669981888029724 ], [ 10224739.312058454379439, 2688220.529246949590743 ], [ 10224746.943145656958222, 2688213.121256177779287 ], [ 10224754.424083964899182, 2688205.246247910894454 ], [ 10224760.727656695991755, 2688198.059985809028149 ], [ 10224766.141929931938648, 2688191.688389698509127 ], [ 10224769.848323911428452, 2688182.55766920838505 ], [ 10224778.104896621778607, 2688158.544782559853047 ], [ 10224788.686957694590092, 2688128.47569112945348 ], [ 10224791.700120197609067, 2688119.321711710654199 ], [ 10224795.085041899234056, 2688110.167146034073085 ], [ 10224798.416897598654032, 2688101.012731784023345 ], [ 10224801.748640488833189, 2688091.858212491031736 ], [ 10224801.840577974915504, 2688090.732590305618942 ], [ 10224802.321873649954796, 2688084.842142150737345 ], [ 10224803.426309606060386, 2688077.878405641764402 ], [ 10224804.849444292485714, 2688070.914337553549558 ], [ 10224806.018230549991131, 2688067.63842140417546 ], [ 10224807.334800133481622, 2688063.948426799383014 ], [ 10224811.625566191971302, 2688056.65964105213061 ], [ 10224816.022561401128769, 2688049.370672842022032 ], [ 10224816.118455071002245, 2688042.835443674586713 ], [ 10224816.692414192482829, 2688036.246078150346875 ], [ 10224817.266263963654637, 2688029.656824918929487 ], [ 10224817.840222159400582, 2688023.067464670166373 ], [ 10224818.361008977517486, 2688016.478144654538482 ], [ 10224818.881686493754387, 2688009.888936929870397 ], [ 10224819.402472468093038, 2688003.299622201826423 ], [ 10224819.817171579226851, 2687996.763857502490282 ], [ 10224820.072504248470068, 2687990.281790039502084 ], [ 10224820.805937867611647, 2687983.798839388880879 ], [ 10224821.061269957572222, 2687977.31677705142647 ], [ 10224821.211066028103232, 2687971.208221708890051 ], [ 10224821.413923783227801, 2687965.09963113674894 ], [ 10224822.041564913466573, 2687958.936941595748067 ], [ 10224822.511528851464391, 2687953.841620051767677 ], [ 10224822.608962161466479, 2687948.266627858392894 ], [ 10224823.130736973136663, 2687942.317579755559564 ], [ 10224823.651556411758065, 2687935.781654861290008 ], [ 10224824.118505129590631, 2687928.712363475933671 ], [ 10224824.955264508724213, 2687920.415583357214928 ], [ 10224825.790809893980622, 2687911.318588784895837 ], [ 10224826.254120489582419, 2687902.008740993682295 ], [ 10224826.717172391712666, 2687892.485448631923646 ], [ 10224827.44490310177207, 2687882.374987407121807 ], [ 10224827.853900026530027, 2687872.211724083404988 ], [ 10224828.262603905051947, 2687861.941742464434355 ], [ 10224828.990590538829565, 2687852.044749456457794 ], [ 10224829.505817452445626, 2687841.881320301443338 ], [ 10224830.020972095429897, 2687831.77125984756276 ], [ 10224830.536014160141349, 2687821.501118885818869 ], [ 10224831.157031813636422, 2687811.177437602076679 ], [ 10224831.778157737106085, 2687800.853872332256287 ], [ 10224832.611891753971577, 2687790.583196653053164 ], [ 10224832.755655154585838, 2687780.687207964714617 ], [ 10224832.7413837518543, 2687780.066595487296581 ], [ 10224832.527517290785909, 2687770.738345392979681 ], [ 10224832.29934249073267, 2687760.736236417200416 ], [ 10224832.389273077249527, 2687750.360045502893627 ], [ 10224834.445452731102705, 2687740.674423210788518 ], [ 10224837.829499550163746, 2687731.039913794957101 ], [ 10224841.584928706288338, 2687721.191479499917477 ], [ 10224847.8376788161695, 2687711.925961625296623 ], [ 10224854.302736833691597, 2687702.606605500448495 ], [ 10224860.926674036309123, 2687693.02033013291657 ], [ 10224866.945456478744745, 2687682.794364296831191 ], [ 10224795.865973541513085, 2687674.980620092712343 ], [ 10224794.87006307952106, 2687678.168567002285272 ], [ 10224793.383080452680588, 2687683.056878540664911 ], [ 10224791.68592244386673, 2687687.787445454392582 ], [ 10224790.828642573207617, 2687692.911773472093046 ], [ 10224789.446453288197517, 2687697.773498623166233 ], [ 10224787.644150268286467, 2687702.346249272115529 ], [ 10224773.327089823782444, 2687703.014314010273665 ], [ 10224773.821373442187905, 2687700.445473336614668 ], [ 10224774.88857895322144, 2687695.426185830496252 ], [ 10224777.214298292994499, 2687690.220398009754717 ], [ 10224778.386333588510752, 2687685.069223841652274 ], [ 10224779.794162945821881, 2687679.786069452296942 ], [ 10224780.965723099187016, 2687674.424190858379006 ], [ 10224781.743902089074254, 2687668.983917933423072 ], [ 10224782.46967345289886, 2687663.543683697003871 ], [ 10224783.641432229429483, 2687658.313516108319163 ], [ 10224780.932967638596892, 2687653.511004309635609 ], [ 10224778.826618304476142, 2687648.127993782050908 ], [ 10224773.479325260967016, 2687649.650867889169604 ], [ 10224767.949718933552504, 2687651.911728602834046 ], [ 10224765.278162628412247, 2687653.957240977324545 ], [ 10224764.888145554810762, 2687656.051771585829556 ], [ 10224764.711638538166881, 2687660.595533326733857 ], [ 10224764.561389453709126, 2687665.139277849812061 ], [ 10224764.410866575315595, 2687669.446018665563315 ], [ 10224764.260015787556767, 2687673.594647724181414 ], [ 10224764.134493688121438, 2687677.190138061065227 ], [ 10224764.480615317821503, 2687680.442445127293468 ], [ 10224760.75812678784132, 2687681.304439311847091 ], [ 10224759.911096094176173, 2687676.261850222479552 ], [ 10224758.726062944158912, 2687673.063495223876089 ], [ 10224757.591724723577499, 2687668.811456487514079 ], [ 10224756.693272607401013, 2687664.401140025351197 ], [ 10224755.637964900583029, 2687660.359755579382181 ], [ 10224754.687762901186943, 2687656.423597267828882 ], [ 10224749.968928629532456, 2687657.339758844580501 ], [ 10224742.051869468763471, 2687658.919432849623263 ], [ 10224734.212891323491931, 2687660.1303372499533 ], [ 10224726.582939010113478, 2687660.787750838790089 ], [ 10224723.620353737846017, 2687661.253317743074149 ], [ 10224723.280791165307164, 2687662.10986388521269 ], [ 10224721.975302299484611, 2687665.733571028802544 ], [ 10224718.468664512038231, 2687670.388034334871918 ], [ 10224715.695122666656971, 2687674.330092595890164 ], [ 10224711.897841801866889, 2687677.641730139963329 ], [ 10224701.597738649696112, 2687681.30591762252152 ], [ 10224691.140082472935319, 2687684.812424875795841 ], [ 10224689.902764361351728, 2687681.772212714422494 ], [ 10224688.612203698605299, 2687678.152618791442364 ], [ 10224687.322842923924327, 2687675.323261484969407 ], [ 10224687.472423413768411, 2687670.410694346297532 ], [ 10224687.622112851589918, 2687665.498238160274923 ], [ 10224687.771693252027035, 2687660.585783552844077 ], [ 10224688.263100052252412, 2687656.19947734894231 ], [ 10224691.796583112329245, 2687651.913826437667012 ], [ 10224697.113591400906444, 2687647.862400397658348 ], [ 10224697.845625467598438, 2687646.399427297525108 ], [ 10224695.870776632800698, 2687641.279618283733726 ], [ 10224693.529353007674217, 2687636.397400205489248 ], [ 10224691.921500502154231, 2687631.171600273810327 ], [ 10224690.313594475388527, 2687625.866800365969539 ], [ 10224688.706125698983669, 2687620.878117297310382 ], [ 10224687.360692206770182, 2687615.730920947156847 ], [ 10224685.98880185559392, 2687610.452148539945483 ], [ 10224684.511971510946751, 2687605.147153700701892 ], [ 10224682.877431182190776, 2687599.605375884100795 ], [ 10224681.243763888254762, 2687594.537717001512647 ], [ 10224679.767154548317194, 2687589.390729436185211 ], [ 10224678.290473517030478, 2687584.138444824144244 ], [ 10224676.813684506341815, 2687578.886161848437041 ], [ 10224675.390574488788843, 2687574.37126126466319 ], [ 10224671.21244302764535, 2687568.886162078939378 ], [ 10224666.248467674478889, 2687563.929199250880629 ], [ 10224661.258183028548956, 2687558.893143930938095 ], [ 10224656.038767646998167, 2687558.282410364598036 ], [ 10224643.686193851754069, 2687557.419582553673536 ], [ 10224631.911238078027964, 2687556.950911570340395 ], [ 10224620.397483015432954, 2687555.902306821197271 ], [ 10224608.883476004004478, 2687554.642987645696849 ], [ 10224597.579749908298254, 2687553.699519303627312 ], [ 10224586.275463895872235, 2687552.413522358518094 ], [ 10224574.971179665997624, 2687551.12751747155562 ], [ 10224563.666879273951054, 2687549.8152074967511 ], [ 10224553.568191606551409, 2687548.079549714457244 ], [ 10224553.876406533643603, 2687543.904329554643482 ], [ 10224554.682160574942827, 2687539.33332335203886 ], [ 10224555.04252902790904, 2687534.947363338898867 ], [ 10224554.17054133862257, 2687530.747649710159749 ], [ 10224554.215890550985932, 2687526.151422490365803 ], [ 10224554.601974163204432, 2687521.449334622826427 ], [ 10224555.06679368391633, 2687516.852382353041321 ], [ 10224555.636535085737705, 2687512.255358981899917 ], [ 10224557.229816248640418, 2687508.183573170565069 ], [ 10224565.622060522437096, 2687508.657592873554677 ], [ 10224578.182971317321062, 2687508.650995431933552 ], [ 10224590.533567668870091, 2687508.275935559067875 ], [ 10224602.412558006122708, 2687508.13874363899231 ], [ 10224614.239467207342386, 2687508.317582793533802 ], [ 10224625.48939654789865, 2687508.392063579522073 ], [ 10224636.109830193221569, 2687508.362114147283137 ], [ 10224645.917254153639078, 2687508.333490195684135 ], [ 10224655.252329252660275, 2687508.094812026713043 ], [ 10224663.958053488284349, 2687507.804520545993 ], [ 10224669.097644621506333, 2687507.704187161289155 ], [ 10224679.555100057274103, 2687504.066137791611254 ], [ 10224689.303936468437314, 2687500.139309000689536 ], [ 10224693.157294392585754, 2687499.19824886508286 ], [ 10224697.894963443279266, 2687493.593763890210539 ], [ 10224702.396454814821482, 2687487.884256192948669 ], [ 10224706.897961180657148, 2687482.201046302914619 ], [ 10224711.085189804434776, 2687476.755497734993696 ], [ 10224715.141072392463684, 2687471.231041061226279 ], [ 10224721.802236760035157, 2687471.523424411658198 ], [ 10224728.41332439891994, 2687473.290886599104851 ], [ 10224734.684318501502275, 2687475.611918970476836 ], [ 10224736.705576285719872, 2687476.965129684656858 ], [ 10224740.462179204449058, 2687481.212869931943715 ], [ 10224743.87768767401576, 2687485.355880520772189 ], [ 10224746.585074493661523, 2687489.447232618927956 ], [ 10224748.062697665765882, 2687495.252595466095954 ], [ 10224749.198022833094001, 2687500.163002952933311 ], [ 10224750.070132795721292, 2687504.468105422332883 ], [ 10224750.837321123108268, 2687508.773282658308744 ], [ 10224751.158836616203189, 2687513.158213215880096 ], [ 10224751.952265106141567, 2687517.436967550311238 ], [ 10224751.697000039741397, 2687521.849150494206697 ], [ 10224752.464207991957664, 2687526.18073895201087 ], [ 10224755.066080421209335, 2687529.877168606966734 ], [ 10224757.563085904344916, 2687533.494780871551484 ], [ 10224759.43075961433351, 2687537.245088673196733 ], [ 10224760.17160277068615, 2687541.418697135988623 ], [ 10224760.990965195000172, 2687545.53943794220686 ], [ 10224761.91488597728312, 2687549.449290385469794 ], [ 10224764.952414259314537, 2687546.639381884597242 ], [ 10224768.408209439367056, 2687543.038620029576123 ], [ 10224771.94383424334228, 2687540.175218773074448 ], [ 10224774.508989630267024, 2687537.129077398683876 ], [ 10224775.735190153121948, 2687533.110445049125701 ], [ 10224776.750305397436023, 2687528.249247760046273 ], [ 10224777.66055297292769, 2687523.467345803510398 ], [ 10224780.206668386235833, 2687525.004046458285302 ], [ 10224784.511591855436563, 2687527.749725278001279 ], [ 10224788.737833952531219, 2687530.469052094966173 ], [ 10224789.415259495377541, 2687527.741887885145843 ], [ 10224790.63924770988524, 2687522.274613943882287 ], [ 10224791.836776593700051, 2687516.675655555911362 ], [ 10224793.322941623628139, 2687511.260685041546822 ], [ 10224791.950861595571041, 2687505.90295487223193 ], [ 10224790.263650560751557, 2687500.176850514020771 ], [ 10224788.263043100014329, 2687495.320526435505599 ], [ 10224786.261834802106023, 2687490.069090076256543 ], [ 10224781.515589509159327, 2687490.1951525346376 ], [ 10224768.666167424991727, 2687490.176035200245678 ], [ 10224768.080264845862985, 2687484.448282809462398 ], [ 10224766.970409044995904, 2687479.037451985292137 ], [ 10224765.807801406830549, 2687473.442251737229526 ], [ 10224765.773095730692148, 2687468.029682308901101 ], [ 10224772.77129059843719, 2687465.872016940731555 ], [ 10224771.162955278530717, 2687460.277573492843658 ], [ 10224770.106435906141996, 2687455.419718259479851 ], [ 10224769.548469332978129, 2687450.850781109649688 ], [ 10224769.645981153473258, 2687446.149241639766842 ], [ 10224768.512664470821619, 2687445.540605132002383 ], [ 10224764.633142923936248, 2687443.457431238610297 ], [ 10224758.866174185648561, 2687444.744012503419071 ], [ 10224753.232534216716886, 2687447.5580267556943 ], [ 10224747.599001191556454, 2687450.372039476409554 ], [ 10224742.956541819497943, 2687449.786792053841054 ], [ 10224733.355411611497402, 2687447.628951840102673 ], [ 10224724.016278827562928, 2687445.260217702481896 ], [ 10224718.590074313804507, 2687446.493513463065028 ], [ 10224705.668659677729011, 2687450.715011167805642 ], [ 10224703.594365280121565, 2687449.072130110580474 ], [ 10224698.708626391366124, 2687443.772530734539032 ], [ 10224693.639723310247064, 2687438.76309371041134 ], [ 10224689.881997812539339, 2687433.80412969738245 ], [ 10224690.952428536489606, 2687430.760380321182311 ], [ 10224693.828348154202104, 2687425.237754886504263 ], [ 10224697.726623395457864, 2687419.476647777482867 ], [ 10224701.940151058137417, 2687414.109995155129582 ], [ 10224698.472716856747866, 2687410.309547919780016 ], [ 10224693.665873361751437, 2687405.167905343696475 ], [ 10224689.424158422276378, 2687400.955356030259281 ], [ 10224688.806954007595778, 2687400.342520161531866 ], [ 10224683.948146430775523, 2687395.517025240231305 ], [ 10224679.483623081818223, 2687391.296742209233344 ], [ 10224678.430841138586402, 2687388.809348146431148 ], [ 10224680.336953734979033, 2687383.578106525354087 ], [ 10224682.059825424104929, 2687378.53162051923573 ], [ 10224683.782986622303724, 2687373.748323927633464 ], [ 10224684.641373910009861, 2687369.256213007494807 ], [ 10224684.634515803307295, 2687364.844584072940052 ], [ 10224684.418396815657616, 2687360.801916284486651 ], [ 10224683.391564838588238, 2687358.182805517688394 ], [ 10224675.263151185587049, 2687358.630264279432595 ], [ 10224671.113258250057697, 2687354.356846517883241 ], [ 10224667.068397371098399, 2687350.241246380843222 ], [ 10224658.93512337654829, 2687347.580738485790789 ], [ 10224649.886197466403246, 2687346.317556312773377 ], [ 10224639.289407934993505, 2687344.609055918175727 ], [ 10224640.801993140950799, 2687339.220435183960944 ], [ 10224642.864314490929246, 2687333.304182050283998 ], [ 10224644.927106099203229, 2687327.598633880261332 ], [ 10224646.806584039703012, 2687322.13043426303193 ], [ 10224648.686060700565577, 2687316.662236268632114 ], [ 10224650.408191245049238, 2687311.167852562852204 ], [ 10224652.261553211137652, 2687305.752379165496677 ], [ 10224654.036377739161253, 2687300.363368395715952 ], [ 10224656.282690582796931, 2687294.736592901404947 ], [ 10224658.660179808735847, 2687289.10950858797878 ], [ 10224659.282797835767269, 2687284.775805396027863 ], [ 10224659.11689624004066, 2687279.284499366767704 ], [ 10224658.95099476352334, 2687273.793195195961744 ], [ 10224658.549739152193069, 2687268.749977916013449 ], [ 10224658.594295958057046, 2687263.679826305247843 ], [ 10224658.821746446192265, 2687258.240518206264824 ], [ 10224655.565539686009288, 2687255.282651017419994 ], [ 10224649.133216634392738, 2687250.327895780093968 ], [ 10224643.172132030129433, 2687244.924781665671617 ], [ 10224637.343752281740308, 2687240.469680313020945 ], [ 10224635.500549243763089, 2687235.613085649441928 ], [ 10224634.180679282173514, 2687230.018287579063326 ], [ 10224632.861027728766203, 2687224.581490355543792 ], [ 10224628.008913280442357, 2687219.722826039884239 ], [ 10224623.020573273301125, 2687217.982053677085787 ], [ 10224609.248495174571872, 2687216.453800483606756 ], [ 10224603.452586298808455, 2687204.341417839750648 ], [ 10224596.626390052959323, 2687191.197394151240587 ], [ 10224594.959521286189556, 2687187.980828805360943 ], [ 10224581.892882669344544, 2687182.079817296471447 ], [ 10224567.716643897816539, 2687175.147203157190233 ], [ 10224555.20328039675951, 2687168.768290140666068 ], [ 10224555.019560856744647, 2687152.434522956609726 ], [ 10224566.327998094260693, 2687147.289906008634716 ], [ 10224572.449965089559555, 2687138.148201074451208 ], [ 10224572.802125576883554, 2687137.622332724742591 ], [ 10224581.309052271768451, 2687124.451428599189967 ], [ 10224585.32379082031548, 2687119.048445572145283 ], [ 10224594.36089520342648, 2687118.992776288185269 ], [ 10224602.441568778827786, 2687107.715189011301845 ], [ 10224607.312727866694331, 2687099.089418426156044 ], [ 10224623.506750540807843, 2687097.546855115331709 ], [ 10224623.863035272806883, 2687098.363989628851414 ], [ 10224627.570473151281476, 2687106.868653688114136 ], [ 10224625.723123485222459, 2687110.070327922701836 ], [ 10224621.288763454183936, 2687117.756145231891423 ], [ 10224648.669075662270188, 2687118.067908169236034 ], [ 10224676.048883881419897, 2687118.121480436995625 ], [ 10224682.622101619839668, 2687118.118866987526417 ], [ 10224703.428647518157959, 2687118.110469676088542 ], [ 10224730.807661918923259, 2687117.647441369015723 ], [ 10224758.316274492070079, 2687117.894389966968447 ], [ 10224759.89300225675106, 2687117.882653922308236 ], [ 10224785.824355103075504, 2687117.689320390112698 ], [ 10224813.331972815096378, 2687117.290595708414912 ], [ 10225084.252429377287626, 2687115.231385346967727 ], [ 10225087.495222426950932, 2687115.206688324920833 ], [ 10225092.028788182884455, 2687108.831660500261933 ], [ 10225092.385134384036064, 2687108.330564278643578 ], [ 10225093.641512306407094, 2687110.860801205504686 ], [ 10225095.829782299697399, 2687115.268042974174023 ], [ 10225097.777959505096078, 2687115.155639720149338 ], [ 10225109.859664460644126, 2687114.458469078876078 ], [ 10225123.965349797159433, 2687114.373296174686402 ], [ 10225138.021027877926826, 2687114.138257111888379 ], [ 10225149.265127770602703, 2687113.607880802359432 ], [ 10225149.004966296255589, 2687113.019686055835336 ], [ 10225140.60265296138823, 2687094.019140990450978 ], [ 10225134.491750299930573, 2687079.947859229985625 ], [ 10225133.975036606192589, 2687073.931940009817481 ], [ 10225138.203861881047487, 2687062.432733146473765 ], [ 10225130.641998236998916, 2687050.825187576469034 ], [ 10225128.908713700249791, 2687037.17084686877206 ], [ 10225127.175541153177619, 2687023.516626872587949 ], [ 10225125.63614041544497, 2687012.217770709190518 ], [ 10225125.613304534927011, 2687011.671152431517839 ], [ 10225125.108907395973802, 2686999.580144135281444 ], [ 10225123.566305780783296, 2686986.243892409838736 ], [ 10225122.532870439812541, 2686974.180349931586534 ], [ 10225121.181500790640712, 2686961.480458655860275 ], [ 10225120.908353798091412, 2686949.160871269181371 ], [ 10225119.306065641343594, 2686938.1168561168015 ], [ 10225115.799911515787244, 2686925.738820593804121 ], [ 10225112.293917465955019, 2686913.424561765044928 ], [ 10225110.826582117006183, 2686867.648885045200586 ], [ 10225113.545528909191489, 2686863.410614589229226 ], [ 10225113.716584453359246, 2686851.408742482308298 ], [ 10225113.927158195525408, 2686841.189174767117947 ], [ 10225113.952003369107842, 2686839.97975765215233 ], [ 10225111.716313557699323, 2686829.255223676096648 ], [ 10225158.406762870028615, 2686776.087318280246109 ], [ 10225165.28433358296752, 2686768.795269752386957 ], [ 10225172.881610197946429, 2686761.50203984696418 ], [ 10225180.135821424424648, 2686753.933938734699041 ], [ 10225185.184311414137483, 2686749.611264884471893 ], [ 10225187.793642161414027, 2686741.631734968628734 ], [ 10225190.044051572680473, 2686734.34711982216686 ], [ 10225190.786901216953993, 2686727.305967868771404 ], [ 10225191.63248809799552, 2686720.264524837955832 ], [ 10225193.129389839246869, 2686713.256574950646609 ], [ 10225193.424520304426551, 2686712.186118799261749 ], [ 10225164.011262802407146, 2686689.316386107821018 ], [ 10225158.718178175389767, 2686685.282627591863275 ], [ 10225121.427824687212706, 2686656.863933299668133 ], [ 10225115.133384648710489, 2686659.464326416607946 ], [ 10225107.10617658868432, 2686663.49974912405014 ], [ 10225101.075166923925281, 2686667.317221888806671 ], [ 10225096.660072224214673, 2686670.988787551876158 ], [ 10225092.903015565127134, 2686669.932553405873477 ], [ 10225083.554450858384371, 2686665.089388118125498 ], [ 10225074.324981899932027, 2686660.413220389280468 ], [ 10225065.737202178686857, 2686655.712042779196054 ], [ 10225057.362869255244732, 2686650.724084365181625 ], [ 10225049.67899920232594, 2686646.427312800195068 ], [ 10225042.7798679061234, 2686642.415829893667251 ], [ 10225041.327836273238063, 2686641.069329253397882 ], [ 10225041.201813949272037, 2686636.521793756633997 ], [ 10225041.075226811692119, 2686631.639975700993091 ], [ 10225040.829904166981578, 2686626.782239444088191 ], [ 10225041.179008234292269, 2686622.090615918394178 ], [ 10225043.579949796199799, 2686622.337490434292704 ], [ 10225047.286159196868539, 2686621.316848024260253 ], [ 10225049.425753148272634, 2686621.588014354929328 ], [ 10225058.936416020616889, 2686623.709355257451534 ], [ 10225068.399243203923106, 2686625.663747580256313 ], [ 10225077.576848413795233, 2686627.618450158741325 ], [ 10225086.37434908002615, 2686629.740948092192411 ], [ 10225094.624611720442772, 2686631.410784217528999 ], [ 10225101.543173678219318, 2686632.724616160616279 ], [ 10225104.823701184242964, 2686633.041624044068158 ], [ 10225104.274753496050835, 2686631.574282544665039 ], [ 10225103.816394189372659, 2686627.289838402997702 ], [ 10225103.714544950053096, 2686623.052579034119844 ], [ 10225103.375115880742669, 2686618.863372858613729 ], [ 10225103.321088278666139, 2686614.76928294962272 ], [ 10225102.887240780517459, 2686610.93842590553686 ], [ 10225102.857124013826251, 2686606.915866810828447 ], [ 10225102.684023687615991, 2686602.678664313163608 ], [ 10225102.510534709319472, 2686598.202830099500716 ], [ 10225102.336479684337974, 2686593.392714072018862 ], [ 10225102.138834532350302, 2686588.654272167477757 ], [ 10225101.608533537015319, 2686584.011832423508167 ], [ 10225100.983602758497, 2686579.584429243113846 ], [ 10225100.762630708515644, 2686575.132520899642259 ], [ 10225100.541727175936103, 2686570.776154466439039 ], [ 10225099.706038052216172, 2686568.402156130876392 ], [ 10225098.628940306603909, 2686563.617354668211192 ], [ 10225097.338437516242266, 2686559.16710126074031 ], [ 10225095.857731360942125, 2686554.741090894676745 ], [ 10225093.497961750254035, 2686550.507456223946065 ], [ 10225091.281125059351325, 2686546.416810654103756 ], [ 10225088.945902587845922, 2686542.684528530575335 ], [ 10225086.635031417012215, 2686539.334062777925283 ], [ 10225083.944714272394776, 2686536.461793466471136 ], [ 10225082.825081281363964, 2686534.804339237511158 ], [ 10225081.67763620428741, 2686530.664386052172631 ], [ 10225081.172030514106154, 2686526.570973261259496 ], [ 10225080.90304946154356, 2686521.856487162411213 ], [ 10225080.420383609831333, 2686517.237916390411556 ], [ 10225079.581135863438249, 2686512.619823698885739 ], [ 10225077.009668059647083, 2686509.723477351013571 ], [ 10225074.126755485311151, 2686505.34746669465676 ], [ 10225071.243776259943843, 2686500.875916418153793 ], [ 10225068.527194017544389, 2686496.45190731389448 ], [ 10225066.119585309177637, 2686492.027347219642252 ], [ 10225063.712086942046881, 2686487.602897456847131 ], [ 10225061.162115244194865, 2686483.369522182736546 ], [ 10225065.221538996323943, 2686480.271506629884243 ], [ 10225069.232489809393883, 2686476.576728172600269 ], [ 10225071.8434290997684, 2686474.340495862066746 ], [ 10225077.689625611528754, 2686473.913354580756277 ], [ 10225088.693591961637139, 2686473.525650445837528 ], [ 10225099.697448808699846, 2686473.137938810046762 ], [ 10225099.893028283491731, 2686476.515558489132673 ], [ 10225099.426072787493467, 2686481.828018846921623 ], [ 10225097.627061614766717, 2686486.426427159458399 ], [ 10225098.771100839599967, 2686488.394034872297198 ], [ 10225101.03679277934134, 2686493.320168621372432 ], [ 10225103.42145555652678, 2686498.245998261030763 ], [ 10225105.615899238735437, 2686503.172185915522277 ], [ 10225107.881441455334425, 2686507.883467006031424 ], [ 10225110.028615742921829, 2686512.976777309551835 ], [ 10225112.151177681982517, 2686517.473417405970395 ], [ 10225114.202592382207513, 2686522.113420661073178 ], [ 10225116.420369766652584, 2686526.753085272852331 ], [ 10225118.613814501091838, 2686531.034710777923465 ], [ 10225120.852696, 2686533.955509178340435 ], [ 10225126.373771782964468, 2686538.327304247766733 ], [ 10225131.965981798246503, 2686542.531850957777351 ], [ 10225143.208969343453646, 2686542.979256426915526 ], [ 10225154.428562294691801, 2686543.617642571683973 ], [ 10225165.576813187450171, 2686544.28006749227643 ], [ 10225167.92849019728601, 2686543.452674398664385 ], [ 10225177.597370402887464, 2686540.512689240742475 ], [ 10225186.125110179185867, 2686537.383545621763915 ], [ 10225194.271647213026881, 2686533.658205430954695 ], [ 10225203.185119833797216, 2686533.942263711709529 ], [ 10225214.76128594763577, 2686534.72332869283855 ], [ 10225224.721532752737403, 2686535.626308203674853 ], [ 10225233.692744389176369, 2686538.010884050745517 ], [ 10225242.314111974090338, 2686542.324929524678737 ], [ 10225245.259691523388028, 2686541.098054685629904 ], [ 10225251.968965800479054, 2686535.837419698014855 ], [ 10225259.500415369868279, 2686530.368883666582406 ], [ 10225363.06364375539124, 2686501.232373287901282 ], [ 10225373.619312647730112, 2686500.853787933010608 ], [ 10225384.687680419534445, 2686499.579344057012349 ], [ 10225395.857606388628483, 2686497.444078011903912 ], [ 10225409.15384110622108, 2686496.200284744147211 ], [ 10225422.449308736249804, 2686494.509019478224218 ], [ 10225435.74411709792912, 2686492.370282263029367 ], [ 10225441.740854294970632, 2686491.620446466840804 ], [ 10225442.057835577055812, 2686490.890328056644648 ], [ 10225599.879642926156521, 2686453.895574730355293 ], [ 10225634.751739120110869, 2686469.201958226971328 ], [ 10225636.713430868461728, 2686460.042647204827517 ], [ 10225637.737880576401949, 2686454.988875884562731 ], [ 10225638.790845159441233, 2686449.460890500806272 ], [ 10225639.78478042408824, 2686443.814512741751969 ], [ 10225640.129834435880184, 2686438.317416728939861 ], [ 10225639.058565774932504, 2686432.644778392277658 ], [ 10225637.987253468483686, 2686426.912867848295718 ], [ 10225636.915941938757896, 2686421.18095919676125 ], [ 10225635.815700022503734, 2686415.804719167761505 ], [ 10225638.259237984195352, 2686412.733871044125408 ], [ 10225639.961870042607188, 2686407.530812612734735 ], [ 10225643.050263226032257, 2686401.851417156867683 ], [ 10225646.138191996142268, 2686395.846070950385183 ], [ 10225649.786535242572427, 2686389.839753529056907 ], [ 10225653.198437059298158, 2686383.507883744314313 ], [ 10225656.580702967941761, 2686377.176038168836385 ], [ 10225656.990054201334715, 2686374.908634742721915 ], [ 10225669.881419965997338, 2686374.517017962411046 ], [ 10225683.893043203279376, 2686373.649580153170973 ], [ 10225698.199999243021011, 2686373.04825459420681 ], [ 10225702.595153007656336, 2686372.700220149941742 ], [ 10225703.165602389723063, 2686378.788461379241198 ], [ 10225703.706770794466138, 2686385.054549230262637 ], [ 10225704.454567711800337, 2686391.409228764008731 ], [ 10225704.936928680166602, 2686397.70505801634863 ], [ 10225705.596109036356211, 2686404.000535852275789 ], [ 10225706.166781326755881, 2686410.237028553150594 ], [ 10225706.583639679476619, 2686412.592007660772651 ], [ 10225704.17356145940721, 2686418.122114442288876 ], [ 10225701.790010722354054, 2686421.84483401523903 ], [ 10225700.087771199643612, 2686427.255308054853231 ], [ 10225697.972934857010841, 2686432.933105622418225 ], [ 10225695.650918647646904, 2686438.22616372583434 ], [ 10225690.700789069756866, 2686441.92333922535181 ], [ 10225688.080660119652748, 2686445.29081594850868 ], [ 10225686.966683004051447, 2686449.633693223819137 ], [ 10225685.824413917958736, 2686454.746939410921186 ], [ 10225684.770739668980241, 2686459.88970212219283 ], [ 10225684.100510897114873, 2686464.97257174924016 ], [ 10225683.195009673014283, 2686470.559508400969207 ], [ 10225682.171320989727974, 2686476.028207239694893 ], [ 10225681.560998724773526, 2686481.673978369683027 ], [ 10225681.03955883719027, 2686487.586254236288369 ], [ 10225679.839578006416559, 2686493.470013527199626 ], [ 10225678.846643993631005, 2686499.709044879302382 ], [ 10225677.853818161413074, 2686505.948078501969576 ], [ 10225677.184840308502316, 2686511.831002316437662 ], [ 10225676.39789505302906, 2686517.743709924630821 ], [ 10225675.581776289269328, 2686523.834374916274101 ], [ 10225674.468847190961242, 2686528.858654719777405 ], [ 10225672.943427735939622, 2686534.15036839293316 ], [ 10225671.181919714435935, 2686539.442482152488083 ], [ 10225669.420410577207804, 2686544.734597440809011 ], [ 10225667.422966003417969, 2686550.086387159302831 ], [ 10225665.72089952789247, 2686555.615449307020754 ], [ 10225664.432069692760706, 2686561.292002557776868 ], [ 10225663.526732105761766, 2686566.967937811743468 ], [ 10225662.79843264259398, 2686572.643521438352764 ], [ 10225662.276894081383944, 2686578.437280366197228 ], [ 10225661.577635826542974, 2686583.905439105816185 ], [ 10225661.144210271537304, 2686589.521420382428914 ], [ 10225660.208397962152958, 2686594.515783282462507 ], [ 10225659.331592261791229, 2686599.599069834686816 ], [ 10225657.864507975056767, 2686604.535111912991852 ], [ 10225656.131962945684791, 2686609.530850752722472 ], [ 10225654.547260407358408, 2686614.674501554574817 ], [ 10225654.614588895812631, 2686619.756201266311109 ], [ 10225655.537811951711774, 2686625.132860630284995 ], [ 10225656.608748152852058, 2686630.6277402988635 ], [ 10225657.975417219102383, 2686636.477718182839453 ], [ 10225659.253557533025742, 2686642.387149753514677 ], [ 10225660.590419225394726, 2686648.148296566680074 ], [ 10225661.219561142846942, 2686654.058772672433406 ], [ 10225661.936706405133009, 2686659.643226295243949 ], [ 10225663.331212289631367, 2686664.544902066700161 ], [ 10225664.696545699611306, 2686669.624535998795182 ], [ 10225666.119984298944473, 2686674.170651704072952 ], [ 10225667.544017566367984, 2686679.072309021372348 ], [ 10225668.907131323590875, 2686682.788840673863888 ], [ 10225675.343847375363111, 2686686.082209394313395 ], [ 10225685.736904384568334, 2686691.265426728874445 ], [ 10225691.392497781664133, 2686685.907627326902002 ], [ 10225713.842520661652088, 2686776.099380487576127 ], [ 10225711.017538722604513, 2686780.504461495671421 ], [ 10225707.632677469402552, 2686785.354809812735766 ], [ 10225703.893885400146246, 2686790.265032686293125 ], [ 10225700.420883286744356, 2686795.263693076558411 ], [ 10225696.800011053681374, 2686800.084859412163496 ], [ 10225695.976023403927684, 2686801.37519510416314 ], [ 10225698.816455313935876, 2686806.482013755477965 ], [ 10225702.12896316498518, 2686811.588035617955029 ], [ 10225704.110893942415714, 2686814.829480142798275 ], [ 10225716.940296338871121, 2686822.96828650822863 ], [ 10225725.394248437136412, 2686828.116185504943132 ], [ 10225731.935112612321973, 2686830.586634398438036 ], [ 10225738.880146497860551, 2686832.292982019949704 ], [ 10225797.009394275024533, 2686929.499585088808089 ], [ 10225797.441704984754324, 2686931.220667521934956 ], [ 10225787.713974304497242, 2686943.63161295466125 ], [ 10225775.091818630695343, 2686961.724109952803701 ], [ 10225762.261848794296384, 2686979.50428890902549 ], [ 10225750.157674478366971, 2686997.283374084159732 ], [ 10225735.979127185419202, 2687014.857628173194826 ], [ 10225733.148301588371396, 2687020.227967242710292 ], [ 10225734.731422355398536, 2687022.780461122747511 ], [ 10225736.895339570939541, 2687028.050458000972867 ], [ 10225739.885335052385926, 2687032.765410195104778 ], [ 10225742.123168455436826, 2687037.229807842988521 ], [ 10225739.149456901475787, 2687042.533537514973432 ], [ 10225735.549432035535574, 2687048.039681133814156 ], [ 10225732.650483898818493, 2687053.091458544135094 ], [ 10225730.026993157342076, 2687058.042223804164678 ], [ 10225727.378532163798809, 2687062.96780850039795 ], [ 10225727.537402043119073, 2687068.190811342559755 ], [ 10225728.773510910570621, 2687073.185529402922839 ], [ 10225731.863281764090061, 2687077.573029437102377 ], [ 10225737.210006464272738, 2687082.737180340569466 ], [ 10225742.981805577874184, 2687087.397210145834833 ], [ 10225758.679545201361179, 2687095.359163573943079 ], [ 10225766.697996703907847, 2687095.37592437909916 ], [ 10225795.700071332976222, 2687092.601652801968157 ], [ 10225818.210193354636431, 2687090.526549450587481 ], [ 10225843.16484584286809, 2687087.60979772452265 ], [ 10225869.342888625338674, 2687084.970257121603936 ], [ 10225895.576250160112977, 2687082.162991360761225 ], [ 10225922.255396338179708, 2687080.024910029489547 ], [ 10225948.432396514341235, 2687076.771000912878662 ], [ 10225976.777821524068713, 2687073.792678002733737 ], [ 10226005.122412024065852, 2687070.311715667136014 ], [ 10226033.467228651046753, 2687066.998233540449291 ], [ 10226061.423602001741529, 2687064.076165392994881 ], [ 10226089.379725929349661, 2687060.986628567799926 ], [ 10226110.502389326691628, 2687060.309203284326941 ], [ 10226148.027924031019211, 2687054.27767772693187 ], [ 10226150.080884002149105, 2687052.196559893898666 ], [ 10226151.065342159941792, 2687051.198491870425642 ], [ 10226152.761227231472731, 2687049.479450515005738 ], [ 10226170.169271096587181, 2687033.696413190104067 ], [ 10226182.490550870075822, 2687019.217535845469683 ], [ 10226195.088001376017928, 2687003.910547592211515 ], [ 10226200.047150906175375, 2686995.9444246487692 ], [ 10226206.178610380738974, 2686985.218675277195871 ], [ 10226208.062060402706265, 2686981.651296589989215 ], [ 10226209.060735672712326, 2686979.75969276856631 ], [ 10226212.242352562025189, 2686973.733460795599967 ], [ 10226212.643965287134051, 2686972.375707313418388 ], [ 10226213.182926062494516, 2686970.553716030437499 ], [ 10226214.314091118052602, 2686966.729452931322157 ], [ 10226216.874542767181993, 2686954.548646735493094 ], [ 10226218.817029476165771, 2686941.952750390861183 ], [ 10226221.374388579279184, 2686931.808494681026787 ], [ 10226224.315687427297235, 2686922.918924754019827 ], [ 10226224.745670514181256, 2686921.61944253416732 ], [ 10226227.310241740196943, 2686913.868362391833216 ], [ 10226224.415733780711889, 2686906.593639831524342 ], [ 10226223.909099722281098, 2686905.320432259235531 ], [ 10226223.469165517017245, 2686904.214919260237366 ], [ 10226214.898467838764191, 2686884.946882161311805 ], [ 10226206.469457374885678, 2686869.470536842476577 ], [ 10226207.506537325680256, 2686865.157484601717442 ], [ 10226211.509599816054106, 2686853.151465379167348 ], [ 10226211.222130602225661, 2686851.129088148009032 ], [ 10226211.033588469028473, 2686849.802601644769311 ], [ 10226210.916865462437272, 2686849.475637064315379 ], [ 10226208.843712035566568, 2686843.689740337431431 ], [ 10226204.995558239519596, 2686836.64501598989591 ], [ 10226204.937514210119843, 2686836.538891797885299 ], [ 10226204.793696250766516, 2686835.28183626383543 ], [ 10226204.530524952337146, 2686832.983114406466484 ], [ 10226205.364531956613064, 2686826.598654366098344 ], [ 10226207.242555309087038, 2686811.137850958388299 ], [ 10226207.414420334622264, 2686809.955490512307733 ], [ 10226207.642093017697334, 2686808.389602665323764 ], [ 10226209.518627980723977, 2686795.480512463953346 ], [ 10226209.746191481128335, 2686793.914845190476626 ], [ 10226209.810992861166596, 2686793.468967550899833 ], [ 10226211.272703591734171, 2686780.768832689151168 ], [ 10226212.809004135429859, 2686764.134011360816658 ], [ 10226216.134404975920916, 2686745.637900013942271 ], [ 10226216.293880943208933, 2686743.802868237253278 ], [ 10226216.377127330750227, 2686742.844097954686731 ], [ 10226216.459726046770811, 2686741.892997891642153 ], [ 10226216.52904455922544, 2686741.095301073975861 ], [ 10226216.978965034708381, 2686735.915422803256661 ], [ 10226216.053354555740952, 2686733.434265698771924 ], [ 10226215.464885776862502, 2686731.856980796437711 ], [ 10226214.774008128792048, 2686730.004985542036593 ], [ 10226214.14503463730216, 2686728.319153096526861 ], [ 10226203.372476818040013, 2686699.443256626371294 ], [ 10226201.736351121217012, 2686692.843539039138705 ], [ 10226201.626401660963893, 2686692.399884525686502 ], [ 10226201.078185206279159, 2686690.188623222056776 ], [ 10226201.019932007417083, 2686689.953979404177517 ], [ 10226200.101975601166487, 2686686.251053890679032 ], [ 10226199.849531292915344, 2686685.957617708481848 ], [ 10226198.588400574401021, 2686684.492079416755587 ], [ 10226198.128875808790326, 2686683.958091381471604 ], [ 10226196.73732496611774, 2686682.340907902922481 ], [ 10226184.643461616709828, 2686668.28674252005294 ], [ 10226156.958567259833217, 2686638.764721640851349 ], [ 10226128.622764954343438, 2686613.372187561355531 ], [ 10226127.095103548839688, 2686611.832684529945254 ], [ 10226126.04304426908493, 2686610.772483464330435 ], [ 10226118.883942043408751, 2686603.557773486245424 ], [ 10226115.850258382037282, 2686597.202969323843718 ], [ 10226115.201726946979761, 2686595.84443329507485 ], [ 10226114.705316158011556, 2686594.804502689745277 ], [ 10226106.226411683484912, 2686550.733050084672868 ], [ 10226102.071811862289906, 2686525.7817273712717 ], [ 10226098.059546744450927, 2686513.627256775740534 ], [ 10226097.818317884579301, 2686510.938511073123664 ], [ 10226097.677427239716053, 2686509.368341649882495 ], [ 10226097.187278416007757, 2686503.907041242346168 ], [ 10226097.404112765565515, 2686493.0183459026739 ], [ 10226097.435147847980261, 2686491.45834205346182 ], [ 10226097.622729497030377, 2686482.040361414663494 ], [ 10226103.012781301513314, 2686434.750369900371879 ], [ 10226105.722286310046911, 2686401.305687136016786 ], [ 10226108.904813848435879, 2686374.98880457598716 ], [ 10226115.139610292389989, 2686355.884649897925556 ], [ 10226120.929926566779613, 2686344.233592894393951 ], [ 10226121.648603053763509, 2686342.787445733323693 ], [ 10226123.143388841301203, 2686339.779626521747559 ], [ 10226125.409701243042946, 2686333.384922111406922 ], [ 10226125.935407059267163, 2686329.247611968778074 ], [ 10226126.13724360242486, 2686327.65944088390097 ], [ 10226130.955424163490534, 2686289.740066796075553 ], [ 10226138.603285798802972, 2686241.725069099105895 ], [ 10226148.640863107517362, 2686212.907956606708467 ], [ 10226154.143628703430295, 2686195.854579021688551 ], [ 10226154.603025294840336, 2686194.430999123491347 ], [ 10226157.548073450103402, 2686185.304200016427785 ], [ 10226158.244795769453049, 2686177.803335085045546 ], [ 10226158.383622296154499, 2686176.309670927468687 ], [ 10226159.759563406929374, 2686161.496851907577366 ], [ 10226160.608507240191102, 2686132.423307434655726 ], [ 10226162.655709678307176, 2686110.721508121583611 ], [ 10226163.522959511727095, 2686069.256939546670765 ], [ 10226163.504192158579826, 2686064.480723958462477 ], [ 10226163.497527629137039, 2686062.783838776405901 ], [ 10226164.610933320596814, 2686063.343585417140275 ], [ 10226165.793821085244417, 2686063.733237392269075 ], [ 10226167.020800298079848, 2686063.944159440230578 ], [ 10226168.265285257250071, 2686063.971990053076297 ], [ 10226169.500366168096662, 2686063.815874055027962 ], [ 10226170.699245693162084, 2686063.479448138736188 ], [ 10226170.313989909365773, 2686055.499067026656121 ], [ 10226169.24598541483283, 2686055.320668984204531 ], [ 10226172.967331849038601, 2686048.701194129418582 ], [ 10226173.704072369262576, 2686047.390693757683039 ], [ 10226175.332690546289086, 2686044.493694638833404 ], [ 10226188.825066402554512, 2686019.517473508603871 ], [ 10226196.771709809079766, 2686005.046020646579564 ], [ 10226197.489710573107004, 2686003.738605255261064 ], [ 10226201.504419988021255, 2685996.42736213747412 ], [ 10226201.50949770398438, 2685996.373015760909766 ], [ 10226201.523292003199458, 2685996.320086762774736 ], [ 10226201.545586347579956, 2685996.270328321494162 ], [ 10226201.575618909671903, 2685996.224727065768093 ], [ 10226201.612737249583006, 2685996.18481736863032 ], [ 10226201.655852701514959, 2685996.151586160995066 ], [ 10226201.681309064850211, 2685996.105221597012132 ], [ 10226204.530527034774423, 2685988.359290157444775 ], [ 10226205.045710308477283, 2685986.958800124470145 ], [ 10226209.95369809307158, 2685973.615737835876644 ], [ 10226209.780723599717021, 2685968.095096277073026 ], [ 10226212.140857884660363, 2685964.337583162821829 ], [ 10226222.831260863691568, 2685961.623598449863493 ], [ 10226225.605250580236316, 2685963.811627972405404 ], [ 10226240.550742644816637, 2685980.075474545359612 ], [ 10226252.248879853636026, 2685990.102291565388441 ], [ 10226257.687471810728312, 2685986.834573844447732 ], [ 10226254.43354158103466, 2685982.522649080492556 ], [ 10226230.034924805164337, 2685946.270258093718439 ], [ 10226221.783529797568917, 2685932.730169070884585 ], [ 10226214.475142424926162, 2685934.721102380659431 ], [ 10226215.211937570944428, 2685926.411322315689176 ], [ 10226220.78554892539978, 2685913.498351230286062 ], [ 10226220.562196319922805, 2685901.122785363346338 ], [ 10226219.384696172550321, 2685880.798939629923552 ], [ 10226214.34706631116569, 2685857.860788777004927 ], [ 10226210.924684243276715, 2685844.995111468713731 ], [ 10226209.665673270821571, 2685838.927026700694114 ], [ 10226215.057672712951899, 2685826.317204555962235 ], [ 10226221.915458055213094, 2685802.304874839726835 ], [ 10226226.905974481254816, 2685775.256847186479717 ], [ 10226225.954493040218949, 2685765.428020527586341 ], [ 10226224.602643160149455, 2685750.731897037476301 ], [ 10226225.334104275330901, 2685741.889426868408918 ], [ 10226229.73572114482522, 2685721.020563119091094 ], [ 10226233.994842333719134, 2685715.552360384259373 ], [ 10226239.505982106551528, 2685713.635512246750295 ], [ 10226251.05965268611908, 2685715.036458319053054 ], [ 10226256.994676405563951, 2685709.93164025247097 ], [ 10226261.91298458725214, 2685704.043297155760229 ], [ 10226258.208539299666882, 2685676.637515231501311 ], [ 10226253.950835887342691, 2685652.050182040315121 ], [ 10226251.270736513659358, 2685648.393159484956414 ], [ 10226247.344264147803187, 2685649.466673905029893 ], [ 10226235.456189272925258, 2685660.674908056855202 ], [ 10226215.890446919947863, 2685665.59189652884379 ], [ 10226208.457971354946494, 2685651.310984380077571 ], [ 10226211.56822806224227, 2685646.583572996780276 ], [ 10226229.166971420869231, 2685621.770213142503053 ], [ 10226229.755144070833921, 2685620.940825071651489 ], [ 10226233.935696272179484, 2685614.645331797655672 ], [ 10226246.660466441884637, 2685595.764192329254001 ], [ 10226248.615993561223149, 2685585.021745722740889 ], [ 10226249.724272413179278, 2685561.243200923316181 ], [ 10226247.508175117895007, 2685531.840981421526521 ], [ 10226243.636099120602012, 2685514.638526788912714 ], [ 10226238.119854025542736, 2685501.520069232676178 ], [ 10226232.681416166946292, 2685493.828174236696213 ], [ 10226226.768137017264962, 2685482.696326272096485 ], [ 10226217.117381183430552, 2685467.837013185955584 ], [ 10226215.88789695687592, 2685466.598015892785043 ], [ 10226211.199788145720959, 2685461.873558633029461 ], [ 10226209.053672527894378, 2685460.476758605334908 ], [ 10226202.248232146725059, 2685456.047265315894037 ], [ 10226178.077644677832723, 2685441.204496613238007 ], [ 10226176.80745443329215, 2685440.424576167482883 ], [ 10226170.790455428883433, 2685436.729690804611892 ], [ 10226170.09573907405138, 2685435.741813216824085 ], [ 10226170.044010976329446, 2685435.764970736578107 ], [ 10226169.989116342738271, 2685435.778818370774388 ], [ 10226169.932689025998116, 2685435.783026189543307 ], [ 10226169.876254083588719, 2685435.777483379933983 ], [ 10226169.821772599592805, 2685435.762407551053911 ], [ 10226169.77044316008687, 2685435.738126377575099 ], [ 10226169.724118422716856, 2685435.705514899455011 ], [ 10226169.68399721942842, 2685435.665229506324977 ], [ 10226169.651388045400381, 2685435.618802948389202 ], [ 10226169.627054329961538, 2685435.567330220714211 ], [ 10226169.611868934705853, 2685435.512563507538289 ], [ 10226169.606159716844559, 2685435.455817280802876 ], [ 10226169.610146110877395, 2685435.399063399527222 ], [ 10226169.623720344156027, 2685435.343835742212832 ], [ 10226169.646556848660111, 2685435.291668348014355 ], [ 10226169.67778542637825, 2685435.244314867071807 ], [ 10226169.71675331518054, 2685435.202871362213045 ], [ 10226168.024241678416729, 2685432.796357151120901 ], [ 10226165.624250620603561, 2685428.124208334833384 ], [ 10226164.94179667532444, 2685426.795598004478961 ], [ 10226156.671948226168752, 2685410.696443644352257 ], [ 10226148.327600318938494, 2685396.409653810318559 ], [ 10226136.255540128797293, 2685380.240883333608508 ], [ 10226131.402687342837453, 2685373.181788243819028 ], [ 10226130.221212051808834, 2685371.463222753722221 ], [ 10226129.811682039871812, 2685370.867555602453649 ], [ 10226128.072352044284344, 2685368.337503271177411 ], [ 10226124.218815114349127, 2685365.629334041848779 ], [ 10226122.456852486357093, 2685364.390428075566888 ], [ 10226112.003129728138447, 2685357.042570735327899 ], [ 10226079.475722528994083, 2685338.650433125905693 ], [ 10226038.829212281852961, 2685321.267267137765884 ], [ 10226019.919458134099841, 2685314.255419756751508 ], [ 10226006.229558043181896, 2685306.458670516964048 ], [ 10225995.42585682310164, 2685301.166096495464444 ], [ 10225973.790112355723977, 2685290.246806466486305 ], [ 10225961.629075629636645, 2685284.690692510455847 ], [ 10225941.850781133398414, 2685267.252640245947987 ], [ 10225940.351211570203304, 2685265.930474182125181 ], [ 10225938.234307300299406, 2685264.064073530491441 ], [ 10225932.167803071439266, 2685260.718770007137209 ], [ 10225930.279322946444154, 2685259.677369165234268 ], [ 10225928.357602899894118, 2685258.617698052898049 ], [ 10225907.568635607138276, 2685245.289316930808127 ], [ 10225873.128396455198526, 2685221.459127771202475 ], [ 10225843.078367833048105, 2685199.807212706189603 ], [ 10225820.946589566767216, 2685186.657828423194587 ], [ 10225819.667736807838082, 2685185.897946931887418 ], [ 10225815.797393430024385, 2685183.598388867918402 ], [ 10225806.609873140230775, 2685175.508732933085412 ], [ 10225805.484557611867785, 2685174.517899118363857 ], [ 10225796.254751652479172, 2685166.391025247983634 ], [ 10225788.900982175022364, 2685158.570015004370362 ], [ 10225784.888316906988621, 2685153.603433022275567 ], [ 10225783.821580808609724, 2685152.283120705746114 ], [ 10225775.720040170475841, 2685142.255470521748066 ], [ 10225774.6452960614115, 2685141.147483073174953 ], [ 10225773.501868037506938, 2685139.968884942121804 ], [ 10225755.145989192649722, 2685121.047053218819201 ], [ 10225754.093924548476934, 2685119.962493289727718 ], [ 10225748.466853095218539, 2685114.161789243575186 ], [ 10225744.526574041694403, 2685105.915839086752385 ], [ 10225743.876062199473381, 2685104.55434586154297 ], [ 10225740.341675376519561, 2685097.15790865663439 ], [ 10225732.612225515767932, 2685081.665818106848747 ], [ 10225725.933869300410151, 2685071.735918148886412 ], [ 10225719.071820631623268, 2685058.293612468522042 ], [ 10225715.521586725488305, 2685049.788617429323494 ], [ 10225714.922223906964064, 2685048.352810535114259 ], [ 10225712.924094051122665, 2685043.566240717191249 ], [ 10225710.400430476292968, 2685033.685777315869927 ], [ 10225710.105409337207675, 2685031.922938115429133 ], [ 10225709.848579118028283, 2685030.388381979428232 ], [ 10225706.769683169201016, 2685011.990478856954724 ], [ 10225704.751334385946393, 2685000.740984447766095 ], [ 10225701.575276603922248, 2684981.761234879028052 ], [ 10225701.320088993757963, 2684980.235884636174887 ], [ 10225700.849984247237444, 2684977.426721233874559 ], [ 10225699.957655157893896, 2684971.739230618812144 ], [ 10225699.920149438083172, 2684971.697190314996988 ], [ 10225699.890047188848257, 2684971.649557107128203 ], [ 10225699.868002902716398, 2684971.597535603214055 ], [ 10225699.854780327528715, 2684971.542658960446715 ], [ 10225699.850598368793726, 2684971.486351235769689 ], [ 10225699.855567134916782, 2684971.430146082770079 ], [ 10225699.869687700644135, 2684971.375467753503472 ], [ 10225699.892525473609567, 2684971.323850302491337 ], [ 10225698.558849176391959, 2684962.823015856090933 ], [ 10225698.319238616153598, 2684961.295793068129569 ], [ 10225698.193030009046197, 2684960.491541960276663 ], [ 10225696.17093769647181, 2684943.525550287216902 ], [ 10225694.314913025125861, 2684932.267213894054294 ], [ 10225688.666257726028562, 2684911.263003723695874 ], [ 10225686.319188186898828, 2684898.158861175645143 ], [ 10225686.008725674822927, 2684896.425736973062158 ], [ 10225681.955486355349422, 2684891.843334927223623 ], [ 10225679.718769943341613, 2684889.314562001731247 ], [ 10225664.229123383760452, 2684876.290419553872198 ], [ 10225647.693671442568302, 2684861.019902215339243 ], [ 10225636.570567196235061, 2684849.491246692836285 ], [ 10225625.45233903452754, 2684834.702278867829591 ], [ 10225614.374534942209721, 2684819.752352298703045 ], [ 10225607.421691982075572, 2684810.640364649239928 ], [ 10225606.484694987535477, 2684809.412433001212776 ], [ 10225602.936036754399538, 2684804.761731112841517 ], [ 10225600.777533994987607, 2684801.176151698920876 ], [ 10225599.162123819813132, 2684794.008542696479708 ], [ 10225598.821991803124547, 2684792.499595855828375 ], [ 10225596.657585369423032, 2684782.896164183039218 ], [ 10225594.392674278467894, 2684770.133306341711432 ], [ 10225592.24790321290493, 2684757.491423459723592 ], [ 10225589.462929746136069, 2684744.124026626814157 ], [ 10225586.799713455140591, 2684729.831047393381596 ], [ 10225583.735701343044639, 2684715.497300138231367 ], [ 10225579.865052429959178, 2684700.092181999236345 ], [ 10225578.656929211691022, 2684695.283868462312967 ], [ 10225575.11079304292798, 2684681.834819703362882 ], [ 10225568.940061409026384, 2684655.441642560996115 ], [ 10225562.424042955040932, 2684633.020026027690619 ], [ 10225561.94356932118535, 2684630.430249157361686 ], [ 10225561.658325871452689, 2684628.892901354003698 ], [ 10225560.42493256367743, 2684622.244900616817176 ], [ 10225553.642868829891086, 2684613.377500345930457 ], [ 10225552.704472115263343, 2684612.150676932185888 ], [ 10225548.356619741767645, 2684606.466012046672404 ], [ 10225541.869953140616417, 2684596.952037754934281 ], [ 10225529.7556685898453, 2684579.505707941483706 ], [ 10225517.337275551632047, 2684562.363620996940881 ], [ 10225505.02189507894218, 2684544.104040540289134 ], [ 10225501.602813243865967, 2684530.430972114671022 ], [ 10225497.731823956593871, 2684514.470713124610484 ], [ 10225496.487577389925718, 2684510.185014522634447 ], [ 10225496.05641058459878, 2684508.699932420160621 ], [ 10225494.662108635529876, 2684503.897594645153731 ], [ 10225499.140095831826329, 2684493.251132675912231 ], [ 10225499.757096266373992, 2684491.784110487438738 ], [ 10225500.44988963380456, 2684490.137039257213473 ], [ 10225508.41476515866816, 2684475.160380837973207 ], [ 10225515.975938022136688, 2684459.471844609826803 ], [ 10225520.946039754897356, 2684449.095955876167864 ], [ 10225521.667908970266581, 2684447.588762599509209 ], [ 10225523.58803503215313, 2684443.580174626316875 ], [ 10225524.683399375528097, 2684438.500909447669983 ], [ 10225525.425976645201445, 2684433.63115220842883 ], [ 10225525.685499401763082, 2684431.929525865707546 ], [ 10225527.084904693067074, 2684422.753609339240938 ], [ 10225529.841827493160963, 2684406.092296639923006 ], [ 10225533.30948300845921, 2684387.755441618617624 ], [ 10225535.911502646282315, 2684376.68539800029248 ], [ 10225536.291782539337873, 2684375.067602310795337 ], [ 10225536.771638685837388, 2684373.026101051829755 ], [ 10225537.35922315530479, 2684369.216268335934728 ], [ 10225535.920607499778271, 2684361.214594459161162 ], [ 10225535.613458203151822, 2684359.506499243434519 ], [ 10225534.901260724291205, 2684355.544822978787124 ], [ 10225531.789529776200652, 2684339.281048349104822 ], [ 10225528.577608918771148, 2684322.458331102039665 ], [ 10225525.662506749853492, 2684310.00557036139071 ], [ 10225525.71766578219831, 2684308.590035304427147 ], [ 10225525.780092917382717, 2684306.986726481933147 ], [ 10225525.925685530528426, 2684303.248338961508125 ], [ 10225522.012365596368909, 2684298.618741338606924 ], [ 10225520.382932916283607, 2684295.636703567579389 ], [ 10225519.449101949110627, 2684293.927879672963172 ], [ 10225513.537424519658089, 2684283.10901740193367 ], [ 10225505.369162742048502, 2684265.567367726005614 ], [ 10225496.693362375721335, 2684249.14274993725121 ], [ 10225495.071699842810631, 2684245.754503489471972 ], [ 10225494.338875206187367, 2684244.223222109954804 ], [ 10225493.894729353487492, 2684243.29534214688465 ], [ 10225490.212822243571281, 2684237.070760729722679 ], [ 10225486.823162717744708, 2684231.116768275387585 ], [ 10225486.631630832329392, 2684230.780485450290143 ], [ 10225485.833944683894515, 2684229.772570690140128 ], [ 10225479.925226425752044, 2684222.307039018254727 ], [ 10225472.796740645542741, 2684210.762040053959936 ], [ 10225464.563713019713759, 2684200.55787511728704 ], [ 10225464.315777041018009, 2684200.25055574439466 ], [ 10225463.207416292279959, 2684199.382000890094787 ], [ 10225458.563179926946759, 2684195.742409749887884 ], [ 10225452.354288294911385, 2684193.027154488954693 ], [ 10225450.648096553981304, 2684192.280972918495536 ], [ 10225444.387339679524302, 2684189.542967597953975 ], [ 10225434.580892492085695, 2684185.635534649249166 ], [ 10225429.834913019090891, 2684178.721923157107085 ], [ 10225428.955006528645754, 2684177.440087925177068 ], [ 10225427.734544157981873, 2684175.66224925685674 ], [ 10225421.771509839221835, 2684169.225425370037556 ], [ 10225417.175590094178915, 2684165.495086441282183 ], [ 10225415.959196619689465, 2684164.507859454024583 ], [ 10225411.545193517580628, 2684160.925166187807918 ], [ 10225401.10765534453094, 2684151.267642193473876 ], [ 10225390.846148896962404, 2684140.998485503252596 ], [ 10225390.493826383724809, 2684140.645780744962394 ], [ 10225389.682830918580294, 2684139.893782377708703 ], [ 10225381.121273405849934, 2684131.954013719689101 ], [ 10225379.068430442363024, 2684126.091724118217826 ], [ 10225378.507026324048638, 2684124.488567248918116 ], [ 10225376.76736194640398, 2684119.520731290336698 ], [ 10225373.906093385070562, 2684107.482369765639305 ], [ 10225368.874715872108936, 2684096.333512942772359 ], [ 10225368.291181104257703, 2684095.000959629192948 ], [ 10225367.668366042897105, 2684093.578934389632195 ], [ 10225363.773046223446727, 2684084.684516401495785 ], [ 10225359.844795126467943, 2684077.822685750667006 ], [ 10225359.073237176984549, 2684076.475045435130596 ], [ 10225357.53252100944519, 2684073.78370699333027 ], [ 10225350.084286622703075, 2684062.274049617815763 ], [ 10225343.803678834810853, 2684054.336994701530784 ], [ 10225327.067449197173119, 2684048.669166966341436 ], [ 10225316.797895053401589, 2684045.290496463887393 ], [ 10225315.33472309820354, 2684044.809124806430191 ], [ 10225308.092301050201058, 2684042.426420827861875 ], [ 10225307.529812823981047, 2684041.564801271539181 ], [ 10225307.30276739411056, 2684041.217043805867434 ], [ 10225302.605481648817658, 2684034.023086128756404 ], [ 10225301.761205030605197, 2684032.729945513885468 ], [ 10225299.411691673099995, 2684029.13159880368039 ], [ 10225292.583364326506853, 2684021.713980781845748 ], [ 10225289.183004414662719, 2683999.827066411729902 ], [ 10225288.144327664747834, 2683993.038826613686979 ], [ 10225287.893141044303775, 2683991.397328926250339 ], [ 10225287.538852682337165, 2683989.081531478092074 ], [ 10225285.357346339151263, 2683979.975012032315135 ], [ 10225282.751769542694092, 2683978.051626815460622 ], [ 10225281.510614084079862, 2683977.135405900888145 ], [ 10225270.850066823884845, 2683969.266104131471366 ], [ 10225255.442448748275638, 2683958.329662531614304 ], [ 10225232.148046961054206, 2683951.169279302470386 ], [ 10225227.79300457239151, 2683949.449283265508711 ], [ 10225226.145848905667663, 2683948.798789949156344 ], [ 10225212.36747357621789, 2683943.357230929192156 ], [ 10225210.719665644690394, 2683942.706846309360117 ], [ 10225209.869447404518723, 2683942.370718405116349 ], [ 10225184.6731839440763, 2683927.348025626968592 ], [ 10225166.585391687229276, 2683916.991865042597055 ], [ 10225159.026135087013245, 2683912.663806612603366 ], [ 10225134.398367730900645, 2683899.174964936450124 ], [ 10225133.040578609332442, 2683898.431358142755926 ], [ 10225128.344194227829576, 2683895.823161102831364 ], [ 10225122.508522627875209, 2683886.677363539580256 ], [ 10225121.646798349916935, 2683885.326725465711206 ], [ 10225116.101864963769913, 2683876.636436098255217 ], [ 10225103.241315918043256, 2683856.883485720958561 ], [ 10225100.084296230226755, 2683851.33481345558539 ], [ 10225099.320617459714413, 2683849.992431722115725 ], [ 10225095.129875838756561, 2683842.626908905804157 ], [ 10225094.801479, 2683842.049615945201367 ], [ 10225092.293950775638223, 2683837.642392367590219 ], [ 10225090.635893391445279, 2683834.66917898086831 ], [ 10225089.883867001160979, 2683833.320436036679894 ], [ 10225081.122634058818221, 2683817.609344620723277 ], [ 10225071.197331197559834, 2683801.330338080879301 ], [ 10225070.105026761069894, 2683799.538836614228785 ], [ 10225068.769527766853571, 2683797.348323495127261 ], [ 10225063.750191414728761, 2683789.976074109785259 ], [ 10225062.542328074574471, 2683788.201965001877397 ], [ 10225058.210509514436126, 2683781.839568076189607 ], [ 10225046.880331246182323, 2683773.566795482300222 ], [ 10225042.092719873413444, 2683769.893321238923818 ], [ 10225040.856799781322479, 2683768.944992391392589 ], [ 10225034.623034698888659, 2683764.161868375726044 ], [ 10225034.5643115863204, 2683762.767825646325946 ], [ 10225034.530728634446859, 2683762.721292654983699 ], [ 10225034.505420636385679, 2683762.669714604504406 ], [ 10225034.48882439173758, 2683762.614624788984656 ], [ 10225034.481703417375684, 2683762.557446793653071 ], [ 10225034.484059005975723, 2683762.500042900908738 ], [ 10225034.495892133563757, 2683762.4437276404351 ], [ 10225034.516877161338925, 2683762.390144465956837 ], [ 10225034.546470623463392, 2683762.34093695692718 ], [ 10225034.184493323788047, 2683753.748724661301821 ], [ 10225034.119344739243388, 2683752.203185149468482 ], [ 10225033.808663671836257, 2683744.82350680232048 ], [ 10225032.721705466508865, 2683740.887969666160643 ], [ 10225032.302451752126217, 2683739.369853369425982 ], [ 10225029.778194667771459, 2683730.229724929202348 ], [ 10225026.522956175729632, 2683723.891982680652291 ], [ 10225025.748893870040774, 2683723.095920876134187 ], [ 10225024.557550989091396, 2683721.870738869067281 ], [ 10225018.373558977618814, 2683715.511221200693399 ], [ 10225016.697753271088004, 2683707.140492288861424 ], [ 10225009.241360377520323, 2683705.658759675454348 ], [ 10225009.67984944395721, 2683698.673695887438953 ], [ 10225009.77743518166244, 2683697.119390591513366 ], [ 10225009.90507229603827, 2683695.08667759783566 ], [ 10225014.661386860534549, 2683695.376846537459642 ], [ 10225010.402416788041592, 2683682.931239130906761 ], [ 10225008.547584436833858, 2683680.148357729427516 ], [ 10225007.668256741017103, 2683678.82907320279628 ], [ 10225004.947292283177376, 2683674.746616569813341 ], [ 10224995.606867237016559, 2683662.758292756043375 ], [ 10224994.647760322317481, 2683661.52735977107659 ], [ 10224994.562937509268522, 2683661.418313219677657 ], [ 10224986.977635933086276, 2683654.452381273265928 ], [ 10224981.888174146413803, 2683651.769094011280686 ], [ 10224980.489133529365063, 2683651.031320861075073 ], [ 10224978.360007481649518, 2683649.908798733260483 ], [ 10224966.576769262552261, 2683645.717911784071475 ], [ 10224957.06128454208374, 2683642.900849522091448 ], [ 10224955.581742275506258, 2683642.462738728616387 ], [ 10224953.487503847107291, 2683641.842783180996776 ], [ 10224947.671925760805607, 2683639.444823440164328 ], [ 10224947.093680430203676, 2683639.206427191849798 ], [ 10224939.847146283835173, 2683636.218379352707416 ], [ 10224939.310983493924141, 2683635.877089782617986 ], [ 10224937.994115395471454, 2683635.038801930844784 ], [ 10224925.579011615365744, 2683627.135848700534552 ], [ 10224910.01075804233551, 2683614.673560166265815 ], [ 10224899.076009381562471, 2683605.385111477226019 ], [ 10224897.791319506242871, 2683604.293859282042831 ], [ 10224894.404063757508993, 2683601.416543339844793 ], [ 10224885.572874797508121, 2683594.997555643320084 ], [ 10224884.190757848322392, 2683593.993022334296256 ], [ 10224880.651876505464315, 2683591.420786268077791 ], [ 10224872.047225803136826, 2683578.572110440116376 ], [ 10224865.579053487628698, 2683565.687091249972582 ], [ 10224862.104564748704433, 2683559.392804572824389 ], [ 10224861.270871117711067, 2683557.882552743889391 ], [ 10224860.320914309471846, 2683556.161728641018271 ], [ 10224859.716475635766983, 2683555.066599023062736 ], [ 10224857.807183217257261, 2683551.607869007624686 ], [ 10224853.439296843484044, 2683545.020419364329427 ], [ 10224852.713078964501619, 2683543.925157336518168 ], [ 10224852.241909712553024, 2683543.214545450173318 ], [ 10224849.137618171051145, 2683542.604277339298278 ], [ 10224847.555241253226995, 2683542.293303784448653 ], [ 10224846.984159016981721, 2683542.322079802397639 ], [ 10224840.690600229427218, 2683542.640047091990709 ], [ 10224837.282514881342649, 2683536.108990863431245 ], [ 10224835.636909672990441, 2683534.788497230503708 ], [ 10224830.332549683749676, 2683530.631300179287791 ], [ 10224824.91170097142458, 2683526.55995805002749 ], [ 10224819.202088901773095, 2683522.485861116088927 ], [ 10224814.304922640323639, 2683518.042463221587241 ], [ 10224810.450241761282086, 2683516.33672445314005 ], [ 10224805.120656808838248, 2683520.825892695691437 ], [ 10224801.138375418260694, 2683526.401670253369957 ], [ 10224797.127423301339149, 2683531.948330052662641 ], [ 10224793.347305528819561, 2683537.526048487052321 ], [ 10224789.597979286685586, 2683542.901088488753885 ], [ 10224788.842719499021769, 2683544.050963275134563 ], [ 10224785.933428421616554, 2683548.480042139999568 ], [ 10224784.947478896006942, 2683549.811704636085778 ], [ 10224782.040776798501611, 2683553.737533710431308 ], [ 10224778.28992535546422, 2683558.02611189102754 ], [ 10224777.951540974900126, 2683558.412933470215648 ], [ 10224775.623584691435099, 2683560.174736262764782 ], [ 10224770.550912957638502, 2683561.96793496562168 ], [ 10224765.182039996609092, 2683561.52410556608811 ], [ 10224760.734652858227491, 2683558.361820108257234 ], [ 10224758.630797771736979, 2683554.844936202745885 ], [ 10224755.702990502119064, 2683549.869384884368628 ], [ 10224752.572007015347481, 2683545.007903561927378 ], [ 10224749.352390393614769, 2683540.348595202900469 ], [ 10224747.199752690270543, 2683538.891407172661275 ], [ 10224744.276179846376181, 2683538.759483327623457 ], [ 10224740.240758202970028, 2683538.577180601190776 ], [ 10224731.687667118385434, 2683538.798754767980427 ], [ 10224729.605582671239972, 2683539.025217075832188 ], [ 10224727.286476500332355, 2683542.876241461839527 ], [ 10224725.022558223456144, 2683546.988930213730782 ], [ 10224722.759252237156034, 2683551.043670049402863 ], [ 10224722.041542483493686, 2683553.575533118564636 ], [ 10224723.121740804985166, 2683558.417096526827663 ], [ 10224724.029645159840584, 2683563.141021112445742 ], [ 10224724.037078864872456, 2683565.384166248608381 ], [ 10224724.04440139234066, 2683567.624025399796665 ], [ 10224723.886665157973766, 2683572.01842023152858 ], [ 10224722.113283108919859, 2683576.193980150856078 ], [ 10224719.560176042839885, 2683580.332840984221548 ], [ 10224715.972636414691806, 2683583.910459802951664 ], [ 10224711.920876877382398, 2683587.686679543927312 ], [ 10224707.691339300945401, 2683591.925413000397384 ], [ 10224703.830060491338372, 2683596.92216037819162 ], [ 10224699.967463271692395, 2683602.063837480731308 ], [ 10224696.247065734118223, 2683607.439185418188572 ], [ 10224695.250842619687319, 2683608.894749969244003 ], [ 10224683.773392640054226, 2683609.813294504769146 ], [ 10224672.318097464740276, 2683611.428413240704685 ], [ 10224664.39624684676528, 2683612.668940399307758 ], [ 10224660.890042748302221, 2683613.217900947201997 ], [ 10224653.883445486426353, 2683614.84721951559186 ], [ 10224644.538406645879149, 2683610.302548930514604 ], [ 10224635.102805994451046, 2683606.163144498132169 ], [ 10224624.884852074086666, 2683602.277217727620155 ], [ 10224616.116967502981424, 2683597.796108078677207 ], [ 10224610.398695107549429, 2683595.510795675218105 ], [ 10224607.224565489217639, 2683594.242380053736269 ], [ 10224600.198981687426567, 2683591.83823673101142 ], [ 10224590.110199896618724, 2683591.729643488768488 ], [ 10224587.931862208992243, 2683591.706172788515687 ], [ 10224586.36297544464469, 2683591.68929156055674 ], [ 10224585.374098468571901, 2683592.74993284419179 ], [ 10224584.360621802508831, 2683593.836881961207837 ], [ 10224583.239712841808796, 2683595.039146709255874 ], [ 10224581.378466363996267, 2683599.329889625310898 ], [ 10224579.3730876930058, 2683603.590279429219663 ], [ 10224577.246956508606672, 2683608.400670235045254 ], [ 10224575.306833278387785, 2683611.878206863999367 ], [ 10224574.872728375717998, 2683612.152917240280658 ], [ 10224571.354049447923899, 2683614.37867514975369 ], [ 10224565.791103033348918, 2683616.08002558350563 ], [ 10224558.872518543154001, 2683617.565080502070487 ], [ 10224551.350977946072817, 2683618.667139559518546 ], [ 10224543.905075445771217, 2683617.912789428606629 ], [ 10224535.864757487550378, 2683615.876070133876055 ], [ 10224527.608263870701194, 2683612.299290036782622 ], [ 10224520.12085597589612, 2683610.089321159757674 ], [ 10224517.900476656854153, 2683609.433903618250042 ], [ 10224514.510776253417134, 2683613.448652262799442 ], [ 10224513.510037085041404, 2683618.386104197707027 ], [ 10224512.742265198379755, 2683623.122710725292563 ], [ 10224512.576327690854669, 2683628.358432126697153 ], [ 10224513.097000028938055, 2683634.29718411155045 ], [ 10224513.301247350871563, 2683640.08783099334687 ], [ 10224513.275577876716852, 2683645.760219154879451 ], [ 10224513.337120357900858, 2683651.375366697553545 ], [ 10224513.714781558141112, 2683657.167653312440962 ], [ 10224513.918728984892368, 2683658.503530276473612 ], [ 10224514.040834933519363, 2683659.303457310423255 ], [ 10224504.611042944714427, 2683668.059439870994538 ], [ 10224501.573720715939999, 2683670.005080490838736 ], [ 10224494.115961655974388, 2683673.48695060890168 ], [ 10224486.793473241850734, 2683668.903758842498064 ], [ 10224478.747784376144409, 2683664.429619482252747 ], [ 10224475.828050829470158, 2683661.630208988208324 ], [ 10224473.960265042260289, 2683657.59331022342667 ], [ 10224472.52904649078846, 2683653.212469529826194 ], [ 10224471.87724843993783, 2683648.897371896542609 ], [ 10224472.378918219357729, 2683644.796524279285222 ], [ 10224473.660205258056521, 2683640.732280381489545 ], [ 10224474.770426588132977, 2683636.43416551547125 ], [ 10224475.995912818238139, 2683632.166316885966808 ], [ 10224477.04982802644372, 2683627.722656929399818 ], [ 10224478.275312930345535, 2683623.454700870905071 ], [ 10224480.738621436059475, 2683619.63415791420266 ], [ 10224483.433886086568236, 2683615.728668686002493 ], [ 10224484.665273806080222, 2683610.851530446670949 ], [ 10224484.951640715822577, 2683608.11237626709044 ], [ 10224483.639354949817061, 2683603.384538975078613 ], [ 10224481.20053924806416, 2683598.645752637181431 ], [ 10224478.008121885359287, 2683594.160751138348132 ], [ 10224471.234422363340855, 2683592.600642439909279 ], [ 10224461.535673335194588, 2683591.79532321030274 ], [ 10224452.480357440188527, 2683590.183855037670583 ], [ 10224441.363459190353751, 2683589.654997416306287 ], [ 10224430.683741545304656, 2683588.724132552277297 ], [ 10224419.449032420292497, 2683588.426151354797184 ], [ 10224412.323488378897309, 2683590.402371510397643 ], [ 10224404.75511334463954, 2683590.372243304736912 ], [ 10224396.665442336350679, 2683587.464498142711818 ], [ 10224387.592671213671565, 2683584.663236950524151 ], [ 10224377.706019267439842, 2683582.376288876868784 ], [ 10224367.445522889494896, 2683579.911577593535185 ], [ 10224360.916321635246277, 2683576.961022570729256 ], [ 10224356.108916144818068, 2683572.199070525821298 ], [ 10224351.245408456772566, 2683567.262651313561946 ], [ 10224345.918712645769119, 2683562.437733246013522 ], [ 10224340.419222258031368, 2683557.553010494913906 ], [ 10224334.77611081302166, 2683552.579981646500528 ], [ 10224328.987136851996183, 2683547.750444826669991 ], [ 10224323.864557517692447, 2683542.724482308607548 ], [ 10224320.276208350434899, 2683537.365126631688327 ], [ 10224316.77263349853456, 2683532.209796448703855 ], [ 10224313.704615188762546, 2683526.826539878733456 ], [ 10224310.781542392447591, 2683521.386661836411804 ], [ 10224309.53489245660603, 2683515.84706577192992 ], [ 10224307.855546133592725, 2683510.245213002432138 ], [ 10224306.523421909660101, 2683504.588684551883489 ], [ 10224305.046553874388337, 2683498.959751073271036 ], [ 10224303.483288520947099, 2683493.301081463228911 ], [ 10224301.892586953938007, 2683487.496957207564265 ], [ 10224300.444587789475918, 2683481.868338383734226 ], [ 10224298.9977106153965, 2683476.123713205102831 ], [ 10224297.608982088044286, 2683470.350569303613156 ], [ 10224296.393954349681735, 2683464.521223796065897 ], [ 10224295.583788938820362, 2683458.666631839238107 ], [ 10224294.570226222276688, 2683452.926214211154729 ], [ 10224293.787191765382886, 2683447.246111821383238 ], [ 10224292.830548020079732, 2683441.593295057304204 ], [ 10224291.642256593331695, 2683435.996284341905266 ], [ 10224290.741718258708715, 2683430.518046726472676 ], [ 10224290.64547616802156, 2683425.511952218133956 ], [ 10224290.755379909649491, 2683420.101722692605108 ], [ 10224290.722166569903493, 2683414.544911921955645 ], [ 10224290.51718875952065, 2683408.841429810039699 ], [ 10224290.165731174871325, 2683403.339608777780086 ], [ 10224289.815087325870991, 2683397.750701741781086 ], [ 10224290.040254484862089, 2683392.37052844511345 ], [ 10224290.118743218481541, 2683387.221154546830803 ], [ 10224289.99444967508316, 2683382.127676347270608 ], [ 10224290.421476241201162, 2683376.778592403046787 ], [ 10224290.300853265449405, 2683371.307956425473094 ], [ 10224289.890237243846059, 2683365.950675734784454 ], [ 10224290.059300234541297, 2683360.395938289817423 ], [ 10224289.504357501864433, 2683355.037224614992738 ], [ 10224288.458267541602254, 2683349.673694322817028 ], [ 10224287.933203203603625, 2683344.199176639784127 ], [ 10224287.000948909670115, 2683339.010842683259398 ], [ 10224290.150904456153512, 2683317.956365568097681 ], [ 10224291.900339409708977, 2683304.341710423119366 ], [ 10224291.042003598064184, 2683294.174168336205184 ], [ 10224287.936235290020704, 2683280.586020509246737 ], [ 10224284.390532977879047, 2683266.845914396457374 ], [ 10224282.094586912542582, 2683253.191846907604486 ], [ 10224280.627087038010359, 2683250.303970496170223 ], [ 10224278.494244309142232, 2683247.040481070522219 ], [ 10224276.594672778621316, 2683243.707385287154466 ], [ 10224274.658150946721435, 2683240.499741149134934 ], [ 10224272.109017204493284, 2683237.753135603386909 ], [ 10224269.237695338204503, 2683235.021425030659884 ], [ 10224266.313498012721539, 2683232.217342180199921 ], [ 10224263.479444185271859, 2683229.342324748635292 ], [ 10224260.699285443872213, 2683226.431779341772199 ], [ 10224257.847672834992409, 2683223.520624631084502 ], [ 10224254.744321463629603, 2683220.750729465857148 ], [ 10224251.515707209706306, 2683217.979603539220989 ], [ 10224248.268309485167265, 2683215.298095817677677 ], [ 10224244.623706651851535, 2683213.007920620497316 ], [ 10224240.235326882451773, 2683211.806437945924699 ], [ 10224235.363876771181822, 2683210.618203325197101 ], [ 10224230.902760801836848, 2683213.242539165075868 ], [ 10224226.464815059676766, 2683215.32812846172601 ], [ 10224225.56358902528882, 2683214.19660866772756 ], [ 10224218.234912415966392, 2683211.852584304753691 ], [ 10224211.359084064140916, 2683208.920121005736291 ], [ 10224204.436319116503, 2683207.154971260111779 ], [ 10224196.935163410380483, 2683207.863344802521169 ], [ 10224194.559318207204342, 2683208.865604854654521 ], [ 10224195.486653346568346, 2683207.81249654199928 ], [ 10224188.94250875338912, 2683201.871747407130897 ], [ 10224187.669705895707011, 2683200.716284887865186 ], [ 10224180.952585963532329, 2683208.362225253600627 ], [ 10224178.98121759109199, 2683210.606195346917957 ], [ 10224175.622162565588951, 2683213.189142153598368 ], [ 10224175.14254735969007, 2683213.332502339966595 ], [ 10224169.911287574097514, 2683214.896107046864927 ], [ 10224165.716056350618601, 2683210.078805474098772 ], [ 10224163.484452396631241, 2683207.98309715744108 ], [ 10224163.479079004377127, 2683198.974328756798059 ], [ 10224164.656561663374305, 2683191.861396107356995 ], [ 10224167.990776469931006, 2683181.981527549680322 ], [ 10224168.327674655243754, 2683172.030592165421695 ], [ 10224168.355605928227305, 2683161.163000170141459 ], [ 10224167.986772451549768, 2683149.204311192501336 ], [ 10224167.655590832233429, 2683136.195755290333182 ], [ 10224166.164650108665228, 2683133.558208003174514 ], [ 10224160.85155613720417, 2683130.89778644265607 ], [ 10224154.930344250053167, 2683128.240724880248308 ], [ 10224148.277536313980818, 2683126.812221635133028 ], [ 10224142.106103403493762, 2683134.083657706622034 ], [ 10224135.113404100760818, 2683142.059336946345866 ], [ 10224127.949211668223143, 2683150.473299023229629 ], [ 10224125.312859596684575, 2683152.871168674901128 ], [ 10224121.974753206595778, 2683154.004619653802365 ], [ 10224118.790686320513487, 2683151.507413453422487 ], [ 10224118.338454261422157, 2683148.208194986451417 ], [ 10224119.271513450890779, 2683144.070392529014498 ], [ 10224122.547558166086674, 2683139.482356456108391 ], [ 10224126.253551505506039, 2683134.104895807802677 ], [ 10224130.349729247391224, 2683128.594084177166224 ], [ 10224134.484790148213506, 2683122.252153068780899 ], [ 10224137.15281574241817, 2683117.667480617295951 ], [ 10224136.507397437468171, 2683110.783202285412699 ], [ 10224134.245226118713617, 2683102.071088419761509 ], [ 10224127.895203214138746, 2683100.422199361491948 ], [ 10224120.251910584047437, 2683100.573496729601175 ], [ 10224112.222620736807585, 2683101.601379853207618 ], [ 10224104.420574158430099, 2683104.508626929484308 ], [ 10224095.264921108260751, 2683106.067537770606577 ], [ 10224085.754627840593457, 2683106.316447761841118 ], [ 10224076.245319537818432, 2683106.74018017668277 ], [ 10224068.029179466888309, 2683105.363940883427858 ], [ 10224063.936455138027668, 2683103.484049622900784 ], [ 10224067.947449889034033, 2683098.279818207491189 ], [ 10224072.521622145548463, 2683092.810125554911792 ], [ 10224077.356089193373919, 2683087.295240265317261 ], [ 10224084.535147285088897, 2683081.636405357159674 ], [ 10224092.058324605226517, 2683075.363361417781562 ], [ 10224090.458932403475046, 2683068.746681279037148 ], [ 10224087.643771385774016, 2683062.1805374850519 ], [ 10224082.311905486509204, 2683056.065394327510148 ], [ 10224077.498639112338424, 2683049.466394080780447 ], [ 10224073.811349518597126, 2683042.248949487227947 ], [ 10224076.511588489636779, 2683035.608854666817933 ], [ 10224081.338973358273506, 2683028.782016132958233 ], [ 10224088.171909799799323, 2683023.387532080058008 ], [ 10224094.874678956344724, 2683017.993680507875979 ], [ 10224100.05260843411088, 2683011.733487910591066 ], [ 10224102.971392737701535, 2683005.35451235761866 ], [ 10224103.80525884591043, 2682998.943287080619484 ], [ 10224105.026460031047463, 2682991.873904876876622 ], [ 10224106.565410379320383, 2682987.339204043615609 ], [ 10224110.840355221182108, 2682982.745844168122858 ], [ 10224117.076650796458125, 2682979.453629189636558 ], [ 10224122.026119325309992, 2682979.142325486522168 ], [ 10224127.803248861804605, 2682979.263706770725548 ], [ 10224133.323945956304669, 2682980.173622105736285 ], [ 10224132.876687552779913, 2682985.795561569742858 ], [ 10224132.218428075313568, 2682992.555664600804448 ], [ 10224131.47732918523252, 2683000.059718848206103 ], [ 10224131.0881582275033, 2683008.392769924364984 ], [ 10224134.966385807842016, 2683010.754865838680416 ], [ 10224139.71140980347991, 2683012.762349508702755 ], [ 10224145.437913538888097, 2683011.572112115565687 ], [ 10224152.323816139250994, 2683007.926505107898265 ], [ 10224156.297984154894948, 2683003.946976227685809 ], [ 10224158.056962629780173, 2682999.935837002471089 ], [ 10224158.592503223568201, 2682994.575746032875031 ], [ 10224157.597508041188121, 2682987.299924418330193 ], [ 10224156.634930409491062, 2682977.968438926152885 ], [ 10224156.573593057692051, 2682966.664186404552311 ], [ 10224156.899711832404137, 2682954.723690625745803 ], [ 10224158.050064384937286, 2682950.606603487860411 ], [ 10224163.106487480923533, 2682945.987088575027883 ], [ 10224170.764418344944715, 2682940.544288855046034 ], [ 10224178.992095140740275, 2682936.060355848632753 ], [ 10224186.699808171018958, 2682931.798038113862276 ], [ 10224193.88657140918076, 2682927.582181462552398 ], [ 10224198.250397462397814, 2682923.381897028535604 ], [ 10224203.615256544202566, 2682919.569704392459244 ], [ 10224206.947852741926908, 2682917.430455170571804 ], [ 10224204.54146826826036, 2682914.185607516206801 ], [ 10224203.430305020883679, 2682909.490566246211529 ], [ 10224206.360681956633925, 2682905.254434471949935 ], [ 10224209.811646405607462, 2682900.927913680206984 ], [ 10224213.952814508229494, 2682895.723075868096203 ], [ 10224218.309551946818829, 2682890.21083400119096 ], [ 10224222.922988714650273, 2682883.997582373674959 ], [ 10224227.352764228358865, 2682875.948559645097703 ], [ 10224222.197351498529315, 2682870.313639380969107 ], [ 10224217.079836623743176, 2682863.672677067574114 ], [ 10224211.961832530796528, 2682856.94419353781268 ], [ 10224206.799988586455584, 2682850.128546486143023 ], [ 10224200.302680945023894, 2682845.331956760957837 ], [ 10224195.109529584646225, 2682840.746785454917699 ], [ 10224192.334619322791696, 2682833.61188392713666 ], [ 10224189.944435821846128, 2682825.337951730005443 ], [ 10224187.899109851568937, 2682816.581051563844085 ], [ 10224187.848523326218128, 2682807.244786239694804 ], [ 10224193.992223357781768, 2682802.903466519434005 ], [ 10224196.964114693924785, 2682806.320113425143063 ], [ 10224199.937131680548191, 2682809.955401198007166 ], [ 10224203.394074656069279, 2682814.724980289582163 ], [ 10224207.85317338258028, 2682820.101290178485215 ], [ 10224211.653604166582227, 2682824.125550780910999 ], [ 10224215.249817842617631, 2682822.55333408806473 ], [ 10224219.059243720024824, 2682820.236541245132685 ], [ 10224222.384742399677634, 2682816.785457164980471 ], [ 10224224.837506366893649, 2682812.595562355127186 ], [ 10224225.633174028247595, 2682807.146739234216511 ], [ 10224225.85810493119061, 2682800.563905539922416 ], [ 10224225.425271853804588, 2682792.847778038587421 ], [ 10224224.550217367708683, 2682783.647139713633806 ], [ 10224224.624422404915094, 2682773.304360411595553 ], [ 10224224.481438875198364, 2682762.962718617171049 ], [ 10224223.122709104791284, 2682752.671516945119947 ], [ 10224222.570029539987445, 2682746.880208666902035 ], [ 10224219.462526740506291, 2682742.458536281250417 ], [ 10224215.74593386054039, 2682737.865294334944338 ], [ 10224213.892814069986343, 2682732.518493222072721 ], [ 10224214.381385430693626, 2682726.502708068583161 ], [ 10224218.560894759371877, 2682720.379303316120058 ], [ 10224221.741707410663366, 2682714.261496135499328 ], [ 10224224.618302270770073, 2682708.145208347123116 ], [ 10224225.67077306471765, 2682701.995198311749846 ], [ 10224225.420226698741317, 2682695.852414467372 ], [ 10224225.039520474150777, 2682689.710267608519644 ], [ 10224223.920442810282111, 2682683.572231120895594 ], [ 10224223.234753718599677, 2682677.256892445962876 ], [ 10224222.98234379850328, 2682670.764251914806664 ], [ 10224222.739969719201326, 2682666.108245120383799 ], [ 10224227.804717753082514, 2682663.041169221512973 ], [ 10224233.433997761458158, 2682659.970976358745247 ], [ 10224239.975620791316032, 2682656.939496117644012 ], [ 10224246.517981734126806, 2682654.039240727201104 ], [ 10224253.061712196096778, 2682651.401327569968998 ], [ 10224258.873269934207201, 2682649.904529817868024 ], [ 10224265.118953438475728, 2682648.361432685051113 ], [ 10224271.881978254765272, 2682646.115952441003174 ], [ 10224278.948009859770536, 2682643.693799327127635 ], [ 10224285.312651397660375, 2682640.051087041851133 ], [ 10224292.024142513051629, 2682636.31897538760677 ], [ 10224294.130887577310205, 2682632.39355616690591 ], [ 10224296.798925217241049, 2682627.85270087653771 ], [ 10224300.115173012018204, 2682622.696132163051516 ], [ 10224304.081031739711761, 2682617.229899933096021 ], [ 10224308.217375587671995, 2682611.15046685282141 ], [ 10224311.959810087457299, 2682604.504767484497279 ], [ 10224315.699524749070406, 2682597.377979168202728 ], [ 10224319.126785228028893, 2682588.678652254398912 ], [ 10224322.639863070100546, 2682579.803900619037449 ], [ 10224323.675899256020784, 2682570.63671339629218 ], [ 10224324.881215084344149, 2682560.681399664375931 ], [ 10224325.955491438508034, 2682550.551795683801174 ], [ 10224325.813571600243449, 2682540.429042788222432 ], [ 10224326.32172585092485, 2682530.040228222031146 ], [ 10224329.128816852346063, 2682519.114119809586555 ], [ 10224329.287607505917549, 2682518.289190887007862 ], [ 10224330.776182154193521, 2682510.555693522561342 ], [ 10224331.947337370365858, 2682502.306160774081945 ], [ 10224330.257746715098619, 2682495.078029840253294 ], [ 10224325.747661601752043, 2682488.302770866081119 ], [ 10224322.186567654833198, 2682480.341567182913423 ], [ 10224319.358761576935649, 2682471.457894815132022 ], [ 10224316.853067975491285, 2682465.89606293849647 ], [ 10224312.136736787855625, 2682461.133483089506626 ], [ 10224306.769349351525307, 2682456.462038551457226 ], [ 10224301.23268405534327, 2682452.57850052556023 ], [ 10224295.997298013418913, 2682448.212465747259557 ], [ 10224290.631894711405039, 2682443.890770891681314 ], [ 10224285.697514971718192, 2682438.95450044516474 ], [ 10224282.406286843121052, 2682432.697202006354928 ], [ 10224279.979847064241767, 2682425.735547816380858 ], [ 10224277.852435082197189, 2682417.85402120416984 ], [ 10224276.0244354698807, 2682409.139814938418567 ], [ 10224274.49719144590199, 2682399.811894124373794 ], [ 10224273.358635865151882, 2682390.088179538957775 ], [ 10224272.696178806945682, 2682380.055804698728025 ], [ 10224270.774793475866318, 2682370.117715661413968 ], [ 10224267.590532870963216, 2682359.574412423186004 ], [ 10224263.537131225690246, 2682348.904745042789727 ], [ 10224258.788728347048163, 2682338.23883547866717 ], [ 10224257.418602222576737, 2682325.848862653132528 ], [ 10224256.395679740235209, 2682313.413318358361721 ], [ 10224257.552210368216038, 2682302.452654884196818 ], [ 10224262.020796442404389, 2682293.57283145096153 ], [ 10224266.531739618629217, 2682284.517944194376469 ], [ 10224270.825357826426625, 2682275.420377837494016 ], [ 10224274.72781902551651, 2682266.281344660092145 ], [ 10224278.803861394524574, 2682257.097617922816426 ], [ 10224282.96596572175622, 2682247.782175204716623 ], [ 10224287.23893678933382, 2682242.882825043518096 ], [ 10224293.819256646558642, 2682239.020325159654021 ], [ 10224301.006671680137515, 2682234.979638163000345 ], [ 10224308.715637799352407, 2682231.023488173261285 ], [ 10224317.512017289176583, 2682227.367497862782329 ], [ 10224326.312867803499103, 2682224.542330208234489 ], [ 10224334.418684512376785, 2682221.677208554930985 ], [ 10224342.133594067767262, 2682218.814209405798465 ], [ 10224345.330792235210538, 2682215.757423838600516 ], [ 10224348.829862758517265, 2682212.305448078550398 ], [ 10224352.588720645755529, 2682208.720867902971804 ], [ 10224356.692907987162471, 2682204.740739555563778 ], [ 10224360.88140020892024, 2682200.279144576750696 ], [ 10224365.187494615092874, 2682193.499366368167102 ], [ 10224371.531588111072779, 2682186.13975214632228 ], [ 10224377.825239671394229, 2682177.468593930825591 ], [ 10224384.203961307182908, 2682168.490899811498821 ], [ 10224389.410432402044535, 2682159.563294261228293 ], [ 10224391.751027366146445, 2682150.738956795074046 ], [ 10224395.216775923967361, 2682141.164967125281692 ], [ 10224397.770560747012496, 2682131.596092384774238 ], [ 10224397.241900678724051, 2682122.219030490610749 ], [ 10224395.236658953130245, 2682112.850095920730382 ], [ 10224392.496178742498159, 2682104.053767059464008 ], [ 10224391.808827852830291, 2682097.432510632555932 ], [ 10224394.246026381850243, 2682090.400571308098733 ], [ 10224399.319839965552092, 2682081.036489106714725 ], [ 10224402.591602955013514, 2682076.187895487528294 ], [ 10224414.437157303094864, 2682064.825901684351265 ], [ 10224421.926571363583207, 2682052.647880052216351 ], [ 10224427.471383634954691, 2682040.638885335065424 ], [ 10224430.400274099782109, 2682027.882133768871427 ], [ 10224430.593858849257231, 2682019.367225063964725 ], [ 10224429.532180119305849, 2682011.980723139364272 ], [ 10224425.762865148484707, 2682002.521485803183168 ], [ 10224426.567952239885926, 2681996.176925892475992 ], [ 10224429.890073239803314, 2681965.697306428104639 ], [ 10224440.704444099217653, 2681945.157009999267757 ], [ 10224449.811135562136769, 2681928.548849124927074 ], [ 10224441.352895805612206, 2681906.962431355845183 ], [ 10224436.843378821387887, 2681894.710105277132243 ], [ 10224439.504329884424806, 2681887.811944158282131 ], [ 10224442.817914316430688, 2681879.642203530762345 ], [ 10224444.100037587806582, 2681872.812131827697158 ], [ 10224444.04905828088522, 2681863.429417852312326 ], [ 10224445.113288197666407, 2681859.740372450090945 ], [ 10224450.889004955068231, 2681852.221236799377948 ], [ 10224457.031602879986167, 2681843.177257712930441 ], [ 10224461.803736466914415, 2681829.486392615828663 ], [ 10224464.483161045238376, 2681816.428425530903041 ], [ 10224465.79555987752974, 2681802.03520846599713 ], [ 10224466.55888276733458, 2681794.203294834122062 ], [ 10224463.519799042493105, 2681785.605389310512692 ], [ 10224455.823289163410664, 2681768.910054647829384 ], [ 10224451.074081089347601, 2681757.46821340220049 ], [ 10224457.695345755666494, 2681750.55699992692098 ], [ 10224465.828604009002447, 2681751.780842006672174 ], [ 10224489.225027406588197, 2681756.362481039948761 ], [ 10224493.176020763814449, 2681750.099761954043061 ], [ 10224496.373483324423432, 2681741.340215948410332 ], [ 10224497.841157808899879, 2681732.250742050819099 ], [ 10224497.810424510389566, 2681726.593844313174486 ], [ 10224496.553574116900563, 2681720.192857833579183 ], [ 10224496.990115001797676, 2681715.225479691289365 ], [ 10224497.761989278718829, 2681709.91667980607599 ], [ 10224498.847233956679702, 2681705.609012141823769 ], [ 10224501.350287782028317, 2681700.927306805737317 ], [ 10224504.40874046459794, 2681697.600465486291796 ], [ 10224513.963240016251802, 2681691.983339183498174 ], [ 10224525.616010213270783, 2681684.189566977322102 ], [ 10224534.426263283938169, 2681678.701315930578858 ], [ 10224535.158716224133968, 2681673.902096993289888 ], [ 10224534.030840856954455, 2681660.655506771057844 ], [ 10224532.332964800298214, 2681650.692322246730328 ], [ 10224528.833226997405291, 2681637.37081729574129 ], [ 10224525.736739618703723, 2681628.127245635725558 ], [ 10224521.646988665685058, 2681620.044412040151656 ], [ 10224512.881385341286659, 2681607.819997988175601 ], [ 10224513.356093093752861, 2681602.130922980140895 ], [ 10224513.249719671905041, 2681582.591317349579185 ], [ 10224512.305792987346649, 2681572.029947620816529 ], [ 10224509.052389986813068, 2681563.759594658855349 ], [ 10224509.685607044026256, 2681556.202477772720158 ], [ 10224509.649277381598949, 2681549.525469814427197 ], [ 10224508.49748795107007, 2681539.516958652064204 ], [ 10224507.449667995795608, 2681532.8177589494735 ], [ 10224504.905652459710836, 2681517.193782933522016 ], [ 10224503.581755392253399, 2681499.103660953696817 ], [ 10224504.902077678591013, 2681493.919201408978552 ], [ 10224511.414882963523269, 2681487.548358498606831 ], [ 10224516.941187022253871, 2681484.119425846729428 ], [ 10224530.348016943782568, 2681481.709522552322596 ], [ 10224539.576638793572783, 2681477.879347000736743 ], [ 10224543.429815281182528, 2681473.487247954122722 ], [ 10224550.124009821563959, 2681461.302049926482141 ], [ 10224553.820344924926758, 2681451.309317147359252 ], [ 10224556.640294453129172, 2681440.412032076623291 ], [ 10224557.82753773778677, 2681433.997650014236569 ], [ 10224559.616741171106696, 2681427.906628041062504 ], [ 10224563.235237890854478, 2681419.102482387330383 ], [ 10224567.711356855928898, 2681409.734105962328613 ], [ 10224572.641590716317296, 2681401.898845560848713 ], [ 10224571.244600692763925, 2681393.151949542108923 ], [ 10224571.02309262752533, 2681383.435343056451529 ], [ 10224569.657801618799567, 2681374.053926587570459 ], [ 10224567.63143821246922, 2681365.662904294207692 ], [ 10224560.924351528286934, 2681350.368584791198373 ], [ 10224554.401510568335652, 2681338.847017904277891 ], [ 10224552.676563484594226, 2681331.642560614272952 ], [ 10224552.654157899320126, 2681327.526443109847605 ], [ 10224553.555184369906783, 2681322.726224792655557 ], [ 10224553.510004620999098, 2681314.433097013272345 ], [ 10224552.630524057894945, 2681301.282905254047364 ], [ 10224550.783580329269171, 2681288.926493768580258 ], [ 10224547.617224419489503, 2681280.159844078589231 ], [ 10224545.675858797505498, 2681273.244609140325338 ], [ 10224544.784195875748992, 2681265.389220776967704 ], [ 10224544.738895678892732, 2681257.072135223075747 ], [ 10224542.838673828169703, 2681250.114712617360055 ], [ 10224538.326895290985703, 2681241.907168368343264 ], [ 10224533.726922795176506, 2681232.125204844865948 ], [ 10224533.725691122934222, 2681219.251583460718393 ], [ 10224529.802663993090391, 2681193.674753496889025 ], [ 10224526.475975731387734, 2681176.338721023872495 ], [ 10224525.041730614379048, 2681168.797879290767014 ], [ 10224524.277920246124268, 2681157.055934453383088 ], [ 10224510.016488699242473, 2681145.764549246523529 ], [ 10224478.79727329313755, 2681129.933083572424948 ], [ 10224458.542415747419, 2681119.874348317738622 ], [ 10224435.612376101315022, 2681092.602515837177634 ], [ 10224419.365819731727242, 2681074.460471143946052 ], [ 10224409.30598902516067, 2681062.250978456344455 ], [ 10224394.33499301970005, 2681048.741437636315823 ], [ 10224376.524302082136273, 2681033.106018760241568 ], [ 10224342.62977035343647, 2681029.714077754411846 ], [ 10224313.425946267321706, 2681026.90762008773163 ], [ 10224285.503839807584882, 2681024.189733001869172 ], [ 10224277.661397688090801, 2681025.060596255585551 ], [ 10224253.934867674484849, 2681030.465709646232426 ], [ 10224226.38625194132328, 2681028.132020818535239 ], [ 10224191.798280937597156, 2681025.984021870419383 ], [ 10224158.155179416760802, 2681022.779582476709038 ], [ 10224153.412305811420083, 2681022.497299522627145 ], [ 10224158.924452191218734, 2680963.756930436007679 ], [ 10224167.010202502831817, 2680890.44873851723969 ], [ 10224175.183276187628508, 2680816.390119418501854 ], [ 10224175.935975594446063, 2680799.538655390962958 ], [ 10224175.035677475854754, 2680761.98501702118665 ], [ 10224173.275572156533599, 2680720.474430368747562 ], [ 10224170.000667063519359, 2680623.05511775938794 ], [ 10224167.590878285467625, 2680545.257464979309589 ], [ 10224105.50510268099606, 2680529.130226766690612 ], [ 10223997.901721354573965, 2680503.653887686785311 ], [ 10223934.121122756972909, 2680488.50058216881007 ], [ 10223931.702920431271195, 2680478.410043238662183 ], [ 10223926.85537968762219, 2680465.299973936751485 ], [ 10223927.491990542039275, 2680442.306087849661708 ], [ 10223931.265369912609458, 2680418.236207669600844 ], [ 10223933.630420820787549, 2680399.667991956695914 ], [ 10223926.770299080759287, 2680384.810529801994562 ], [ 10223928.388571970164776, 2680370.630784883163869 ], [ 10223859.242672942578793, 2680391.998980120290071 ], [ 10223778.878144579008222, 2680418.397830650210381 ], [ 10223704.992905417457223, 2680442.347741450648755 ], [ 10223697.899885036051273, 2680415.636637201998383 ], [ 10223694.783972136676311, 2680401.722311082761735 ], [ 10223697.978947978466749, 2680351.936153664253652 ], [ 10223702.197495583444834, 2680276.291464345995337 ], [ 10223705.493233874440193, 2680204.940986130386591 ], [ 10223708.470623046159744, 2680140.360022240784019 ], [ 10223709.258399767801166, 2680125.570783154573292 ], [ 10223734.59536686912179, 2680107.408772808499634 ], [ 10223742.974264159798622, 2680100.452312536537647 ], [ 10223748.814559981226921, 2680086.325668083503842 ], [ 10223737.275544110685587, 2680073.964757656212896 ], [ 10223714.57183700427413, 2680049.717805250547826 ], [ 10223715.594307160004973, 2680015.895693725440651 ], [ 10223731.580079633742571, 2679986.185732014011592 ], [ 10223720.106953302398324, 2679956.548382648266852 ], [ 10223722.376943869516253, 2679898.062556381803006 ], [ 10223736.905880389735103, 2679882.820684982929379 ], [ 10223707.333843268454075, 2679859.007806550245732 ], [ 10223710.24645327962935, 2679796.641861391719431 ], [ 10223727.020492510870099, 2679771.477078322321177 ], [ 10223713.640692442655563, 2679738.753650426398963 ], [ 10223717.694052722305059, 2679670.248252602759749 ], [ 10223739.500779265537858, 2679655.109511057380587 ], [ 10223744.021178374066949, 2679633.070722333621234 ], [ 10223744.504914548248053, 2679625.469173189252615 ], [ 10223745.944171905517578, 2679613.252460480667651 ], [ 10223751.093867486342788, 2679602.58548429235816 ], [ 10223745.077512599527836, 2679575.532732601743191 ], [ 10223741.318014860153198, 2679557.985951574053615 ], [ 10223750.764154037460685, 2679539.607526001520455 ], [ 10223746.722488261759281, 2679525.324923458043486 ], [ 10223740.98842485435307, 2679504.303254484664649 ], [ 10223738.420668642967939, 2679495.458056101109833 ], [ 10223737.920311868190765, 2679490.154328751843423 ], [ 10223740.653501987457275, 2679456.672007150016725 ], [ 10223740.786793107166886, 2679387.001190759241581 ], [ 10223750.206747326999903, 2679380.618786908686161 ], [ 10223747.039969300851226, 2679353.655046564526856 ], [ 10223746.068714614957571, 2679348.833100706338882 ], [ 10223739.818785676732659, 2679334.602228996343911 ], [ 10223743.113606283441186, 2679262.172852298710495 ], [ 10223750.619479466229677, 2679239.867660836316645 ], [ 10223761.275087289512157, 2679208.942585411015898 ], [ 10223765.520270321518183, 2679195.027665997389704 ], [ 10223775.18079537525773, 2679185.073320027906448 ], [ 10223781.921334246173501, 2679178.727405560202897 ], [ 10223773.255549261346459, 2679160.520203761290759 ], [ 10223765.103559220209718, 2679143.691924303304404 ], [ 10223755.569280898198485, 2679123.978925974108279 ], [ 10223751.564905637875199, 2679116.520655362866819 ], [ 10223751.753990465775132, 2679113.741233633831143 ], [ 10223754.037678515538573, 2679080.172493629623204 ], [ 10223708.821729008108377, 2679060.181536392774433 ], [ 10223653.214302357286215, 2679037.492689224891365 ], [ 10223616.763305373489857, 2679021.678888244088739 ], [ 10223579.41814947873354, 2679006.255779320374131 ], [ 10223541.812763210386038, 2678990.062327476684004 ], [ 10223521.924801025539637, 2678982.518037909176201 ], [ 10223499.568628014996648, 2678968.427962025627494 ], [ 10223486.435905307531357, 2678960.808141958899796 ], [ 10223484.110751904547215, 2678959.548422471154481 ], [ 10223478.691588759422302, 2678949.843043481465429 ], [ 10223452.293180963024497, 2678937.703251011669636 ], [ 10223404.977458061650395, 2678915.649009784217924 ], [ 10223396.275117572396994, 2678912.135582825168967 ], [ 10223379.454967914149165, 2678918.324142081197351 ], [ 10223354.199480345472693, 2678932.141223045065999 ], [ 10223339.563042994588614, 2678939.338237118907273 ], [ 10223314.218657014891505, 2678936.598574889823794 ], [ 10223288.573850201442838, 2678934.062422989867628 ], [ 10223274.290622320026159, 2678932.171264621894807 ], [ 10223252.947780350223184, 2678925.876226851716638 ], [ 10223237.797111224383116, 2678912.177572247106582 ], [ 10223228.184320567175746, 2678900.266222872305661 ], [ 10223225.913891993463039, 2678889.223589145112783 ], [ 10223222.091538593173027, 2678884.817542544566095 ], [ 10223214.999084072187543, 2678878.440039005130529 ], [ 10223206.971309250220656, 2678868.735643518157303 ], [ 10223198.800353983417153, 2678858.677608002908528 ], [ 10223195.80956350453198, 2678853.766643493436277 ], [ 10223186.587489787489176, 2678853.81666296813637 ], [ 10223172.578939124941826, 2678857.171054653823376 ], [ 10223164.312850100919604, 2678859.232027357909828 ], [ 10223158.617846297100186, 2678860.134115037042648 ], [ 10223138.220291314646602, 2678835.907669404055923 ], [ 10223140.090805752202868, 2678824.927197462879121 ], [ 10223141.643985727801919, 2678812.823209624737501 ], [ 10223142.826202003285289, 2678801.158818989992142 ], [ 10223144.070958947762847, 2678789.556602415628731 ], [ 10223145.315459271892905, 2678777.891862323042005 ], [ 10223147.120000259950757, 2678766.224166259169579 ], [ 10223148.365115286782384, 2678754.684505670331419 ], [ 10223149.611210929229856, 2678743.332338077481836 ], [ 10223151.10587252676487, 2678731.916402344591916 ], [ 10223168.536119475960732, 2678593.747744564898312 ], [ 10223191.962790358811617, 2678397.849066863302141 ], [ 10223208.615721456706524, 2678254.201732443645597 ], [ 10223228.037435935810208, 2678174.114918659441173 ], [ 10223243.928798725828528, 2678074.659386789891869 ], [ 10223252.72927781008184, 2678019.810851355548948 ], [ 10223256.915592668578029, 2677994.8552450183779 ], [ 10223272.600493101403117, 2677891.798672492150217 ], [ 10223272.426513474434614, 2677804.819020456168801 ], [ 10223275.246748277917504, 2677730.207123612519354 ], [ 10223277.482958687469363, 2677655.893666601739824 ], [ 10223278.840132212266326, 2677581.43773961160332 ], [ 10223279.90057367272675, 2677506.246791650075465 ], [ 10223281.829717135056853, 2677429.282357126940042 ], [ 10223284.594428049400449, 2677344.353168930392712 ], [ 10223297.572335101664066, 2677334.995234032161534 ], [ 10223304.228339463472366, 2677320.511914820875973 ], [ 10223311.146958760917187, 2677300.425290499813855 ], [ 10223287.267342261970043, 2677269.596727249212563 ], [ 10223287.645567510277033, 2677230.970779960975051 ], [ 10223314.917080031707883, 2677211.953096444252878 ], [ 10223317.66271610558033, 2677205.304413397330791 ], [ 10223318.403327582404017, 2677179.649461895693094 ], [ 10223302.053264604881406, 2677160.721272914204746 ], [ 10223288.684610512107611, 2677151.80128009011969 ], [ 10223290.000430982559919, 2677124.226936441846192 ], [ 10223290.495374247431755, 2677100.268551421351731 ], [ 10223288.45202599093318, 2677096.934267734177411 ], [ 10223293.564166639000177, 2677088.37240932835266 ], [ 10223276.953344978392124, 2677057.850239960476756 ], [ 10223282.671362239867449, 2677044.675955996848643 ], [ 10223301.818374400958419, 2677033.223404673859477 ], [ 10223306.14484116435051, 2677015.710892682895064 ], [ 10223315.571438763290644, 2677007.180166308768094 ], [ 10223284.940775791183114, 2676959.32486086525023 ], [ 10223293.150188643485308, 2676936.369976348709315 ], [ 10223261.040352722629905, 2676917.023572613485157 ], [ 10222762.842592703178525, 2676795.979477996937931 ], [ 10222756.509679714217782, 2676794.440702562686056 ], [ 10222707.476730983704329, 2676808.213645019568503 ], [ 10222713.189731365069747, 2676790.89510146714747 ], [ 10222719.805542265996337, 2676777.389045348390937 ], [ 10222725.450137831270695, 2676760.640732134692371 ], [ 10222728.108176466077566, 2676748.794454703107476 ], [ 10222729.022516924887896, 2676735.082991319242865 ], [ 10222726.789722353219986, 2676726.670250660274178 ], [ 10222721.121255112811923, 2676717.584639748558402 ], [ 10222714.46988776512444, 2676709.195679309777915 ], [ 10222707.690073074772954, 2676700.850593409501016 ], [ 10222700.784741660580039, 2676693.110999712254852 ], [ 10222693.967284953221679, 2676685.759858247824013 ], [ 10222687.06927939876914, 2676679.402792823966593 ], [ 10222679.835510479286313, 2676674.43009162787348 ], [ 10222672.725200621411204, 2676668.46307025430724 ], [ 10222666.353796938434243, 2676664.306625393219292 ], [ 10222652.433833880349994, 2676650.460780020337552 ], [ 10222644.290950231254101, 2676625.342841877602041 ], [ 10222649.361861191689968, 2676596.734515606891364 ], [ 10222653.043630562722683, 2676568.835041701793671 ], [ 10222653.787640089169145, 2676545.07214263221249 ], [ 10222650.01280814781785, 2676522.823900409508497 ], [ 10222659.923480086028576, 2676503.921161533799022 ], [ 10222672.784894062206149, 2676483.336847783066332 ], [ 10222660.368127046152949, 2676456.664119313471019 ], [ 10222665.353608246892691, 2676444.714039826299995 ], [ 10222660.688216391950846, 2676418.700950294733047 ], [ 10222654.445635428652167, 2676390.767675539012998 ], [ 10222648.114519473165274, 2676362.571813876740634 ], [ 10222642.419572964310646, 2676339.369880337268114 ], [ 10222634.710216950625181, 2676313.89937130222097 ], [ 10222626.47763092815876, 2676288.256409772206098 ], [ 10222614.509405851364136, 2676264.036309212446213 ], [ 10222600.965862836688757, 2676238.246627422980964 ], [ 10222586.634960951283574, 2676228.066357516683638 ], [ 10222571.605278324335814, 2676217.451557897496969 ], [ 10222556.139465913176537, 2676206.663774219807237 ], [ 10222540.237416228279471, 2676195.703005617018789 ], [ 10222524.074785683304071, 2676184.831284820102155 ], [ 10222512.659819023683667, 2676166.394383205100894 ], [ 10222499.470072537660599, 2676174.355610941536725 ], [ 10222486.540165571495891, 2676182.052364732604474 ], [ 10222473.437869722023606, 2676190.100688281469047 ], [ 10222464.858572401106358, 2676197.423379543237388 ], [ 10222451.691122934222221, 2676209.592596185393631 ], [ 10222437.656458374112844, 2676222.380176585167646 ], [ 10222430.556984702125192, 2676229.694815984927118 ], [ 10222421.511099940165877, 2676247.540419864933938 ], [ 10222412.298243699595332, 2676266.701943925116211 ], [ 10222408.761671902611852, 2676272.85779585223645 ], [ 10222396.803068280220032, 2676283.179483951069415 ], [ 10222384.164440829306841, 2676296.573131902143359 ], [ 10222370.57599370367825, 2676311.46236644173041 ], [ 10222361.132546707987785, 2676320.017147537786514 ], [ 10222346.010352943092585, 2676308.350524672307074 ], [ 10222338.851626509800553, 2676304.531392647884786 ], [ 10222337.165597442537546, 2676305.634288144763559 ], [ 10222324.797749264165759, 2676313.724523221608251 ], [ 10222311.264210622757673, 2676322.564236185047776 ], [ 10222296.784339101985097, 2676333.513032350223511 ], [ 10222282.396160198375583, 2676345.337963976897299 ], [ 10222267.316560072824359, 2676358.131108161062002 ], [ 10222265.07271602936089, 2676361.825322066899389 ], [ 10222262.497292164713144, 2676385.071781306527555 ], [ 10222259.401876358315349, 2676408.759500165935606 ], [ 10222257.009377188980579, 2676433.670719879213721 ], [ 10222253.919144229963422, 2676458.322847867850214 ], [ 10222250.832918770611286, 2676483.763939386233687 ], [ 10222247.579233709722757, 2676510.433395753614604 ], [ 10222244.769087813794613, 2676538.678656249307096 ], [ 10222241.352429879829288, 2676567.453169634565711 ], [ 10222238.02870118431747, 2676597.367011420428753 ], [ 10222234.009156849235296, 2676627.372277773916721 ], [ 10222230.691566273570061, 2676658.425885972101241 ], [ 10222227.115063205361366, 2676689.919330592267215 ], [ 10222223.10977946780622, 2676722.642632169183344 ], [ 10222219.118035217747092, 2676757.908345249481499 ], [ 10222215.11877260543406, 2676791.771339086350054 ], [ 10222211.209866398945451, 2676826.247770790942013 ], [ 10222207.397261023521423, 2676862.477097932249308 ], [ 10222202.705665728077292, 2676897.133132688235492 ], [ 10222198.375324724242091, 2676934.242183297406882 ], [ 10222193.692636102437973, 2676970.564197051804513 ], [ 10222191.927114197984338, 2676982.409518110565841 ], [ 10222186.554222537204623, 2677003.480054903309792 ], [ 10222181.379408568143845, 2677029.108602731022984 ], [ 10222175.339739494025707, 2677055.793904365506023 ], [ 10222168.955965265631676, 2677083.270033116918057 ], [ 10222162.581377200782299, 2677112.499760172329843 ], [ 10222156.210996497422457, 2677142.518605160526931 ], [ 10222149.48451417312026, 2677171.048903966788203 ], [ 10222143.379418950527906, 2677201.855468205176294 ], [ 10222136.054117850959301, 2677232.405630787834525 ], [ 10222128.64312787912786, 2677263.219246986787766 ], [ 10222126.18485108204186, 2677275.770013372413814 ], [ 10222131.191907478496432, 2677300.642981834709644 ], [ 10222137.067100446671247, 2677325.072909457609057 ], [ 10222142.598810058087111, 2677350.381600328721106 ], [ 10222148.131501272320747, 2677375.865642872173339 ], [ 10222154.541168479248881, 2677402.572407136205584 ], [ 10222159.7381557431072, 2677430.425493243150413 ], [ 10222165.364916192367673, 2677457.2243085000664 ], [ 10222171.06937713176012, 2677482.26919588027522 ], [ 10222177.036892740055919, 2677507.66340606007725 ], [ 10222182.579867515712976, 2677535.076488046906888 ], [ 10222187.648062270134687, 2677555.039611595217139 ], [ 10222186.936181494966149, 2677568.545645110309124 ], [ 10222188.060744760558009, 2677583.620012455619872 ], [ 10222195.535678884014487, 2677614.179348728153855 ], [ 10222185.162353288382292, 2677644.571196444798261 ], [ 10222192.033550148829818, 2677676.18583972658962 ], [ 10222196.11312853731215, 2677690.280059200245887 ], [ 10222188.988029951229692, 2677709.344340743031353 ], [ 10222180.746512334793806, 2677731.307861815206707 ], [ 10222171.817256068810821, 2677754.941087501123548 ], [ 10222162.980278952047229, 2677779.53816572483629 ], [ 10222154.436082324013114, 2677793.700157527811825 ], [ 10222157.374350288882852, 2677822.442783276550472 ], [ 10222150.346429787576199, 2677843.435669587459415 ], [ 10222142.9040881767869, 2677868.376190804876387 ], [ 10222135.283863829448819, 2677892.616216965951025 ], [ 10222133.916979283094406, 2677897.533591107930988 ], [ 10222122.573352184146643, 2677909.167885799426585 ], [ 10222124.092080110684037, 2677932.920691310893744 ], [ 10222125.283996121957898, 2677960.708503912668675 ], [ 10222126.146207500249147, 2677992.005381040275097 ], [ 10222127.569728154689074, 2678030.664225960616022 ], [ 10222120.210148664191365, 2678054.815535122528672 ], [ 10222111.383097158744931, 2678081.342017231509089 ], [ 10222103.615580717101693, 2678110.668537736404687 ], [ 10222094.973233517259359, 2678139.21083594346419 ], [ 10222086.667477184906602, 2678165.55932107521221 ], [ 10222079.989474868401885, 2678186.90132618136704 ], [ 10222063.870686557143927, 2678201.104014925658703 ], [ 10222059.428507603704929, 2678233.657180615700781 ], [ 10222056.418379034847021, 2678259.035909166559577 ], [ 10222055.670083215460181, 2678260.078835832886398 ], [ 10222062.317892082035542, 2678276.66334884846583 ], [ 10222064.957314779981971, 2678284.548051809426397 ], [ 10222065.73574778996408, 2678288.837235503364354 ], [ 10222066.718835301697254, 2678296.114061343017966 ], [ 10222068.358983442187309, 2678302.58082640869543 ], [ 10222067.451222263276577, 2678309.535720493178815 ], [ 10222066.309460069984198, 2678316.918815546669066 ], [ 10222065.451140586286783, 2678324.300339411012828 ], [ 10222056.487762991338968, 2678407.443830134812742 ], [ 10222044.703635819256306, 2678515.462465268094093 ], [ 10222036.065971495583653, 2678594.255629257299006 ], [ 10222034.15539238229394, 2678614.319835194386542 ], [ 10222031.704088103026152, 2678633.846648851409554 ], [ 10222029.65611919760704, 2678653.371410097926855 ], [ 10222029.061500925570726, 2678664.692530784755945 ], [ 10222027.732347620651126, 2678668.650891890749335 ], [ 10222022.069309242069721, 2678679.231557484250516 ], [ 10222016.920326482504606, 2678691.220940409693867 ], [ 10222012.499642230570316, 2678703.670335216913372 ], [ 10222008.79060266725719, 2678713.465110132936388 ], [ 10222008.080554377287626, 2678728.356658547185361 ], [ 10222010.325858378782868, 2678744.008318475913256 ], [ 10222012.030341288074851, 2678762.052803186234087 ], [ 10222012.080255053937435, 2678771.50230327155441 ], [ 10222008.252763448283076, 2678780.541980813257396 ], [ 10222006.367349997162819, 2678785.727972964290529 ], [ 10222005.383470989763737, 2678788.615142941009253 ], [ 10222006.550342153757811, 2678805.830400464590639 ], [ 10222008.366892842575908, 2678814.522037884220481 ], [ 10222010.117447596043348, 2678819.657495228108019 ], [ 10222012.122766487300396, 2678824.695462123025209 ], [ 10222015.475724846124649, 2678831.104588998481631 ], [ 10222014.384904097765684, 2678836.062937867362052 ], [ 10222013.582067273557186, 2678841.147952201776206 ], [ 10222012.61328780837357, 2678856.464556241873652 ], [ 10222012.126645393669605, 2678870.021148097235709 ], [ 10222010.257571650668979, 2678916.899321823846549 ], [ 10222008.074875380843878, 2678921.076235601678491 ], [ 10222005.893613239750266, 2678925.499117394443601 ], [ 10222004.062830017879605, 2678930.025634052231908 ], [ 10222003.101477980613708, 2678933.528175918385386 ], [ 10222000.318795032799244, 2678936.724165366031229 ], [ 10221997.535874789580703, 2678939.884891576133668 ], [ 10221994.752953499555588, 2678943.045727442018688 ], [ 10221990.442567549645901, 2678948.534540773369372 ], [ 10221992.06771339289844, 2678964.374776829965413 ], [ 10221993.424578750506043, 2678974.856641776394099 ], [ 10221993.466506145894527, 2678982.793220980558544 ], [ 10221990.71736217290163, 2678990.392001348547637 ], [ 10221988.355123704299331, 2678994.441113270353526 ], [ 10221985.962175440043211, 2678998.490351547952741 ], [ 10221982.904265953227878, 2679003.924530616495758 ], [ 10221982.926855191588402, 2679008.196016475558281 ], [ 10221983.873356387019157, 2679012.120841550640762 ], [ 10221984.248736554756761, 2679016.538126319181174 ], [ 10221984.624095167964697, 2679020.704733716323972 ], [ 10221982.381721297279, 2679026.379422072786838 ], [ 10221980.717914428561926, 2679031.223139606881887 ], [ 10221979.053997710347176, 2679036.06696798838675 ], [ 10221974.966155629605055, 2679049.276252577546984 ], [ 10221972.390672555193305, 2679057.067058087792248 ], [ 10221972.058252852410078, 2679062.796057191677392 ], [ 10221970.173763351514935, 2679072.354840418789536 ], [ 10221967.734539553523064, 2679089.216811380814761 ], [ 10221966.937046432867646, 2679099.812801765277982 ], [ 10221966.97424528747797, 2679106.847587950993329 ], [ 10221965.373669747263193, 2679131.957397385500371 ], [ 10221965.41413757763803, 2679139.625522358343005 ], [ 10221962.434233954176307, 2679145.611660533584654 ], [ 10221960.414264559745789, 2679153.290950442664325 ], [ 10221958.183169804513454, 2679161.024345725774765 ], [ 10221956.258686695247889, 2679166.792547847609967 ], [ 10221953.025220794603229, 2679174.79665007814765 ], [ 10221949.368522975593805, 2679182.696937985252589 ], [ 10221945.711712701246142, 2679190.597228964325041 ], [ 10221942.640906294807792, 2679199.396448510233313 ], [ 10221934.940437950193882, 2679220.19073030538857 ], [ 10221933.372499825432897, 2679228.118306449148804 ], [ 10221931.865740858018398, 2679233.905147215351462 ], [ 10221933.215264307335019, 2679242.437591199763119 ], [ 10221934.518665187060833, 2679251.063918895553797 ], [ 10221935.82206747867167, 2679259.690251041669399 ], [ 10221937.218687418848276, 2679268.315991173963994 ], [ 10221938.661917109042406, 2679276.941601783037186 ], [ 10221940.058540102094412, 2679285.567350777797401 ], [ 10221941.362916395068169, 2679294.380863499827683 ], [ 10221942.379414474591613, 2679301.604902185965329 ], [ 10221943.259695377200842, 2679309.484799569938332 ], [ 10221941.250601319596171, 2679317.192961248569191 ], [ 10221939.148530773818493, 2679324.94837665790692 ], [ 10221937.747059917077422, 2679333.027706719003618 ], [ 10221935.272336509078741, 2679340.785076768603176 ], [ 10221933.356584701687098, 2679348.539528855588287 ], [ 10221931.2546152677387, 2679356.295067597646266 ], [ 10221928.730263594537973, 2679363.491200340911746 ], [ 10221927.595172252506018, 2679369.089087089523673 ], [ 10221929.861262930557132, 2679375.648833300452679 ], [ 10221936.129201769828796, 2679391.320919597521424 ], [ 10221940.245689986273646, 2679401.629784069024026 ], [ 10221944.413611065596342, 2679411.781469986308366 ], [ 10221948.581428498029709, 2679421.933161166962236 ], [ 10221951.750979300588369, 2679430.416339654009789 ], [ 10221953.885558677837253, 2679440.160390129778534 ], [ 10221952.882334247231483, 2679447.41052323859185 ], [ 10221951.049435175955296, 2679455.345031070988625 ], [ 10221949.212424518540502, 2679462.494961994700134 ], [ 10221946.024737946689129, 2679470.279710734728724 ], [ 10221942.836939450353384, 2679478.06457213871181 ], [ 10221939.649246810004115, 2679485.849436563905329 ], [ 10221936.724704595282674, 2679494.156017606146634 ], [ 10221933.798961946740746, 2679502.253314696252346 ], [ 10221931.376583935692906, 2679507.052444458007812 ], [ 10221930.960930783301592, 2679514.652973958756775 ], [ 10221930.552979348227382, 2679520.513812612742186 ], [ 10221930.145136561244726, 2679526.3747628191486 ], [ 10221928.454246826469898, 2679555.388263887260109 ], [ 10221928.521864457055926, 2679568.200091128237545 ], [ 10221926.904059622436762, 2679580.213328058365732 ], [ 10221925.507035300135612, 2679592.519090962596238 ], [ 10221925.573192052543163, 2679605.037329324986786 ], [ 10221923.807196494191885, 2679616.684331438504159 ], [ 10221924.96709537319839, 2679628.682788509875536 ], [ 10221925.981946190819144, 2679640.902229251340032 ], [ 10221928.370871724560857, 2679650.324290578253567 ], [ 10221933.241728834807873, 2679659.0723926005885 ], [ 10221938.041451778262854, 2679668.187861108221114 ], [ 10221942.841071330010891, 2679677.30344285722822 ], [ 10221947.640805138275027, 2679686.418918604031205 ], [ 10221949.849725808948278, 2679692.462656426709145 ], [ 10221950.245713494718075, 2679696.28597459429875 ], [ 10221950.982385152950883, 2679702.917291760444641 ], [ 10221951.583853812888265, 2679710.905623877421021 ], [ 10221952.28510826267302, 2679718.536108477972448 ], [ 10221952.310347797349095, 2679723.310472714714706 ], [ 10221950.562423245981336, 2679729.26879586558789 ], [ 10221948.51163880340755, 2679735.637320010457188 ], [ 10221946.462183147668839, 2679742.261135136708617 ], [ 10221944.412725832313299, 2679748.88495269138366 ], [ 10221941.904090911149979, 2679755.204878248739988 ], [ 10221939.447396710515022, 2679761.728703755419701 ], [ 10221937.399264352396131, 2679768.607926996890455 ], [ 10221934.894723163917661, 2679775.693726864643395 ], [ 10221932.492028711363673, 2679782.830074076075107 ], [ 10221930.394472971558571, 2679789.964840466622263 ], [ 10221927.94175923243165, 2679797.254656465258449 ], [ 10221925.539411706849933, 2679804.442157590761781 ], [ 10221923.137550424784422, 2679811.731624159496278 ], [ 10221920.735795931890607, 2679819.021203076932579 ], [ 10221918.435535335913301, 2679826.310293698683381 ], [ 10221916.187324207276106, 2679833.803286102134734 ], [ 10221913.633725063875318, 2679841.246938279829919 ], [ 10221911.386351076886058, 2679848.893045390956104 ], [ 10221908.834430230781436, 2679856.643030380830169 ], [ 10221906.282398043200374, 2679864.393018708564341 ], [ 10221903.730472322553396, 2679872.143010254949331 ], [ 10221901.178544161841273, 2679879.893005066551268 ], [ 10221898.62661356292665, 2679887.643003156874329 ], [ 10221896.074680518358946, 2679895.393004525918514 ], [ 10221895.77470470033586, 2679899.289127567317337 ], [ 10221903.783538401126862, 2679913.543844657950103 ], [ 10221904.502485146746039, 2679918.76682810485363 ], [ 10221906.767642475664616, 2679929.712767167016864 ], [ 10221905.125563157722354, 2679984.656997396145016 ], [ 10221914.059209764003754, 2680005.574888568837196 ], [ 10221900.853987777605653, 2680031.753944546449929 ], [ 10221906.844985211268067, 2680032.646261533722281 ], [ 10221913.270136214792728, 2680032.61190918693319 ], [ 10221913.411138935014606, 2680059.315652698744088 ], [ 10221897.467160977423191, 2680058.670356808230281 ], [ 10221874.740891480818391, 2680103.70191246829927 ], [ 10221894.584206257015467, 2680116.600573936011642 ], [ 10221890.526356829330325, 2680126.331076105125248 ], [ 10221885.642681324854493, 2680140.914602112956345 ], [ 10221882.841987263411283, 2680149.128676947206259 ], [ 10221880.304962489753962, 2680154.412574499845505 ], [ 10221877.069978646934032, 2680162.673209127038717 ], [ 10221870.263997407630086, 2680171.926990190986544 ], [ 10221864.517889576032758, 2680179.962554654572159 ], [ 10221862.222270011901855, 2680183.715541346929967 ], [ 10221861.087571062147617, 2680187.901195522397757 ], [ 10221857.96316334232688, 2680195.42053869785741 ], [ 10221855.191403232514858, 2680201.703741692937911 ], [ 10221851.136155877262354, 2680202.797237070742995 ], [ 10221841.842495858669281, 2680204.50326840300113 ], [ 10221840.331084681674838, 2680232.479926305823028 ], [ 10221851.773835867643356, 2680233.660340290516615 ], [ 10221858.389377508312464, 2680242.850781143177301 ], [ 10221865.153873411938548, 2680251.761973613407463 ], [ 10221861.095431197434664, 2680267.858451792038977 ], [ 10221857.650821635499597, 2680282.363039091229439 ], [ 10221857.301824020221829, 2680298.775126715190709 ], [ 10221858.265328766778111, 2680311.33308789646253 ], [ 10221845.808644017204642, 2680315.725953985005617 ], [ 10221835.984642358496785, 2680319.310481368564069 ], [ 10221830.936359057202935, 2680399.742718044202775 ], [ 10221810.802079234272242, 2680438.458191682584584 ], [ 10221815.947691092267632, 2680467.509416653309017 ], [ 10221820.142820782959461, 2680484.693786623887718 ], [ 10221809.550658069550991, 2680540.657821465749294 ], [ 10221779.546406311914325, 2680694.821731507312506 ], [ 10221773.677607482299209, 2680722.470477519091219 ], [ 10221750.244849225506186, 2680746.381288177799433 ], [ 10221745.130437701940536, 2680768.970052514225245 ], [ 10221741.012714086100459, 2680790.649048559367657 ], [ 10221734.277404729276896, 2680836.290533777326345 ], [ 10221732.394442565739155, 2680878.831035856623203 ], [ 10221732.467086415737867, 2680892.612994420342147 ], [ 10221723.108510535210371, 2680919.041518742218614 ], [ 10221719.996428018435836, 2680927.865744494367391 ], [ 10221708.069185158237815, 2680951.267086882609874 ], [ 10221695.600544327870011, 2680975.150650978088379 ], [ 10221690.813182722777128, 2681006.24591001868248 ], [ 10221683.531699277460575, 2681058.644385650288314 ], [ 10221679.527115715667605, 2681089.482339233160019 ], [ 10221679.742983790114522, 2681130.450144787784666 ], [ 10221680.85581293515861, 2681178.72656977083534 ], [ 10221668.486196024343371, 2681235.848781175445765 ], [ 10221667.623319298028946, 2681240.023710089735687 ], [ 10221681.12164350040257, 2681263.171916913241148 ], [ 10221676.667946852743626, 2681277.070959462784231 ], [ 10221668.196952309459448, 2681300.121397342998534 ], [ 10221660.917914975434542, 2681319.582731422968209 ], [ 10221663.819440605118871, 2681355.637545018922538 ], [ 10221658.459507301449776, 2681381.17054684786126 ], [ 10221646.897772813215852, 2681444.352825383655727 ], [ 10221645.693040009588003, 2681446.861250506713986 ], [ 10221646.938448654487729, 2681479.913519348017871 ], [ 10221648.817460455000401, 2681516.547312984708697 ], [ 10221649.028305348008871, 2681520.65791212907061 ], [ 10221647.672199167311192, 2681527.558738286606967 ], [ 10221646.619078669697046, 2681532.917760777287185 ], [ 10221642.184916397556663, 2681552.107709171716124 ], [ 10221633.503472778946161, 2681589.21394118713215 ], [ 10221632.202915223315358, 2681597.016541631892323 ], [ 10221630.463253641501069, 2681617.535245315171778 ], [ 10221628.159327205270529, 2681645.729278382845223 ], [ 10221627.031892163679004, 2681656.7154784463346 ], [ 10221628.869522169232368, 2681677.71143409749493 ], [ 10221629.986849568784237, 2681690.52713560918346 ], [ 10221626.03814060986042, 2681705.961479763966054 ], [ 10221621.688368419185281, 2681722.420936217997223 ], [ 10221616.864592673256993, 2681738.882947446778417 ], [ 10221611.707494635134935, 2681756.369711657054722 ], [ 10221612.320859730243683, 2681775.071918820030987 ], [ 10221613.134455382823944, 2681786.871713420376182 ], [ 10221613.197982367128134, 2681798.944522636011243 ], [ 10221612.359804565086961, 2681811.022286356892437 ], [ 10221611.57185192592442, 2681823.133222203701735 ], [ 10221610.784007087349892, 2681835.24427648447454 ], [ 10221609.996052209287882, 2681847.355339768808335 ], [ 10221609.007801372557878, 2681859.467498765792698 ], [ 10221606.878101706504822, 2681864.119802771601826 ], [ 10221603.984671119600534, 2681869.61688673356548 ], [ 10221601.429981235414743, 2681876.020301480777562 ], [ 10221598.851595126092434, 2681884.273424954153597 ], [ 10221595.271889584138989, 2681892.632756120525301 ], [ 10221593.111391669139266, 2681897.789705225732177 ], [ 10221591.6223488971591, 2681909.938079607672989 ], [ 10221589.932790590450168, 2681922.087659060023725 ], [ 10221589.952274240553379, 2681925.786828792188317 ], [ 10221593.840952437371016, 2681934.88002538215369 ], [ 10221598.984342684969306, 2681944.403610932640731 ], [ 10221604.127739064395428, 2681953.927309901453555 ], [ 10221609.537951564416289, 2681963.382309861015528 ], [ 10221614.948279280215502, 2681972.837203861214221 ], [ 10221619.44933226518333, 2681980.884606461971998 ], [ 10221623.208905579522252, 2681987.657954039983451 ], [ 10221630.151888016611338, 2681990.076032023411244 ], [ 10221636.195571158081293, 2681992.969612829852849 ], [ 10221642.336810618638992, 2681995.358407970052212 ], [ 10221648.478051848709583, 2681997.747091547120363 ], [ 10221654.118155527859926, 2682000.104809844400734 ], [ 10221659.29044971242547, 2682002.431327401660383 ], [ 10221662.670145630836487, 2682006.818987142760307 ], [ 10221666.351063789799809, 2682011.33946933131665 ], [ 10221670.032218744978309, 2682015.893578896299005 ], [ 10221672.506112052127719, 2682019.512548498343676 ], [ 10221674.838326930999756, 2682027.941364373546094 ], [ 10221677.30431031063199, 2682036.403086155187339 ], [ 10221678.447415184229612, 2682041.00438585318625 ], [ 10221676.124073894694448, 2682045.254856828134507 ], [ 10221670.212118132039905, 2682053.786018177401274 ], [ 10221672.063937578350306, 2682058.593217314686626 ], [ 10221674.51530515216291, 2682068.524044702295214 ], [ 10221674.56017130613327, 2682068.942554706707597 ], [ 10221674.828601935878396, 2682071.445728879887611 ], [ 10221674.911865342408419, 2682075.665409902110696 ], [ 10221675.536845214664936, 2682107.338354693725705 ], [ 10221663.381269834935665, 2682134.900856755208224 ], [ 10221657.968749804422259, 2682147.737424756865948 ], [ 10221654.443958612158895, 2682179.441531790886074 ], [ 10221652.92916907928884, 2682187.552538998425007 ], [ 10221639.383685087785125, 2682200.49053018912673 ], [ 10221632.778355628252029, 2682205.898586333263665 ], [ 10221638.835867490619421, 2682216.894783639814705 ], [ 10221643.960748078301549, 2682226.197922919411212 ], [ 10221642.902149893343449, 2682229.84513001004234 ], [ 10221636.708536315709352, 2682251.184132868424058 ], [ 10221632.298469739034772, 2682279.117658089380711 ], [ 10221628.862348362803459, 2682305.768175005447119 ], [ 10221622.078657548874617, 2682332.088091251440346 ], [ 10221614.645104689523578, 2682355.507182619068772 ], [ 10221606.183067267760634, 2682380.790484675671905 ], [ 10221598.529731839895248, 2682406.301908812951297 ], [ 10221592.429942704737186, 2682431.049879253841937 ], [ 10221587.427885798737407, 2682456.140733039472252 ], [ 10221584.329138511791825, 2682470.185003114398569 ], [ 10221577.555781632661819, 2682476.581458922009915 ], [ 10221579.083382768556476, 2682503.786684440914541 ], [ 10221580.054956153035164, 2682534.944913427811116 ], [ 10221568.844862094148993, 2682553.272647141478956 ], [ 10221558.210377944633365, 2682571.365145667921752 ], [ 10221546.197024514898658, 2682590.510463280137628 ], [ 10221546.959305666387081, 2682603.837294972036034 ], [ 10221543.462484231218696, 2682629.965855021495372 ], [ 10221539.620104478672147, 2682656.212492668069899 ], [ 10221535.435036977753043, 2682683.099926980212331 ], [ 10221531.202323311939836, 2682711.904473855160177 ], [ 10221526.798680448904634, 2682741.116642324253917 ], [ 10221522.680326698347926, 2682769.746516655664891 ], [ 10221518.792516378685832, 2682798.317064180038869 ], [ 10221514.269404571503401, 2682826.774932116735727 ], [ 10221510.323590898886323, 2682855.287769165821373 ], [ 10221505.630489272996783, 2682884.32747803023085 ], [ 10221502.577868230640888, 2682907.201150920242071 ], [ 10221493.942943200469017, 2682921.623831649776548 ], [ 10221487.201136659830809, 2682945.039970808662474 ], [ 10221480.69503934122622, 2682969.38438320858404 ], [ 10221474.362848550081253, 2682993.902146642562002 ], [ 10221467.800541447475553, 2683018.537267573177814 ], [ 10221461.244939595460892, 2683044.450439648237079 ], [ 10221454.342557314783335, 2683070.249241214711219 ], [ 10221446.393504431471229, 2683094.485327010508627 ], [ 10221436.059447107836604, 2683114.958213611971587 ], [ 10221429.321301851421595, 2683139.071729977615178 ], [ 10221419.754186026751995, 2683162.793634918052703 ], [ 10221410.702676212415099, 2683185.815777348354459 ], [ 10221404.214619822800159, 2683202.666924018412828 ], [ 10221392.596120834350586, 2683220.242380242329091 ], [ 10221394.270650129765272, 2683231.531791616231203 ], [ 10221391.695283127948642, 2683246.445219090674073 ], [ 10221387.178064929321408, 2683265.086809674277902 ], [ 10221382.613785747438669, 2683285.761671978980303 ], [ 10221377.42006092518568, 2683307.427466685883701 ], [ 10221372.688547072932124, 2683329.206877782475203 ], [ 10221367.723804950714111, 2683350.52295211981982 ], [ 10221362.815469717606902, 2683371.606464063748717 ], [ 10221357.970012975856662, 2683393.677070062607527 ], [ 10221352.895040178671479, 2683415.98136420827359 ], [ 10221347.821254735812545, 2683438.517920119222254 ], [ 10221342.691881228238344, 2683461.461489528417587 ], [ 10221336.641364827752113, 2683484.758600029628724 ], [ 10221331.166148187592626, 2683507.76210109423846 ], [ 10221325.980308270081878, 2683530.938463035039604 ], [ 10221320.389107342809439, 2683553.826621720101684 ], [ 10221314.972175909206271, 2683576.946084950584918 ], [ 10221309.843558393418789, 2683600.064234150573611 ], [ 10221304.484327804297209, 2683623.183512311894447 ], [ 10221299.413412023335695, 2683646.301257542800158 ], [ 10221293.763556333258748, 2683669.01552927820012 ], [ 10221287.335236085578799, 2683697.310690058395267 ], [ 10221282.446516647934914, 2683719.078402182087302 ], [ 10221273.459155971184373, 2683759.095558962784708 ], [ 10221269.925526089966297, 2683774.829209556337446 ], [ 10221262.893714072182775, 2683805.97950910590589 ], [ 10221170.967337790876627, 2684207.20216655684635 ], [ 10221136.50640812702477, 2684356.614958761259913 ], [ 10221107.924117160961032, 2684387.341824358794838 ], [ 10221107.288953816518188, 2684402.526921100914478 ], [ 10221102.97781777381897, 2684408.303699573967606 ], [ 10221093.728020517155528, 2684446.319324196781963 ], [ 10221071.732167581096292, 2684538.449188724625856 ], [ 10221057.615593485534191, 2684595.652863759081811 ], [ 10221046.670521633699536, 2684608.915317630860955 ], [ 10221041.291263243183494, 2684620.207501853816211 ], [ 10221039.215818136930466, 2684631.412912062369287 ], [ 10221036.957738198339939, 2684647.194081641733646 ], [ 10221034.710171286016703, 2684664.985436743590981 ], [ 10221038.03311825543642, 2684681.707598267123103 ], [ 10221031.87989903613925, 2684702.985359385143965 ], [ 10221027.893211219459772, 2684717.320105970837176 ], [ 10221013.48652845621109, 2684740.027926472947001 ], [ 10220998.733060264959931, 2684762.252360500860959 ], [ 10221006.938185391947627, 2684777.90902878344059 ], [ 10221012.480514289811254, 2684797.808085142169148 ], [ 10221014.393047116696835, 2684808.091503107454628 ], [ 10221008.500208018347621, 2684826.526058629155159 ], [ 10221003.177974028512836, 2684848.770091222599149 ], [ 10220997.515653727576137, 2684871.77833853289485 ], [ 10220994.605696637183428, 2684894.564254157245159 ], [ 10220986.746548090130091, 2684918.762575807981193 ], [ 10220981.228581193834543, 2684943.087252074852586 ], [ 10220977.638938672840595, 2684967.540340370498598 ], [ 10220971.800700960680842, 2684996.44176631886512 ], [ 10220967.869715746492147, 2685008.281075467821211 ], [ 10220962.011921001598239, 2685020.269185267854482 ], [ 10220957.271211847662926, 2685035.232073128223419 ], [ 10220952.915579244494438, 2685058.025781921111047 ], [ 10220937.378487259149551, 2685075.26378915226087 ], [ 10220932.245992286130786, 2685081.148175387643278 ], [ 10220929.278029782697558, 2685106.014196092728525 ], [ 10220913.651012688875198, 2685119.232356638647616 ], [ 10220900.358034944161773, 2685131.190427410416305 ], [ 10220887.822260424494743, 2685143.144642287865281 ], [ 10220875.081822227686644, 2685155.446460399311036 ], [ 10220861.446085467934608, 2685167.68361138086766 ], [ 10220848.431646276265383, 2685180.264152572024614 ], [ 10220833.833420751616359, 2685192.783625626470894 ], [ 10220821.024769576266408, 2685205.224495777860284 ], [ 10220807.114270957186818, 2685217.601775472518057 ], [ 10220794.099749077111483, 2685230.182311021722853 ], [ 10220780.60337438993156, 2685242.765364486724138 ], [ 10220766.833014408126473, 2685255.627032164484262 ], [ 10220752.7879524435848, 2685268.628944621887058 ], [ 10220739.088185448199511, 2685281.836885008960962 ], [ 10220724.631166005507112, 2685295.048889419063926 ], [ 10220710.657496377825737, 2685308.53555244859308 ], [ 10220702.09366020001471, 2685316.517635242082179 ], [ 10220700.656231913715601, 2685331.324655133765191 ], [ 10220692.712736297398806, 2685339.442097765859216 ], [ 10220684.976028826087713, 2685347.627702075056732 ], [ 10220677.034304248169065, 2685356.091672949492931 ], [ 10220675.669563993811607, 2685358.421024979557842 ], [ 10220671.883228728547692, 2685371.646247375756502 ], [ 10220666.822185050696135, 2685387.579753150232136 ], [ 10220660.985236940905452, 2685410.377164921723306 ], [ 10220657.705424493178725, 2685425.782393506262451 ], [ 10220656.603701915591955, 2685434.160852873697877 ], [ 10220656.117930831387639, 2685442.06323400977999 ], [ 10220656.00445619598031, 2685451.070670465938747 ], [ 10220655.805198626592755, 2685461.208894790150225 ], [ 10220655.68493590503931, 2685468.901761583052576 ], [ 10220654.019344907253981, 2685474.572992425877601 ], [ 10220649.725320406258106, 2685481.388300681021065 ], [ 10220647.343952430412173, 2685485.979284265078604 ], [ 10220644.623740214854479, 2685491.471642383839935 ], [ 10220643.371194019913673, 2685497.279096120037138 ], [ 10220642.968589270487428, 2685503.5664765057154 ], [ 10220643.032390311360359, 2685511.419893490616232 ], [ 10220643.53974069096148, 2685520.885483476798981 ], [ 10220643.021531362086535, 2685531.348294396884739 ], [ 10220640.211596593260765, 2685537.210137123242021 ], [ 10220636.441287828609347, 2685543.422993928194046 ], [ 10220632.468304064124823, 2685550.282774141523987 ], [ 10220627.703398894518614, 2685559.061163968406618 ], [ 10220622.848169190809131, 2685568.070655779913068 ], [ 10220617.947546372190118, 2685577.172638497781008 ], [ 10220617.618184216320515, 2685584.313148736488074 ], [ 10220617.064947573468089, 2685592.446580754127353 ], [ 10220616.012989586219192, 2685601.597489239647985 ], [ 10220613.111141186207533, 2685611.819171087350696 ], [ 10220609.896185634657741, 2685623.518725844565779 ], [ 10220606.520616762340069, 2685635.149885023012757 ], [ 10220602.914750684052706, 2685646.55162754515186 ], [ 10220597.263997813686728, 2685654.821111637633294 ], [ 10220594.077479116618633, 2685663.326268377713859 ], [ 10220593.030602026730776, 2685671.677760200109333 ], [ 10220591.342840805649757, 2685681.069583816919476 ], [ 10220589.315003028139472, 2685691.052853668108582 ], [ 10220587.087079662829638, 2685701.382753564510494 ], [ 10220584.417745197191834, 2685712.263828164897859 ], [ 10220581.243809351697564, 2685723.188407729845494 ], [ 10220578.692874439060688, 2685733.54038091795519 ], [ 10220574.332946874201298, 2685741.604347039014101 ], [ 10220570.111694328486919, 2685749.159350568428636 ], [ 10220566.134145651012659, 2685756.977411735802889 ], [ 10220561.874369895085692, 2685764.898585733957589 ], [ 10220557.754447540268302, 2685772.514138888567686 ], [ 10220551.483302164822817, 2685781.51339229894802 ], [ 10220546.9120316170156, 2685794.678576366044581 ], [ 10220542.149252539500594, 2685803.860800003632903 ], [ 10220535.624218352138996, 2685813.539557487238199 ], [ 10220531.925525823608041, 2685819.334163299296051 ], [ 10220530.382102968171239, 2685829.072760371025652 ], [ 10220528.531048491597176, 2685839.873355200048536 ], [ 10220527.677212489768863, 2685850.840819858945906 ], [ 10220528.251271985471249, 2685857.243493201211095 ], [ 10220525.244425974786282, 2685864.725588461849838 ], [ 10220522.612055856734514, 2685873.065490934532136 ], [ 10220519.216430585831404, 2685882.412591372616589 ], [ 10220516.903326515108347, 2685891.925865903962404 ], [ 10220514.279738526791334, 2685901.95684549678117 ], [ 10220509.465873431414366, 2685912.28580450033769 ], [ 10220505.705610193312168, 2685922.666570264380425 ], [ 10220501.234686885029078, 2685933.25176295498386 ], [ 10220496.507875993847847, 2685943.895578095689416 ], [ 10220496.74585852958262, 2685951.360628898255527 ], [ 10220498.577176831662655, 2685958.674014852847904 ], [ 10220500.964775213971734, 2685963.490812966134399 ], [ 10220497.380839098244905, 2685969.485582321416587 ], [ 10220493.657469587400556, 2685976.025589906144887 ], [ 10220489.85141315124929, 2685983.08199705556035 ], [ 10220486.051777800545096, 2685991.399343871511519 ], [ 10220481.600699508562684, 2686000.322193374857306 ], [ 10220476.752411300316453, 2686009.504988823086023 ], [ 10220472.302389306947589, 2686018.62834262335673 ], [ 10220467.310865197330713, 2686027.639853450935334 ], [ 10220465.757882803678513, 2686035.544293538667262 ], [ 10220463.525750381872058, 2686044.226151688490063 ], [ 10220460.982414660975337, 2686053.282192350830883 ], [ 10220459.009359888732433, 2686062.507263789419085 ], [ 10220456.469217589125037, 2686072.165135371964425 ], [ 10220453.759084830060601, 2686081.995974380988628 ], [ 10220450.822795180603862, 2686092.114626191090792 ], [ 10220451.819736452773213, 2686097.712700834497809 ], [ 10220452.427552605047822, 2686105.147204668726772 ], [ 10220452.956706129014492, 2686113.843243454582989 ], [ 10220453.539587128907442, 2686116.462730239145458 ], [ 10220451.343053499236703, 2686121.045785676687956 ], [ 10220448.241805544123054, 2686126.808779026381671 ], [ 10220444.715506128966808, 2686132.946550445631146 ], [ 10220440.934978736564517, 2686139.458259442355484 ], [ 10220437.128267159685493, 2686146.400013420265168 ], [ 10220433.863065540790558, 2686153.482214065734297 ], [ 10220430.25644232518971, 2686160.594913010019809 ], [ 10220425.684208642691374, 2686168.142664168030024 ], [ 10220420.429604837670922, 2686175.8373056743294 ], [ 10220405.52631357870996, 2686200.196181441657245 ], [ 10220385.069040341302752, 2686233.216866419184953 ], [ 10220370.762840673327446, 2686264.965239509008825 ], [ 10220357.791314432397485, 2686296.809946758206934 ], [ 10220348.306422613561153, 2686328.119757113046944 ], [ 10220336.56477483548224, 2686359.648065214045346 ], [ 10220333.208328224718571, 2686365.504358328413218 ], [ 10220335.414111413061619, 2686375.258323744870722 ], [ 10220335.797860587015748, 2686389.8789116544649 ], [ 10220318.89289334602654, 2686395.496198178268969 ], [ 10220318.061002112925053, 2686413.223351690452546 ], [ 10220319.116796126589179, 2686438.690984602086246 ], [ 10220309.28795575723052, 2686463.079128275625408 ], [ 10220308.737736720591784, 2686475.74117758218199 ], [ 10220314.129937082529068, 2686486.408617525361478 ], [ 10220304.612495621666312, 2686491.677115036640316 ], [ 10220291.561866540461779, 2686508.331637814640999 ], [ 10220284.740087976679206, 2686518.85645786114037 ], [ 10220283.457586543634534, 2686528.835505364462733 ], [ 10220283.304577257484198, 2686538.912033674772829 ], [ 10220285.544119270518422, 2686555.176338938064873 ], [ 10220283.526631476357579, 2686561.955760672222823 ], [ 10220283.14740201830864, 2686568.003147075884044 ], [ 10220280.740732667967677, 2686578.918275561649352 ], [ 10220275.545647943392396, 2686606.279135189484805 ], [ 10220267.828083107247949, 2686642.023854125291109 ], [ 10220260.116512857377529, 2686678.905391034204513 ], [ 10220252.203805942088366, 2686716.614864173810929 ], [ 10220244.39582372829318, 2686754.737113264854997 ], [ 10220236.281570171937346, 2686793.171183518134058 ], [ 10220228.16727807559073, 2686831.605230765417218 ], [ 10220220.668727021664381, 2686870.036258612759411 ], [ 10220212.967490114271641, 2686908.985054588411003 ], [ 10220204.550631020218134, 2686948.454465595539659 ], [ 10220194.641709834337234, 2686970.303005214780569 ], [ 10220179.747766608372331, 2687031.458127884194255 ], [ 10220163.767208229750395, 2687104.737034310586751 ], [ 10220145.955082396045327, 2687182.401643253397197 ], [ 10220125.063636016100645, 2687276.235994823742658 ], [ 10220113.923739738762379, 2687325.29278759798035 ], [ 10220105.179746611043811, 2687363.331641699187458 ], [ 10220097.413945058360696, 2687391.832269220147282 ], [ 10220088.250894837081432, 2687416.543569392990321 ], [ 10220077.513783257454634, 2687425.921530711464584 ], [ 10220063.756590401753783, 2687439.080263545271009 ], [ 10220057.450475286692381, 2687444.973262459971011 ], [ 10220050.874806171283126, 2687450.867795200552791 ], [ 10220044.614514781162143, 2687456.94156693154946 ], [ 10220037.94989419914782, 2687463.01747510721907 ], [ 10220031.644940638914704, 2687469.136736500542611 ], [ 10220025.025198766961694, 2687475.212406458333135 ], [ 10220018.855355508625507, 2687481.376208084635437 ], [ 10220012.551331643015146, 2687487.67658983822912 ], [ 10220005.70691348798573, 2687493.753445364534855 ], [ 10219998.909266740083694, 2687500.192086060997099 ], [ 10219990.413682164624333, 2687508.540145909879357 ], [ 10219981.869298087432981, 2687516.119142847135663 ], [ 10219974.27185408398509, 2687524.326807983685285 ], [ 10219965.954710813239217, 2687532.402400381863117 ], [ 10219957.635799231007695, 2687540.161331083159894 ], [ 10219949.495582707226276, 2687547.692937785759568 ], [ 10219941.623368034139276, 2687554.906459297053516 ], [ 10219934.065586540848017, 2687562.118320370092988 ], [ 10219926.732569752261043, 2687569.32899558916688 ], [ 10219918.950221145525575, 2687576.542041310109198 ], [ 10219911.257752465084195, 2687583.754612344782799 ], [ 10219903.655054891481996, 2687590.966818427667022 ], [ 10219895.872812237590551, 2687598.225115716457367 ], [ 10219888.136031864210963, 2687605.573572222143412 ], [ 10219880.26399708352983, 2687612.832342353649437 ], [ 10219871.94900831207633, 2687621.360462029930204 ], [ 10219863.85619149543345, 2687629.389721075072885 ], [ 10219855.177740843966603, 2687637.150430392939597 ], [ 10219847.08278769440949, 2687644.7724090795964 ], [ 10219839.167601395398378, 2687652.393330261111259 ], [ 10219831.117631148546934, 2687660.01507113315165 ], [ 10219823.157540647312999, 2687667.636337900999933 ], [ 10219814.972434123978019, 2687675.213425259105861 ], [ 10219660.769879644736648, 2687821.967964234761894 ], [ 10219609.888627886772156, 2687851.423334703315049 ], [ 10219589.089954568073153, 2687898.074748003389686 ], [ 10219584.492291072383523, 2687905.254137439653277 ], [ 10219562.220215985551476, 2687920.147533508017659 ], [ 10219543.24745369143784, 2687935.749715476762503 ], [ 10219525.608113951981068, 2687950.308023169171065 ], [ 10219514.122286256402731, 2687959.856472049839795 ], [ 10219502.170103587210178, 2687978.84439441608265 ], [ 10219495.849018229171634, 2687991.373543498106301 ], [ 10219488.983765706419945, 2687998.201727284584194 ], [ 10219473.194345265626907, 2688012.024426190182567 ], [ 10219456.903228374198079, 2688028.442260549869388 ], [ 10219438.112236190587282, 2688039.376895846799016 ], [ 10219422.094990683719516, 2688048.948806794825941 ], [ 10219410.5570766646415, 2688068.453259277157485 ], [ 10219403.814524481073022, 2688079.117843265179545 ], [ 10219407.927986586466432, 2688098.022575211245567 ], [ 10219408.206186361610889, 2688100.511259716004133 ], [ 10219409.115337986499071, 2688108.646136904135346 ], [ 10219409.6640400364995, 2688115.228465050458908 ], [ 10219404.06178711168468, 2688122.499433883465827 ], [ 10219400.558593137189746, 2688127.046132885850966 ], [ 10219395.343118788674474, 2688134.280583088286221 ], [ 10219383.525912418961525, 2688139.475286063738167 ], [ 10219369.128644021227956, 2688143.646170363761485 ], [ 10219353.196063198149204, 2688149.691784626338631 ], [ 10219337.26357938721776, 2688155.737385187763721 ], [ 10219320.198140982538462, 2688161.788750790990889 ], [ 10219303.544659096747637, 2688167.837979577481747 ], [ 10219287.201805057004094, 2688174.196852716151625 ], [ 10219270.44416968524456, 2688180.039209524169564 ], [ 10219254.510570745915174, 2688185.877311684191227 ], [ 10219238.062969695776701, 2688191.925421279389411 ], [ 10219222.336912497878075, 2688198.073521912097931 ], [ 10219205.271385926753283, 2688204.124889867845923 ], [ 10219188.20689950324595, 2688210.383559560868889 ], [ 10219170.524026406928897, 2688216.541730531957 ], [ 10219152.532606249675155, 2688222.80518571427092 ], [ 10219135.366275316104293, 2688229.271817566361278 ], [ 10219117.787850469350815, 2688235.740549602545798 ], [ 10219100.208939980715513, 2688242.105496162548661 ], [ 10219083.247918333858252, 2688248.467362718190998 ], [ 10219066.596831688657403, 2688255.03489123750478 ], [ 10219048.397874129936099, 2688260.988213879987597 ], [ 10219031.331744208931923, 2688266.93565025087446 ], [ 10219014.885027069598436, 2688273.190987914800644 ], [ 10218998.540792165324092, 2688279.342178237624466 ], [ 10218981.682186108082533, 2688285.599599345121533 ], [ 10218964.395722208544612, 2688291.641174398362637 ], [ 10218957.8306401129812, 2688294.285075087100267 ], [ 10218951.265446938574314, 2688296.929083100985736 ], [ 10218944.700360555201769, 2688299.573088808916509 ], [ 10218938.562378950417042, 2688301.854796820320189 ], [ 10218933.064167078584433, 2688303.377139016985893 ], [ 10218928.247187074273825, 2688305.292082896921784 ], [ 10218922.892156835645437, 2688306.84976697480306 ], [ 10218918.148514503613114, 2688309.124314716551453 ], [ 10218912.938528651371598, 2688311.077190777752548 ], [ 10218907.514824163168669, 2688313.211267644073814 ], [ 10218901.769471855834126, 2688315.346984832547605 ], [ 10218895.702253688126802, 2688317.484342041425407 ], [ 10218889.599755048751831, 2688319.693810659926385 ], [ 10218883.675366815179586, 2688321.794517405331135 ], [ 10218877.752609288319945, 2688324.219021564349532 ], [ 10218871.507393227890134, 2688326.501290882471949 ], [ 10218865.190819201990962, 2688328.819961362984031 ], [ 10218858.83908511698246, 2688331.246793871279806 ], [ 10218852.309006964787841, 2688333.746442557778209 ], [ 10218846.672136794775724, 2688336.133585811592638 ], [ 10218837.707992041483521, 2688338.89110423438251 ], [ 10218848.727091398090124, 2688343.395341944880784 ], [ 10218858.949545143172145, 2688348.075709396973252 ], [ 10218869.628599947318435, 2688352.925873670261353 ], [ 10218879.966330211609602, 2688357.89251708611846 ], [ 10218890.531772419810295, 2688362.800564927980304 ], [ 10218900.925098543986678, 2688367.480086791794747 ], [ 10218908.683300729840994, 2688369.3619942991063 ], [ 10218917.346990825608373, 2688370.034408910665661 ], [ 10218926.352486595511436, 2688370.705169660039246 ], [ 10218935.870744962245226, 2688371.373232102021575 ], [ 10218945.619042109698057, 2688372.441606488078833 ], [ 10218955.709036588668823, 2688373.508325186558068 ], [ 10218958.902960259467363, 2688374.151557900942862 ], [ 10218967.436053982004523, 2688382.74182678386569 ], [ 10218977.274597326293588, 2688390.350057676434517 ], [ 10218987.17106532305479, 2688398.13008373323828 ], [ 10218997.181405410170555, 2688405.909411018248647 ], [ 10219007.194782059639692, 2688414.262592278420925 ], [ 10219017.3796012327075, 2688422.729563923552632 ], [ 10219030.25179878436029, 2688433.075854395050555 ], [ 10219043.124121814966202, 2688443.422140967100859 ], [ 10219055.99646139703691, 2688453.768423677422106 ], [ 10219068.980928430333734, 2688463.769931755494326 ], [ 10219081.795146614313126, 2688473.886989526450634 ], [ 10219094.154185747727752, 2688484.121230612043291 ], [ 10219106.626281801611185, 2688494.18273412482813 ], [ 10219118.928603874519467, 2688504.474626562558115 ], [ 10219131.686484113335609, 2688514.706746126059443 ], [ 10219144.444380559027195, 2688524.93886189814657 ], [ 10219156.974110497161746, 2688535.114840279333293 ], [ 10219169.330558534711599, 2688544.832728737499565 ], [ 10219181.51582464762032, 2688554.494021690450609 ], [ 10219193.644466018304229, 2688564.213078934233636 ], [ 10219206.229625072330236, 2688573.500121660064906 ], [ 10219202.721764374524355, 2688589.120488257613033 ], [ 10219198.94359528273344, 2688604.516547294333577 ], [ 10219197.230932058766484, 2688611.637805917765945 ], [ 10219189.577361101284623, 2688614.63530241092667 ], [ 10219182.056718170642853, 2688617.315956227481365 ], [ 10219174.759971532970667, 2688619.950285763014108 ], [ 10219167.913808142766356, 2688622.988800131715834 ], [ 10219160.66685438901186, 2688626.571183835156262 ], [ 10219153.150296753272414, 2688630.06457196502015 ], [ 10219146.038027917966247, 2688633.691501976922154 ], [ 10219138.524733575060964, 2688637.817264261189848 ], [ 10219130.652159743010998, 2688641.854500166140497 ], [ 10219122.420882238075137, 2688645.893502098042518 ], [ 10219114.055033752694726, 2688649.933314745314419 ], [ 10219105.823405569419265, 2688653.927273199427873 ], [ 10219097.861374055966735, 2688658.010003405623138 ], [ 10219090.07879751175642, 2688662.091901351232082 ], [ 10219082.5651331897825, 2688666.172497952822596 ], [ 10219074.871523762121797, 2688670.118481405079365 ], [ 10219066.997751351445913, 2688673.929851377382874 ], [ 10219058.899375304579735, 2688677.65209831437096 ], [ 10219051.070254154503345, 2688681.418080973438919 ], [ 10219043.50992151722312, 2688685.137616056017578 ], [ 10219036.218953050673008, 2688688.900778046809137 ], [ 10219028.793413957580924, 2688692.664750802796334 ], [ 10219021.367980351671576, 2688696.428720923140645 ], [ 10219013.404040766879916, 2688700.150246350094676 ], [ 10219006.070964567363262, 2688704.455611772835255 ], [ 10218997.883007967844605, 2688708.2234503980726 ], [ 10218990.099573349580169, 2688712.169762519653887 ], [ 10218981.957200588658452, 2688716.072910013608634 ], [ 10218974.264474969357252, 2688720.199443887919188 ], [ 10218966.212935006245971, 2688724.327850092202425 ], [ 10218957.892022747546434, 2688728.412512691691518 ], [ 10218949.43664763122797, 2688732.497874929569662 ], [ 10218941.383464101701975, 2688736.310134812258184 ], [ 10218933.238737467676401, 2688739.761576324235648 ], [ 10218925.72231050953269, 2688743.300137905869633 ], [ 10218918.340680899098516, 2688746.883140795864165 ], [ 10218910.960103647783399, 2688750.691984702367336 ], [ 10218903.220820723101497, 2688754.502590045332909 ], [ 10218895.570852952077985, 2688758.222540059592575 ], [ 10218887.832261366769671, 2688762.168689794372767 ], [ 10218880.184040045365691, 2688766.249809013213962 ], [ 10218872.444742346182466, 2688770.060403070412576 ], [ 10218864.616463728249073, 2688774.007012611720711 ], [ 10218856.834128448739648, 2688778.179119651671499 ], [ 10218848.691689886152744, 2688782.082105333916843 ], [ 10218840.778705462813377, 2688786.268057046458125 ], [ 10218836.912647152319551, 2688788.351358823012561 ], [ 10218833.245995545759797, 2688790.455742912832648 ], [ 10218829.28924923017621, 2688792.115655932109803 ], [ 10218825.621549574658275, 2688794.019397923722863 ], [ 10218821.953841757029295, 2688795.900894543621689 ], [ 10218818.2862493339926, 2688797.804635274689645 ], [ 10218814.552421610802412, 2688799.753325045574456 ], [ 10218810.706848712638021, 2688801.524092885665596 ], [ 10218806.884200619533658, 2688803.428649765904993 ], [ 10218802.950737109407783, 2688805.333790353033692 ], [ 10218799.017846470698714, 2688807.328018682543188 ], [ 10218794.950982471928, 2688809.144660795573145 ], [ 10218790.865802675485611, 2688811.268680579494685 ], [ 10218781.345485897734761, 2688815.793740810360759 ], [ 10218771.777149632573128, 2688820.774118381552398 ], [ 10218762.158450594171882, 2688825.704320382792503 ], [ 10218752.690097300335765, 2688830.583075901027769 ], [ 10218743.523128034546971, 2688835.46030468121171 ], [ 10218733.69906840287149, 2688839.531779075041413 ], [ 10218725.180574743077159, 2688843.545843479689211 ], [ 10218716.763928636908531, 2688847.812235162127763 ], [ 10218708.046699164435267, 2688852.231914165429771 ], [ 10218698.826570902019739, 2688856.553129322826862 ], [ 10218690.008868364617229, 2688860.973381138406694 ], [ 10218681.393023876473308, 2688865.594863945618272 ], [ 10218672.021951571106911, 2688869.866146908607334 ], [ 10218662.853422863408923, 2688874.439912775531411 ], [ 10218653.68535677716136, 2688879.11481745634228 ], [ 10218644.617748910561204, 2688883.789138258900493 ], [ 10218635.349208623170853, 2688888.464615048840642 ], [ 10218626.382053790614009, 2688893.138457864988595 ], [ 10218617.263855511322618, 2688897.762485622428358 ], [ 10218608.347155882045627, 2688902.486712126992643 ], [ 10218598.977896794676781, 2688907.112017014995217 ], [ 10218589.659674298018217, 2688911.888851994182914 ], [ 10218580.290871718898416, 2688916.615291625726968 ], [ 10218570.517762951552868, 2688920.838001025374979 ], [ 10218563.603476319462061, 2688924.236964484211057 ], [ 10218557.65880842320621, 2688930.665427040308714 ], [ 10218552.021787479519844, 2688938.306198524311185 ], [ 10218548.919126009568572, 2688950.485905849374831 ], [ 10218545.105659477412701, 2688961.151979362592101 ], [ 10218539.057719456031919, 2688967.024576083291322 ], [ 10218534.16453648544848, 2688972.79018960846588 ], [ 10218528.669250011444092, 2688978.660093701910228 ], [ 10218523.227569628506899, 2688985.23776750266552 ], [ 10218517.63842611759901, 2688992.423117064405233 ], [ 10218511.498809674754739, 2689000.0159533014521 ], [ 10218505.108026538044214, 2689007.609964470844716 ], [ 10218498.518627408891916, 2689015.660335974302143 ], [ 10218491.629337701946497, 2689024.015548076946288 ], [ 10218484.491773726418614, 2689032.928499574773014 ], [ 10218477.254779674112797, 2689042.044209736399353 ], [ 10218469.867422832176089, 2689051.211361916735768 ], [ 10218462.330060482025146, 2689060.530880826059729 ], [ 10218454.139777606353164, 2689069.853779941797256 ], [ 10218446.853217234835029, 2689079.121612061746418 ], [ 10218439.416526600718498, 2689088.491184267681092 ], [ 10218431.678774796426296, 2689097.913011556025594 ], [ 10218423.640660755336285, 2689107.538645559921861 ], [ 10218415.654044421389699, 2689117.416852693073452 ], [ 10218407.516720656305552, 2689127.295874718111008 ], [ 10218399.532291695475578, 2689137.629400021396577 ], [ 10218391.397030491381884, 2689147.913004025816917 ], [ 10218383.010595681145787, 2689158.197891804389656 ], [ 10218374.625191319733858, 2689168.685180480591953 ], [ 10218365.988845465704799, 2689179.224270214792341 ], [ 10218356.255928132683039, 2689191.438117009587586 ], [ 10218346.119859993457794, 2689203.401033805217594 ], [ 10218336.436105156317353, 2689215.412253021728247 ], [ 10218327.002459652721882, 2689227.219904730096459 ], [ 10218319.907773327082396, 2689234.716519793029875 ], [ 10218327.19967576675117, 2689246.337381997145712 ], [ 10218332.767454404383898, 2689254.73011535871774 ], [ 10218337.911847906187177, 2689258.876517627388239 ], [ 10218343.360189247876406, 2689263.527130191214383 ], [ 10218349.263644075021148, 2689268.78228608565405 ], [ 10218358.900222348049283, 2689277.204700836911798 ], [ 10218364.648358143866062, 2689281.550360088702291 ], [ 10218362.951219670474529, 2689303.484658707864583 ], [ 10218363.824888097122312, 2689317.313295200932771 ], [ 10218366.717626934871078, 2689333.104198123328388 ], [ 10218368.761953676119447, 2689349.961513075046241 ], [ 10218367.87490145303309, 2689363.242909996770322 ], [ 10218367.873184539377689, 2689372.827453085687011 ], [ 10218361.240745056420565, 2689382.344853752758354 ], [ 10218355.261564576998353, 2689391.909510551020503 ], [ 10218349.633668893948197, 2689401.421793476678431 ], [ 10218342.950041657313704, 2689410.737145275808871 ], [ 10218339.150107156485319, 2689424.134637513197958 ], [ 10218337.013665558770299, 2689438.686880342196673 ], [ 10218334.524544512853026, 2689453.038592311087996 ], [ 10218330.528286848217249, 2689467.347591524478048 ], [ 10218327.033550951629877, 2689481.502156951930374 ], [ 10218325.457358399406075, 2689485.968645237386227 ], [ 10218323.462530601769686, 2689490.85990082565695 ], [ 10218321.678929211571813, 2689495.919088066089898 ], [ 10218319.685372538864613, 2689501.063815583940595 ], [ 10218317.608274448662996, 2689506.335797496605664 ], [ 10218315.530823176726699, 2689511.523290957789868 ], [ 10218313.833304144442081, 2689516.962389112450182 ], [ 10218311.420646086335182, 2689522.447399145457894 ], [ 10218309.218510683625937, 2689527.931361670605838 ], [ 10218307.227032009512186, 2689533.49876678455621 ], [ 10218305.697631672024727, 2689538.894754368811846 ], [ 10218304.926485825330019, 2689544.498072081245482 ], [ 10218304.156261013820767, 2689550.270590969827026 ], [ 10218303.260312337428331, 2689556.12818742217496 ], [ 10218302.027654150500894, 2689561.987420347053558 ], [ 10218300.964731816202402, 2689568.099527707323432 ], [ 10218299.817116152495146, 2689574.127391310874373 ], [ 10218299.383840087801218, 2689579.982666780240834 ], [ 10218298.615806257352233, 2689586.177758745849133 ], [ 10218297.849166378378868, 2689592.668514234479517 ], [ 10218297.040112739428878, 2689599.075123236980289 ], [ 10218296.399765033274889, 2689605.565298332367092 ], [ 10218295.802521150559187, 2689612.266634630504996 ], [ 10218293.253473158925772, 2689615.723832285031676 ], [ 10218285.880397539585829, 2689622.079468664713204 ], [ 10218278.593863628804684, 2689628.89950275560841 ], [ 10218271.097367389127612, 2689635.80518496921286 ], [ 10218263.896447094157338, 2689642.92063617054373 ], [ 10218256.31708737462759, 2689650.080252291634679 ], [ 10218248.443059395998716, 2689657.199079137761146 ], [ 10218240.737271003425121, 2689664.317088683135808 ], [ 10218233.24305622279644, 2689671.687631325330585 ], [ 10218225.033447057008743, 2689679.019480209331959 ], [ 10218216.824411910027266, 2689686.478119148872793 ], [ 10218208.701103469356894, 2689694.232176541350782 ], [ 10218199.859637470915914, 2689701.440484156366438 ], [ 10218192.784260261803865, 2689708.428446548525244 ], [ 10218188.853978941217065, 2689713.329629704821855 ], [ 10218184.771625567227602, 2689721.443380957935005 ], [ 10218180.435056839138269, 2689729.220340343657881 ], [ 10218176.603443717584014, 2689736.994745071046054 ], [ 10218172.772868094965816, 2689744.980435042176396 ], [ 10218168.731870401650667, 2689752.967175181955099 ], [ 10218164.60570383630693, 2689760.743098184000701 ], [ 10218160.774075586348772, 2689768.517514152918011 ], [ 10218156.940482646226883, 2689775.911558004561812 ], [ 10218153.318575799465179, 2689783.558031158521771 ], [ 10218149.442453950643539, 2689790.867820051964372 ], [ 10218145.565057773143053, 2689797.924027626868337 ], [ 10218141.940829019993544, 2689805.105751107446849 ], [ 10218138.696195971220732, 2689812.496788526885211 ], [ 10218135.157585589215159, 2689819.973938876297325 ], [ 10218130.94507123529911, 2689827.327671046368778 ], [ 10218127.364972667768598, 2689834.931740257423371 ], [ 10218123.783830160275102, 2689842.324528466910124 ], [ 10218119.993184424936771, 2689849.887458581943065 ], [ 10218116.160823794081807, 2689857.535114140249789 ], [ 10218112.413624241948128, 2689865.393594075925648 ], [ 10218108.498051455244422, 2689873.210700968746096 ], [ 10218104.288281271234155, 2689881.113920676987618 ], [ 10218100.247675200924277, 2689889.185202108230442 ], [ 10218096.417485265061259, 2689897.255440321750939 ], [ 10218092.544309930875897, 2689905.156928972806782 ], [ 10218088.838339790701866, 2689912.846211322117597 ], [ 10218085.17534763365984, 2689920.704249262809753 ], [ 10218081.301350919529796, 2689928.436652883887291 ], [ 10218077.257722401991487, 2689935.916397924069315 ], [ 10218073.634012566879392, 2689943.224959779530764 ], [ 10218070.009489331394434, 2689950.364430199377239 ], [ 10218066.596084935590625, 2689957.671841533854604 ], [ 10218063.013617780059576, 2689964.811195232905447 ], [ 10218059.387706514447927, 2689971.697086389642209 ], [ 10218055.763400295749307, 2689978.878867019433528 ], [ 10218052.182773174718022, 2689986.398497872520238 ], [ 10218048.434702591970563, 2689994.087930681649595 ], [ 10218044.433334570378065, 2690001.60976751986891 ], [ 10218040.768680982291698, 2690009.129758746363223 ], [ 10218037.145518228411674, 2690016.5651387386024 ], [ 10218033.439725741744041, 2690024.296761926263571 ], [ 10218029.607282577082515, 2690031.944478698074818 ], [ 10218025.523040046915412, 2690039.7201585220173 ], [ 10218021.269733486697078, 2690047.327779506333172 ], [ 10218017.353274408727884, 2690055.018157679121941 ], [ 10218013.523003598675132, 2690063.088567821774632 ], [ 10218009.733752496540546, 2690070.947353830095381 ], [ 10218005.987140268087387, 2690078.932705828454345 ], [ 10218002.198691211640835, 2690086.960593 ], [ 10217998.450114225968719, 2690094.56556869763881 ], [ 10217994.910917712375522, 2690101.958324654493481 ], [ 10217990.950980959460139, 2690109.353063229471445 ], [ 10217986.992079399526119, 2690116.959201097022742 ], [ 10217983.033633191138506, 2690124.649834581650794 ], [ 10217979.32801940664649, 2690132.423688292969018 ], [ 10217975.580689275637269, 2690140.282378462608904 ], [ 10217971.706816706806421, 2690148.057051637675613 ], [ 10217967.622516855597496, 2690155.832881714217365 ], [ 10217962.948304988443851, 2690163.442740091122687 ], [ 10217958.358673550188541, 2690171.136522783897817 ], [ 10217953.559531763195992, 2690179.000557944644243 ], [ 10217948.927828436717391, 2690186.694685641676188 ], [ 10217944.546651737764478, 2690194.007155924569815 ], [ 10217941.809359593316913, 2690201.902850315906107 ], [ 10217939.114586696028709, 2690209.882920389063656 ], [ 10217936.335684973746538, 2690217.863455389160663 ], [ 10217933.598264325410128, 2690225.716967915650457 ], [ 10217930.94450842961669, 2690233.485528705175966 ], [ 10217928.58473315089941, 2690241.167984139639884 ], [ 10217926.266777954995632, 2690248.765827970113605 ], [ 10217923.780458886176348, 2690256.364488266874105 ], [ 10217920.070875326171517, 2690263.377728031948209 ], [ 10217917.117715509608388, 2690270.175857026595622 ], [ 10217913.492820033803582, 2690277.273133668117225 ], [ 10217908.345955228433013, 2690282.941334434319288 ], [ 10217898.123906575143337, 2690291.805033737327904 ], [ 10217902.452745111659169, 2690299.157686297316104 ], [ 10217904.324113015085459, 2690303.141877545509487 ], [ 10217903.896309796720743, 2690310.096155507024378 ], [ 10217904.520995706319809, 2690317.171904286835343 ], [ 10217905.862244285643101, 2690324.497545930556953 ], [ 10217907.454716244712472, 2690331.568324402440339 ], [ 10217909.257965281605721, 2690338.722556208260357 ], [ 10217910.850101789459586, 2690345.75103863235563 ], [ 10217912.567271804437041, 2690352.525458778254688 ], [ 10217912.605500286445022, 2690360.111311188898981 ], [ 10217913.905151447281241, 2690367.521696457639337 ], [ 10217915.080230304971337, 2690375.270754457451403 ], [ 10217916.674787187948823, 2690382.764245173428208 ], [ 10217918.310950290411711, 2690390.172904491890222 ], [ 10217920.031001187860966, 2690397.496611083392054 ], [ 10217916.535382848232985, 2690405.227344235405326 ], [ 10217914.091557435691357, 2690412.910339929163456 ], [ 10217911.857818394899368, 2690420.550102602690458 ], [ 10217911.43404633551836, 2690428.307403822429478 ], [ 10217911.472274528816342, 2690435.893291553016752 ], [ 10217912.522892206907272, 2690443.981162700336426 ], [ 10217912.562279215082526, 2690451.820651583373547 ], [ 10217913.821141308173537, 2690459.484793638810515 ], [ 10217915.584649030119181, 2690467.104197504464537 ], [ 10217917.515375526621938, 2690474.511499616783112 ], [ 10217918.941688304767013, 2690482.005739337299019 ], [ 10217920.873565085232258, 2690489.62433994654566 ], [ 10217923.100119745358825, 2690497.283631240483373 ], [ 10217925.998998174443841, 2690504.77046350762248 ], [ 10217928.344023643061519, 2690510.865417245775461 ], [ 10217928.369017541408539, 2690515.831118947826326 ], [ 10217928.409559519961476, 2690523.881934951525182 ], [ 10217927.766879482194781, 2690542.54800789244473 ], [ 10217927.826768836006522, 2690554.434220989234746 ], [ 10217928.845646446570754, 2690566.375742952339351 ], [ 10217927.565396424382925, 2690573.935535259079188 ], [ 10217925.111975150182843, 2690586.496561716776341 ], [ 10217922.23818732239306, 2690598.879186822567135 ], [ 10217919.427327221259475, 2690611.863465587142855 ], [ 10217916.25580095499754, 2690624.608722158707678 ], [ 10217913.265232488512993, 2690637.593836642801762 ], [ 10217913.299896175041795, 2690644.484896402340382 ], [ 10217914.673439020290971, 2690655.461753965355456 ], [ 10217916.225871462374926, 2690666.257084347773343 ], [ 10217917.416847802698612, 2690676.693165908101946 ], [ 10217916.00530437938869, 2690681.966609398834407 ], [ 10217912.703294336795807, 2690692.606128432322294 ], [ 10217909.222391735762358, 2690703.427078927401453 ], [ 10217905.62321874126792, 2690714.549668169114739 ], [ 10217902.024618096649647, 2690725.792597266379744 ], [ 10217898.366076070815325, 2690737.035878415219486 ], [ 10217894.947508733719587, 2690748.338062370195985 ], [ 10217891.407566079869866, 2690759.339891117066145 ], [ 10217887.806761799380183, 2690770.161571483127773 ], [ 10217884.142444040626287, 2690780.261383230332285 ], [ 10217880.475126886740327, 2690789.759313507471234 ], [ 10217875.987649369984865, 2690803.308817997574806 ], [ 10217870.565762961283326, 2690821.995901569724083 ], [ 10217864.451779099181294, 2690835.872569064144045 ], [ 10217862.365825556218624, 2690840.199460112955421 ], [ 10217860.467661593109369, 2690844.619565740693361 ], [ 10217858.54606044664979, 2690849.016115980688483 ], [ 10217856.530277911573648, 2690853.319208925124258 ], [ 10217854.02463830076158, 2690858.00108209438622 ], [ 10217851.402308899909258, 2690862.777567310724407 ], [ 10217849.107310889288783, 2690867.434836590196937 ], [ 10217845.641381949186325, 2690879.132748150732368 ], [ 10217845.699950562790036, 2690890.782593805808574 ], [ 10217844.004906831309199, 2690903.392417731229216 ], [ 10217844.067614348605275, 2690915.857442704960704 ], [ 10217842.703930037096143, 2690927.107019809540361 ], [ 10217838.685468496754766, 2690935.511476847808808 ], [ 10217832.812771245837212, 2690943.12592911766842 ], [ 10217821.100238678976893, 2690954.524824402760714 ], [ 10217820.003644803538918, 2690975.278960170224309 ], [ 10217802.157492762431502, 2691008.905357562471181 ], [ 10217786.47798820771277, 2691043.485804221127182 ], [ 10217776.289007153362036, 2691071.282979730516672 ], [ 10217784.990656793117523, 2691082.095554786734283 ], [ 10217791.963659236207604, 2691131.278159541077912 ], [ 10217799.670608658343554, 2691183.111078838352114 ], [ 10217807.370251569896936, 2691233.496610302012414 ], [ 10217814.339710112661123, 2691281.955885841976851 ], [ 10217821.793270224705338, 2691331.136651247739792 ], [ 10217828.764077611267567, 2691379.837434822693467 ], [ 10217835.976272979751229, 2691428.778425055090338 ], [ 10217843.921283518895507, 2691480.128549186512828 ], [ 10217853.556212684139609, 2691533.15906929736957 ], [ 10217861.74520611576736, 2691585.232033436652273 ], [ 10217870.410961320623755, 2691636.578935816884041 ], [ 10217879.805985551327467, 2691689.611220126971602 ], [ 10217881.286080338060856, 2691699.404860746581107 ], [ 10217752.371389463543892, 2691815.752606206107885 ], [ 10217655.665878998115659, 2691900.387570203281939 ], [ 10217589.91464277356863, 2691959.170110010541975 ], [ 10217544.500708488747478, 2692000.096567301545292 ], [ 10217499.541758602485061, 2692040.084692755248398 ], [ 10217442.214057205244899, 2692090.968631811439991 ], [ 10217386.258417621254921, 2692141.300015932880342 ], [ 10217338.726395541802049, 2692183.540444888174534 ], [ 10217289.275474149733782, 2692227.362865770235658 ], [ 10217243.940473031252623, 2692268.392807529307902 ], [ 10217198.694138621911407, 2692308.30496423644945 ], [ 10217189.526089191436768, 2692334.737917961552739 ], [ 10217180.863933490589261, 2692349.094506573397666 ], [ 10217171.268088819459081, 2692360.593277608975768 ], [ 10217161.7687809150666, 2692373.014896548353136 ], [ 10217152.537323679775, 2692383.865391046274453 ], [ 10217143.582264298573136, 2692394.806906451005489 ], [ 10217134.619780613109469, 2692404.270958241075277 ], [ 10217126.21343163587153, 2692414.655563586391509 ], [ 10217118.910800449550152, 2692425.126950470265001 ], [ 10217111.60770346596837, 2692435.506053752265871 ], [ 10217104.027035273611546, 2692445.517169536091387 ], [ 10217096.631022028625011, 2692455.712054043542594 ], [ 10217089.23271849565208, 2692465.445286469999701 ], [ 10217081.836686728522182, 2692475.640176612883806 ], [ 10217074.44064555130899, 2692485.834960084874183 ], [ 10217067.044595036655664, 2692496.029856157954782 ], [ 10217059.648535149171948, 2692506.22475516051054 ], [ 10217052.252574868500233, 2692516.419657115358859 ], [ 10217044.580193242058158, 2692526.523650154471397 ], [ 10217036.910646280273795, 2692537.181590422522277 ], [ 10217029.054947992786765, 2692547.378793527372181 ], [ 10217021.385380832478404, 2692558.036849608179182 ], [ 10217013.529206765815616, 2692568.141770367510617 ], [ 10217005.673478530719876, 2692578.33898135041818 ], [ 10216998.834050618112087, 2692589.546868370845914 ], [ 10216993.556132582947612, 2692600.469777414109558 ], [ 10216988.27764280885458, 2692611.300513659138232 ], [ 10216982.631984865292907, 2692622.225376164540648 ], [ 10216977.910645069554448, 2692634.161379797384143 ], [ 10216973.831051440909505, 2692645.724702265113592 ], [ 10216971.021531447768211, 2692653.865089796483517 ], [ 10216958.21589058637619, 2692667.042158018331975 ], [ 10216942.003126349300146, 2692685.872347475495189 ], [ 10216931.783164136111736, 2692711.925107514951378 ], [ 10216931.229585967957973, 2692713.370824826415628 ], [ 10216926.857146713882685, 2692717.407900404185057 ], [ 10216922.738396465778351, 2692722.32199388789013 ], [ 10216917.262315340340137, 2692729.940588199999183 ], [ 10216914.978363074362278, 2692740.491695993114263 ], [ 10216914.009075436741114, 2692752.290844746399671 ], [ 10216912.916129644960165, 2692764.310337823349983 ], [ 10216913.069703407585621, 2692776.386243981309235 ], [ 10216913.534543946385384, 2692788.429211424663663 ], [ 10216915.242385767400265, 2692799.8385065253824 ], [ 10216915.718945175409317, 2692807.960402557626367 ], [ 10216915.0207609962672, 2692817.907619746867567 ], [ 10216913.327240785583854, 2692828.173461777158082 ], [ 10216910.78309310041368, 2692836.530238996259868 ], [ 10216907.583080887794495, 2692844.545182981528342 ], [ 10216905.343818252906203, 2692851.551540018059313 ], [ 10216900.392146339640021, 2692858.132315264083445 ], [ 10216894.14251152984798, 2692866.821445072069764 ], [ 10216888.725637415423989, 2692873.812362243887037 ], [ 10216884.840382114052773, 2692888.135822380892932 ], [ 10216880.866827134042978, 2692903.463539085350931 ], [ 10216876.704987047240138, 2692918.541183290071785 ], [ 10216872.698886090889573, 2692933.618040742352605 ], [ 10216868.569452254101634, 2692948.946487313136458 ], [ 10216864.342739207670093, 2692963.491268929094076 ], [ 10216861.589207408949733, 2692973.60582914063707 ], [ 10216844.632435284554958, 2692989.511419840622693 ], [ 10216835.994332073256373, 2692995.694235710892826 ], [ 10216828.029796095564961, 2693001.395072278566658 ], [ 10216814.508651353418827, 2693000.388562198262662 ], [ 10216809.846600530669093, 2693000.041513443924487 ], [ 10216792.490438485518098, 2693004.704173502046615 ], [ 10216776.103752806782722, 2693027.985497125424445 ], [ 10216759.641212536022067, 2693052.069846386555582 ], [ 10216742.699466260150075, 2693075.996034811250865 ], [ 10216735.348445760086179, 2693088.716200890485197 ], [ 10216727.072592759504914, 2693107.384497351478785 ], [ 10216726.426342224702239, 2693108.842208538670093 ], [ 10216726.360758470371366, 2693108.990193957462907 ], [ 10216721.473488790914416, 2693120.172838740050793 ], [ 10216674.333984289318323, 2693155.596038738265634 ], [ 10216627.18969957344234, 2693248.829200289212167 ], [ 10216597.038237230852246, 2693312.266475662589073 ], [ 10216568.143833821639419, 2693371.354889485519379 ], [ 10216540.206482041627169, 2693425.585751328617334 ], [ 10216521.84042027965188, 2693464.761674899142236 ], [ 10216503.609539052471519, 2693467.023712656926364 ], [ 10216491.429698061197996, 2693485.619493013247848 ], [ 10216480.298358432948589, 2693515.063818062189966 ], [ 10216438.779339633882046, 2693637.168211339972913 ], [ 10216376.000424206256866, 2693819.994878775440156 ], [ 10216356.719532901421189, 2693878.368803422432393 ], [ 10216339.073848150670528, 2693932.059229873120785 ], [ 10216326.327232444658875, 2693970.362631014082581 ], [ 10216323.097058024257421, 2693987.912230079993606 ], [ 10216299.0470558591187, 2694020.928540130145848 ], [ 10216274.594402467831969, 2694039.586087803356349 ], [ 10216244.202806327491999, 2694064.61876837676391 ], [ 10216213.474473526701331, 2694088.651132057886571 ], [ 10216183.084378821775317, 2694114.017661365214735 ], [ 10216123.622299944981933, 2694163.074309859424829 ], [ 10216093.888647582381964, 2694187.101604789961129 ], [ 10216035.746234752237797, 2694234.815568406600505 ], [ 10216001.707053810358047, 2694260.2001948277466 ], [ 10215967.643145291134715, 2694280.575181474909186 ], [ 10215899.752404313534498, 2694302.120140319690108 ], [ 10215872.586421700194478, 2694308.767572167795151 ], [ 10215847.832244081422687, 2694333.771905017551035 ], [ 10215824.308115523308516, 2694339.065296662505716 ], [ 10215820.105261106044054, 2694361.295782295055687 ], [ 10215805.910833429545164, 2694375.226359011605382 ], [ 10215763.941555632278323, 2694406.99563028011471 ], [ 10215738.175736662000418, 2694428.66506324801594 ], [ 10215710.174759326502681, 2694468.046686559449881 ], [ 10215692.968726061284542, 2694476.648451955989003 ], [ 10215678.457180637866259, 2694493.586439679376781 ], [ 10215641.859766, 2694538.688273103907704 ], [ 10215599.265629934147, 2694578.476144583895802 ], [ 10215582.453309275209904, 2694599.767314422875643 ], [ 10215552.520995760336518, 2694651.348986813798547 ], [ 10215486.435380086302757, 2694771.242893637623638 ], [ 10215424.301350736990571, 2694885.440155338030308 ], [ 10215362.468797609210014, 2694993.624523817095906 ], [ 10215336.17483077198267, 2695043.352147685363889 ], [ 10215313.488724678754807, 2695084.712215695530176 ], [ 10215295.389374742284417, 2695114.359984054230154 ], [ 10215291.811431178823113, 2695128.90643424121663 ], [ 10215235.853391770273447, 2695217.691118911840022 ], [ 10215205.252175787463784, 2695268.609410997014493 ], [ 10215148.964800916612148, 2695358.064172582235187 ], [ 10214888.073868028819561, 2695780.532904428895563 ], [ 10214880.138246655464172, 2695791.877350650262088 ], [ 10214863.663156079128385, 2695803.679976929910481 ], [ 10214861.435044430196285, 2695827.203791726380587 ], [ 10214854.728504069149494, 2695864.760351218748838 ], [ 10214844.787470739334822, 2695917.175804181955755 ], [ 10214826.427441759034991, 2696023.387085258029401 ], [ 10214796.897216180339456, 2696184.379691273905337 ], [ 10214766.825412975624204, 2696347.457415744662285 ], [ 10214748.387109339237213, 2696437.718372335657477 ], [ 10214737.744448507204652, 2696487.642079867422581 ], [ 10214727.09906505420804, 2696537.011084876954556 ], [ 10214716.460920754820108, 2696587.906099105719477 ], [ 10214705.550547054037452, 2696639.496248693205416 ], [ 10214694.50971900112927, 2696692.6130984374322 ], [ 10214682.779945338144898, 2696745.733561363071203 ], [ 10214671.465475553646684, 2696799.268357844557613 ], [ 10214663.663999540731311, 2696838.497219508513808 ], [ 10214635.270651459693909, 2696836.208132948260754 ], [ 10214611.332357844337821, 2696843.469606390222907 ], [ 10214599.912073295563459, 2696846.646792396437377 ], [ 10214585.163764104247093, 2696845.400876390747726 ], [ 10214564.759610079228878, 2696871.234685253351927 ], [ 10214535.048078302294016, 2696881.298792431131005 ], [ 10214512.771634817123413, 2696890.355413065757602 ], [ 10214497.1919806599617, 2696888.14248398784548 ], [ 10214466.233024476096034, 2696896.686460870783776 ], [ 10214451.875961542129517, 2696919.438573082908988 ], [ 10214430.828704120591283, 2696954.84778155433014 ], [ 10214413.804975714534521, 2696967.485688340384513 ], [ 10214399.608938256278634, 2696995.092607414349914 ], [ 10214372.685991171747446, 2697012.079382050316781 ], [ 10214357.691138232126832, 2697045.516916330903769 ], [ 10214347.194923087954521, 2697068.944086544215679 ], [ 10214323.716233374550939, 2697085.91402037627995 ], [ 10214299.693670604377985, 2697104.41272841533646 ], [ 10214280.199738474562764, 2697119.14356836816296 ], [ 10214257.291246507316828, 2697140.133905130438507 ], [ 10214232.895925257354975, 2697167.09696747828275 ], [ 10214219.73184509575367, 2697208.849577465094626 ], [ 10214202.506832048296928, 2697237.026419817470014 ], [ 10214184.875060029327869, 2697266.592630956321955 ], [ 10214170.677596405148506, 2697294.06105290632695 ], [ 10214157.935143012553453, 2697308.897893867921084 ], [ 10214142.528356960043311, 2697342.754009759053588 ], [ 10214122.192044148221612, 2697383.015844673383981 ], [ 10214100.735316295176744, 2697419.537372517865151 ], [ 10214086.656824864447117, 2697443.120936676859856 ], [ 10214061.145935297012329, 2697467.453716549556702 ], [ 10214049.074813095852733, 2697478.680206566583365 ], [ 10214037.28112056106329, 2697519.039584687910974 ], [ 10214024.544899243861437, 2697563.98178120655939 ], [ 10213999.371609296649694, 2697601.354050270281732 ], [ 10214000.420024255290627, 2697647.617010717280209 ], [ 10213989.870821187272668, 2697688.941790893673897 ], [ 10213970.574749324470758, 2697716.435553445015103 ], [ 10213957.767339972779155, 2697717.815589761827141 ], [ 10213937.410353085026145, 2697725.197833789512515 ], [ 10213928.09066816046834, 2697735.578798334579915 ], [ 10213906.628138232976198, 2697742.27260410785675 ], [ 10213888.330618062987924, 2697748.118688723538071 ], [ 10213884.549369709566236, 2697764.161037185229361 ], [ 10213860.107382884249091, 2697781.69063756428659 ], [ 10213852.829088896512985, 2697786.789722673594952 ], [ 10213828.172209667041898, 2697788.226885282434523 ], [ 10213803.792249115183949, 2697789.94030019082129 ], [ 10213772.944830687716603, 2697793.418980853166431 ], [ 10213746.404666814953089, 2697804.438100461382419 ], [ 10213720.450757198035717, 2697822.807177227456123 ], [ 10213709.332409802824259, 2697831.670661576092243 ], [ 10213685.522047976031899, 2697837.265735662076622 ], [ 10213663.941998606547713, 2697848.260696810204536 ], [ 10213667.129078913480043, 2697880.917870505712926 ], [ 10213667.176834005862474, 2697881.329354204703122 ], [ 10213667.747496722266078, 2697886.242599925026298 ], [ 10213671.727208247408271, 2697920.505106791853905 ], [ 10213676.628598168492317, 2697965.918039867188781 ], [ 10213697.555840233340859, 2698188.401192813646048 ], [ 10213721.322110692039132, 2698424.829136411193758 ], [ 10213741.341958774253726, 2698650.579306405037642 ], [ 10213759.832082692533731, 2698846.102332262322307 ], [ 10213752.480879573151469, 2698897.575492406263947 ], [ 10213762.944965662434697, 2698921.49371635960415 ], [ 10213760.815849846228957, 2698942.42651039082557 ], [ 10213770.50296400859952, 2698970.356522138696164 ], [ 10213749.967222351580858, 2699004.685413669794798 ], [ 10213739.06907694414258, 2699023.255804021842778 ], [ 10213727.022743565961719, 2699068.1253820983693 ], [ 10213714.053012441843748, 2699119.733277293853462 ], [ 10213700.292503176257014, 2699172.467439025640488 ], [ 10213685.906508872285485, 2699227.609688763972372 ], [ 10213670.586466040462255, 2699287.24593946384266 ], [ 10213653.05381559021771, 2699350.420195699203759 ], [ 10213633.049180950969458, 2699429.479392030742019 ], [ 10213610.286400809884071, 2699464.461184053681791 ], [ 10213583.57788765989244, 2699506.83720884192735 ], [ 10213554.814573209732771, 2699552.429958370979875 ], [ 10213533.471203584223986, 2699584.59920001309365 ], [ 10213527.838096790015697, 2699638.8988291551359 ], [ 10213528.802660297602415, 2699674.247672056779265 ], [ 10213522.838562685996294, 2699692.474158250261098 ], [ 10213511.757503323256969, 2699706.23598677944392 ], [ 10213504.700922261923552, 2699729.117522621527314 ], [ 10213497.806455798447132, 2699752.639686916954815 ], [ 10213497.704429928213358, 2699798.094841643702239 ], [ 10213496.442118352279067, 2699900.875568333547562 ], [ 10213495.941702388226986, 2699963.008072490338236 ], [ 10213494.474598517641425, 2700089.681076363660395 ], [ 10213493.119389627128839, 2700206.413556735496968 ], [ 10213478.966787589713931, 2700210.570368365384638 ], [ 10213474.432744909077883, 2700261.659992553293705 ], [ 10213461.621307102963328, 2700313.431029194965959 ], [ 10213464.754769554361701, 2700336.104018652345985 ], [ 10213456.211149862036109, 2700347.769817879423499 ], [ 10213433.839212108403444, 2700398.304421995766461 ], [ 10213435.585414992645383, 2700464.115815801545978 ], [ 10213420.597662543877959, 2700527.121812588069588 ], [ 10213417.931403521448374, 2700535.712933516595513 ], [ 10213416.291654864326119, 2700592.722361145075411 ], [ 10213403.422130407765508, 2700650.532069183886051 ], [ 10213381.90407308191061, 2700690.707497455645353 ], [ 10213368.324634643271565, 2700717.36392201948911 ], [ 10213354.443866174668074, 2700743.890755828469992 ], [ 10213346.03870858438313, 2700759.448761735111475 ], [ 10213357.147777199745178, 2700780.572993644978851 ], [ 10213364.473045060411096, 2700794.074438607320189 ], [ 10213358.756278797984123, 2700823.297742328140885 ], [ 10213353.804501466453075, 2700855.819174629636109 ], [ 10213348.107810003682971, 2700889.287479372229427 ], [ 10213342.133131230250001, 2700923.417547176592052 ], [ 10213335.504371322691441, 2700957.928202784620225 ], [ 10213328.884062232449651, 2700994.231141468510032 ], [ 10213322.831286603584886, 2701031.663473090156913 ], [ 10213308.066167190670967, 2701049.610640197992325 ], [ 10213302.586747985333204, 2701069.6829066099599 ], [ 10213296.564853027462959, 2701093.908455488272011 ], [ 10213293.678294159471989, 2701107.553567929659039 ], [ 10213294.411515248939395, 2701133.727783869486302 ], [ 10213287.619900412857533, 2701153.712176768109202 ], [ 10213279.715626806020737, 2701176.154571677092463 ], [ 10213271.725698819383979, 2701200.295355016831309 ], [ 10213263.55372690781951, 2701225.569105071481317 ], [ 10213254.729940593242645, 2701251.695077503100038 ], [ 10213246.004249081015587, 2701278.763982808217406 ], [ 10213237.093790803104639, 2701306.399780459702015 ], [ 10213227.998672902584076, 2701334.602473041042686 ], [ 10213218.531874941661954, 2701363.467467567883432 ], [ 10213208.597008110955358, 2701392.429002604912966 ], [ 10213198.664384666830301, 2701421.862253548577428 ], [ 10213188.459930617362261, 2701453.277968193870038 ], [ 10213177.696981938555837, 2701485.450965254101902 ], [ 10213167.029398230835795, 2701518.001052641309798 ], [ 10213155.896877136081457, 2701551.307992334943265 ], [ 10213144.678661985322833, 2701586.31361297192052 ], [ 10213132.61983098089695, 2701621.889215868897736 ], [ 10213120.842943280935287, 2701657.652316165156662 ], [ 10213110.819355549290776, 2701687.746734847780317 ], [ 10213093.271931746974587, 2701692.123147738631815 ], [ 10213076.764174969866872, 2701718.19218690181151 ], [ 10213060.52622839435935, 2701741.901544786989689 ], [ 10213039.878285121172667, 2701764.311324378009886 ], [ 10213032.651502357795835, 2701771.657059961929917 ], [ 10213028.767958672717214, 2701812.288184358272702 ], [ 10213013.835337279364467, 2701834.670692204032093 ], [ 10213005.949038753286004, 2701880.887129706796259 ], [ 10213029.363553237169981, 2701908.463415498845279 ], [ 10213037.313634121790528, 2701920.830571702215821 ], [ 10213041.304272724315524, 2701927.038279477972537 ], [ 10213054.001680072396994, 2701947.118823366239667 ], [ 10213055.670645419508219, 2701959.578247762285173 ], [ 10213057.935549363493919, 2701976.486643441952765 ], [ 10213062.718363612890244, 2702007.076806107535958 ], [ 10213067.600398536771536, 2702038.79859746992588 ], [ 10213072.486352629959583, 2702071.369621739722788 ], [ 10213077.286668883636594, 2702105.639164950698614 ], [ 10213082.091990899294615, 2702140.946478119120002 ], [ 10213087.464379051700234, 2702177.288952797651291 ], [ 10213092.652581170201302, 2702214.292705888859928 ], [ 10213095.736013500019908, 2702242.155523594003171 ], [ 10213075.513168903067708, 2702255.507233108393848 ], [ 10213056.358844073489308, 2702257.061217557173222 ], [ 10213044.720055093988776, 2702302.353461305145174 ], [ 10213032.521733542904258, 2702348.214451185893267 ], [ 10213028.136853890493512, 2702362.150820976123214 ], [ 10213012.637537876144052, 2702383.687620455399156 ], [ 10212993.888674143701792, 2702411.560942891985178 ], [ 10212996.014948731288314, 2702435.183391676284373 ], [ 10212998.236748410388827, 2702459.182711999863386 ], [ 10213000.366175098344684, 2702483.465677217114717 ], [ 10212993.130124455317855, 2702508.736714145168662 ], [ 10212985.523231806233525, 2702534.858834583777934 ], [ 10212976.809373958036304, 2702564.66552640683949 ], [ 10212969.786006513983011, 2702575.501400302164257 ], [ 10212961.026655269786716, 2702595.685425671748817 ], [ 10212951.526501437649131, 2702617.759882394224405 ], [ 10212941.938374616205692, 2702641.061168028507382 ], [ 10212929.368260636925697, 2702670.684612552635372 ], [ 10212919.392025258392096, 2702694.522140656597912 ], [ 10212909.025411080569029, 2702719.221719426568598 ], [ 10212898.200385065749288, 2702744.254500101320446 ], [ 10212886.791797311976552, 2702771.010710563510656 ], [ 10212875.389224728569388, 2702799.024156995117664 ], [ 10212863.06768249720335, 2702827.30674497410655 ], [ 10212851.339786138385534, 2702856.049814919941127 ], [ 10212839.087052309885621, 2702884.99393773637712 ], [ 10212826.837297458201647, 2702914.599774372763932 ], [ 10212814.193466745316982, 2702944.27374552609399 ], [ 10212801.483936013653874, 2702973.948086746037006 ], [ 10212788.840011535212398, 2703003.62225594278425 ], [ 10212775.998970862478018, 2703033.297336962074041 ], [ 10212763.420715009793639, 2703062.971159026492387 ], [ 10212750.97512430511415, 2703092.909133414272219 ], [ 10212738.1356664840132, 2703122.981377156917006 ], [ 10212725.10502215847373, 2703154.311980269383639 ], [ 10212712.008563756942749, 2703185.642849018331617 ], [ 10212699.044766062870622, 2703217.237877935636789 ], [ 10212685.753180032595992, 2703249.033101344946772 ], [ 10212671.363618452101946, 2703284.936517929192632 ], [ 10212647.456147879362106, 2703303.645882125012577 ], [ 10212637.023479755967855, 2703311.748727502766997 ], [ 10212608.118510065600276, 2703334.654935749713331 ], [ 10212577.038907788693905, 2703359.035614187829196 ], [ 10212545.527808589860797, 2703384.443270513787866 ], [ 10212524.591230895370245, 2703401.015336722135544 ], [ 10212512.023747529834509, 2703434.532670937944204 ], [ 10212498.752541147172451, 2703473.031753103714436 ], [ 10212484.332203457131982, 2703514.611183918081224 ], [ 10212468.033020310103893, 2703558.6888631246984 ], [ 10212451.602014670148492, 2703605.695860895793885 ], [ 10212434.895192416384816, 2703655.925587085541338 ], [ 10212417.026926258578897, 2703706.600122638046741 ], [ 10212398.731849528849125, 2703759.326898061670363 ], [ 10212379.714244583621621, 2703813.082252802792937 ], [ 10212360.265837203711271, 2703868.011106316465884 ], [ 10212341.11568434163928, 2703924.549511976074427 ], [ 10212320.802639409899712, 2703981.239910893607885 ], [ 10212300.931183634325862, 2704039.099957061931491 ], [ 10212279.765802063047886, 2704100.187623197678477 ], [ 10212299.805500471964478, 2704140.28744772169739 ], [ 10212304.284782189875841, 2704149.564412457402796 ], [ 10212310.612120699137449, 2704180.797056146431714 ], [ 10212316.342702256515622, 2704208.811248869635165 ], [ 10212330.831515105441213, 2704243.665977398399264 ], [ 10212346.644442193210125, 2704281.736054354347289 ], [ 10212364.358219940215349, 2704321.99368493584916 ], [ 10212382.517488883808255, 2704364.152821418829262 ], [ 10212401.263347934931517, 2704407.334358362946659 ], [ 10212421.334676396101713, 2704454.024054297246039 ], [ 10212441.991978269070387, 2704501.58963469369337 ], [ 10212462.654993878677487, 2704550.3266696264036 ], [ 10212464.061729012057185, 2704555.664878116454929 ], [ 10212467.202993677929044, 2704589.69557980960235 ], [ 10212455.85676777921617, 2704604.758840850554407 ], [ 10212455.376585269346833, 2704641.882020756136626 ], [ 10212454.76616607606411, 2704682.227451315615326 ], [ 10212453.157207021489739, 2704695.780201361514628 ], [ 10212456.717668240889907, 2704726.148429319728166 ], [ 10212444.442579921334982, 2704760.252667899243534 ], [ 10212437.324293611571193, 2704777.492581489961594 ], [ 10212438.884927559643984, 2704815.631466104649007 ], [ 10212427.58869338594377, 2704841.384491095785052 ], [ 10212418.161794245243073, 2704862.589228346012533 ], [ 10212422.933636747300625, 2704872.158036899752915 ], [ 10212426.828612709417939, 2704880.852568031754345 ], [ 10212428.569560969248414, 2704895.414638981223106 ], [ 10212421.75025586783886, 2704914.410500943660736 ], [ 10212414.065126590430737, 2704934.874726607929915 ], [ 10212407.116828937083483, 2704957.385718715842813 ], [ 10212386.966450134292245, 2704986.988278870005161 ], [ 10212387.663427276536822, 2705027.035429653711617 ], [ 10212388.054258922114968, 2705063.86259920662269 ], [ 10212382.052763849496841, 2705102.184454057365656 ], [ 10212376.349545024335384, 2705142.115797738078982 ], [ 10212369.776501923799515, 2705182.637198619544506 ], [ 10212364.37926185131073, 2705225.788958011660725 ], [ 10212358.986071402207017, 2705269.819458150770515 ], [ 10212353.013196682557464, 2705314.292198662180454 ], [ 10212347.047801667824388, 2705360.375775698572397 ], [ 10212341.094071505591273, 2705408.948947879485786 ], [ 10212334.56268360465765, 2705458.40370826004073 ], [ 10212327.889934472739697, 2705508.737904323730618 ], [ 10212323.738932719454169, 2705538.558397438842803 ], [ 10212310.460700944066048, 2705576.037234541494399 ], [ 10212302.766851143911481, 2705594.745060615241528 ], [ 10212285.798185966908932, 2705620.67252493230626 ], [ 10212265.937655698508024, 2705650.274740049149841 ], [ 10212251.489487500861287, 2705655.395487253088504 ], [ 10212237.549644015729427, 2705675.890209551900625 ], [ 10212222.31851957552135, 2705700.198684507515281 ], [ 10212206.512497045099735, 2705725.974294521845877 ], [ 10212197.051897086203098, 2705740.150830107741058 ], [ 10212194.951146878302097, 2705760.942266040481627 ], [ 10212190.773925021290779, 2705765.955279214307666 ], [ 10212180.996636282652617, 2705780.121611106209457 ], [ 10212179.479497062042356, 2705786.198679367080331 ], [ 10212173.663336887955666, 2705809.223345457576215 ], [ 10212167.826826373115182, 2705837.773494003806263 ], [ 10212163.303933251649141, 2705869.949238525703549 ], [ 10212161.660900324583054, 2705898.486808207351714 ], [ 10212162.604904290288687, 2705903.018964669667184 ], [ 10212161.872265301644802, 2705918.761651600245386 ], [ 10212158.994714362546802, 2705934.379110514186323 ], [ 10212154.001050848513842, 2705985.719129077158868 ], [ 10212151.487200777977705, 2706008.181622036732733 ], [ 10212148.4543935675174, 2706037.497826010920107 ], [ 10212053.068036701530218, 2706038.692935360595584 ], [ 10212050.927228575572371, 2706068.91239388845861 ], [ 10212046.963537326082587, 2706104.203681833576411 ], [ 10212046.910898804664612, 2706112.923161273822188 ], [ 10212046.230659747496247, 2706124.621190271340311 ], [ 10212042.033537438139319, 2706175.729403753764927 ], [ 10212041.650463059544563, 2706195.082969264592975 ], [ 10212036.942905807867646, 2706239.462046836968511 ], [ 10212032.918002597987652, 2706268.464156824164093 ], [ 10212033.274800837039948, 2706270.802734940778464 ], [ 10212036.169449780136347, 2706274.55392150208354 ], [ 10212048.280166923999786, 2706289.446281376760453 ], [ 10212048.00154216401279, 2706290.935627411585301 ], [ 10212047.164521439000964, 2706294.836197156459093 ], [ 10212047.1722377166152, 2706298.593363375402987 ], [ 10212047.462222384288907, 2706302.704444224014878 ], [ 10212050.805102923884988, 2706319.073075321502984 ], [ 10212051.377992151305079, 2706323.750561367254704 ], [ 10212051.472436353564262, 2706335.518146292772144 ], [ 10212049.501485005021095, 2706350.104906521271914 ], [ 10212042.338192746043205, 2706394.000622628256679 ], [ 10212038.404819784685969, 2706409.985688644926995 ], [ 10212033.942288689315319, 2706431.616385477595031 ], [ 10212038.090813718736172, 2706453.079004846513271 ], [ 10212046.882339466363192, 2706482.480500760488212 ], [ 10212056.717201018705964, 2706521.909469889011234 ], [ 10212070.296752011403441, 2706581.919393692165613 ], [ 10212076.141691459342837, 2706616.573065467178822 ], [ 10212076.07936343178153, 2706620.54311862308532 ], [ 10212070.616535672917962, 2706635.087026574648917 ], [ 10212047.446983581408858, 2706686.070102818775922 ], [ 10212032.195884261280298, 2706716.831210052128881 ], [ 10212042.488138074055314, 2706741.290631046984345 ], [ 10212051.205580167472363, 2706758.753395087551326 ], [ 10212062.634857106953859, 2706772.943925051949918 ], [ 10212074.853489177301526, 2706787.132887909188867 ], [ 10212085.305123269557953, 2706796.160006259102374 ], [ 10212101.819600338116288, 2706809.72209459496662 ], [ 10212102.173232715576887, 2706811.133878948166966 ], [ 10212108.952836746349931, 2706824.362893755082041 ], [ 10212102.658738659694791, 2706834.175804736092687 ], [ 10212092.70352091267705, 2706854.767150083556771 ], [ 10212081.335260869935155, 2706878.132861244026572 ], [ 10212090.426285784691572, 2706906.719166413415223 ], [ 10212102.452035708352923, 2706939.245537468232214 ], [ 10212122.619016068056226, 2706998.333650838118047 ], [ 10212133.124851487576962, 2707032.56768491724506 ], [ 10212137.907121393829584, 2707055.336053834762424 ], [ 10212134.056415231898427, 2707097.68050696561113 ], [ 10212134.712893195450306, 2707118.515174956992269 ], [ 10212142.208624428138137, 2707137.506800385657698 ], [ 10212170.358186053112149, 2707210.984133895486593 ], [ 10212187.387812523171306, 2707265.449369710870087 ], [ 10212201.16003661789, 2707325.518013324588537 ], [ 10212203.766579043120146, 2707342.309838633518666 ], [ 10212191.447991007938981, 2707356.579363146796823 ], [ 10212186.733422588557005, 2707362.818122936878353 ], [ 10212185.76851412653923, 2707366.879555973224342 ], [ 10212180.544593313708901, 2707396.005611038766801 ], [ 10212173.358942177146673, 2707428.535938686691225 ], [ 10212164.868195492774248, 2707472.70154192764312 ], [ 10212159.456962948665023, 2707512.256679512560368 ], [ 10212152.707090040668845, 2707551.527542387600988 ], [ 10212144.435043698176742, 2707585.979480703826994 ], [ 10212132.129783423617482, 2707615.650851360987872 ], [ 10212115.92608487047255, 2707647.10981238540262 ], [ 10212099.755456332117319, 2707680.087723074946553 ], [ 10212094.566109826788306, 2707692.206758968997747 ], [ 10212093.878806570544839, 2707696.127649416681379 ], [ 10212092.373115578666329, 2707711.805411850567907 ], [ 10212091.700472943484783, 2707718.808990233577788 ], [ 10212091.482233643531799, 2707749.096715555526316 ], [ 10212092.111038696020842, 2707784.650575895328075 ], [ 10212093.529334034770727, 2707801.275479657109827 ], [ 10212092.977466279640794, 2707803.376345457043499 ], [ 10212083.361944042146206, 2707826.913089387118816 ], [ 10212081.981168705970049, 2707831.675302783492953 ], [ 10212080.401388224214315, 2707849.619881441816688 ], [ 10212076.057422293350101, 2707907.639725977554917 ], [ 10212071.847652530297637, 2707956.992187707219273 ], [ 10212070.119826691225171, 2707964.231208457611501 ], [ 10212067.777817815542221, 2707974.874683174304664 ], [ 10212067.992557987570763, 2707977.883929246105254 ], [ 10212079.516240043565631, 2708005.894899798091501 ], [ 10212088.044987596571445, 2708027.319959057494998 ], [ 10212090.227562071755528, 2708036.119125169701874 ], [ 10212092.623993353918195, 2708057.627249113749713 ], [ 10212093.809327855706215, 2708086.91243723127991 ], [ 10212093.837308323010802, 2708100.597390693146735 ], [ 10212092.146398063749075, 2708127.493987936992198 ], [ 10212083.92232720553875, 2708170.570952294394374 ], [ 10212079.718408484011889, 2708196.33115109289065 ], [ 10212084.690758358687162, 2708214.538628079928458 ], [ 10212098.346533237025142, 2708265.497346262447536 ], [ 10212102.720316706225276, 2708287.367237231228501 ], [ 10212103.011609779670835, 2708302.795157184824347 ], [ 10212103.653032084926963, 2708320.140011594165117 ], [ 10212107.514367977157235, 2708347.362234467640519 ], [ 10212113.189472397789359, 2708370.449830341152847 ], [ 10212121.166081441566348, 2708403.080679883249104 ], [ 10212126.149831734597683, 2708426.779935820959508 ], [ 10212131.802759923040867, 2708472.767467448022217 ], [ 10212134.723853513598442, 2708503.96750756772235 ], [ 10212140.080991096794605, 2708541.064705124590546 ], [ 10212144.796166574582458, 2708560.406308280304074 ], [ 10212149.67361350171268, 2708574.430343361571431 ], [ 10212151.243878724053502, 2708580.180140565615147 ], [ 10212153.216258144006133, 2708613.361843385733664 ], [ 10212152.659691536799073, 2708637.595870255026966 ], [ 10212150.745223432779312, 2708662.69447053456679 ], [ 10212151.322526421397924, 2708673.03059933707118 ], [ 10212156.962311739102006, 2708690.378268536180258 ], [ 10212160.941219983622432, 2708708.845993314869702 ], [ 10212161.74334367364645, 2708717.12085189903155 ], [ 10212161.291558863595128, 2708744.64802490407601 ], [ 10212161.701711922883987, 2708765.197226853109896 ], [ 10212160.303916400298476, 2708781.753213020507246 ], [ 10212160.455440551042557, 2708788.122957381885499 ], [ 10212163.921884454786777, 2708807.260010671801865 ], [ 10212167.81501997448504, 2708836.405804588459432 ], [ 10212168.074101081117988, 2708849.23255865322426 ], [ 10212169.260297063738108, 2708864.620826282538474 ], [ 10212169.082392843440175, 2708867.969003845471889 ], [ 10212168.396941475570202, 2708871.550722122192383 ], [ 10212163.531498275697231, 2708888.695356093812734 ], [ 10212155.982696570456028, 2708923.9096649880521 ], [ 10212160.537894608452916, 2708940.213336480781436 ], [ 10212166.739835783839226, 2708969.122148492373526 ], [ 10212168.767984578385949, 2708982.967990869190544 ], [ 10212167.07223423756659, 2708989.434750522486866 ], [ 10212166.479499571025372, 2708993.155734034720808 ], [ 10212165.605453627184033, 2708997.478598600719124 ], [ 10212165.652104075998068, 2708997.983628073707223 ], [ 10212159.513026962056756, 2709029.637661819346249 ], [ 10212154.754647454246879, 2709050.666229302063584 ], [ 10212154.534786762669683, 2709054.661990906111896 ], [ 10212154.548068245872855, 2709061.183130139485002 ], [ 10212156.049131140112877, 2709074.071724419482052 ], [ 10212163.90428114682436, 2709100.829038769938052 ], [ 10212169.617067772895098, 2709114.901117591187358 ], [ 10212182.028837544843554, 2709139.169181009754539 ], [ 10212188.271491287276149, 2709148.905622106511146 ], [ 10212189.827698526903987, 2709151.474136563949287 ], [ 10212201.369583245366812, 2709154.945722233038396 ], [ 10212216.619200525805354, 2709161.664930063299835 ], [ 10212225.793687889352441, 2709164.266346744261682 ], [ 10212237.018067920580506, 2709165.574907341971993 ], [ 10212239.894091445952654, 2709166.625146675854921 ], [ 10212248.56245463527739, 2709173.366707615554333 ], [ 10212249.614403195679188, 2709174.696354844607413 ], [ 10212250.851495673879981, 2709177.357333013322204 ], [ 10212253.10301105491817, 2709185.297578196506947 ], [ 10212255.338836044073105, 2709199.691213884390891 ], [ 10212259.933193551376462, 2709215.617378723807633 ], [ 10212264.633628705516458, 2709228.581176767591387 ], [ 10212270.553268294781446, 2709245.698686659801751 ], [ 10212270.741568796336651, 2709248.499589703045785 ], [ 10212270.427687596529722, 2709251.163852931931615 ], [ 10212265.737507605925202, 2709259.586872968822718 ], [ 10212265.148004658520222, 2709261.287239547353238 ], [ 10212265.151049345731735, 2709262.756807479076087 ], [ 10212269.341409508138895, 2709280.313524763565511 ], [ 10212274.090099055320024, 2709299.98524140752852 ], [ 10212276.397431565448642, 2709312.885161784943193 ], [ 10212276.230652738362551, 2709320.554816531017423 ], [ 10212275.128170328214765, 2709334.228542132303119 ], [ 10212276.233503073453903, 2709339.369838698767126 ], [ 10212282.619017269462347, 2709361.124773342162371 ], [ 10212286.359525175765157, 2709372.715688535943627 ], [ 10212288.795187784358859, 2709381.436252359300852 ], [ 10212291.588760102167726, 2709386.757748002652079 ], [ 10212292.778169441968203, 2709388.408569080755115 ], [ 10212293.102027809247375, 2709390.612305683549494 ], [ 10212293.060204921290278, 2709392.44933150568977 ], [ 10212288.700302913784981, 2709405.658085796516389 ], [ 10212287.896316526457667, 2709414.018087675794959 ], [ 10212287.630352064967155, 2709417.784404104575515 ], [ 10212283.70490512996912, 2709423.915757682640105 ], [ 10212276.842341884970665, 2709436.421468345914036 ], [ 10212269.915880775079131, 2709452.394540441222489 ], [ 10212263.92525240033865, 2709467.47030428564176 ], [ 10212260.322594240307808, 2709479.265104925259948 ], [ 10212256.483170308172703, 2709497.826761010568589 ], [ 10212254.273156736046076, 2709510.139246826060116 ], [ 10212250.769473925232887, 2709517.510718505829573 ], [ 10212249.728622669354081, 2709521.600229560863227 ], [ 10212249.326671009883285, 2709525.780204066541046 ], [ 10212249.335481079295278, 2709530.097144558560103 ], [ 10212252.190090818330646, 2709538.97330721328035 ], [ 10212253.928661439567804, 2709541.495590484235436 ], [ 10212255.758657352998853, 2709544.063525171484798 ], [ 10212256.76848735101521, 2709547.092546678613871 ], [ 10212257.003124101087451, 2709550.306822313461453 ], [ 10212258.043653575703502, 2709567.543429985642433 ], [ 10212258.095030892640352, 2709570.344706759322435 ], [ 10212257.233242662623525, 2709572.780539481434971 ], [ 10212252.77867829054594, 2709580.551124847959727 ], [ 10212250.677550440654159, 2709586.036538579501212 ], [ 10212247.686764469370246, 2709595.824792956467718 ], [ 10212245.178815245628357, 2709602.27462191041559 ], [ 10212237.309356698766351, 2709613.221127772703767 ], [ 10212230.191168626770377, 2709622.944313460960984 ], [ 10212230.104781452566385, 2709625.286626103334129 ], [ 10212231.06774297170341, 2709627.764642466325313 ], [ 10212234.408295594155788, 2709632.855422577820718 ], [ 10212242.905245224013925, 2709641.445415556430817 ], [ 10212253.695303382351995, 2709653.27181947324425 ], [ 10212264.477325743064284, 2709666.171625512652099 ], [ 10212270.972058217972517, 2709674.424722344148904 ], [ 10212273.25697529129684, 2709676.394842592068017 ], [ 10212273.214626062661409, 2709677.95639089634642 ], [ 10212272.71568712964654, 2709679.381079760845751 ], [ 10212267.144738499075174, 2709688.599071909673512 ], [ 10212255.009163871407509, 2709710.255196911282837 ], [ 10212249.585793197154999, 2709722.365360877010971 ], [ 10212246.546441404148936, 2709730.684192879125476 ], [ 10212245.416045151650906, 2709735.554638454224914 ], [ 10212245.408054303377867, 2709739.845410052221268 ], [ 10212245.457545524463058, 2709741.68237328203395 ], [ 10212245.05180705152452, 2709744.071308261249214 ], [ 10212243.961140114814043, 2709746.094374534208328 ], [ 10212242.050295637920499, 2709748.578313157428056 ], [ 10212235.994318079203367, 2709754.055989932268858 ], [ 10212234.993179976940155, 2709755.298065251670778 ], [ 10212234.635581331327558, 2709757.367057500872761 ], [ 10212234.565104458481073, 2709761.250323049724102 ], [ 10212233.901545928791165, 2709797.813324093353003 ], [ 10212233.728950222954154, 2709847.590852337889373 ], [ 10212232.781614199280739, 2709884.015335270669311 ], [ 10212232.792096832767129, 2709889.159679959993809 ], [ 10212233.620010042563081, 2709894.16518614301458 ], [ 10212232.770049015060067, 2709915.493455353192985 ], [ 10212230.94809808395803, 2709957.338665553368628 ], [ 10212230.164621589705348, 2710008.224071552045643 ], [ 10212229.659604277461767, 2710062.747991747688502 ], [ 10212229.728697435930371, 2710096.42698143189773 ], [ 10212228.451204577460885, 2710140.387860757764429 ], [ 10212227.584401682019234, 2710182.848958718590438 ], [ 10212226.512519037351012, 2710226.045197845436633 ], [ 10212225.054336557164788, 2710284.19641140056774 ], [ 10212224.099196368828416, 2710316.849183530546725 ], [ 10212224.214950881898403, 2710344.327666945755482 ], [ 10212223.372949792072177, 2710353.557833730243146 ], [ 10212223.082126129418612, 2710356.745562191586941 ], [ 10212222.903025772422552, 2710369.092884342651814 ], [ 10212228.011507606133819, 2710383.386872553732246 ], [ 10212244.565228555351496, 2710431.825214975047857 ], [ 10212251.761381581425667, 2710452.251485370565206 ], [ 10212251.977393424138427, 2710457.875751917250454 ], [ 10212255.332882843911648, 2710495.985942701343447 ], [ 10212258.432622577995062, 2710542.265048470813781 ], [ 10212260.742658749222755, 2710572.23622048413381 ], [ 10212264.280209392309189, 2710627.558888344094157 ], [ 10212267.310606334358454, 2710673.832218397874385 ], [ 10212271.238437332212925, 2710728.494809546973556 ], [ 10212271.254777766764164, 2710736.921946868766099 ], [ 10212276.862112250179052, 2710811.590093320701271 ], [ 10212281.233052374795079, 2710879.272014530841261 ], [ 10212284.915655106306076, 2710913.974249904509634 ], [ 10212284.870461408048868, 2710925.155582872685045 ], [ 10212287.107614615932107, 2710946.812897553667426 ], [ 10212288.413659509271383, 2710985.567415222059935 ], [ 10212278.278563424944878, 2711007.577360207680613 ], [ 10212254.146448438987136, 2711064.74776769336313 ], [ 10212232.751522848382592, 2711117.743307977449149 ], [ 10212216.144833022728562, 2711160.308237415738404 ], [ 10212203.082301406189799, 2711192.742058398667723 ], [ 10212179.240483697503805, 2711250.539599778130651 ], [ 10212165.547984005883336, 2711285.552877671550959 ], [ 10212153.135325077921152, 2711315.866279574576765 ], [ 10212278.629165908321738, 2711319.634649258572608 ], [ 10212277.392857810482383, 2711322.740961184725165 ], [ 10212275.520734427496791, 2711327.197588253300637 ], [ 10212272.55308235809207, 2711334.469860495068133 ], [ 10212267.631999563425779, 2711338.234048375859857 ], [ 10211995.947013683617115, 2711555.121650566812605 ], [ 10211773.80808225646615, 2711733.691430788487196 ], [ 10211635.252316335216165, 2711846.429028056096286 ], [ 10211562.442307993769646, 2711905.568937857635319 ], [ 10211587.104972252622247, 2711995.958125636912882 ], [ 10211612.101792940869927, 2712088.389927349518985 ], [ 10211615.0493532884866, 2712105.432538656517863 ], [ 10211583.072570228949189, 2712214.256194388959557 ], [ 10211574.0489497538656, 2712254.932717741001397 ], [ 10211586.516032945364714, 2712298.730602642521262 ], [ 10211599.295565880835056, 2712344.594367134850472 ], [ 10211610.174403628334403, 2712376.750341509468853 ], [ 10211648.531562477350235, 2712418.265806814655662 ], [ 10211733.125218249857426, 2712515.305723506491631 ], [ 10211804.883643535897136, 2712597.341210935264826 ], [ 10211877.747904544696212, 2712678.396476280409843 ], [ 10211949.162070076912642, 2712759.609254010953009 ], [ 10212007.116085397079587, 2712826.288793073035777 ], [ 10212044.109627060592175, 2712864.539580416399986 ], [ 10212065.41725323535502, 2712914.185055043548346 ], [ 10212071.745200673118234, 2712921.86844352260232 ], [ 10212125.744219923391938, 2712959.823457598686218 ], [ 10212193.786310080438852, 2713006.055375039111823 ], [ 10212202.973372625187039, 2713023.970311707351357 ], [ 10212249.752606354653835, 2713123.482540436089039 ], [ 10212308.445689953863621, 2713245.883579953573644 ], [ 10212361.829171452671289, 2713358.807573992758989 ], [ 10212448.859125381335616, 2713536.517339830752462 ], [ 10212446.16905896179378, 2713670.741261615417898 ], [ 10212474.391638884320855, 2713829.115494270343333 ], [ 10212460.742657488211989, 2713829.180287268012762 ], [ 10212365.575221799314022, 2713827.892911795526743 ], [ 10212365.501727299764752, 2713840.181106187868863 ], [ 10212358.044818187132478, 2713908.068276533856988 ], [ 10212351.860175747424364, 2713970.947698904201388 ], [ 10212345.97094819881022, 2714004.684309563133866 ], [ 10212333.90192473679781, 2714056.283335356041789 ], [ 10212333.098146514967084, 2714069.118316098582 ], [ 10212334.844648070633411, 2714165.234918933361769 ], [ 10212337.456052096560597, 2714261.565409318543971 ], [ 10212340.046119092032313, 2714353.329542863648385 ], [ 10212341.981075339019299, 2714443.574938228819519 ], [ 10212343.657331466674805, 2714524.687738925684243 ], [ 10212352.01760726608336, 2714557.270560274831951 ], [ 10212357.317414633929729, 2714582.038469838444144 ], [ 10212356.82048037648201, 2714614.228352403268218 ], [ 10212365.158378951251507, 2714642.026800631545484 ], [ 10212352.993132969364524, 2714673.184763838071376 ], [ 10212362.295966407284141, 2714722.509706029202789 ], [ 10212358.357442969456315, 2714757.761020876467228 ], [ 10212360.164922757074237, 2714774.716332309413701 ], [ 10212368.926015304401517, 2714846.662839179858565 ], [ 10212367.794237220659852, 2714881.683601950295269 ], [ 10212366.148378539830446, 2714991.305354749783874 ], [ 10212306.188925113528967, 2715164.790193246677518 ], [ 10212239.37441292591393, 2715354.38870275625959 ], [ 10212214.029433235526085, 2715431.066634344402701 ], [ 10212215.649249570444226, 2715454.113366165664047 ], [ 10212230.210293794050813, 2715565.402368762530386 ], [ 10212244.768429396674037, 2715676.039480518084019 ], [ 10212259.328804703429341, 2715787.112436335999519 ], [ 10212273.883266350254416, 2715896.881165271159261 ], [ 10212287.120556809008121, 2716002.089271958917379 ], [ 10212296.556403756141663, 2716079.693123153876513 ], [ 10212322.911743309348822, 2716265.624430901370943 ], [ 10212325.564561281353235, 2716284.196607599966228 ], [ 10212301.960643108934164, 2716295.128094363957644 ], [ 10212288.96832187473774, 2716301.365828454028815 ], [ 10212237.197377193719149, 2716326.221311700064689 ], [ 10212165.505508106201887, 2716360.628770472947508 ], [ 10212110.663125436753035, 2716385.609998906962574 ], [ 10212040.979127649217844, 2716419.516116854734719 ], [ 10212010.308452779427171, 2716432.140285314060748 ], [ 10211991.1960742585361, 2716469.342548663727939 ], [ 10211973.832071179524064, 2716503.470681481063366 ], [ 10211954.895061802119017, 2716537.177198892459273 ], [ 10211918.041814468801022, 2716605.560834088828415 ], [ 10211881.915847700089216, 2716669.895603436045349 ], [ 10211836.29978734254837, 2716753.318258314859122 ], [ 10211813.851854711771011, 2716792.875017373822629 ], [ 10211792.366388427093625, 2716831.830520872026682 ], [ 10211757.329694, 2716894.606852758675814 ], [ 10211721.373492995277047, 2716959.67668121214956 ], [ 10211689.637864744290709, 2717016.560467064380646 ], [ 10211684.446447094902396, 2717025.262498402036726 ], [ 10211662.7946447879076, 2717061.556082101538777 ], [ 10211635.117466563358903, 2717111.747496355324984 ], [ 10211610.996904516592622, 2717157.746387991122901 ], [ 10211576.343857450410724, 2717218.963108006399125 ], [ 10211562.50502329133451, 2717244.012975764460862 ], [ 10211523.0984613802284, 2717315.812848201487213 ], [ 10211478.580252462998033, 2717396.168567778076977 ], [ 10211435.387370739132166, 2717473.623629556037486 ], [ 10211407.524191169068217, 2717522.896429365035146 ], [ 10211387.689108038321137, 2717559.195832213852555 ], [ 10211370.754888294264674, 2717590.186210811138153 ], [ 10211422.982892392203212, 2717641.647055580280721 ], [ 10211471.228057786822319, 2717685.377625411376357 ], [ 10211522.777415400370955, 2717734.159053108654916 ], [ 10211574.410784296691418, 2717782.299706759862602 ], [ 10211628.346769774332643, 2717833.012353325728327 ], [ 10211685.121898297220469, 2717885.742574125062674 ], [ 10211738.327473931014538, 2717937.010117045603693 ], [ 10211783.188040595501661, 2717980.464271186850965 ], [ 10211839.313674848526716, 2718032.548851828090847 ], [ 10211890.862360514700413, 2718081.06413455074653 ], [ 10211936.185225591063499, 2718122.950653213076293 ], [ 10211977.572634676471353, 2718162.278140311595052 ], [ 10211988.02215113863349, 2718177.988213904667646 ], [ 10212030.71465708501637, 2718236.552774038165808 ], [ 10212052.246707303449512, 2718268.204918975941837 ], [ 10212059.307540880516171, 2718280.150050725322217 ], [ 10212080.273117192089558, 2718299.242283381521702 ], [ 10212119.913372166454792, 2718335.440383681096137 ], [ 10212154.744609231129289, 2718367.924062069971114 ], [ 10212203.167581943795085, 2718409.975286667700857 ], [ 10212250.558531092479825, 2718452.312694715335965 ], [ 10212292.614919688552618, 2718491.28628018591553 ], [ 10212327.695090677589178, 2718523.748832700774074 ], [ 10212351.252463487908244, 2718543.986216587014496 ], [ 10212382.638367602601647, 2718573.959609457757324 ], [ 10212423.375979604199529, 2718610.578110576607287 ], [ 10212456.516630416736007, 2718640.917400829493999 ], [ 10212500.471422467380762, 2718679.963477437850088 ], [ 10212547.42179311811924, 2718721.342160726431757 ], [ 10212594.007307345047593, 2718763.516055348794907 ], [ 10212631.313651900738478, 2718797.152308812830597 ], [ 10212658.207727430388331, 2718821.20474343188107 ], [ 10212683.730714133009315, 2718843.922454151324928 ], [ 10212718.777454610913992, 2718875.624922369606793 ], [ 10212719.581641161814332, 2718876.502576092258096 ], [ 10212720.120778419077396, 2718889.617258357815444 ], [ 10212723.091512123122811, 2718915.039075305685401 ], [ 10212723.406461933627725, 2718925.358565976377577 ], [ 10212725.788169145584106, 2718948.143611131235957 ], [ 10212727.583051396533847, 2718967.82845797482878 ], [ 10212731.066524332389235, 2718992.082097570877522 ], [ 10212734.796824261546135, 2719031.280664307996631 ], [ 10212738.13702454790473, 2719058.973622006364167 ], [ 10212740.205233654007316, 2719069.2139215269126 ], [ 10212744.076349142938852, 2719105.181481625884771 ], [ 10212747.437343230471015, 2719141.014936723280698 ], [ 10212750.718730304390192, 2719175.450016187969595 ], [ 10212751.181532861664891, 2719185.478089516051114 ], [ 10212754.145977113395929, 2719207.822627583518624 ], [ 10212755.5824507009238, 2719231.040027009788901 ], [ 10212758.185193859040737, 2719254.11765167908743 ], [ 10212762.671903872862458, 2719305.108621812891215 ], [ 10212767.894712425768375, 2719359.59342945041135 ], [ 10212771.549981292337179, 2719396.36954362038523 ], [ 10212775.635064464062452, 2719431.09526194492355 ], [ 10212778.758242139592767, 2719459.522158417850733 ], [ 10212779.892534827813506, 2719477.166745698079467 ], [ 10212782.134350385516882, 2719501.934007529634982 ], [ 10212783.700784761458635, 2719516.636562384199351 ], [ 10212786.302348889410496, 2719541.055544065311551 ], [ 10212788.781736828386784, 2719574.897145505994558 ], [ 10212792.202434120699763, 2719606.108437363058329 ], [ 10212795.274604614824057, 2719643.151976515073329 ], [ 10212799.065339805558324, 2719676.114663145504892 ], [ 10212801.55018924549222, 2719713.186878660228103 ], [ 10212805.783567121252418, 2719747.898566791787744 ], [ 10212795.107003390789032, 2719770.492328078951687 ], [ 10212794.040694583207369, 2719784.384419741574675 ], [ 10212791.226428518071771, 2719802.415299891959876 ], [ 10212788.514364620670676, 2719831.221557827200741 ], [ 10212785.714238435029984, 2719854.511446180287749 ], [ 10212794.289585484191775, 2719868.624651873949915 ], [ 10212785.870727067813277, 2719889.455119966994971 ], [ 10212774.615216234698892, 2719920.536191802471876 ], [ 10212773.131881661713123, 2719944.481065934989601 ], [ 10212772.295800974592566, 2719962.568872938863933 ], [ 10212781.188649524003267, 2719990.526648588944227 ], [ 10212787.426780354231596, 2720008.394945324398577 ], [ 10212779.506947198882699, 2720030.026434514205903 ], [ 10212780.492270387709141, 2720067.41460462519899 ], [ 10212782.227242037653923, 2720141.748949732165784 ], [ 10212775.460313322022557, 2720163.938528263010085 ], [ 10212776.252527086064219, 2720196.412898801267147 ], [ 10212776.537775754928589, 2720199.197035586461425 ], [ 10212783.315771440044045, 2720234.474238511640579 ], [ 10212790.28551634028554, 2720276.396647759713233 ], [ 10212792.213893994688988, 2720287.841919494792819 ], [ 10212788.363208148628473, 2720308.59124741377309 ], [ 10212787.125451194122434, 2720324.695035463664681 ], [ 10212783.493742275983095, 2720363.638011454138905 ], [ 10212782.995504219084978, 2720384.991577597800642 ], [ 10212781.557489512488246, 2720390.270949106663465 ], [ 10212770.655286384746432, 2720424.861035689711571 ], [ 10212765.764184275642037, 2720469.625380874611437 ], [ 10212765.432319166138768, 2720484.18137943604961 ], [ 10212754.150580873712897, 2720508.837511066347361 ], [ 10212738.518578514456749, 2720525.427250931039453 ], [ 10212698.443171946331859, 2720567.663037389051169 ], [ 10212654.671695688739419, 2720614.510579593479633 ], [ 10212613.07224502786994, 2720658.624571112450212 ], [ 10212568.129398418590426, 2720705.932661255821586 ], [ 10212523.905774649232626, 2720753.322498015128076 ], [ 10212476.703394895419478, 2720803.174996481277049 ], [ 10212433.93390523083508, 2720849.658811116591096 ], [ 10212390.880585540086031, 2720893.690736365038902 ], [ 10212350.9049476608634, 2720936.341646160464734 ], [ 10212328.85525912605226, 2720959.221901102922857 ], [ 10212321.082501541823149, 2720966.697867253329605 ], [ 10212312.227621778845787, 2720985.538718209136277 ], [ 10212293.652899354696274, 2721028.236427525058389 ], [ 10212284.467493634670973, 2721053.455391835421324 ], [ 10212274.68929598480463, 2721069.389878733549267 ], [ 10212258.795311653986573, 2721091.165821699425578 ], [ 10212245.433153519406915, 2721111.116912723984569 ], [ 10212240.992588464170694, 2721120.484694592189044 ], [ 10212229.282616848126054, 2721151.167493830900639 ], [ 10212219.097454519942403, 2721180.460083515383303 ], [ 10212225.683347228914499, 2721207.898759571835399 ], [ 10212239.887269431725144, 2721236.976662826258689 ], [ 10212257.266601083800197, 2721276.96986603923142 ], [ 10212258.015705002471805, 2721286.342131190467626 ], [ 10212259.45270131342113, 2721324.639906344469637 ], [ 10212258.75330893881619, 2721336.17119465302676 ], [ 10212247.479518245905638, 2721358.847574329003692 ], [ 10212223.553272182121873, 2721408.187817508354783 ], [ 10212197.287103669717908, 2721462.008523103315383 ], [ 10212174.004068283364177, 2721510.272677293047309 ], [ 10212159.935743637382984, 2721539.414451112505049 ], [ 10212130.49806366302073, 2721598.131939197424799 ], [ 10212110.27436164021492, 2721639.023336172103882 ], [ 10212094.400162799283862, 2721670.898326234892011 ], [ 10212080.673205753788352, 2721698.746763523202389 ], [ 10212076.78710968978703, 2721702.757826962508261 ], [ 10212066.232365917414427, 2721729.799882266670465 ], [ 10212050.55801097676158, 2721770.954398298636079 ], [ 10212034.675990564748645, 2721813.453749208245426 ], [ 10212020.890794010832906, 2721848.417996475473046 ], [ 10212001.74755260720849, 2721894.946684167720377 ], [ 10211981.83565079793334, 2721952.21813721396029 ], [ 10211931.018954016268253, 2721981.39465616364032 ], [ 10211827.057067312300205, 2722041.054993969388306 ], [ 10211748.602322841063142, 2722085.908895556349307 ], [ 10211738.29497554153204, 2722091.801737342961133 ], [ 10211643.293139470741153, 2722145.193154574371874 ], [ 10211521.253847155719995, 2722213.267731826286763 ], [ 10211472.034800834953785, 2722240.628016609232873 ], [ 10211412.763000287115574, 2722273.57631970429793 ], [ 10211343.133166991174221, 2722315.005276532843709 ], [ 10211282.003181405365467, 2722342.475350153632462 ], [ 10211162.814015626907349, 2722393.781639659311622 ], [ 10211051.793674690648913, 2722441.622735837474465 ], [ 10210942.649671608582139, 2722492.125695499591529 ], [ 10210884.862312873825431, 2722517.683319073636085 ], [ 10210802.338095830753446, 2722553.159534937702119 ], [ 10210747.060273660346866, 2722578.836221997626126 ], [ 10210725.125523200258613, 2722579.941683763172477 ], [ 10210704.042063165456057, 2722615.55200856924057 ], [ 10210662.56238548643887, 2722686.521032822318375 ], [ 10210628.262307614088058, 2722744.14352840045467 ], [ 10210593.863030372187495, 2722805.395041379611939 ], [ 10210557.560657154768705, 2722866.128920092247427 ], [ 10210522.410050693899393, 2722926.655403434764594 ], [ 10210487.814345980063081, 2722984.811090531293303 ], [ 10210452.863295111805201, 2723044.590851667802781 ], [ 10210415.613657327368855, 2723105.316771265584975 ], [ 10210378.240407774224877, 2723166.26726399641484 ], [ 10210343.411677358672023, 2723225.722322548273951 ], [ 10210337.04570397362113, 2723236.066972527187318 ], [ 10210332.775600528344512, 2723277.863423919305205 ], [ 10210326.904789350926876, 2723317.316663730423898 ], [ 10210324.08204598352313, 2723339.282396011985838 ], [ 10210318.442108636721969, 2723387.482544914353639 ], [ 10210311.645188616588712, 2723441.533416943624616 ], [ 10210305.687673671171069, 2723489.509010123554617 ], [ 10210298.461341165006161, 2723541.210738180670887 ], [ 10210297.533195238560438, 2723556.432401135098189 ], [ 10210293.154685255140066, 2723597.163887904491276 ], [ 10210288.770323250442743, 2723635.444489797577262 ], [ 10210286.796192897483706, 2723657.302327217999846 ], [ 10210285.29472866281867, 2723671.469193970318884 ], [ 10210298.923982039093971, 2723804.504410643596202 ], [ 10210316.144927417859435, 2723849.523988615721464 ], [ 10210225.90713370218873, 2723871.724737094249576 ], [ 10210056.291754731908441, 2723913.148822796531022 ], [ 10210043.561888288706541, 2723916.311961750965565 ], [ 10209920.402897180989385, 2723946.914153723046184 ], [ 10209907.011768162250519, 2723969.491555815096945 ], [ 10209891.203393161296844, 2724007.313098750542849 ], [ 10209866.201057247817516, 2724060.777363103814423 ], [ 10209854.473458845168352, 2724088.50567923579365 ], [ 10209845.262291623279452, 2724127.450264723505825 ], [ 10209837.762136489152908, 2724160.532400466501713 ], [ 10209830.14992580935359, 2724194.001908753532916 ], [ 10209817.373168246820569, 2724251.847265306860209 ], [ 10209802.746774716302752, 2724316.422190275043249 ], [ 10209790.583988897502422, 2724373.793464489746839 ], [ 10209780.03506089001894, 2724429.766415277030319 ], [ 10209768.35047029517591, 2724472.293133286759257 ], [ 10209752.290017794817686, 2724490.357473614625633 ], [ 10209747.037136202678084, 2724533.139910439029336 ], [ 10209741.05428696796298, 2724577.767739315517247 ], [ 10209735.679344467818737, 2724616.084211640991271 ], [ 10209728.227365169674158, 2724675.298176474869251 ], [ 10209720.661934835836291, 2724735.123496032785624 ], [ 10209718.564703892916441, 2724751.020724248606712 ], [ 10209713.458969835191965, 2724789.723149085883051 ], [ 10209707.599611543118954, 2724841.320277031511068 ], [ 10209716.727530064061284, 2724886.055002061184496 ], [ 10209735.454092092812061, 2724961.48575191386044 ], [ 10209749.075912913307548, 2725022.52108555380255 ], [ 10209764.566875513643026, 2725089.39456081809476 ], [ 10209772.674879783764482, 2725117.987324603833258 ], [ 10209774.563438087701797, 2725134.525526416022331 ], [ 10209774.100332286208868, 2725151.27371611725539 ], [ 10209772.3988236784935, 2725175.646334169432521 ], [ 10209771.086882336065173, 2725194.437688066624105 ], [ 10209767.191250830888748, 2725234.238549770321697 ], [ 10209720.104119202122092, 2725213.558023659046739 ], [ 10209630.302925337105989, 2725173.366167278494686 ], [ 10209527.872159818187356, 2725128.075604858808219 ], [ 10209426.818575451150537, 2725086.520486252382398 ], [ 10209319.916832549497485, 2725040.000338225159794 ], [ 10209202.491867691278458, 2724987.262770024128258 ], [ 10209177.617231708019972, 2724976.248547510243952 ], [ 10209112.211044225841761, 2724947.287163651548326 ], [ 10209028.56564755178988, 2724908.761311606038362 ], [ 10208983.745407016947865, 2724888.117545047774911 ], [ 10208942.413145050406456, 2724869.43408065661788 ], [ 10208911.706059658899903, 2724814.790736410301179 ], [ 10208885.631495244801044, 2724774.045120015740395 ], [ 10208867.100521026179194, 2724744.109886548481882 ], [ 10208857.039022639393806, 2724726.094716233201325 ], [ 10208845.329101117327809, 2724707.601773164700717 ], [ 10208818.660325372591615, 2724680.165168474894017 ], [ 10208807.636154411360621, 2724677.875322397332639 ], [ 10208746.577707439661026, 2724721.529980512801558 ], [ 10208443.827938811853528, 2724937.48456827364862 ], [ 10208242.743865398690104, 2725079.998855752404779 ], [ 10208196.834192818030715, 2725112.334941609762609 ], [ 10208153.686258172616363, 2725142.725565121509135 ], [ 10208100.429466156288981, 2725180.080239484552294 ], [ 10208017.635914700105786, 2725238.151745644398034 ], [ 10208021.191533073782921, 2725290.69036772614345 ], [ 10208019.87098596803844, 2725299.379665291402489 ], [ 10207985.676759894937277, 2725397.3800655961968 ], [ 10207985.155497428029776, 2725398.924612946342677 ], [ 10207969.304946456104517, 2725442.758248852100223 ], [ 10207950.655836710706353, 2725494.999587043188512 ], [ 10207941.716854270547628, 2725519.914362748153508 ], [ 10207938.910112867131829, 2725529.438825054094195 ], [ 10207936.318017397075891, 2725533.581307239830494 ], [ 10207934.778166640549898, 2725544.256689552217722 ], [ 10207934.442083869129419, 2725591.285563881509006 ], [ 10207933.955954970791936, 2725603.38749722391367 ], [ 10207925.274637721478939, 2725620.878479279577732 ], [ 10207918.064110724255443, 2725635.195155572146177 ], [ 10207914.453817702829838, 2725642.355856782291085 ], [ 10207885.697385294362903, 2725655.576263440772891 ], [ 10207865.677810966968536, 2725664.401765133719891 ], [ 10207866.946609649807215, 2725745.366730283480138 ], [ 10207867.64152062498033, 2725858.303844579961151 ], [ 10207868.214963400736451, 2725890.770416700746864 ], [ 10207868.320307396352291, 2725896.093107593711466 ], [ 10207866.720603477209806, 2725899.230194753501564 ], [ 10207867.076700523495674, 2725901.209487640764564 ], [ 10207867.680682832375169, 2725902.060900638345629 ], [ 10207868.544049609452486, 2725902.611249487381428 ], [ 10207869.532743273302913, 2725902.69683660985902 ], [ 10207872.198053495958447, 2725902.627179301343858 ], [ 10207873.905309518799186, 2725902.306100216694176 ], [ 10207875.044225363060832, 2725901.331427729222924 ], [ 10207875.782254997640848, 2725899.932331142015755 ], [ 10207876.385060893371701, 2725898.270578634925187 ], [ 10207877.380130749195814, 2725896.405120803043246 ], [ 10207878.726295644417405, 2725896.155081630218774 ], [ 10207882.905879, 2725898.511598228942603 ], [ 10207893.130093462765217, 2725904.819506293162704 ], [ 10207902.259891580790281, 2725914.752887201029807 ], [ 10207915.109492944553494, 2725935.063078020233661 ], [ 10207917.909157676622272, 2725939.569821482058614 ], [ 10207919.597717802971601, 2725941.16134082339704 ], [ 10207924.478995444253087, 2725944.533829335588962 ], [ 10207931.856053151190281, 2725948.558952794410288 ], [ 10207935.756858807057142, 2725953.925086136907339 ], [ 10207959.37821420840919, 2726005.654753753449768 ], [ 10207962.089831247925758, 2726010.598610231652856 ], [ 10208012.396045522764325, 2726025.688181264791638 ], [ 10208028.771296272054315, 2726031.146469972562045 ], [ 10208031.82394446618855, 2726037.566590419970453 ], [ 10208049.848100991919637, 2726080.379295953083783 ], [ 10208050.625072352588177, 2726082.567107257433236 ], [ 10208054.362809570506215, 2726086.590932236518711 ], [ 10208062.436981521546841, 2726091.573906627483666 ], [ 10208064.869010018184781, 2726093.792611238081008 ], [ 10208067.721896277740598, 2726111.054397489875555 ], [ 10208069.93027620203793, 2726129.970282606314868 ], [ 10208072.000829372555017, 2726138.761608933564276 ], [ 10208073.549068477004766, 2726141.026908960193396 ], [ 10208083.031670309603214, 2726144.925229155924171 ], [ 10208084.501361444592476, 2726151.381078301463276 ], [ 10208087.905661098659039, 2726243.058677940629423 ], [ 10208057.576874075457454, 2726273.291972395963967 ], [ 10208058.62575601786375, 2726281.942543345503509 ], [ 10208064.295880071818829, 2726380.589053509291261 ], [ 10208068.563889265060425, 2726455.92355405818671 ], [ 10208069.642197234556079, 2726478.407893998548388 ], [ 10208067.578159926459193, 2726508.802849028259516 ], [ 10208061.566999029368162, 2726612.557022084016353 ], [ 10208056.32421319000423, 2726692.083734491840005 ], [ 10208054.779475253075361, 2726715.515380891505629 ], [ 10208051.535319495946169, 2726772.491454433184117 ], [ 10208047.43149596452713, 2726845.736070901621133 ], [ 10208038.390239210799336, 2727004.223613860551268 ], [ 10208037.846756929531693, 2727021.487605508416891 ], [ 10208034.409127622842789, 2727130.68887475412339 ], [ 10208031.2042281255126, 2727215.336983129382133 ], [ 10208029.02853231690824, 2727277.031546587124467 ], [ 10208027.860894350335002, 2727289.66339545417577 ], [ 10208025.611076291650534, 2727296.590936080552638 ], [ 10208024.39540384337306, 2727305.690951543394476 ], [ 10208032.698847716674209, 2727386.520990779623389 ], [ 10208033.764306165277958, 2727396.985984450671822 ], [ 10208040.009806156158447, 2727458.32886577071622 ], [ 10208043.265213863924146, 2727490.30278588924557 ], [ 10208048.166963882744312, 2727538.447063120547682 ], [ 10208056.750324120745063, 2727627.31976502854377 ], [ 10208059.439669501036406, 2727652.682997984811664 ], [ 10208061.766648532822728, 2727676.032599727157503 ], [ 10208080.261364633217454, 2727804.250280844978988 ], [ 10208086.108883867040277, 2727842.966517395805568 ], [ 10208074.991509702056646, 2727866.688582304399461 ], [ 10208066.979710539802909, 2727885.623393015470356 ], [ 10208074.51817805878818, 2727980.096144738607109 ], [ 10207953.640166487544775, 2728084.396597051993012 ], [ 10207763.84635547734797, 2728247.571997522376478 ], [ 10207769.16247439943254, 2728247.721373183652759 ], [ 10207771.076651582494378, 2728247.695056067313999 ], [ 10207773.471928952261806, 2728247.842475040350109 ], [ 10207774.430721487849951, 2728247.949490091763437 ], [ 10207773.97579189017415, 2728249.698864548932761 ], [ 10207773.164482440799475, 2728251.633530627470464 ], [ 10207772.831717289984226, 2728253.561562626156956 ], [ 10207772.761041592806578, 2728257.168931712862104 ], [ 10207772.619125483557582, 2728259.935831139795482 ], [ 10207771.915556145831943, 2728278.256629121024162 ], [ 10207772.77170218154788, 2728286.980725986417383 ], [ 10207773.909696210175753, 2728287.52423272235319 ], [ 10207776.670169750228524, 2728292.092721987050027 ], [ 10207779.811684103682637, 2728297.753350080922246 ], [ 10207780.857726039364934, 2728298.542552591767162 ], [ 10207782.67869496718049, 2728299.226695890538394 ], [ 10207785.909775717183948, 2728299.796785944607109 ], [ 10207790.333055960014462, 2728302.346003655344248 ], [ 10207795.887224543839693, 2728307.571531409397721 ], [ 10207799.792006252333522, 2728312.475368623621762 ], [ 10207800.17116080597043, 2728315.155579080805182 ], [ 10207798.02473209425807, 2728328.783310491126031 ], [ 10207795.458758730441332, 2728347.177103186491877 ], [ 10207794.344331048429012, 2728350.910545724444091 ], [ 10207791.083210658282042, 2728353.021071551833302 ], [ 10207783.891790714114904, 2728353.395318738650531 ], [ 10207776.097577353939414, 2728354.810702381189913 ], [ 10207767.674315862357616, 2728360.366032849997282 ], [ 10207757.152373213320971, 2728370.110202460549772 ], [ 10207752.109604055061936, 2728376.28346711024642 ], [ 10207748.084839414805174, 2728382.253779598977417 ], [ 10207743.46145280264318, 2728389.788883412256837 ], [ 10207740.419230500236154, 2728393.955629764590412 ], [ 10207728.648573976010084, 2728402.025245261378586 ], [ 10207723.11934232711792, 2728405.603597708512098 ], [ 10207720.408292517066002, 2728405.640817592386156 ], [ 10207713.613561492413282, 2728401.609263292979449 ], [ 10207708.799314485862851, 2728406.500787411350757 ], [ 10207709.061044318601489, 2728409.441972363740206 ], [ 10207713.70195003785193, 2728452.319992139004171 ], [ 10207657.885812690481544, 2728484.43282662704587 ], [ 10207667.781985711306334, 2728495.608204901684076 ], [ 10207673.46955986507237, 2728500.525212343316525 ], [ 10207675.490375140681863, 2728503.163670307025313 ], [ 10207696.474047714844346, 2728623.866789451334625 ], [ 10207738.29113956913352, 2728864.442492244765162 ], [ 10207756.651162838563323, 2728895.08301602397114 ], [ 10207770.231264909729362, 2728917.765663928352296 ], [ 10207835.974921153858304, 2729027.575467551127076 ], [ 10207837.516850614920259, 2729030.150871101301163 ], [ 10207801.44570030272007, 2729058.860840096604079 ], [ 10207740.107985779643059, 2729107.930664509069175 ], [ 10207700.282878978177905, 2729139.625650746747851 ], [ 10207678.38339058496058, 2729157.05441178381443 ], [ 10207782.518781080842018, 2729514.189744177740067 ], [ 10207806.415867324918509, 2729592.340850208420306 ], [ 10207812.784063003957272, 2729592.576407792512327 ], [ 10207814.414310719817877, 2729596.356845456641167 ], [ 10207815.839095482602715, 2729622.137913036625832 ], [ 10207815.411966415122151, 2729641.462262943387032 ], [ 10207815.837834287434816, 2729645.560087949503213 ], [ 10207817.768801767379045, 2729651.528562352526933 ], [ 10207827.911277746781707, 2729675.11213105591014 ], [ 10207829.439953673630953, 2729679.469410347286612 ], [ 10207829.767492251470685, 2729683.311460876837373 ], [ 10207830.259781682863832, 2729698.920840389095247 ], [ 10207829.679314432665706, 2729706.37819433491677 ], [ 10207829.673999151214957, 2729707.787993928883225 ], [ 10207829.81357254087925, 2729708.798624259419739 ], [ 10207830.440998423844576, 2729709.256190087646246 ], [ 10207832.348948495462537, 2729709.718727153260261 ], [ 10207857.052288683131337, 2729715.60861227568239 ], [ 10207863.523030819371343, 2729717.898195709567517 ], [ 10207863.840324152261019, 2729718.654240923933685 ], [ 10207863.999546779319644, 2729720.319959648419172 ], [ 10207864.350972527638078, 2729729.468262447509915 ], [ 10207864.230276739224792, 2729732.165224739350379 ], [ 10207860.440165372565389, 2729741.852531854063272 ], [ 10207858.387802494689822, 2729747.45046866312623 ], [ 10207857.949319142848253, 2729749.546725903637707 ], [ 10207857.996648024767637, 2729751.600534971803427 ], [ 10207861.784611282870173, 2729759.785331091377884 ], [ 10207864.759330023080111, 2729764.159303682856262 ], [ 10207857.071031212806702, 2729771.41164134722203 ], [ 10207850.495068514719605, 2729776.41482069529593 ], [ 10207845.10685321316123, 2729779.690913749393076 ], [ 10207838.283985709771514, 2729782.905951174907386 ], [ 10207834.095889873802662, 2729784.077598698902875 ], [ 10207830.120431497693062, 2729784.49514726921916 ], [ 10207818.804773287847638, 2729781.964828840456903 ], [ 10207816.553946539759636, 2729781.689800150692463 ], [ 10207813.285669408738613, 2729781.943584979511797 ], [ 10207800.163733281195164, 2729789.874154686927795 ], [ 10207794.277329215779901, 2729793.536860689986497 ], [ 10207781.454415196552873, 2729798.338330620434135 ], [ 10207758.769728695973754, 2729807.197718629613519 ], [ 10207757.5299390591681, 2729808.103151334449649 ], [ 10207757.271593337878585, 2729809.267772646155208 ], [ 10207757.26398104429245, 2729811.265871204901487 ], [ 10207760.980469807982445, 2729826.61027151113376 ], [ 10207762.070165973156691, 2729833.175040297675878 ], [ 10207762.823190586641431, 2729841.203770713414997 ], [ 10207763.02786429412663, 2729851.206240155268461 ], [ 10207762.300025636330247, 2729856.776018252130598 ], [ 10207760.627851761877537, 2729863.962787613272667 ], [ 10207756.734475569799542, 2729874.671027389820665 ], [ 10207754.646998785436153, 2729877.860002434346825 ], [ 10207740.522988235577941, 2729893.823731189128011 ], [ 10207739.979716651141644, 2729894.443243324756622 ], [ 10207739.897656951099634, 2729895.686265255324543 ], [ 10207740.386407280340791, 2729897.775082165375352 ], [ 10207745.703497275710106, 2729910.206263890489936 ], [ 10207748.497086247429252, 2729915.77857366995886 ], [ 10207752.506500473245978, 2729929.547915358096361 ], [ 10207752.457165654748678, 2729930.924211199395359 ], [ 10207750.910540921613574, 2729934.115264513529837 ], [ 10207745.871599236503243, 2729941.300161889754236 ], [ 10207744.710121814161539, 2729941.917359784711152 ], [ 10207743.020497094839811, 2729942.12173110479489 ], [ 10207738.044611088931561, 2729941.480836580507457 ], [ 10207731.934752037748694, 2729940.036229842808098 ], [ 10207727.951230825856328, 2729939.687815837562084 ], [ 10207716.220014253631234, 2729938.976401385851204 ], [ 10207714.608105964958668, 2729939.058964793104678 ], [ 10207712.582543235272169, 2729940.49417906627059 ], [ 10207710.372594896703959, 2729943.960180396214128 ], [ 10207709.297590488567948, 2729947.96337692020461 ], [ 10207710.037263810634613, 2729956.591554107144475 ], [ 10207712.165772734209895, 2729965.735712913796306 ], [ 10207714.51099843531847, 2729970.196324410382658 ], [ 10207720.764464294537902, 2729974.47206913260743 ], [ 10207729.046799974516034, 2729979.333017891272902 ], [ 10207729.295301476493478, 2729995.174840376246721 ], [ 10207728.195526892319322, 2730005.64975718408823 ], [ 10207725.915009932592511, 2730018.906327616423368 ], [ 10207727.272202838212252, 2730019.033719689119607 ], [ 10207730.143204329535365, 2730018.800674946513027 ], [ 10207734.436117049306631, 2730016.186400267295539 ], [ 10207743.822345281019807, 2730009.517776071559638 ], [ 10207746.375569634139538, 2730008.650721004698426 ], [ 10207747.621940521523356, 2730008.910890430212021 ], [ 10207750.100143799558282, 2730010.352396293077618 ], [ 10207757.951012501493096, 2730015.466956794261932 ], [ 10207765.244186777621508, 2730022.111324785277247 ], [ 10207766.250534685328603, 2730024.513009001035243 ], [ 10207770.411563832312822, 2730047.729780165478587 ], [ 10207775.98376328125596, 2730080.088227721862495 ], [ 10207777.842136116698384, 2730093.516344835050404 ], [ 10207778.890376824885607, 2730099.39271238585934 ], [ 10207779.203336788341403, 2730101.258913070894778 ], [ 10207779.917714692652225, 2730102.072031774092466 ], [ 10207783.091142764315009, 2730103.571802915539593 ], [ 10207789.268480518832803, 2730104.694758579134941 ], [ 10207789.942102076485753, 2730104.630737899802625 ], [ 10207790.861590081825852, 2730103.779439224395901 ], [ 10207803.304181605577469, 2730085.910745021887124 ], [ 10207808.286046480759978, 2730079.225057687144727 ], [ 10207812.194856610149145, 2730076.020992392674088 ], [ 10207816.157854858785868, 2730073.105658716987818 ], [ 10207820.622102802619338, 2730071.890701256226748 ], [ 10207825.778176669031382, 2730071.621999802533537 ], [ 10207831.502549115568399, 2730072.831890185829252 ], [ 10207839.075415769591928, 2730075.614219645038247 ], [ 10207843.828805582597852, 2730079.628918725531548 ], [ 10207849.469499645754695, 2730085.400932643562555 ], [ 10207850.523966988548636, 2730086.792584525421262 ], [ 10207856.333354072645307, 2730106.208308076951653 ], [ 10207858.298636296764016, 2730114.774607871193439 ], [ 10207859.509806618094444, 2730124.259510349947959 ], [ 10207860.021793799474835, 2730134.718516774475574 ], [ 10207859.137515967711806, 2730149.479381136130542 ], [ 10207853.361496711149812, 2730173.346261471044272 ], [ 10207852.318828199058771, 2730180.446840675547719 ], [ 10207852.188966367393732, 2730185.530490840319544 ], [ 10207852.430120393633842, 2730191.770233108662069 ], [ 10207855.430177543312311, 2730203.981700313743204 ], [ 10207857.858329862356186, 2730209.841356142424047 ], [ 10207861.924511319026351, 2730217.494539805222303 ], [ 10207867.160222135484219, 2730225.285366616211832 ], [ 10207872.774382874369621, 2730235.153696483466774 ], [ 10207878.18362326733768, 2730243.755586319603026 ], [ 10207890.292179565876722, 2730267.125477502122521 ], [ 10207901.189331302419305, 2730286.87183458218351 ], [ 10207901.71302873827517, 2730288.472485487814993 ], [ 10207901.408015292137861, 2730290.313983884640038 ], [ 10207899.563602901995182, 2730293.448547038249671 ], [ 10207896.342523619532585, 2730304.42607142124325 ], [ 10207896.158032737672329, 2730306.501290690619498 ], [ 10207896.448950920253992, 2730308.345203251112252 ], [ 10207902.199102111160755, 2730314.417462112847716 ], [ 10207906.929312555119395, 2730318.731786387972534 ], [ 10207911.225545335561037, 2730321.057347223162651 ], [ 10207918.636892361566424, 2730322.828785605728626 ], [ 10207934.556113077327609, 2730325.376917647663504 ], [ 10207952.144213769584894, 2730330.284801830071956 ], [ 10207955.20918090082705, 2730331.284539842512459 ], [ 10207959.033633228391409, 2730332.875714608002454 ], [ 10207973.575162168592215, 2730343.533208615612239 ], [ 10207974.850329406559467, 2730344.936928019393235 ], [ 10207975.07854294590652, 2730345.870285895653069 ], [ 10207974.608521588146687, 2730347.555839582812041 ], [ 10207970.768606090918183, 2730352.94715515198186 ], [ 10207969.128301048651338, 2730357.547809376381338 ], [ 10207968.19483358412981, 2730362.095653159543872 ], [ 10207966.51721547357738, 2730376.476217259187251 ], [ 10207964.819563949480653, 2730381.664949315600097 ], [ 10207961.775046898052096, 2730383.984482021536678 ], [ 10207957.713653383776546, 2730386.655320472083986 ], [ 10207951.489731105044484, 2730389.029087642207742 ], [ 10207945.92087022960186, 2730390.406307255383581 ], [ 10207942.82695752568543, 2730391.215873789973557 ], [ 10207932.60675242356956, 2730396.538334178272635 ], [ 10207921.846378831192851, 2730401.692176843527704 ], [ 10207918.071248395368457, 2730404.530540869105607 ], [ 10207916.917270168662071, 2730406.102475288789719 ], [ 10207916.842521646991372, 2730408.322326180059463 ], [ 10207917.475227188318968, 2730410.300844375509769 ], [ 10207923.446652248501778, 2730419.127023932989687 ], [ 10207928.458945147693157, 2730424.752459440845996 ], [ 10207932.244254950433969, 2730430.806029046885669 ], [ 10207934.045250745490193, 2730436.152583052869886 ], [ 10207936.245809119194746, 2730443.83199323900044 ], [ 10207938.727908242493868, 2730447.160839024465531 ], [ 10207944.548178199678659, 2730452.23428912833333 ], [ 10207947.209465114399791, 2730454.886555434670299 ], [ 10207949.891057694330812, 2730455.10789830936119 ], [ 10207955.135040773078799, 2730454.972662671934813 ], [ 10207960.171444948762655, 2730454.248267841059715 ], [ 10207961.242397418245673, 2730454.21909673511982 ], [ 10207962.562792886048555, 2730455.3343436550349 ], [ 10207984.129263024777174, 2730482.304418484214693 ], [ 10207987.03735014796257, 2730486.822681215126067 ], [ 10207996.393618809059262, 2730502.544744527898729 ], [ 10207997.826247077435255, 2730506.069326647557318 ], [ 10207998.595588613301516, 2730515.663606734015048 ], [ 10207997.888230113312602, 2730527.472649395931512 ], [ 10207997.499451065436006, 2730554.202782462816685 ], [ 10207996.134961947798729, 2730558.860064590349793 ], [ 10207994.504592448472977, 2730563.749395007733256 ], [ 10207994.370346665382385, 2730567.12358166417107 ], [ 10207994.359877089038491, 2730569.876645129639655 ], [ 10207995.364854825660586, 2730572.644790719728917 ], [ 10207997.591688828542829, 2730573.441540474072099 ], [ 10208002.338601559400558, 2730573.40432995185256 ], [ 10208004.235759016126394, 2730573.800180231686682 ], [ 10208005.908992731943727, 2730575.038823490496725 ], [ 10208011.174060879275203, 2730580.953867028933018 ], [ 10208015.853872761130333, 2730586.933304086327553 ], [ 10208020.242001406848431, 2730594.154866569209844 ], [ 10208022.78528855741024, 2730598.827164101414382 ], [ 10208026.718504894524813, 2730609.532786370720714 ], [ 10208028.88497624732554, 2730614.592224213294685 ], [ 10208028.681690158322453, 2730615.77923017879948 ], [ 10208019.015682252123952, 2730632.083123474381864 ], [ 10208017.677975878119469, 2730632.621863029897213 ], [ 10208013.856415363028646, 2730633.162252072244883 ], [ 10207990.611436014994979, 2730632.340041779447347 ], [ 10207987.18803864531219, 2730632.693137842230499 ], [ 10207979.186665533110499, 2730635.093457540031523 ], [ 10207973.984670495614409, 2730638.681299768853933 ], [ 10207969.78142461180687, 2730643.793968482408673 ], [ 10207966.968046765774488, 2730649.156084642745554 ], [ 10207966.34206573292613, 2730654.093698084354401 ], [ 10207967.722135504707694, 2730659.8384297224693 ], [ 10207974.112072257325053, 2730671.852473490871489 ], [ 10207985.761645469814539, 2730685.440878415014595 ], [ 10208005.426488695666194, 2730701.702376300934702 ], [ 10208008.688300259411335, 2730706.099971164949238 ], [ 10208014.973842017352581, 2730716.559414424467832 ], [ 10208016.503869963809848, 2730720.606152076274157 ], [ 10208016.954256011173129, 2730726.991194735746831 ], [ 10208018.593353435397148, 2730737.188519987743348 ], [ 10208018.464641077443957, 2730750.698305820580572 ], [ 10208022.926631271839142, 2730764.603258406277746 ], [ 10208023.086960894986987, 2730765.991566010285169 ], [ 10208022.51787481829524, 2730767.587920055259019 ], [ 10208015.62967717833817, 2730787.832480189856142 ], [ 10208012.198786728084087, 2730801.718198630027473 ], [ 10208023.023279411718249, 2730811.695678317453712 ], [ 10208030.518278181552887, 2730820.527848831377923 ], [ 10208031.939209030941129, 2730821.354864689987153 ], [ 10208034.057909751310945, 2730821.562816286925226 ], [ 10208047.075133455917239, 2730818.104993556626141 ], [ 10208054.709111137315631, 2730816.546818962786347 ], [ 10208057.733646485954523, 2730816.602921784855425 ], [ 10208062.496695544570684, 2730818.13105638558045 ], [ 10208067.305289039388299, 2730822.223677622620016 ], [ 10208073.684961667284369, 2730831.151575129944831 ], [ 10208101.614607552066445, 2730877.429791324771941 ], [ 10208092.141629135236144, 2730889.405136986169964 ], [ 10208085.903939962387085, 2730898.240005368366838 ], [ 10208067.90876635722816, 2730918.897267343010753 ], [ 10208063.76819814555347, 2730924.920530492439866 ], [ 10208065.041736779734492, 2730926.76826080493629 ], [ 10208067.738988192752004, 2730928.699108556378633 ], [ 10208075.819367486983538, 2730931.69435069989413 ], [ 10208079.884683834388852, 2730933.830355034209788 ], [ 10208082.614682447165251, 2730935.850203906651586 ], [ 10208085.385687120258808, 2730938.713947136420757 ], [ 10208086.841517811641097, 2730941.972309906966984 ], [ 10208086.140846775844693, 2730946.243654849007726 ], [ 10208071.587677424773574, 2730981.97889953898266 ], [ 10208065.414629945531487, 2730999.928453750442713 ], [ 10208064.168035449460149, 2731002.599088525865227 ], [ 10208060.8240548633039, 2731005.272834321949631 ], [ 10208048.27895232476294, 2731012.240667341742665 ], [ 10208045.985213816165924, 2731014.529808242339641 ], [ 10208044.925468539819121, 2731017.412112371996045 ], [ 10208045.591196129098535, 2731019.424111502245069 ], [ 10208053.089906236156821, 2731027.323949475307018 ], [ 10208061.063319867476821, 2731035.214505537413061 ], [ 10208063.142185831442475, 2731040.118361103348434 ], [ 10208068.085600540041924, 2731052.282442404422909 ], [ 10208076.447571536526084, 2731082.821640632115304 ], [ 10208075.958335444331169, 2731086.649783247616142 ], [ 10208073.231414079666138, 2731104.102084253914654 ], [ 10208064.993308505043387, 2731136.742390923202038 ], [ 10208064.395251085981727, 2731145.943350473884493 ], [ 10208063.604345262050629, 2731153.622584021184593 ], [ 10208062.224057449027896, 2731165.318369755987078 ], [ 10208062.205431738868356, 2731170.203072634059936 ], [ 10208062.484742702916265, 2731172.224623174406588 ], [ 10208064.183813916519284, 2731175.395116698462516 ], [ 10208067.319455111399293, 2731178.182675572577864 ], [ 10208071.789606805890799, 2731181.274924376513809 ], [ 10208092.259603895246983, 2731189.191548717673868 ], [ 10208096.39719208329916, 2731189.773640058469027 ], [ 10208117.935503967106342, 2731189.634449073113501 ], [ 10208120.958553424105048, 2731190.090129285585135 ], [ 10208123.645296910777688, 2731191.910029168240726 ], [ 10208129.791399417445064, 2731198.4613700164482 ], [ 10208132.27125920727849, 2731202.411972724366933 ], [ 10208132.328455539420247, 2731204.799089182633907 ], [ 10208132.048513069748878, 2731208.750167185906321 ], [ 10208131.143112143501639, 2731214.59734845906496 ], [ 10208129.781606085598469, 2731218.466532758902758 ], [ 10208126.589071538299322, 2731221.929122334346175 ], [ 10208108.234287107363343, 2731238.355595012195408 ], [ 10208100.202608602121472, 2731245.762851648498327 ], [ 10208099.455415971577168, 2731247.724944933317602 ], [ 10208098.975791212171316, 2731249.021990252193063 ], [ 10208108.124665796756744, 2731261.380059014074504 ], [ 10208112.885772107169032, 2731272.155935665592551 ], [ 10208120.677370384335518, 2731284.375549260061234 ], [ 10208122.723087754100561, 2731286.370587673969567 ], [ 10208125.658962259069085, 2731286.537285874132067 ], [ 10208137.832083240151405, 2731284.519259663298726 ], [ 10208140.075094489380717, 2731284.006070429459214 ], [ 10208142.922825153917074, 2731284.105825134087354 ], [ 10208168.269291702657938, 2731289.942847412079573 ], [ 10208184.776363031938672, 2731292.026669093407691 ], [ 10208187.213666269555688, 2731292.680011788848788 ], [ 10208190.605656780302525, 2731294.824594586156309 ], [ 10208197.073852058500051, 2731300.877588341478258 ], [ 10208204.910267550498247, 2731310.022198039572686 ], [ 10208211.605159698054194, 2731323.247927201446146 ], [ 10208214.645875109359622, 2731327.777966020163149 ], [ 10208221.76845651678741, 2731335.953957138117403 ], [ 10208227.76173809170723, 2731342.071834523230791 ], [ 10208233.240012664347887, 2731344.268871545791626 ], [ 10208243.46831445582211, 2731345.65141176013276 ], [ 10208257.675680806860328, 2731345.794762329664081 ], [ 10208261.723610430955887, 2731346.731661580037326 ], [ 10208264.329564666375518, 2731346.541918806731701 ], [ 10208269.62695219181478, 2731344.064297793898731 ], [ 10208297.973944146186113, 2731327.220634119585156 ], [ 10208317.510542308911681, 2731319.346738520078361 ], [ 10208325.653977936133742, 2731317.401816844008863 ], [ 10208336.835470747202635, 2731314.88021382316947 ], [ 10208340.166516153141856, 2731312.72811894165352 ], [ 10208346.372364666312933, 2731306.434937420301139 ], [ 10208365.44041939266026, 2731285.270390760153532 ], [ 10208377.428939001634717, 2731273.68171275453642 ], [ 10208379.735121469944715, 2731271.059480048250407 ], [ 10208382.522021010518074, 2731269.749012617394328 ], [ 10208391.631871841847897, 2731269.128952486906201 ], [ 10208408.105568574741483, 2731268.370454906485975 ], [ 10208414.032252840697765, 2731268.759464863687754 ], [ 10208417.879886051639915, 2731270.117488385178149 ], [ 10208422.085068959742785, 2731273.264282862655818 ], [ 10208434.037403890863061, 2731282.901880015619099 ], [ 10208459.201653692871332, 2731301.937631046865135 ], [ 10208461.494583643972874, 2731302.790186022873968 ], [ 10208483.797375617548823, 2731301.965051965788007 ], [ 10208520.461677609011531, 2731298.44163133809343 ], [ 10208529.760062795132399, 2731297.622249244712293 ], [ 10208531.592427533119917, 2731297.662608773913234 ], [ 10208533.53202561289072, 2731298.558108213823289 ], [ 10208545.52393850684166, 2731309.417056351434439 ], [ 10208557.713170545175672, 2731326.538025139831007 ], [ 10208568.241134475916624, 2731345.051499959081411 ], [ 10208569.447012566030025, 2731347.298699048347771 ], [ 10208572.131210824474692, 2731349.817853944376111 ], [ 10208598.627141842618585, 2731364.129193284548819 ], [ 10208607.889283750206232, 2731369.981867102440447 ], [ 10208609.942648734897375, 2731372.909532402642071 ], [ 10208610.225681010633707, 2731376.896105924155563 ], [ 10208609.749585771933198, 2731383.111243100371212 ], [ 10208607.284730838611722, 2731389.774020846001804 ], [ 10208600.5011669062078, 2731402.892663494218141 ], [ 10208593.418892374262214, 2731413.223618014715612 ], [ 10208580.799998061731458, 2731428.062954239081591 ], [ 10208576.86866519600153, 2731434.231747426092625 ], [ 10208575.079724276438355, 2731440.24202190944925 ], [ 10208574.31201115809381, 2731444.735326297115535 ], [ 10208574.392251458019018, 2731449.798134872224182 ], [ 10208575.68223887309432, 2731453.166922306641936 ], [ 10208583.198192378506064, 2731465.407562025357038 ], [ 10208583.839202178642154, 2731468.12989345472306 ], [ 10208584.308816419914365, 2731489.946857151575387 ], [ 10208584.762239295989275, 2731492.668583888094872 ], [ 10208586.332737343385816, 2731494.8283517267555 ], [ 10208589.622891059145331, 2731497.671834657434374 ], [ 10208596.289458315819502, 2731503.881038430146873 ], [ 10208598.601467169821262, 2731508.474877672735602 ], [ 10208598.676397075876594, 2731512.027762878220528 ], [ 10208596.646705649793148, 2731535.012023727875203 ], [ 10208596.975765431299806, 2731547.280878680292517 ], [ 10208599.256968662142754, 2731557.12585483584553 ], [ 10208602.678674232214689, 2731563.133869337383658 ], [ 10208605.088142275810242, 2731565.29687630571425 ], [ 10208609.75608778744936, 2731565.780899487901479 ], [ 10208618.598411235958338, 2731565.91454162588343 ], [ 10208624.354227986186743, 2731567.712841251865029 ], [ 10208627.316952353343368, 2731569.555967329535633 ], [ 10208634.387302117422223, 2731577.032334103249013 ], [ 10208641.750906921923161, 2731588.706281013321131 ], [ 10208644.515823489055037, 2731593.224139504600316 ], [ 10208646.350679520517588, 2731595.562537155579776 ], [ 10208650.054616233333945, 2731596.975531666539609 ], [ 10208660.31029942445457, 2731597.014664665795863 ], [ 10208666.590314982458949, 2731609.15072119096294 ], [ 10208671.345296531915665, 2731615.841122592799366 ], [ 10208676.721409877762198, 2731621.767898090649396 ], [ 10208704.00220182724297, 2731644.730659593828022 ], [ 10208709.384278293699026, 2731649.092106979805976 ], [ 10208711.689111037179828, 2731652.675706618931144 ], [ 10208715.117874382063746, 2731659.749591991771013 ], [ 10208724.74090663343668, 2731684.166107684839517 ], [ 10208734.095641890540719, 2731700.666023547295481 ], [ 10208731.82356077618897, 2731729.444892005994916 ], [ 10208730.664461772888899, 2731749.945884244050831 ], [ 10208729.402937263250351, 2731756.613378699868917 ], [ 10208721.304517323151231, 2731775.888955942355096 ], [ 10208720.510116077959538, 2731781.636758472770452 ], [ 10208720.644155731424689, 2731787.066221295855939 ], [ 10208723.369420040398836, 2731802.142131948843598 ], [ 10208724.89806105569005, 2731806.655370305292308 ], [ 10208727.19474408775568, 2731809.461876361630857 ], [ 10208757.09517415240407, 2731819.978329998906702 ], [ 10208768.189364975318313, 2731823.129114689305425 ], [ 10208776.37557040899992, 2731827.49001537123695 ], [ 10208784.074593281373382, 2731835.168681422714144 ], [ 10208795.850671399384737, 2731841.941261718049645 ], [ 10208807.958022974431515, 2731851.634998211637139 ], [ 10208824.171862946823239, 2731861.411056899931282 ], [ 10208836.943567305803299, 2731855.908439235761762 ], [ 10208852.831116911023855, 2731843.834195323754102 ], [ 10208863.667032100260258, 2731839.334662780165672 ], [ 10208886.779608048498631, 2731831.795328755863011 ], [ 10208903.685363363474607, 2731824.920717106666416 ], [ 10208923.695694945752621, 2731817.369427399244159 ], [ 10208932.102318335324526, 2731810.085092467721552 ], [ 10208943.16205839253962, 2731801.81159176165238 ], [ 10208958.705874282866716, 2731790.080199769232422 ], [ 10208979.102698054164648, 2731770.740067306440324 ], [ 10209009.966390926390886, 2731745.155787229537964 ], [ 10209019.984436457976699, 2731737.921896585728973 ], [ 10209083.041378159075975, 2731732.609603201504797 ], [ 10209106.90406958758831, 2731733.987808023579419 ], [ 10209145.795541010797024, 2731772.825415716506541 ], [ 10209155.545531056821346, 2731784.11977952439338 ], [ 10209156.173253184184432, 2731787.485986497718841 ], [ 10209160.145167713984847, 2731799.957549985963851 ], [ 10209178.056804301217198, 2731848.841103435959667 ], [ 10209185.715925561264157, 2731867.255081101786345 ], [ 10209195.021564057096839, 2731885.242350303567946 ], [ 10209198.316949490457773, 2731895.579738248605281 ], [ 10209200.928694920614362, 2731917.549704523291439 ], [ 10209207.449575377628207, 2731942.176630801986903 ], [ 10209213.524844713509083, 2731967.90109986346215 ], [ 10209222.192623119801283, 2731982.288956125732511 ], [ 10209227.248925110325217, 2731997.08510123193264 ], [ 10209242.594295620918274, 2732068.130637320224196 ], [ 10209250.932957461103797, 2732084.948665395379066 ], [ 10209259.683257970958948, 2732115.701693739276379 ], [ 10209270.385817473754287, 2732144.01961866253987 ], [ 10209282.085664505138993, 2732180.257276651915163 ], [ 10209300.367262290790677, 2732221.915487319696695 ], [ 10209302.11048461869359, 2732225.163967752829194 ], [ 10209318.251615783199668, 2732236.882311585824937 ], [ 10209336.910200946033001, 2732251.474554529879242 ], [ 10209394.439806457608938, 2732254.544458963908255 ], [ 10209411.810291938483715, 2732253.366367725189775 ], [ 10209428.609669556841254, 2732251.386789039243013 ], [ 10209463.99357851780951, 2732245.358111447654665 ], [ 10209494.554214905947447, 2732238.989143252372742 ], [ 10209506.674353895708919, 2732233.561276535037905 ], [ 10209523.991147469729185, 2732225.998994381166995 ], [ 10209533.435353407636285, 2732224.691054942086339 ], [ 10209546.337428485974669, 2732222.73002055240795 ], [ 10209553.393779538571835, 2732219.281428310088813 ], [ 10209583.029210172593594, 2732200.385475271847099 ], [ 10209650.64897271245718, 2732158.872129866853356 ], [ 10209692.488897364586592, 2732132.560924632009119 ], [ 10209736.25580383464694, 2732101.582896048668772 ], [ 10209748.040876911953092, 2732091.168731998186558 ], [ 10209766.756768178194761, 2732075.395832640118897 ], [ 10209776.285875208675861, 2732069.014361496083438 ], [ 10209799.434664744883776, 2732051.637150626629591 ], [ 10209807.134801393374801, 2732044.227364838123322 ], [ 10209844.549814078956842, 2732020.175416712649167 ], [ 10209877.327728558331728, 2731996.161662063095719 ], [ 10209940.47847112454474, 2731953.620661698281765 ], [ 10209951.870452113449574, 2731944.959041115362197 ], [ 10209956.830481827259064, 2731941.12507011089474 ], [ 10209983.48446549102664, 2731931.132526754867285 ], [ 10209993.131290458142757, 2731925.706241297069937 ], [ 10210004.318101935088634, 2731915.789256047457457 ], [ 10210056.89839830249548, 2731856.511061295866966 ], [ 10210079.913809889927506, 2731833.226802703924477 ], [ 10210105.225492805242538, 2731803.911522287875414 ], [ 10210119.660471469163895, 2731793.285033553373069 ], [ 10210149.107734203338623, 2731762.108997223433107 ], [ 10210182.490919928997755, 2731729.337712556589395 ], [ 10210194.34870239160955, 2731717.014126770198345 ], [ 10210230.881985848769546, 2731686.175149745773524 ], [ 10210239.908339383080602, 2731669.25593774067238 ], [ 10210280.325072029605508, 2731608.933531775139272 ], [ 10210326.382121153175831, 2731539.728425201959908 ], [ 10210350.483793932944536, 2731505.979236861690879 ], [ 10210355.011473447084427, 2731499.534649658948183 ], [ 10210360.587019715458155, 2731484.323552664369345 ], [ 10210370.685477407649159, 2731463.966987690422684 ], [ 10210380.818869447335601, 2731437.071462429128587 ], [ 10210388.590130554512143, 2731431.182939562480897 ], [ 10210435.602958910167217, 2731375.081875284202397 ], [ 10210460.175695074722171, 2731345.186933153308928 ], [ 10210486.261142048984766, 2731309.1582355145365 ], [ 10210496.480660788714886, 2731291.866283567156643 ], [ 10210506.914346717298031, 2731270.311936891637743 ], [ 10210508.045251153409481, 2731268.983959977515042 ], [ 10210541.172868058085442, 2731248.268467595800757 ], [ 10210565.25980151258409, 2731233.436615493148565 ], [ 10210596.17345523647964, 2731208.305481819435954 ], [ 10210610.730514079332352, 2731203.330115717835724 ], [ 10210624.468182677403092, 2731195.964851397555321 ], [ 10210637.124361472204328, 2731191.54866497265175 ], [ 10210645.962137753143907, 2731189.827144301496446 ], [ 10210710.732515657320619, 2731177.054623968433589 ], [ 10210845.174794213846326, 2731193.923704263754189 ], [ 10210899.523214779794216, 2731202.627069863956422 ], [ 10210905.218447644263506, 2731202.925446829758584 ], [ 10210920.426197376102209, 2731198.063179021235555 ], [ 10211038.164653839543462, 2731160.50475153606385 ], [ 10211095.719949005171657, 2731140.188428509514779 ], [ 10211110.114784058183432, 2731137.243602187838405 ], [ 10211115.259087301790714, 2731137.262423088774085 ], [ 10211162.518700636923313, 2731152.477779755368829 ], [ 10211202.286907803267241, 2731181.831292342860252 ], [ 10211219.315165966749191, 2731226.200099925510585 ], [ 10211227.645331023260951, 2731248.88897472480312 ], [ 10211234.861947242170572, 2731277.313384640030563 ], [ 10211240.197875168174505, 2731303.810470548458397 ], [ 10211257.607309067621827, 2731315.985916868783534 ], [ 10211306.297508748248219, 2731354.109069897793233 ], [ 10211319.977220768108964, 2731365.871281259693205 ], [ 10211349.963703760877252, 2731364.992300008889288 ], [ 10211368.030655963346362, 2731344.808529291767627 ], [ 10211379.815865941345692, 2731324.71277471492067 ], [ 10211386.074174854904413, 2731312.723467459902167 ], [ 10211397.775247504934669, 2731288.375602183863521 ], [ 10211413.183254206553102, 2731237.019728194456547 ], [ 10211417.308035533875227, 2731225.844193145632744 ], [ 10211414.938019685447216, 2731203.365895460359752 ], [ 10211406.475879585370421, 2731146.694597843103111 ], [ 10211446.284787449985743, 2731124.437049651052803 ], [ 10211620.493291608989239, 2731027.033819385338575 ], [ 10211673.743184175342321, 2730997.260303019545972 ], [ 10211734.474797980859876, 2731023.723993769846857 ], [ 10211738.244714489206672, 2731040.700690580066293 ], [ 10211790.886244013905525, 2731079.113623786717653 ], [ 10211834.715899553149939, 2731109.001791171263903 ], [ 10211868.798910731449723, 2731132.482480345759541 ], [ 10211889.808724217116833, 2731150.487377794925123 ], [ 10211900.681834174320102, 2731163.060226309113204 ], [ 10211905.523166604340076, 2731170.660165030509233 ], [ 10211908.378225542604923, 2731174.911242324393243 ], [ 10211910.061190573498607, 2731185.907959744334221 ], [ 10211910.580954490229487, 2731201.130185573827475 ], [ 10211910.156835801899433, 2731214.816923150792718 ], [ 10211906.621177302673459, 2731237.362768681254238 ], [ 10211899.198621682822704, 2731257.074843868147582 ], [ 10211886.664573226124048, 2731279.965653591323644 ], [ 10211880.293047482147813, 2731295.94027040945366 ], [ 10211875.260039672255516, 2731311.15365562774241 ], [ 10211871.411532882601023, 2731316.146656361874193 ], [ 10211844.791706187650561, 2731341.95102978264913 ], [ 10211810.792838331311941, 2731369.005325400736183 ], [ 10211776.441878264769912, 2731395.73642788361758 ], [ 10211750.3083212133497, 2731418.200908647850156 ], [ 10211704.234656851738691, 2731435.208783852867782 ], [ 10211690.12226191163063, 2731439.398623610846698 ], [ 10211595.495737401768565, 2731462.791666113771498 ], [ 10211511.58969865180552, 2731485.823336174245924 ], [ 10211500.082466220483184, 2731490.022477642633021 ], [ 10211480.438205635175109, 2731503.66197593184188 ], [ 10211464.300556352362037, 2731515.360199255868793 ], [ 10211457.767102325335145, 2731520.931817522738129 ], [ 10211459.389956124126911, 2731554.753995683509856 ], [ 10211467.757634412497282, 2731622.450559086631984 ], [ 10211470.667033771052957, 2731626.946304982062429 ], [ 10211484.402084711939096, 2731641.839457760099322 ], [ 10211503.305101037025452, 2731659.449189570732415 ], [ 10211510.186840154230595, 2731664.481189740821719 ], [ 10211545.209882726892829, 2731681.505514780525118 ], [ 10211548.108522731810808, 2731679.784097956027836 ], [ 10211585.299451775848866, 2731692.619571079965681 ], [ 10211639.291424602270126, 2731712.032717301510274 ], [ 10211674.350792584940791, 2731725.149014699272811 ], [ 10211709.195138609036803, 2731739.763206375297159 ], [ 10211722.281723462045193, 2731753.965636637527496 ], [ 10211730.956232544034719, 2731760.913500741589814 ], [ 10211741.931911122053862, 2731769.557279200758785 ], [ 10211761.891804922372103, 2731781.930474838707596 ], [ 10211765.263260940089822, 2731793.078011713456362 ], [ 10211771.15981219895184, 2731811.240066736936569 ], [ 10211775.554929625242949, 2731820.170961025636643 ], [ 10211784.663406131789088, 2731835.424762606620789 ], [ 10211784.932448141276836, 2731846.649989934172481 ], [ 10211788.834895458072424, 2731866.803308514878154 ], [ 10211800.272153591737151, 2731888.449237584136426 ], [ 10211820.272079348564148, 2731936.038622854277492 ], [ 10211822.531024383381009, 2731943.418590810149908 ], [ 10211830.631053727120161, 2731959.801315539050847 ], [ 10211833.802291642874479, 2731968.272652141749859 ], [ 10211840.03996117785573, 2731977.52102213120088 ], [ 10211848.244980426505208, 2731989.230109146796167 ], [ 10211853.248456280678511, 2731997.863500608131289 ], [ 10211858.512484213337302, 2732013.914030098356307 ], [ 10211860.037088796496391, 2732016.683992336969823 ], [ 10211862.321184476837516, 2732017.003092371858656 ], [ 10211865.379853731021285, 2732016.858720240183175 ], [ 10211877.469853581860662, 2732010.296520512551069 ], [ 10211901.206733936443925, 2731994.539272717665881 ], [ 10211907.40163984335959, 2731987.922486217692494 ], [ 10211915.677384909242392, 2731979.803294058423489 ], [ 10211923.492699269205332, 2731970.761010250542313 ], [ 10211927.374330753460526, 2731962.714756243862212 ], [ 10211946.220262242481112, 2731903.586041030474007 ], [ 10211951.338265612721443, 2731883.154348212759942 ], [ 10211954.70800624974072, 2731879.325200682040304 ], [ 10211964.203579142689705, 2731872.742507794871926 ], [ 10211973.374151641502976, 2731861.351437768433243 ], [ 10211981.36802745424211, 2731845.537566910963506 ], [ 10211985.970810385420918, 2731839.559007337316871 ], [ 10211991.63249016739428, 2731836.970328665804118 ], [ 10211998.826848801225424, 2731831.767175150103867 ], [ 10212011.858255442231894, 2731818.125218798872083 ], [ 10212018.234683709219098, 2731813.196551670785993 ], [ 10212054.423732714727521, 2731785.07199764996767 ], [ 10212055.464359182864428, 2731784.265309327282012 ], [ 10212079.445806765928864, 2731764.767457467969507 ], [ 10212104.875875966623425, 2731744.564352330286056 ], [ 10212121.91464826837182, 2731734.000907359179109 ], [ 10212153.544622235000134, 2731715.007902755402029 ], [ 10212171.883962754160166, 2731711.232384145725518 ], [ 10212183.039919951930642, 2731709.584970381110907 ], [ 10212210.908978445455432, 2731711.372363498434424 ], [ 10212262.541448360309005, 2731714.577165307477117 ], [ 10212328.504798954352736, 2731723.672693197615445 ], [ 10212361.045210229232907, 2731731.249530230648816 ], [ 10212393.970626452937722, 2731742.358259805012494 ], [ 10212415.87689951620996, 2731750.774164349306375 ], [ 10212437.829898189753294, 2731758.479616474360228 ], [ 10212462.128517700359225, 2731764.68359081633389 ], [ 10212533.455920631065965, 2731746.042348966002464 ], [ 10212600.700569095090032, 2731717.405560225248337 ], [ 10212632.943394394591451, 2731706.040882708504796 ], [ 10212712.88863879814744, 2731682.167121809441596 ], [ 10212780.231025729328394, 2731660.113585949409753 ], [ 10212840.2736831381917, 2731638.677699855994433 ], [ 10212865.449109192937613, 2731630.984481707215309 ], [ 10212880.660292208194733, 2731628.262884104158729 ], [ 10212889.225939186289907, 2731628.570782156195492 ], [ 10212909.366000153124332, 2731636.97960013570264 ], [ 10212945.87684765830636, 2731655.160631370730698 ], [ 10212965.519298134371638, 2731666.976029997225851 ], [ 10212995.025344874709845, 2731686.786320567596704 ], [ 10213005.242145670577884, 2731688.487711198162287 ], [ 10213016.831222884356976, 2731692.414362894836813 ], [ 10213035.031755223870277, 2731703.036670252215117 ], [ 10213070.9083207026124, 2731729.042062133084983 ], [ 10213121.077916651964188, 2731828.904309788253158 ], [ 10213135.869873635470867, 2731832.02354791527614 ], [ 10213182.921662485226989, 2731841.945221099071205 ], [ 10213213.424527697265148, 2731870.529524429701269 ], [ 10213241.21870643645525, 2731893.91965052857995 ], [ 10213258.4375164732337, 2731904.427324870601296 ], [ 10213267.245917299762368, 2731907.999890680424869 ], [ 10213336.509949248284101, 2731911.196468880400062 ], [ 10213357.687570240348577, 2731910.282840011641383 ], [ 10213387.019630417227745, 2731891.456645073834807 ], [ 10213429.968750009313226, 2731887.077771518845111 ], [ 10213459.91878486610949, 2731861.903270788490772 ], [ 10213497.908280139788985, 2731820.070536356884986 ], [ 10213492.505332792177796, 2731802.243901122361422 ], [ 10213483.38338889926672, 2731774.434540661051869 ], [ 10213468.401340136304498, 2731730.162711578886956 ], [ 10213455.752348784357309, 2731726.232750928029418 ], [ 10213440.003935895860195, 2731718.339478943496943 ], [ 10213437.354736039415002, 2731702.332206106279045 ], [ 10213434.359058633446693, 2731690.72011945117265 ], [ 10213452.196320243179798, 2731646.9854597277008 ], [ 10213459.094538843259215, 2731631.522406040690839 ], [ 10213485.369278386235237, 2731605.935778491664678 ], [ 10213501.726031009107828, 2731587.952472141943872 ], [ 10213499.522423028945923, 2731548.488598890602589 ], [ 10213493.934865744784474, 2731494.724920896813273 ], [ 10213490.35250736027956, 2731480.41316468315199 ], [ 10213475.471774997189641, 2731416.503454586025327 ], [ 10213450.880145186558366, 2731351.538518487475812 ], [ 10213443.290829809382558, 2731333.937821002211422 ], [ 10213432.659354336559772, 2731308.621926555875689 ], [ 10213427.650527290999889, 2731301.354963477700949 ], [ 10213404.872400334104896, 2731270.612159242853522 ], [ 10213382.571837609633803, 2731245.45518775517121 ], [ 10213364.103273147717118, 2731226.251136433333158 ], [ 10213337.204332314431667, 2731193.318002198357135 ], [ 10213332.650800704956055, 2731188.483867319300771 ], [ 10213326.544907230883837, 2731169.745085960254073 ], [ 10213319.522312935441732, 2731128.899791438598186 ], [ 10213318.45300805196166, 2731118.937892792746425 ], [ 10213330.716422207653522, 2731097.055404026992619 ], [ 10213373.300244551151991, 2731057.383692530915141 ], [ 10213455.437432268634439, 2730976.353310346603394 ], [ 10213464.34673055447638, 2730982.52356734406203 ], [ 10213481.475748207420111, 2730954.952090187463909 ], [ 10213528.650839457288384, 2730893.060206830501556 ], [ 10213567.908169366419315, 2730796.715383334085345 ], [ 10213593.760988146066666, 2730726.700850764289498 ], [ 10213601.080271674320102, 2730717.012874587904662 ], [ 10213621.376849081367254, 2730689.474871559534222 ], [ 10213636.573711162433028, 2730671.399619706906378 ], [ 10213659.909632517024875, 2730639.609346857760102 ], [ 10213681.021520731970668, 2730609.265694565139711 ], [ 10213688.57952094450593, 2730600.74416905362159 ], [ 10213770.486802600324154, 2730543.743280951865017 ], [ 10213790.193894298747182, 2730530.028672843240201 ], [ 10213817.516076603904366, 2730507.322079112287611 ], [ 10213886.890144908800721, 2730457.541726476978511 ], [ 10213898.915000703185797, 2730446.859859031159431 ], [ 10213903.21465633623302, 2730438.848697210196406 ], [ 10213909.933128088712692, 2730420.79946171073243 ], [ 10213933.187223590910435, 2730357.903913188260049 ], [ 10213943.948015021160245, 2730329.589277978986502 ], [ 10213954.17835539393127, 2730304.636354259215295 ], [ 10213955.68042385019362, 2730297.969914285000414 ], [ 10213974.057397413998842, 2730240.85250644152984 ], [ 10213982.748088721185923, 2730130.583762745372951 ], [ 10213980.800234287977219, 2730112.782257925253361 ], [ 10213973.209228465333581, 2730050.646568585187197 ], [ 10213964.610879059880972, 2730037.584344238974154 ], [ 10213949.321596965193748, 2730015.351754246745259 ], [ 10213905.833396460860968, 2729972.551277889404446 ], [ 10213878.206932680681348, 2729946.03545283479616 ], [ 10213834.893149016425014, 2729897.551961845718324 ], [ 10213814.912014188244939, 2729869.142271567136049 ], [ 10213780.825853280723095, 2729811.333172050770372 ], [ 10213764.113106768578291, 2729782.668433543760329 ], [ 10213750.315352953970432, 2729766.613185164518654 ], [ 10213735.402093814685941, 2729744.315611654426903 ], [ 10213722.500216092914343, 2729698.9689273070544 ], [ 10213714.418318681418896, 2729651.507893620990217 ], [ 10213711.22811776958406, 2729635.534150266554207 ], [ 10213715.192713554948568, 2729615.789075771346688 ], [ 10213720.575834687799215, 2729600.822122336830944 ], [ 10213723.942248601466417, 2729584.915707103442401 ], [ 10213783.858449963852763, 2729562.324171383399516 ], [ 10213807.760806050151587, 2729557.778503180947155 ], [ 10213840.614513007923961, 2729553.44159154035151 ], [ 10213851.812596073374152, 2729558.287050945684314 ], [ 10213865.944347878918052, 2729563.886503085959703 ], [ 10213871.821944547817111, 2729565.572028071153909 ], [ 10213948.399195313453674, 2729568.718769164290279 ], [ 10214444.649257702752948, 2729589.101802324410528 ], [ 10214486.819589044898748, 2729590.833187762182206 ], [ 10214497.709847703576088, 2729605.145896582398564 ], [ 10214506.029691928997636, 2729615.753400415647775 ], [ 10214521.729822406545281, 2729611.422660284209996 ], [ 10214549.027337435632944, 2729604.956004520878196 ], [ 10214571.53221882507205, 2729612.082200509030372 ], [ 10214578.144361885264516, 2729634.749992858152837 ], [ 10214583.174174690619111, 2729645.590364898089319 ], [ 10214605.619573723524809, 2729650.762614295817912 ], [ 10214628.126151967793703, 2729657.411309962626547 ], [ 10214640.204652637243271, 2729659.906003355514258 ], [ 10214649.670373771339655, 2729661.414790107402951 ], [ 10214654.390113014727831, 2729662.774166150949895 ], [ 10214654.683519599959254, 2729664.151645839214325 ], [ 10214654.435001431033015, 2729665.81589071592316 ], [ 10214652.349686060100794, 2729668.794815435539931 ], [ 10214649.129211330786347, 2729671.25913742184639 ], [ 10214638.13208881393075, 2729675.395252489484847 ], [ 10214604.041116965934634, 2729670.238647994119674 ], [ 10214604.380642615258694, 2729700.322415041271597 ], [ 10214609.377266695722938, 2729750.715775629971176 ], [ 10214609.535662898793817, 2729752.313208109233528 ], [ 10214611.298644669353962, 2729769.502998124342412 ], [ 10214560.622927339747548, 2729769.084771326277405 ], [ 10214545.895053349435329, 2729768.780184219125658 ], [ 10214546.28845551609993, 2729781.511275192257017 ], [ 10214550.168582694604993, 2729810.908635400701314 ], [ 10214540.562760317698121, 2729811.608263893052936 ], [ 10214538.807136630639434, 2729831.250493025407195 ], [ 10214538.975639997050166, 2729849.889068966265768 ], [ 10214539.587558507919312, 2729880.973200832959265 ], [ 10214540.769184812903404, 2729906.80862721381709 ], [ 10214522.874606823548675, 2729907.157873184420168 ], [ 10214514.43613868765533, 2729908.638625387568027 ], [ 10214516.76105048507452, 2729948.853493150789291 ], [ 10214519.680263901129365, 2729992.811557500623167 ], [ 10214519.407721739262342, 2730011.293468316085637 ], [ 10214511.739165518432856, 2730046.057072364725173 ], [ 10214502.781299931928515, 2730099.632401147857308 ], [ 10214541.835029641166329, 2730103.130164618138224 ], [ 10214558.360664941370487, 2730106.139737376477569 ], [ 10214556.004257978871465, 2730130.398262103553861 ], [ 10214549.439424391835928, 2730165.221397174522281 ], [ 10214548.354771187528968, 2730169.302790001034737 ], [ 10214566.206558654084802, 2730201.157232467085123 ], [ 10214594.451400190591812, 2730244.348163732793182 ], [ 10214599.613076889887452, 2730252.136547065805644 ], [ 10214598.061052145436406, 2730254.10723115876317 ], [ 10214573.861847506836057, 2730300.293129784520715 ], [ 10214559.956804499030113, 2730325.178239774424583 ], [ 10214544.606992172077298, 2730356.152895275037736 ], [ 10214547.571357756853104, 2730357.639472127426416 ], [ 10214583.188805378973484, 2730368.796326353680342 ], [ 10214603.303530918434262, 2730374.704489501658827 ], [ 10214656.890728132799268, 2730386.267027947120368 ], [ 10214687.351384401321411, 2730394.697242744732648 ], [ 10214708.020782738924026, 2730403.071650180965662 ], [ 10214724.598633971065283, 2730410.299704351928085 ], [ 10214751.767771644517779, 2730425.845510257873684 ], [ 10214767.193646932020783, 2730434.279577625915408 ], [ 10214778.924859063699841, 2730441.69088033400476 ], [ 10214794.555209819227457, 2730454.943598750047386 ], [ 10214807.797115441411734, 2730469.398180726449937 ], [ 10214822.943487579002976, 2730488.688226342666894 ], [ 10214848.106695784255862, 2730519.679858126677573 ], [ 10214868.122589845210314, 2730545.125489274505526 ], [ 10214886.538873642683029, 2730567.024438781198114 ], [ 10214907.560007471591234, 2730595.559704219456762 ], [ 10214939.501080755144358, 2730649.587408741004765 ], [ 10214961.26606622710824, 2730686.773172255605459 ], [ 10214990.243411799892783, 2730732.6536760693416 ], [ 10215010.320551060140133, 2730762.973167695105076 ], [ 10215027.071967834606767, 2730797.499951224774122 ], [ 10215038.403251083567739, 2730822.227874096948653 ], [ 10215040.689499795436859, 2730864.476476042065769 ], [ 10215041.404446752741933, 2730904.610531037673354 ], [ 10215043.55911579169333, 2730920.392988038249314 ], [ 10215045.573128122836351, 2730932.056379846762866 ], [ 10215027.72656512632966, 2730970.284518630709499 ], [ 10215007.946312775835395, 2731012.291872781701386 ], [ 10214979.50496431812644, 2731095.434262061025947 ], [ 10214962.423330418765545, 2731145.699382910504937 ], [ 10214958.708989562466741, 2731186.507367794867605 ], [ 10214964.619181990623474, 2731211.472858896944672 ], [ 10214971.639692775905132, 2731250.929883246310055 ], [ 10214994.074143581092358, 2731286.265321486629546 ], [ 10215020.18287593498826, 2731325.443448811769485 ], [ 10215030.551251942291856, 2731331.318258006125689 ], [ 10215042.125171871855855, 2731336.497699955943972 ], [ 10215051.145550344139338, 2731339.448250798042864 ], [ 10215072.193492334336042, 2731340.741045404691249 ], [ 10215090.763313258066773, 2731340.282416150905192 ], [ 10215097.709732374176383, 2731339.528918588068336 ], [ 10215174.091314656659961, 2731395.552651005331427 ], [ 10215194.258096085861325, 2731412.695650390349329 ], [ 10215256.45050348341465, 2731430.436361206695437 ], [ 10215294.163292054086924, 2731439.778726652264595 ], [ 10215316.630213776603341, 2731442.652505470905453 ], [ 10215328.578569324687123, 2731441.571699976921082 ], [ 10215343.013651749119163, 2731439.666583399288356 ], [ 10215350.385907735675573, 2731440.291122782044113 ], [ 10215373.135199561715126, 2731444.553428325336426 ], [ 10215386.084391659125686, 2731441.311112538445741 ], [ 10215397.62487993016839, 2731440.062311643734574 ], [ 10215414.128400545567274, 2731423.731923719402403 ], [ 10215417.648359959945083, 2731411.010078829247504 ], [ 10215425.675255479291081, 2731380.940265380311757 ], [ 10215434.843319872394204, 2731343.00332564022392 ], [ 10215443.450430857017636, 2731307.762270371895283 ], [ 10215445.99258641153574, 2731293.638377654831856 ], [ 10215454.907286163419485, 2731255.534223756752908 ], [ 10215458.003008332103491, 2731244.209856010042131 ], [ 10215467.407114585861564, 2731228.110859283711761 ], [ 10215497.884885990992188, 2731179.089076417032629 ], [ 10215517.433129265904427, 2731189.76820862852037 ], [ 10215548.66267653554678, 2731206.526043893769383 ], [ 10215570.069940578192472, 2731219.220749496016651 ], [ 10215571.425350835546851, 2731229.860625123605132 ], [ 10215574.695057073608041, 2731252.452480389270931 ], [ 10215577.995835045352578, 2731262.399629042483866 ], [ 10215571.681605933234096, 2731321.916690072976053 ], [ 10215568.701099557802081, 2731338.414946333970875 ], [ 10215567.967916261404753, 2731349.747341042384505 ], [ 10215570.102815471589565, 2731378.241560875903815 ], [ 10215572.539399774745107, 2731395.74624262470752 ], [ 10215574.894290331751108, 2731401.349375667516142 ], [ 10215569.881378952413797, 2731438.057225235272199 ], [ 10215564.618542738258839, 2731473.587496422696859 ], [ 10215562.090886792168021, 2731483.381819332949817 ], [ 10215562.057831682264805, 2731493.317892089486122 ], [ 10215563.542796874418855, 2731511.463363124523312 ], [ 10215564.604428673163056, 2731570.528836093842983 ], [ 10215562.976275501772761, 2731595.302834604401141 ], [ 10215556.924697568640113, 2731638.935089287348092 ], [ 10215555.647746888920665, 2731664.32101916288957 ], [ 10215553.857288708910346, 2731707.967861444223672 ], [ 10215553.764205534011126, 2731735.878045791294426 ], [ 10215555.304676638916135, 2731770.499250494875014 ], [ 10215555.645688461139798, 2731774.186280640307814 ], [ 10215557.286932047456503, 2731778.59928868804127 ], [ 10215580.627460479736328, 2731814.304433139972389 ], [ 10215604.368815554305911, 2731852.331389598082751 ], [ 10215612.949634758755565, 2731864.72803755896166 ], [ 10215616.019368033856153, 2731867.835814320482314 ], [ 10215634.264502832666039, 2731882.219007889274508 ], [ 10215659.113485105335712, 2731905.97234276169911 ], [ 10215668.352902865037322, 2731916.183986213523895 ], [ 10215678.462012762203813, 2731930.484317527152598 ], [ 10215689.531617972999811, 2731944.798918362241238 ], [ 10215693.302692070603371, 2731949.474486403167248 ], [ 10215689.356987068429589, 2731964.093834050465375 ], [ 10215678.920753549784422, 2731998.34224814362824 ], [ 10215677.724023314192891, 2732002.978949721902609 ], [ 10215677.002544628456235, 2732007.495057598687708 ], [ 10215674.628518551588058, 2732010.939904564991593 ], [ 10215661.208198310807347, 2732029.568644513376057 ], [ 10215644.162942875176668, 2732052.648304368369281 ], [ 10215626.595517875626683, 2732076.736468777991831 ], [ 10215614.67913362942636, 2732094.570989131461829 ], [ 10215596.88366268016398, 2732117.470485868863761 ], [ 10215586.540641123428941, 2732133.611665715463459 ], [ 10215578.017361328005791, 2732150.302981705404818 ], [ 10215561.998840054497123, 2732196.478981110267341 ], [ 10215559.34020415879786, 2732209.104461636394262 ], [ 10215554.463430305942893, 2732228.095168272498995 ], [ 10215550.295266803354025, 2732239.860763039905578 ], [ 10215549.586876751855016, 2732243.699771070852876 ], [ 10215549.864401485770941, 2732249.873607328627259 ], [ 10215550.848501974716783, 2732256.038786275312304 ], [ 10215551.844713278114796, 2732258.573366162367165 ], [ 10215570.035622416064143, 2732286.024331104010344 ], [ 10215576.974381901323795, 2732297.605279860086739 ], [ 10215581.974625378847122, 2732304.49458718392998 ], [ 10215612.85656856931746, 2732320.27517063356936 ], [ 10215626.944101013243198, 2732326.80640889192 ], [ 10215639.655487351119518, 2732328.880939743015915 ], [ 10215655.827465115115047, 2732329.434982271399349 ], [ 10215666.616595460101962, 2732328.560909512452781 ], [ 10215669.532770175486803, 2732328.071133215446025 ], [ 10215675.064959995448589, 2732324.448125891853124 ], [ 10215700.406131902709603, 2732309.955977940466255 ], [ 10215720.822981534525752, 2732298.899949363432825 ], [ 10215732.060411565005779, 2732292.675946035888046 ], [ 10215735.104160234332085, 2732290.354740906972438 ], [ 10215741.723431782796979, 2732281.828169041313231 ], [ 10215747.631274588406086, 2732271.44502868456766 ], [ 10215755.267229059711099, 2732259.280358083546162 ], [ 10215762.207763914018869, 2732250.443901896011084 ], [ 10215772.556972665712237, 2732232.392973588313907 ], [ 10215799.55883477255702, 2732189.817331687081605 ], [ 10215812.003903599455953, 2732168.97566704172641 ], [ 10215825.434322878718376, 2732147.260267638135701 ], [ 10215831.861243929713964, 2732136.801294679753482 ], [ 10215841.955366715788841, 2732112.421192705631256 ], [ 10215850.324193857610226, 2732088.9568414199166 ], [ 10215865.438480500131845, 2732052.181441327091306 ], [ 10215890.910456547513604, 2731998.021419094409794 ], [ 10215903.228324078023434, 2731972.161388636101037 ], [ 10215907.510377369821072, 2731965.902932554017752 ], [ 10215909.392837112769485, 2731964.188413091469556 ], [ 10215918.466027867048979, 2731958.034938295837492 ], [ 10215929.137942371889949, 2731952.464095517061651 ], [ 10215945.55919860675931, 2731944.281247883103788 ], [ 10215968.956707580015063, 2731929.726897136773914 ], [ 10215980.071243919432163, 2731923.835572955198586 ], [ 10215996.03572747297585, 2731916.916842297185212 ], [ 10216026.675733232870698, 2731902.231217517051846 ], [ 10216030.438316492363811, 2731899.501612524036318 ], [ 10216039.728517135605216, 2731887.753242146689445 ], [ 10216051.950013145804405, 2731870.907761519774795 ], [ 10216064.318592593073845, 2731852.997054483275861 ], [ 10216063.20181642472744, 2731769.961079525761306 ], [ 10216070.610660256817937, 2731756.208148834761232 ], [ 10216082.251459656283259, 2731734.664773338939995 ], [ 10216094.194130295887589, 2731711.945527307223529 ], [ 10216101.180030725896358, 2731705.940486376639456 ], [ 10216118.217052616178989, 2731688.378445957787335 ], [ 10216134.962236013263464, 2731672.280924322549254 ], [ 10216152.594651591032743, 2731654.898644535336643 ], [ 10216154.728877708315849, 2731653.839906499255449 ], [ 10216165.324194751679897, 2731644.627353763207793 ], [ 10216177.226514892652631, 2731634.109097720123827 ], [ 10216191.370675595477223, 2731623.32073210645467 ], [ 10216203.701559867709875, 2731613.414487220346928 ], [ 10216213.752078155055642, 2731612.049080542754382 ], [ 10216232.253797398880124, 2731612.288321371655911 ], [ 10216248.933916345238686, 2731612.510382616426796 ], [ 10216256.537219384685159, 2731616.809964524582028 ], [ 10216269.378063332289457, 2731622.969740915112197 ], [ 10216283.814940050244331, 2731630.600401278119534 ], [ 10216296.423348266631365, 2731636.970493674743921 ], [ 10216306.201806904748082, 2731641.166181073989719 ], [ 10216310.851603969931602, 2731643.879396106116474 ], [ 10216318.604130240157247, 2731649.778100018855184 ], [ 10216329.689990969374776, 2731659.262730449438095 ], [ 10216339.203976973891258, 2731666.643827693071216 ], [ 10216349.972958533093333, 2731675.139231266453862 ], [ 10216355.73087322153151, 2731679.932210426777601 ], [ 10216363.641392441466451, 2731688.173987866379321 ], [ 10216370.117159649729729, 2731696.277694290969521 ], [ 10216376.057509208098054, 2731702.72540953848511 ], [ 10216389.052855536341667, 2731715.69128775363788 ], [ 10216400.967307599261403, 2731728.353786460589617 ], [ 10216411.557886293157935, 2731740.756570434663445 ], [ 10216426.501065408810973, 2731759.002302025910467 ], [ 10216441.076541202142835, 2731774.92651871079579 ], [ 10216456.126343224197626, 2731790.952281670179218 ], [ 10216468.695150647312403, 2731806.126009352039546 ], [ 10216472.994551913812757, 2731811.335998559370637 ], [ 10216482.017467813566327, 2731820.425130052957684 ], [ 10216493.889275660738349, 2731832.66562998527661 ], [ 10216512.649756317958236, 2731851.734492742922157 ], [ 10216521.426735479384661, 2731861.7444002404809 ], [ 10216522.458454806357622, 2731863.579622296616435 ], [ 10216528.565543036907911, 2731876.45605674944818 ], [ 10216538.732184438034892, 2731897.006433672271669 ], [ 10216552.001372687518597, 2731920.853299057576805 ], [ 10216562.63227098993957, 2731941.227502759546041 ], [ 10216563.494757071137428, 2731944.194673468824476 ], [ 10216569.843356400728226, 2731954.129922201391309 ], [ 10216582.244081666693091, 2731970.113619138486683 ], [ 10216591.542600613087416, 2731982.711961046326905 ], [ 10216607.745676945894957, 2732000.684406813699752 ], [ 10216622.398186365142465, 2732016.819965979550034 ], [ 10216635.999068588018417, 2732033.795716004446149 ], [ 10216646.435336930677295, 2732046.25354409404099 ], [ 10216662.95216409675777, 2732062.828239528927952 ], [ 10216679.71489742398262, 2732078.504338262602687 ], [ 10216688.978271182626486, 2732085.018671214580536 ], [ 10216709.843903494998813, 2732098.5100884209387 ], [ 10216724.516895163804293, 2732108.439524290617555 ], [ 10216730.875828513875604, 2732111.835545939859003 ], [ 10216736.766014335677028, 2732113.42038756236434 ], [ 10216750.257894432172179, 2732116.495775040239096 ], [ 10216766.896729608997703, 2732122.801246250979602 ], [ 10216785.161375062540174, 2732128.223750105127692 ], [ 10216788.354360932484269, 2732124.082050303462893 ], [ 10216795.010763397440314, 2732117.520322124473751 ], [ 10216803.582543313503265, 2732109.277346634771675 ], [ 10216803.166042985394597, 2732104.94609154202044 ], [ 10216803.816957702860236, 2732088.139428896363825 ], [ 10216804.900130277499557, 2732074.187543353997171 ], [ 10216806.125184221193194, 2732067.519055324140936 ], [ 10216809.997681763023138, 2732051.367051869165152 ], [ 10216817.049133175984025, 2732025.144615727942437 ], [ 10216823.233177607879043, 2732004.281685881782323 ], [ 10216833.93958055973053, 2731974.463183793239295 ], [ 10216842.281677084043622, 2731948.57823235867545 ], [ 10216849.97627960704267, 2731938.4672243562527 ], [ 10216854.103091467171907, 2731935.694159671664238 ], [ 10216867.899529142305255, 2731926.546992895659059 ], [ 10216878.239216079935431, 2731921.207637256011367 ], [ 10216886.653431072831154, 2731917.249563658144325 ], [ 10216905.331702649593353, 2731907.419031753204763 ], [ 10216922.138230243697762, 2731899.414086525328457 ], [ 10216942.18820640258491, 2731888.721938027068973 ], [ 10216961.076075127348304, 2731878.903068572748452 ], [ 10216971.820824861526489, 2731874.597478416748345 ], [ 10216988.027184808626771, 2731867.811752494890243 ], [ 10217006.264030646532774, 2731857.890802297741175 ], [ 10217023.850090727210045, 2731847.812204070854932 ], [ 10217027.606957787647843, 2731846.769897329621017 ], [ 10217043.288269383832812, 2731841.880854697432369 ], [ 10217058.579978054389358, 2731834.570303684100509 ], [ 10217081.359737545251846, 2731833.168302838224918 ], [ 10217089.886039117351174, 2731832.063823994714767 ], [ 10217103.028815491124988, 2731830.374879972543567 ], [ 10217122.154796972870827, 2731825.408296028152108 ], [ 10217150.023768661543727, 2731817.172872235067189 ], [ 10217164.267385501414537, 2731813.067323213908821 ], [ 10217182.152080690488219, 2731809.573129896540195 ], [ 10217197.020599883049726, 2731806.790706129744649 ], [ 10217208.242513209581375, 2731805.073224810417742 ], [ 10217220.306875946000218, 2731802.326040089130402 ], [ 10217231.132542815059423, 2731800.26308820862323 ], [ 10217236.35757102444768, 2731799.258736900985241 ], [ 10217237.417252538725734, 2731799.306612867396325 ], [ 10217267.764862729236484, 2731827.872120335232466 ], [ 10217271.584899313747883, 2731837.296044864691794 ], [ 10217274.660368783399463, 2731844.883197324350476 ], [ 10217279.290578024461865, 2731869.380534974858165 ], [ 10217268.203298762440681, 2731951.935167242772877 ], [ 10217265.002678044140339, 2731962.477789597120136 ], [ 10217256.921574996784329, 2731989.096548937261105 ], [ 10217256.933241745457053, 2732039.252285134512931 ], [ 10217259.487503541633487, 2732065.729787246324122 ], [ 10217261.044685496017337, 2732081.87250713724643 ], [ 10217272.591068424284458, 2732106.371104956138879 ], [ 10217279.137148952111602, 2732113.890759910456836 ], [ 10217299.685199182480574, 2732117.329774336423725 ], [ 10217315.56597575545311, 2732115.196518923621625 ], [ 10217327.296521317213774, 2732101.248288913164288 ], [ 10217343.970684291794896, 2732046.705384715925902 ], [ 10217344.100824180990458, 2732046.306951953563839 ], [ 10217364.344948599115014, 2731988.096666167490184 ], [ 10217365.034425158053637, 2731986.54399194335565 ], [ 10217365.953917505219579, 2731985.117066845763475 ], [ 10217367.081473106518388, 2731983.849846902303398 ], [ 10217400.317562015727162, 2731951.863994072191417 ], [ 10217400.846576882526278, 2731951.387016478925943 ], [ 10217401.914914898574352, 2731950.591275683604181 ], [ 10217430.817880092188716, 2731931.68836684897542 ], [ 10217432.077107537537813, 2731930.979157689027488 ], [ 10217433.418428709730506, 2731930.4429777758196 ], [ 10217434.818246548995376, 2731930.089391853194684 ], [ 10217436.252198351547122, 2731929.924338983837515 ], [ 10217466.445431238040328, 2731928.471047383267432 ], [ 10217503.865398531779647, 2731925.566884572152048 ], [ 10217504.703387822955847, 2731925.534261803142726 ], [ 10217506.304571291431785, 2731925.652522324118763 ], [ 10217584.357736764475703, 2731937.260999925434589 ], [ 10217585.784378850832582, 2731937.572233719751239 ], [ 10217587.156986754387617, 2731938.072022956330329 ], [ 10217607.677466941997409, 2731947.145652236416936 ], [ 10217654.790578950196505, 2731925.300991516560316 ], [ 10217661.768224151805043, 2731922.065693074371666 ], [ 10217716.700040109455585, 2731951.121838126331568 ], [ 10217788.994487848132849, 2732047.035810884553939 ], [ 10217852.607923353090882, 2732108.06726944912225 ], [ 10217898.893892316147685, 2732230.152667693793774 ], [ 10217865.065177466720343, 2732248.420528834220022 ], [ 10217979.031185382977128, 2732400.813258631154895 ], [ 10218036.921744899824262, 2732480.813022128771991 ], [ 10218037.547970246523619, 2732481.781624793075025 ], [ 10218037.790544554591179, 2732482.22743452526629 ], [ 10218079.397584423422813, 2732563.065166914369911 ], [ 10218120.647245567291975, 2732581.199343380052596 ], [ 10218283.735441459342837, 2732601.291761527769268 ], [ 10218404.846126409247518, 2732613.652667463291436 ], [ 10218524.397461535409093, 2732625.853493442293257 ], [ 10218636.910689992830157, 2732624.385280054062605 ], [ 10218637.371511720120907, 2732624.288931772112846 ], [ 10218637.398509122431278, 2732624.283265966922045 ], [ 10218711.889564337208867, 2732608.71036773500964 ], [ 10218781.653385434299707, 2732585.776489072944969 ], [ 10218843.076962474733591, 2732559.078555670566857 ], [ 10218871.852816350758076, 2732532.40721278777346 ], [ 10218895.013021333143115, 2732510.940760215744376 ], [ 10218934.985365103930235, 2732423.536280884407461 ], [ 10218934.961767932400107, 2732353.789839262142777 ], [ 10218913.806500136852264, 2732296.673487892374396 ], [ 10218815.765859063714743, 2732235.619156806264073 ], [ 10218814.430006483569741, 2732234.787301945500076 ], [ 10218768.257240803912282, 2732207.238297209143639 ], [ 10218766.951193450018764, 2732206.323474563658237 ], [ 10218765.791165418922901, 2732205.227530114352703 ], [ 10218764.801747431978583, 2732203.973639335017651 ], [ 10218694.833144970238209, 2732100.655427168123424 ], [ 10218693.943358317017555, 2732099.341519388835877 ], [ 10218693.515393195673823, 2732098.656705459579825 ], [ 10218656.374702638015151, 2732034.060558680444956 ], [ 10218616.606869427487254, 2731985.825856251642108 ], [ 10218562.663740586489439, 2731960.70780255831778 ], [ 10218509.359250186011195, 2731969.877212159801275 ], [ 10218485.596866022795439, 2731987.811238472815603 ], [ 10218481.21936210244894, 2732004.340173288248479 ], [ 10218482.543710257858038, 2732038.690343881491572 ], [ 10218506.529589658603072, 2732102.481407660059631 ], [ 10218507.04620923474431, 2732104.393710335250944 ], [ 10218507.212765768170357, 2732106.301618631463498 ], [ 10218507.224985297769308, 2732145.547313189599663 ], [ 10218507.059616442769766, 2732147.455330881290138 ], [ 10218506.850245596840978, 2732148.40383106097579 ], [ 10218496.744258066639304, 2732186.199281556531787 ], [ 10218496.211880860850215, 2732187.729780655354261 ], [ 10218495.461175780743361, 2732189.164757668972015 ], [ 10218494.508521787822247, 2732190.472893127240241 ], [ 10218475.668447930365801, 2732212.348785704467446 ], [ 10218474.411594608798623, 2732213.589993475936353 ], [ 10218472.972648657858372, 2732214.611948322039098 ], [ 10218471.389186788350344, 2732215.388048751745373 ], [ 10218469.702284041792154, 2732215.898174775298685 ], [ 10218449.468080380931497, 2732220.265191996004432 ], [ 10218449.076084522530437, 2732220.342336151748896 ], [ 10218447.178861733525991, 2732220.509826120920479 ], [ 10218424.052439097315073, 2732220.517002957407385 ], [ 10218422.155113860964775, 2732220.350690549239516 ], [ 10218420.597184484824538, 2732219.954195279162377 ], [ 10218385.903965074568987, 2732208.336414077784866 ], [ 10218384.408353986218572, 2732207.708170768804848 ], [ 10218383.021608205512166, 2732206.864210035186261 ], [ 10218381.774216549471021, 2732205.823311156593263 ], [ 10218341.291231609880924, 2732166.589836928062141 ], [ 10218340.069740189239383, 2732165.186234257183969 ], [ 10218339.101999191567302, 2732163.594998960383236 ], [ 10218304.482996266335249, 2732094.019044203218073 ], [ 10218271.318909572437406, 2732033.160453698132187 ], [ 10218270.63461808860302, 2732031.641109338030219 ], [ 10218270.46501018665731, 2732031.135302945040166 ], [ 10218238.636185679584742, 2731927.944006212055683 ], [ 10218238.537645855918527, 2731927.605407844297588 ], [ 10218206.83928400836885, 2731811.821697310078889 ], [ 10218173.726336553692818, 2731723.582239956129342 ], [ 10218173.408986337482929, 2731722.576790862716734 ], [ 10218161.119253180921078, 2731675.941958034411073 ], [ 10218113.956368980929255, 2731627.1464609564282 ], [ 10218113.016134416684508, 2731626.03451276011765 ], [ 10218112.230680409818888, 2731624.807045703288168 ], [ 10218111.613997727632523, 2731623.485700290650129 ], [ 10218088.471463175490499, 2731563.898994490504265 ], [ 10218088.382790800184011, 2731563.662579331081361 ], [ 10218087.9016751088202, 2731561.881941450294107 ], [ 10218080.629754241555929, 2731521.968892632983625 ], [ 10218075.335768951103091, 2731492.911716030910611 ], [ 10218069.426250239834189, 2731460.476376690436155 ], [ 10218066.181611144915223, 2731442.667470192536712 ], [ 10218066.061295136809349, 2731441.797119355760515 ], [ 10218065.315344775095582, 2731434.16800372581929 ], [ 10218060.939985658973455, 2731389.419097517151386 ], [ 10218058.81365323998034, 2731367.6718067987822 ], [ 10218058.761236296966672, 2731366.599831140134484 ], [ 10218058.777019318193197, 2731366.00675443559885 ], [ 10218061.652503456920385, 2731312.22729525482282 ], [ 10218061.80213444121182, 2731310.912456048186868 ], [ 10218062.112697385251522, 2731309.609656387940049 ], [ 10218077.99632147885859, 2731257.280316605698317 ], [ 10218078.619696222245693, 2731255.684632507618517 ], [ 10218079.482365703210235, 2731254.205889265984297 ], [ 10218097.286356387659907, 2731228.515916376840323 ], [ 10218102.453371200710535, 2731221.060223227832466 ], [ 10218103.045402094721794, 2731220.282407265622169 ], [ 10218104.465814942494035, 2731218.866349109448493 ], [ 10218134.884390449151397, 2731194.087063895538449 ], [ 10218136.128621511161327, 2731193.210287089459598 ], [ 10218137.481719294562936, 2731192.515529272146523 ], [ 10218138.917576652020216, 2731192.016311736777425 ], [ 10218176.492639468982816, 2731181.831026345025748 ], [ 10218177.970725730061531, 2731181.53856400353834 ], [ 10218179.474764728918672, 2731181.45330421673134 ], [ 10218180.976133162155747, 2731181.576903395354748 ], [ 10218182.44631577283144, 2731181.907062719110399 ], [ 10218235.927382297813892, 2731197.879295293707401 ], [ 10218237.453688265755773, 2731198.463227548636496 ], [ 10218238.876380067318678, 2731199.269343062769622 ], [ 10218240.16376955062151, 2731200.279742920771241 ], [ 10218271.969162629917264, 2731229.339511399157345 ], [ 10218272.858523797243834, 2731230.252576919738203 ], [ 10218273.636477265506983, 2731231.263348456472158 ], [ 10218273.770578423514962, 2731231.487119596917182 ], [ 10218274.292421564459801, 2731232.358095744159073 ], [ 10218318.77012618072331, 2731317.424684553872794 ], [ 10218364.940589973703027, 2731382.105207141954452 ], [ 10218418.549211325123906, 2731419.403789766132832 ], [ 10218503.632857903838158, 2731449.321263268589973 ], [ 10218580.50169282220304, 2731472.199194131884724 ], [ 10218615.964848279953003, 2731476.150271679274738 ], [ 10218647.135339101776481, 2731464.383837175089866 ], [ 10218677.284241184592247, 2731445.076244240161031 ], [ 10218696.016429957002401, 2731428.739482175558805 ], [ 10218703.244039189070463, 2731405.696664406917989 ], [ 10218703.2333355974406, 2731372.622795106377453 ], [ 10218683.482447827234864, 2731304.605371957179159 ], [ 10218661.861082518473268, 2731240.892458386253566 ], [ 10218661.427016787230968, 2731239.164485435001552 ], [ 10218651.274165142327547, 2731175.124639589339495 ], [ 10218651.137922074645758, 2731173.398554542567581 ], [ 10218651.264446184039116, 2731171.727867681533098 ], [ 10218662.802573690190911, 2731096.144445715006441 ], [ 10218662.841390820220113, 2731095.90723022306338 ], [ 10218663.35676821321249, 2731093.994717619381845 ], [ 10218677.923382675275207, 2731055.179829725064337 ], [ 10218687.928758203983307, 2731028.51897107809782 ], [ 10218688.468391846865416, 2731027.308065564837307 ], [ 10218689.149200802668929, 2731026.171493693720549 ], [ 10218689.96124854683876, 2731025.125628791749477 ], [ 10218726.775107461959124, 2730983.205450840760022 ], [ 10218665.465041404590011, 2730930.586038324516267 ], [ 10218677.417104301974177, 2730913.409572610631585 ], [ 10218692.229745171964169, 2730887.150470217689872 ], [ 10218699.144620906561613, 2730877.159344054758549 ], [ 10218723.141066776588559, 2730848.416726783383638 ], [ 10218746.391210662201047, 2730821.879144260194153 ], [ 10218763.523541705682874, 2730806.611022910568863 ], [ 10218778.486221821978688, 2730795.189330634661019 ], [ 10218792.174213998019695, 2730786.564777384512126 ], [ 10218807.31161, 2730782.626458124723285 ], [ 10218851.021228043362498, 2730775.092105182353407 ], [ 10218885.482988411560655, 2730769.402763234451413 ], [ 10218915.772076131775975, 2730764.006241287570447 ], [ 10218935.477784242480993, 2730762.095228604506701 ], [ 10218962.962823366746306, 2730759.132420968264341 ], [ 10218988.622997803613544, 2730756.582408534828573 ], [ 10219016.986446985974908, 2730754.466480406932533 ], [ 10219035.623866993933916, 2730753.728739234153181 ], [ 10219042.895614124834538, 2730751.692169710062444 ], [ 10219059.064140839502215, 2730750.053602695930749 ], [ 10219077.831323698163033, 2730747.693175388500094 ], [ 10219106.623081643134356, 2730744.876219699624926 ], [ 10219125.083261096850038, 2730742.509363027755171 ], [ 10219150.405514065176249, 2730736.336754110176116 ], [ 10219162.264630690217018, 2730730.120241343043745 ], [ 10219177.082906594499946, 2730714.83060860587284 ], [ 10219186.370480230078101, 2730696.171881315298378 ], [ 10219191.47856823913753, 2730666.814562407322228 ], [ 10219197.760335018858314, 2730639.755117234308273 ], [ 10219207.448375580832362, 2730621.498422527685761 ], [ 10219221.021171953529119, 2730594.485971549525857 ], [ 10219235.74678423628211, 2730578.117367116734385 ], [ 10219250.876651655882597, 2730572.932933094911277 ], [ 10219276.522669069468975, 2730562.665351142641157 ], [ 10219299.662690257653594, 2730554.970329527743161 ], [ 10219323.759324049577117, 2730548.970007137395442 ], [ 10219328.34510931186378, 2730543.941201964858919 ], [ 10219348.897215601056814, 2730527.188849211670458 ], [ 10219364.609470238909125, 2730515.336847807746381 ], [ 10219384.004946392029524, 2730503.46358997374773 ], [ 10219397.423640865832567, 2730495.217354097869247 ], [ 10219405.917646193876863, 2730488.300745863933116 ], [ 10219410.23944054543972, 2730486.219434120692313 ], [ 10219436.22022026963532, 2730477.875879089348018 ], [ 10219447.647131813690066, 2730472.117650441359729 ], [ 10219467.288369808346033, 2730461.320993854664266 ], [ 10219487.956148080527782, 2730447.245962852612138 ], [ 10219507.530619015917182, 2730431.886049680411816 ], [ 10219529.681766549125314, 2730414.294173547532409 ], [ 10219556.880939938127995, 2730389.560964968986809 ], [ 10219565.7540104072541, 2730378.59267608076334 ], [ 10219567.245114780962467, 2730374.855257034767419 ], [ 10219578.936145419254899, 2730375.667609205469489 ], [ 10219579.151911593973637, 2730375.682577698491514 ], [ 10219599.640252228826284, 2730370.352560595609248 ], [ 10219639.585356585681438, 2730361.879653410054743 ], [ 10219664.309177691116929, 2730357.567436814773828 ], [ 10219686.320010444149375, 2730345.401553364936262 ], [ 10219713.193907134234905, 2730329.933607274200767 ], [ 10219729.808641577139497, 2730317.605002827011049 ], [ 10219731.506819361820817, 2730315.526192629244179 ], [ 10219737.347577916458249, 2730308.376189573667943 ], [ 10219758.244104638695717, 2730279.98754497943446 ], [ 10219772.765770127996802, 2730260.22632213961333 ], [ 10219781.039969444274902, 2730251.802403305191547 ], [ 10219785.333738556131721, 2730225.313071091193706 ], [ 10219785.692171052098274, 2730218.340269156266004 ], [ 10219770.706149209290743, 2730195.851402657106519 ], [ 10219758.534279296174645, 2730192.624870121013373 ], [ 10219736.418182784691453, 2730187.075826901942492 ], [ 10219709.734557267278433, 2730175.795349567662925 ], [ 10219692.363192718476057, 2730179.844571546651423 ], [ 10219666.672551104798913, 2730186.243745614774525 ], [ 10219650.579679453745484, 2730192.928098443429917 ], [ 10219647.930483082309365, 2730194.028502102009952 ], [ 10219628.69096271134913, 2730202.27254078257829 ], [ 10219607.452010666951537, 2730212.486477413680404 ], [ 10219583.008982757106423, 2730234.49982105428353 ], [ 10219561.494959248229861, 2730252.159335921518505 ], [ 10219550.468483150005341, 2730261.296199721284211 ], [ 10219537.122086042538285, 2730272.231385235209018 ], [ 10219534.058909295126796, 2730271.509112539701164 ], [ 10219528.805720828473568, 2730270.270553563255817 ], [ 10219517.368332773447037, 2730270.053631590213627 ], [ 10219489.457203170284629, 2730271.54632460186258 ], [ 10219483.040068693459034, 2730267.529026561882347 ], [ 10219460.648564603179693, 2730252.877336494158953 ], [ 10219453.696036532521248, 2730242.969694228377193 ], [ 10219429.421844011172652, 2730210.497143000829965 ], [ 10219424.359853748232126, 2730202.424803137313575 ], [ 10219419.909015452489257, 2730181.400637820363045 ], [ 10219418.32857565023005, 2730167.764546141959727 ], [ 10219415.990923838689923, 2730149.564591100905091 ], [ 10219415.989723078906536, 2730144.2287757685408 ], [ 10219420.730804720893502, 2730127.313333793077618 ], [ 10219421.099818969145417, 2730121.057087662164122 ], [ 10219422.528147432953119, 2730108.512156202923506 ], [ 10219426.858183467760682, 2730096.486669259611517 ], [ 10219443.189314562827349, 2730063.238338260445744 ], [ 10219462.905822979286313, 2730020.844946392346174 ], [ 10219473.515324218198657, 2729994.417205350007862 ], [ 10219485.759599968791008, 2729968.836229343898594 ], [ 10219512.189525363966823, 2729928.262065505608916 ], [ 10219536.251570863649249, 2729889.949863261543214 ], [ 10219553.078693430870771, 2729857.664677456021309 ], [ 10219564.653708666563034, 2729830.561366314999759 ], [ 10219571.793246714398265, 2729811.262687624897808 ], [ 10219572.18885812908411, 2729809.074050726834685 ], [ 10219572.193347254768014, 2729805.634388729929924 ], [ 10219572.105309778824449, 2729803.353656687773764 ], [ 10219569.963496381416917, 2729797.818064032122493 ], [ 10219568.35225604660809, 2729791.084048000629991 ], [ 10219568.148600855842233, 2729784.648859927430749 ], [ 10219568.964164804667234, 2729774.43944325344637 ], [ 10219570.630837805569172, 2729763.963851526845247 ], [ 10219577.190492063760757, 2729743.240616832859814 ], [ 10219592.231948053464293, 2729705.800644036382437 ], [ 10219596.320470184087753, 2729689.270142548717558 ], [ 10219596.391695111989975, 2729680.637193941976875 ], [ 10219595.391463024541736, 2729662.451036048587412 ], [ 10219593.781138826161623, 2729649.775015903171152 ], [ 10219592.222004050388932, 2729639.854310540948063 ], [ 10219596.007901519536972, 2729612.359285213053226 ], [ 10219601.981965651735663, 2729590.575574233196676 ], [ 10219606.703298345208168, 2729579.845485133118927 ], [ 10219613.432953875511885, 2729569.262166039086878 ], [ 10219622.873571554198861, 2729567.160377837251872 ], [ 10219642.124200174584985, 2729561.970130771864206 ], [ 10219650.981993904337287, 2729561.243955652695149 ], [ 10219659.979120917618275, 2729561.794473962858319 ], [ 10219663.618222085759044, 2729564.022599916905165 ], [ 10219680.593976523727179, 2729579.447885269764811 ], [ 10219691.194979609921575, 2729586.225426446180791 ], [ 10219703.723471041768789, 2729586.889013705775142 ], [ 10219749.957413528114557, 2729588.057441223412752 ], [ 10219774.541483985260129, 2729586.260814070235938 ], [ 10219793.917391207069159, 2729567.156107586808503 ], [ 10219804.69166942872107, 2729557.695149830076844 ], [ 10219798.103616753593087, 2729546.34784850012511 ], [ 10219797.310635700821877, 2729544.659120820462704 ], [ 10219778.491273758932948, 2729493.766778865363449 ], [ 10219777.985303394496441, 2729491.883497015573084 ], [ 10219777.818622261285782, 2729489.975912862457335 ], [ 10219777.802141567692161, 2729447.830148322507739 ], [ 10219777.911319669336081, 2729446.276525334920734 ], [ 10219787.999544095247984, 2729375.060800049453974 ], [ 10219788.410669595003128, 2729373.26010985346511 ], [ 10219789.116121746599674, 2729371.554108299780637 ], [ 10219790.095819449052215, 2729369.991139562800527 ], [ 10219820.048494212329388, 2729330.091413974761963 ], [ 10219839.204774633049965, 2729304.573393492493778 ], [ 10219839.55230724811554, 2729304.134275087621063 ], [ 10219840.510584577918053, 2729303.123118739109486 ], [ 10219878.070268338546157, 2729268.229225555434823 ], [ 10219879.119924154132605, 2729267.368972499854863 ], [ 10219880.26740256883204, 2729266.645888378843665 ], [ 10219930.836020931601524, 2729239.013026030734181 ], [ 10219932.311230640858412, 2729238.344074619468302 ], [ 10219933.33400759473443, 2729238.025412171613425 ], [ 10219989.688158029690385, 2729223.469629835803062 ], [ 10219991.322348469868302, 2729223.178397141396999 ], [ 10219992.981547180563211, 2729223.139489145483822 ], [ 10220128.712720517069101, 2729230.343747625593096 ], [ 10220216.626303905621171, 2729233.158701134379953 ], [ 10220252.931264530867338, 2729223.676710253115743 ], [ 10220259.485739162191749, 2729220.263825039379299 ], [ 10220293.807921390980482, 2729202.392705980688334 ], [ 10220344.363219451159239, 2729176.944722934626043 ], [ 10220403.009269362315536, 2729119.322252629790455 ], [ 10220451.395760517567396, 2729046.960563988890499 ], [ 10220455.208571622148156, 2729008.447774560190737 ], [ 10220440.46537796407938, 2728964.033035353757441 ], [ 10220416.712802039459348, 2728926.911685162223876 ], [ 10220358.222790069878101, 2728895.482479060534388 ], [ 10220253.279647026211023, 2728868.433522879146039 ], [ 10220208.994246384128928, 2728863.378892632666975 ], [ 10220139.861013067886233, 2728855.487906320951879 ], [ 10220139.200536327436566, 2728855.391952575650066 ], [ 10220138.922947397455573, 2728855.339120196178555 ], [ 10220046.429165659472346, 2728836.485371250659227 ], [ 10220045.602609233930707, 2728836.282816332299262 ], [ 10220005.135314663872123, 2728824.673428047448397 ], [ 10220003.841018684208393, 2728824.211813281755894 ], [ 10220002.61460242420435, 2728823.590666272677481 ], [ 10220001.475295146927238, 2728822.81953626871109 ], [ 10219963.891076605767012, 2728793.769971661735326 ], [ 10219963.529609883204103, 2728793.478134184610099 ], [ 10219963.088470289483666, 2728793.085375830065459 ], [ 10219918.27394151315093, 2728750.959615445230156 ], [ 10219917.368220711126924, 2728749.999005291145295 ], [ 10219916.847010521218181, 2728749.32308326009661 ], [ 10219898.493822801858187, 2728723.505537333898246 ], [ 10219887.929086459800601, 2728708.644021808169782 ], [ 10219887.047963421791792, 2728707.173915072344244 ], [ 10219886.40525140427053, 2728705.583865433931351 ], [ 10219886.016804678365588, 2728703.912424157373607 ], [ 10219875.874614847823977, 2728637.067901140544564 ], [ 10219875.840046562254429, 2728636.610936536453664 ], [ 10219875.749650493264198, 2728635.415364998858422 ], [ 10219875.897600607946515, 2728633.609368581324816 ], [ 10219883.114258695393801, 2728589.958878600504249 ], [ 10219883.451228972524405, 2728588.546842687297612 ], [ 10219883.970532594248652, 2728587.19174565654248 ], [ 10219884.663003366440535, 2728585.91742857825011 ], [ 10219885.516634473577142, 2728584.746195747517049 ], [ 10219908.632962780073285, 2728557.118128128815442 ], [ 10219909.750396568328142, 2728555.965793584473431 ], [ 10219947.308749482035637, 2728522.526558225974441 ], [ 10219948.78710219822824, 2728521.419224922079593 ], [ 10219950.429520318284631, 2728520.577660444192588 ], [ 10219953.727816054597497, 2728519.22682005725801 ], [ 10220034.972744666039944, 2728485.952859730925411 ], [ 10220088.917800547555089, 2728454.515485151670873 ], [ 10220119.104073205962777, 2728434.259753590915352 ], [ 10220121.321727534756064, 2728415.234673394355923 ], [ 10220121.310277044773102, 2728387.476709224283695 ], [ 10220111.217164248228073, 2728362.132078839000314 ], [ 10220060.698323167860508, 2728304.320201016031206 ], [ 10220013.307708352804184, 2728258.144226619973779 ], [ 10220012.167024133726954, 2728256.841901996638626 ], [ 10220011.24462672509253, 2728255.375265712849796 ], [ 10219982.321495493873954, 2728200.165824209339917 ], [ 10219981.722689427435398, 2728198.80692917201668 ], [ 10219981.600425539538264, 2728198.450744607951492 ], [ 10219961.344854215160012, 2728135.971992153674364 ], [ 10219960.973525332286954, 2728134.478886255063117 ], [ 10219960.871323453262448, 2728133.758442929480225 ], [ 10219953.619302537292242, 2728066.915053971577436 ], [ 10219953.577271623536944, 2728066.427792859729379 ], [ 10219952.754067230969667, 2728053.540195803623646 ], [ 10219949.214722441509366, 2727998.13035629875958 ], [ 10219949.221544256433845, 2727996.622060456313193 ], [ 10219949.433832794427872, 2727995.128949858248234 ], [ 10219962.41445460729301, 2727934.090597607661039 ], [ 10219962.830140665173531, 2727932.635086815804243 ], [ 10219963.126728761941195, 2727931.89867247082293 ], [ 10219981.894812682643533, 2727889.749225756153464 ], [ 10219982.402104452252388, 2727888.74997755466029 ], [ 10219983.567125082015991, 2727887.094685717485845 ], [ 10220003.861321611329913, 2727863.749486655462533 ], [ 10220005.060063231736422, 2727862.567833232227713 ], [ 10220006.412026649340987, 2727861.592405728530139 ], [ 10220046.862165149301291, 2727836.872117501217872 ], [ 10220048.365162998437881, 2727836.1065389579162 ], [ 10220049.967438587918878, 2727835.58246788289398 ], [ 10220091.868279689922929, 2727825.392957920674235 ], [ 10220093.366677917540073, 2727825.137935454957187 ], [ 10220094.885807184502482, 2727825.094574876595289 ], [ 10220129.566492954269052, 2727826.533374332357198 ], [ 10220131.30363866314292, 2727826.746516310609877 ], [ 10220132.98453675583005, 2727827.235940936952829 ], [ 10220134.566255386918783, 2727827.989034058526158 ], [ 10220136.008044481277466, 2727828.986480105202645 ], [ 10220173.922506120055914, 2727859.995255864690989 ], [ 10220198.227267974987626, 2727879.87310539605096 ], [ 10220199.637013619765639, 2727881.278636631555855 ], [ 10220200.478774037212133, 2727882.431324659381062 ], [ 10220253.979486182332039, 2727966.692309803329408 ], [ 10220254.67045640386641, 2727967.956558512058109 ], [ 10220255.190735096111894, 2727969.300957421306521 ], [ 10220279.789106959477067, 2728047.761743876617402 ], [ 10220280.12787009216845, 2728049.152691106311977 ], [ 10220280.206078378483653, 2728049.669154438190162 ], [ 10220288.769627008587122, 2728116.900395095348358 ], [ 10220297.684254670515656, 2728143.757180933840573 ], [ 10220316.054121319204569, 2728161.061279952060431 ], [ 10220342.652912760153413, 2728163.481514292769134 ], [ 10220362.839487910270691, 2728159.890138186048716 ], [ 10220389.692400986328721, 2728136.723223489243537 ], [ 10220427.311162559315562, 2728077.818864431232214 ], [ 10220450.749484306201339, 2728022.038931862916797 ], [ 10220474.583000475540757, 2727965.318169550970197 ], [ 10220474.744391752406955, 2727964.952861974015832 ], [ 10220487.568527344614267, 2727937.285813912283629 ], [ 10220505.061141418293118, 2727899.547014403156936 ], [ 10220505.499325145035982, 2727898.699804962147027 ], [ 10220506.097492460161448, 2727897.768932760227472 ], [ 10220538.157036574557424, 2727852.997413816861808 ], [ 10220538.650360140949488, 2727852.359326003585011 ], [ 10220538.840866206213832, 2727852.136805697809905 ], [ 10220583.613544262945652, 2727801.256495799869299 ], [ 10220584.527922416105866, 2727800.333943098783493 ], [ 10220585.544588886201382, 2727799.526681413408369 ], [ 10220586.649021392688155, 2727798.846141007263213 ], [ 10220608.318873073905706, 2727787.211171375121921 ], [ 10220609.722938386723399, 2727786.580694500822574 ], [ 10220611.316375797614455, 2727786.130826635751873 ], [ 10220652.961712263524532, 2727777.73526361072436 ], [ 10220671.889511980116367, 2727767.017009714618325 ], [ 10220689.570839682593942, 2727735.231536090839654 ], [ 10220696.256649082526565, 2727682.600009344052523 ], [ 10220682.459962297230959, 2727621.679169296752661 ], [ 10220642.43431843444705, 2727534.092210894916207 ], [ 10220642.118094492703676, 2727533.324992488138378 ], [ 10220613.173288708552718, 2727454.840235280338675 ], [ 10220612.82960419729352, 2727453.718571873847395 ], [ 10220605.591890383511782, 2727424.659376875497401 ], [ 10220605.303747752681375, 2727422.919939694926143 ], [ 10220605.296085642650723, 2727421.156431554816663 ], [ 10220605.569142635911703, 2727419.414546581916511 ], [ 10220606.11594801582396, 2727417.738993523642421 ], [ 10220606.922212334349751, 2727416.173056405037642 ], [ 10220609.97443444095552, 2727411.257047795690596 ], [ 10220617.797159016132355, 2727400.467722198925912 ], [ 10220643.12183871679008, 2727374.977252536453307 ], [ 10220644.108842574059963, 2727374.097087015397847 ], [ 10220645.194205159321427, 2727373.343085144646466 ], [ 10220646.36198446713388, 2727372.726128381676972 ], [ 10220675.255364274606109, 2727359.635027784388512 ], [ 10220676.052016587927938, 2727359.311513873748481 ], [ 10220700.662618635222316, 2727350.563575341366231 ], [ 10220702.276986613869667, 2727350.126222962513566 ], [ 10220703.938762513920665, 2727349.941813631448895 ], [ 10220705.609064185991883, 2727350.014538988471031 ], [ 10220707.248679224401712, 2727350.342879030387849 ], [ 10220708.819375433027744, 2727350.918942591641098 ], [ 10220710.284228790551424, 2727351.729345847386867 ], [ 10220752.20055647008121, 2727379.319450541865081 ], [ 10220753.357101783156395, 2727380.196116795297712 ], [ 10220754.388213582336903, 2727381.21903957426548 ], [ 10220755.275643022730947, 2727382.370103357825428 ], [ 10220802.261295305565, 2727452.461480289697647 ], [ 10220832.764774736016989, 2727480.443656618706882 ], [ 10220855.724560329690576, 2727487.723369664512575 ], [ 10220890.389778399839997, 2727483.833665560930967 ], [ 10220914.30887808650732, 2727471.159336261451244 ], [ 10220941.9006626047194, 2727440.608546938747168 ], [ 10220942.259074775502086, 2727440.230082861613482 ], [ 10220985.587752677500248, 2727396.616092131007463 ], [ 10220986.598650449886918, 2727395.717109762132168 ], [ 10220987.712172392755747, 2727394.950328344479203 ], [ 10220988.911175647750497, 2727394.327508975751698 ], [ 10221025.027758091688156, 2727378.326147031970322 ], [ 10221025.690847812220454, 2727378.058148436248302 ], [ 10221026.576640967279673, 2727377.775764706544578 ], [ 10221080.033314684405923, 2727363.219146710820496 ], [ 10221081.437378140166402, 2727362.934645097702742 ], [ 10221082.866324160248041, 2727362.837301352526993 ], [ 10221084.295687170699239, 2727362.928884635213763 ], [ 10221150.768003847450018, 2727371.615621809847653 ], [ 10221151.252016004174948, 2727371.68997067771852 ], [ 10221151.802455097436905, 2727371.802072950638831 ], [ 10221277.528132203966379, 2727400.803238751832396 ], [ 10221277.860763356089592, 2727400.885566703043878 ], [ 10221331.409725664183497, 2727415.028685306198895 ], [ 10221362.481084210798144, 2727415.013305350206792 ], [ 10221382.015287971124053, 2727415.003604721743613 ], [ 10221383.814523059874773, 2727415.152753943577409 ], [ 10221385.564752334728837, 2727415.597951090428978 ], [ 10221387.218129113316536, 2727416.326917735859752 ], [ 10221421.889497229829431, 2727435.190683506894857 ], [ 10221499.602583408355713, 2727477.110901299864054 ], [ 10221578.764888979494572, 2727513.248323945328593 ], [ 10221673.26705402135849, 2727556.387799727264792 ], [ 10221768.801389556378126, 2727580.711931119207293 ], [ 10221805.920922074466944, 2727587.604606050997972 ], [ 10221845.8278678804636, 2727583.431790619622916 ], [ 10221898.866747304797173, 2727573.577433435246348 ], [ 10221936.552078545093536, 2727555.305484213866293 ], [ 10221936.925869636237621, 2727555.132831987459213 ], [ 10221993.266814429312944, 2727530.39954471308738 ], [ 10221994.496024530380964, 2727529.946004581637681 ], [ 10221995.770425200462341, 2727529.64369342289865 ], [ 10221997.071559501811862, 2727529.496904940344393 ], [ 10222053.424065804108977, 2727526.560363822150975 ], [ 10222055.228731347247958, 2727526.616617301478982 ], [ 10222056.999477563425899, 2727526.97100167395547 ], [ 10222058.688021469861269, 2727527.6139867589809 ], [ 10222060.248151009902358, 2727528.52791292173788 ], [ 10222103.613794876262546, 2727559.020150113850832 ], [ 10222104.976238986477256, 2727560.153756754472852 ], [ 10222106.138909697532654, 2727561.493646868038923 ], [ 10222107.07142312079668, 2727563.004577518440783 ], [ 10222130.621685076504946, 2727609.125380220357329 ], [ 10222133.451898204162717, 2727614.668061858508736 ], [ 10222136.001431614160538, 2727619.661022785585374 ], [ 10222136.546822668984532, 2727620.916233470197767 ], [ 10222136.826265314593911, 2727621.801417542155832 ], [ 10222155.648785525932908, 2727691.541857628617436 ], [ 10222155.797233471646905, 2727692.163052546326071 ], [ 10222168.500875668600202, 2727753.03567093424499 ], [ 10222183.207005059346557, 2727779.890239468310028 ], [ 10222211.337342143058777, 2727816.220888396259397 ], [ 10222229.124279504641891, 2727824.034885544795543 ], [ 10222246.095900870859623, 2727821.749761729966849 ], [ 10222265.574763303622603, 2727812.51831023581326 ], [ 10222280.454123988747597, 2727780.786009010393173 ], [ 10222287.771589888259768, 2727765.180439981166273 ], [ 10222306.260755591094494, 2727647.482085330877453 ], [ 10222317.79945438914001, 2727580.537562093231827 ], [ 10222318.132816666737199, 2727579.153794755693525 ], [ 10222318.641299376264215, 2727577.82507117651403 ], [ 10222319.31639501452446, 2727576.573584341909736 ], [ 10222361.183730710297823, 2727509.70621263096109 ], [ 10222362.055672269314528, 2727508.503059640526772 ], [ 10222363.290322184562683, 2727507.243354549631476 ], [ 10222405.229827096685767, 2727470.844224315136671 ], [ 10222406.088518664240837, 2727470.179635542444885 ], [ 10222442.833620838820934, 2727444.566377244889736 ], [ 10222461.76541311852634, 2727425.506444460712373 ], [ 10222477.154367703944445, 2727404.378222927451134 ], [ 10222477.668344866484404, 2727403.726899589877576 ], [ 10222487.849983595311642, 2727392.00980246020481 ], [ 10222489.04850460588932, 2727390.827885047066957 ], [ 10222490.204939752817154, 2727389.97463769512251 ], [ 10222506.093785066157579, 2727379.793837331235409 ], [ 10222507.453331442549825, 2727379.053171276114881 ], [ 10222508.903319729492068, 2727378.513024378102273 ], [ 10222510.414483664557338, 2727378.184177722781897 ], [ 10222511.956790106371045, 2727378.073238882236183 ], [ 10222536.521089723333716, 2727378.059240917209536 ], [ 10222537.964663682505488, 2727378.154748158995062 ], [ 10222559.640728259459138, 2727381.048550562467426 ], [ 10222561.381009804084897, 2727381.428155935835093 ], [ 10222563.036799933761358, 2727382.087026809807867 ], [ 10222564.564071087166667, 2727383.007723609916866 ], [ 10222565.922396145761013, 2727384.16577490279451 ], [ 10222593.392371380701661, 2727411.759284306783229 ], [ 10222594.036437748000026, 2727412.465416840743273 ], [ 10222595.187093388289213, 2727414.136108850128949 ], [ 10222635.746045868843794, 2727488.324913064017892 ], [ 10222636.328055556863546, 2727489.567992295604199 ], [ 10222636.751286873593926, 2727490.874322573188692 ], [ 10222637.008956206962466, 2727492.223586993291974 ], [ 10222647.135245185345411, 2727571.870879957918078 ], [ 10222658.28422942943871, 2727634.728519627358764 ], [ 10222674.402127083390951, 2727659.011934279929847 ], [ 10222694.976756356656551, 2727690.697343113366514 ], [ 10222745.6764982547611, 2727726.481074994429946 ], [ 10222792.160661395639181, 2727744.864922514185309 ], [ 10222793.618933545425534, 2727745.571242601145059 ], [ 10222795.265128949657083, 2727746.74253205023706 ], [ 10222819.546857051551342, 2727768.082617797888815 ], [ 10222830.048596249893308, 2727777.312136679887772 ], [ 10222831.241205891594291, 2727778.538064938038588 ], [ 10222832.229441154748201, 2727779.935800294391811 ], [ 10222832.989361196756363, 2727781.471195418853313 ], [ 10222833.502375377342105, 2727783.106804377399385 ], [ 10222842.194389469921589, 2727820.883665465284139 ], [ 10222842.438998244702816, 2727822.461218937765807 ], [ 10222842.453583480790257, 2727824.05780155910179 ], [ 10222842.237797694280744, 2727825.639581453986466 ], [ 10222828.023642478510737, 2727893.016795654781163 ], [ 10222826.682784963399172, 2727930.010703419335186 ], [ 10222829.900678103789687, 2727946.142018237616867 ], [ 10222856.221549591049552, 2727964.166518925689161 ], [ 10222886.390419363975525, 2727970.468513650819659 ], [ 10222912.333728592842817, 2727964.240461663808674 ], [ 10222938.640589531511068, 2727945.698364901356399 ], [ 10222972.559634001925588, 2727910.124360351357609 ], [ 10222973.417694443836808, 2727909.316374857444316 ], [ 10222974.305215824395418, 2727908.640954826492816 ], [ 10223014.749002456665039, 2727881.006692971102893 ], [ 10223015.882611211389303, 2727880.328926960937679 ], [ 10223017.089269183576107, 2727879.79347607633099 ], [ 10223018.351286038756371, 2727879.408149913419038 ], [ 10223079.032829472795129, 2727864.839935603085905 ], [ 10223079.665948087349534, 2727864.707738560158759 ], [ 10223080.137771476060152, 2727864.634515973273665 ], [ 10223133.322233963757753, 2727857.564144513104111 ], [ 10223162.902422344312072, 2727843.315171638038009 ], [ 10223177.280535819008946, 2727826.425127696245909 ], [ 10223184.757626444101334, 2727802.563529757782817 ], [ 10223184.740306189283729, 2727773.93909048801288 ], [ 10223168.462884064763784, 2727720.853492671158165 ], [ 10223129.94441119581461, 2727672.493888918776065 ], [ 10223105.164348600432277, 2727651.534441145602614 ], [ 10223055.120826482772827, 2727648.515367246232927 ], [ 10223036.389807019382715, 2727644.843504624441266 ], [ 10223024.775349218398333, 2727642.05267728632316 ], [ 10223012.577683115378022, 2727639.362259637564421 ], [ 10223000.27193496003747, 2727635.097184055950493 ], [ 10222987.286961326375604, 2727631.100964017678052 ], [ 10222980.151377435773611, 2727629.243175853975117 ], [ 10222965.625836469233036, 2727627.209222994744778 ], [ 10222948.624159118160605, 2727626.156866455450654 ], [ 10222940.05088197812438, 2727625.315748998895288 ], [ 10222923.845294944941998, 2727625.446781480219215 ], [ 10222916.18439525924623, 2727626.097657890059054 ], [ 10222908.852081574499607, 2727627.174966500140727 ], [ 10222902.230964418500662, 2727627.91638806136325 ], [ 10222897.503660468384624, 2727625.000659820623696 ], [ 10222885.857148541137576, 2727620.567046915180981 ], [ 10222873.318656491115689, 2727616.25093774497509 ], [ 10222862.144268658012152, 2727612.807376028969884 ], [ 10222857.28494244068861, 2727611.049023846164346 ], [ 10222852.230291510000825, 2727606.063375025987625 ], [ 10222847.447272911667824, 2727601.982892433647066 ], [ 10222839.616703160107136, 2727594.498304232023656 ], [ 10222829.546048503369093, 2727586.513822304084897 ], [ 10222823.755790816619992, 2727582.308929696679115 ], [ 10222820.743815558031201, 2727579.592529784888029 ], [ 10222815.473057489842176, 2727575.410616764333099 ], [ 10222812.534584566950798, 2727569.672615309245884 ], [ 10222810.129007950425148, 2727565.212213492952287 ], [ 10222805.488968109712005, 2727558.275292234495282 ], [ 10222799.42642186768353, 2727550.866884392686188 ], [ 10222793.56132154725492, 2727543.387952568475157 ], [ 10222787.447116147726774, 2727535.591942630708218 ], [ 10222780.976752698421478, 2727527.081177508458495 ], [ 10222777.524321470409632, 2727522.163901905994862 ], [ 10222771.681191176176071, 2727518.07107721362263 ], [ 10222764.505051458254457, 2727513.005167962517589 ], [ 10222757.128656147047877, 2727507.288118278607726 ], [ 10222753.549708245322108, 2727503.805679033510387 ], [ 10222751.601853165775537, 2727501.301421820186079 ], [ 10222749.142281467095017, 2727491.812258491292596 ], [ 10222747.543724874034524, 2727487.402473863679916 ], [ 10222745.778907934203744, 2727484.661511249374598 ], [ 10222742.525179693475366, 2727477.475223439279944 ], [ 10222736.292488053441048, 2727470.958516707178205 ], [ 10222729.872377261519432, 2727465.022764727473259 ], [ 10222723.276103442534804, 2727459.678944221697748 ], [ 10222717.055694619193673, 2727454.361046332865953 ], [ 10222711.601866606622934, 2727448.717129959724844 ], [ 10222706.347286893054843, 2727443.102535468526185 ], [ 10222699.938677541911602, 2727437.755088359583169 ], [ 10222696.407819593325257, 2727435.037782142870128 ], [ 10222689.057820750400424, 2727430.674843874759972 ], [ 10222680.522387316450477, 2727426.668368613813072 ], [ 10222671.426379984244704, 2727422.795013217721134 ], [ 10222661.951367614790797, 2727418.163085350301117 ], [ 10222648.354202693328261, 2727411.636018194723874 ], [ 10222639.502150010317564, 2727406.68089514831081 ], [ 10222635.043540509417653, 2727403.948628119193017 ], [ 10222633.057598512619734, 2727396.659689013846219 ], [ 10222631.890588546171784, 2727387.766812549903989 ], [ 10222630.227158481255174, 2727379.461110631469637 ], [ 10222628.610785059630871, 2727371.309932720381767 ], [ 10222627.176883775740862, 2727362.888773140963167 ], [ 10222625.052276296541095, 2727354.714280280284584 ], [ 10222622.782462107017636, 2727346.453869171906263 ], [ 10222621.528407165780663, 2727342.159466038458049 ], [ 10222619.175729040056467, 2727335.877130116801709 ], [ 10222618.308110238984227, 2727332.152473225723952 ], [ 10222615.349943414330482, 2727325.959680326748639 ], [ 10222613.566519858315587, 2727319.432955115102232 ], [ 10222614.247848996892571, 2727310.770161809399724 ], [ 10222615.06741183064878, 2727301.838183020241559 ], [ 10222615.543537605553865, 2727292.846433669794351 ], [ 10222615.597389679402113, 2727288.248679590411484 ], [ 10222615.638339331373572, 2727279.021140281111002 ], [ 10222614.773339400067925, 2727272.598364165518433 ], [ 10222617.746543437242508, 2727270.496825329493731 ], [ 10222627.696294128894806, 2727270.600384985562414 ], [ 10222633.450287256389856, 2727270.686807231977582 ], [ 10222638.832826199010015, 2727269.847922971937805 ], [ 10222651.888844778761268, 2727265.6155757131055 ], [ 10222660.458661764860153, 2727264.591627486050129 ], [ 10222667.502979479730129, 2727266.306998599786311 ], [ 10222682.002374658361077, 2727268.719159496948123 ], [ 10222696.223062869161367, 2727270.992410740815103 ], [ 10222710.099304029718041, 2727273.150297218933702 ], [ 10222723.627275437116623, 2727275.004225260112435 ], [ 10222730.384902395308018, 2727275.603753110859543 ], [ 10222740.934962186962366, 2727278.748824259266257 ], [ 10222752.942744245752692, 2727283.608312776312232 ], [ 10222765.143357707187533, 2727288.730420297477394 ], [ 10222783.75885565765202, 2727296.124335792846978 ], [ 10222796.07025296613574, 2727300.700228678062558 ], [ 10222808.488593025133014, 2727305.096350378822535 ], [ 10222820.803153108805418, 2727309.827649720013142 ], [ 10222826.898583050817251, 2727312.138961359392852 ], [ 10222833.063016517087817, 2727314.0270124534145 ], [ 10222850.088245365768671, 2727320.83041342208162 ], [ 10222855.606783362105489, 2727322.997615028172731 ], [ 10222866.190004585310817, 2727327.840736763551831 ], [ 10222876.997793322429061, 2727332.301911662332714 ], [ 10222887.193683354184031, 2727336.530909176915884 ], [ 10222898.109325114637613, 2727340.867777477949858 ], [ 10222910.720996530726552, 2727344.982410838827491 ], [ 10222923.324452823027968, 2727348.675359047949314 ], [ 10222929.646278945729136, 2727350.704538820777088 ], [ 10222935.129158683121204, 2727353.30550136603415 ], [ 10222949.002373078837991, 2727357.006681083701551 ], [ 10222977.708535896614194, 2727363.224121149629354 ], [ 10222991.566896954551339, 2727366.159349800553173 ], [ 10223005.222643457353115, 2727368.898731223773211 ], [ 10223018.334695138037205, 2727371.493437359575182 ], [ 10223032.333880826830864, 2727373.726439862512052 ], [ 10223047.734614506363869, 2727375.354346613865346 ], [ 10223063.159650776535273, 2727375.971352067310363 ], [ 10223078.804863587021828, 2727376.550643348600715 ], [ 10223094.632904555648565, 2727378.014691821299493 ], [ 10223110.234359541907907, 2727379.749621474649757 ], [ 10223125.817459682002664, 2727381.107351037673652 ], [ 10223141.954612957313657, 2727382.565123007632792 ], [ 10223150.592158157378435, 2727383.31611852766946 ], [ 10223158.859930254518986, 2727384.352044429630041 ], [ 10223164.685341669246554, 2727384.703276974149048 ], [ 10223173.502067755907774, 2727384.451406667008996 ], [ 10223188.597155416384339, 2727383.997864990495145 ], [ 10223201.952752077952027, 2727383.234413605183363 ], [ 10223215.4482486192137, 2727381.724271825980395 ], [ 10223228.77982828207314, 2727379.728829498868436 ], [ 10223242.224296923726797, 2727377.298114438541234 ], [ 10223256.739489430561662, 2727374.857281890232116 ], [ 10223264.550751460716128, 2727374.003499701619148 ], [ 10223278.690997188910842, 2727372.147455226164311 ], [ 10223284.294984441250563, 2727375.856305881403387 ], [ 10223292.462256433442235, 2727380.79126884136349 ], [ 10223296.335067696869373, 2727383.490535695571452 ], [ 10223303.623776912689209, 2727388.664944463875145 ], [ 10223310.827262843027711, 2727393.430244188755751 ], [ 10223314.57848765142262, 2727395.554562870413065 ], [ 10223318.507533647119999, 2727399.995881089475006 ], [ 10223322.69525495916605, 2727407.507664874661714 ], [ 10223326.871498128399253, 2727414.997599643655121 ], [ 10223330.261392036452889, 2727423.491101051680744 ], [ 10223333.639506574720144, 2727433.073037098627537 ], [ 10223337.376666212454438, 2727441.259981429204345 ], [ 10223340.281123917549849, 2727448.075519812293351 ], [ 10223342.426461121067405, 2727455.594412106554955 ], [ 10223344.603427655994892, 2727463.034970491658896 ], [ 10223347.064633769914508, 2727473.723169078119099 ], [ 10223348.500331727787852, 2727480.523266968782991 ], [ 10223350.437617436051369, 2727487.002645431552082 ], [ 10223351.701744049787521, 2727490.108748141676188 ], [ 10223352.762258846312761, 2727496.916335688438267 ], [ 10223354.46935042925179, 2727503.477915825787932 ], [ 10223356.439060609787703, 2727509.923341285437346 ], [ 10223357.94476493448019, 2727516.34456323646009 ], [ 10223359.906920652836561, 2727522.401485062204301 ], [ 10223360.947939563542604, 2727525.389871799852699 ], [ 10223362.526923174038529, 2727531.609822153113782 ], [ 10223363.950678888708353, 2727537.799554972909391 ], [ 10223365.731390058994293, 2727544.170966969337314 ], [ 10223367.304287565872073, 2727550.080073020420969 ], [ 10223370.150894358754158, 2727556.19730764022097 ], [ 10223375.44756824709475, 2727563.387497783172876 ], [ 10223383.970112510025501, 2727574.066920858342201 ], [ 10223391.851707028225064, 2727584.714672874193639 ], [ 10223397.02851895801723, 2727591.985018903855234 ], [ 10223402.431697236374021, 2727598.97325773909688 ], [ 10223405.08528053201735, 2727602.551602356135845 ], [ 10223405.46676548011601, 2727607.951360179577023 ], [ 10223405.380384983494878, 2727615.392298649530858 ], [ 10223404.724762985482812, 2727623.088762610219419 ], [ 10223404.69913537055254, 2727629.684645764064044 ], [ 10223404.334574511274695, 2727636.453746973536909 ], [ 10223403.671392608433962, 2727643.761819593608379 ], [ 10223402.045209545642138, 2727651.510750510264188 ], [ 10223400.089538902044296, 2727659.344031224958599 ], [ 10223397.058747388422489, 2727670.362901210319251 ], [ 10223394.617524892091751, 2727677.084327707067132 ], [ 10223392.400992395356297, 2727684.001137864310294 ], [ 10223391.869011286646128, 2727687.287113627884537 ], [ 10223394.053658654913306, 2727696.815127599053085 ], [ 10223395.587801726534963, 2727701.303811533842236 ], [ 10223397.571314977481961, 2727705.628328583203256 ], [ 10223407.976799683645368, 2727708.698102339636534 ], [ 10223413.558554328978062, 2727710.131143887527287 ], [ 10223425.274738252162933, 2727711.909310976974666 ], [ 10223431.071150416508317, 2727713.027179813478142 ], [ 10223436.984942695125937, 2727713.376615249551833 ], [ 10223442.796225918456912, 2727714.694056788925081 ], [ 10223454.56079437956214, 2727713.295707790181041 ], [ 10223468.912000562995672, 2727710.358236763626337 ], [ 10223481.70922745205462, 2727708.12879809550941 ], [ 10223487.335830938071012, 2727707.906548788305372 ], [ 10223499.621318023651838, 2727703.222300620283931 ], [ 10223511.234854444861412, 2727698.051641982514411 ], [ 10223516.879094079136848, 2727694.775605855043977 ], [ 10223532.884662115946412, 2727686.664494096767157 ], [ 10223543.146447096019983, 2727681.254116758704185 ], [ 10223553.955434288829565, 2727673.90091315517202 ], [ 10223564.537826294079423, 2727666.818613921292126 ], [ 10223574.5155028719455, 2727659.87048506224528 ], [ 10223579.346394769847393, 2727656.221814007032663 ], [ 10223588.340744441375136, 2727648.671376968733966 ], [ 10223597.061973666772246, 2727640.704257141798735 ], [ 10223605.936170157045126, 2727632.656523650977761 ], [ 10223615.808847062289715, 2727624.8554079788737 ], [ 10223626.057550689205527, 2727618.212784978095442 ], [ 10223635.882870690897107, 2727611.378643181640655 ], [ 10223644.701615514233708, 2727602.754591445904225 ], [ 10223648.554890172556043, 2727598.237021367065609 ], [ 10223652.134630834683776, 2727593.847045022528619 ], [ 10223661.095138834789395, 2727586.263884332496673 ], [ 10223671.22253342717886, 2727579.068376615643501 ], [ 10223681.138028128072619, 2727571.199884902685881 ], [ 10223685.869892001152039, 2727567.009080849122256 ], [ 10223696.438041044399142, 2727559.205411882605404 ], [ 10223702.361043518409133, 2727554.380375230219215 ], [ 10223711.879305137321353, 2727545.398217722773552 ], [ 10223715.897613033652306, 2727539.72268943535164 ], [ 10223727.239972248673439, 2727537.632965240627527 ], [ 10223739.919672217220068, 2727534.484143959823996 ], [ 10223752.158296309411526, 2727530.799896576907486 ], [ 10223761.912999503314495, 2727530.518087624106556 ], [ 10223770.240503367036581, 2727527.266506786458194 ], [ 10223778.414389194920659, 2727524.628712269477546 ], [ 10223789.426614684984088, 2727519.769700307399035 ], [ 10223796.964729953557253, 2727517.366495031863451 ], [ 10223804.305145002901554, 2727514.456492256838828 ], [ 10223811.545930176973343, 2727511.526340529322624 ], [ 10223819.136109827086329, 2727508.400438569486141 ], [ 10223827.454175790771842, 2727505.793063881807029 ], [ 10223835.887790475040674, 2727504.016128069721162 ], [ 10223844.106721054762602, 2727501.988118777051568 ], [ 10223852.225158456712961, 2727500.46171148493886 ], [ 10223860.490623598918319, 2727499.12116699712351 ], [ 10223868.061020007357001, 2727496.672984118107706 ], [ 10223875.80724392645061, 2727494.18788548419252 ], [ 10223879.543228996917605, 2727492.703881597612053 ], [ 10223882.926854103803635, 2727492.403659145813435 ], [ 10223889.922595657408237, 2727491.621273011434823 ], [ 10223896.897106813266873, 2727491.449840683955699 ], [ 10223904.221122797578573, 2727491.082765947561711 ], [ 10223911.831660723313689, 2727491.254056105390191 ], [ 10223916.213654195889831, 2727491.189550099428743 ], [ 10223921.837226206436753, 2727489.124106527306139 ], [ 10223927.858072614297271, 2727485.918126673437655 ], [ 10223933.87620834633708, 2727482.579018127638847 ], [ 10223939.68101229518652, 2727479.0554039767012 ], [ 10223945.454298537224531, 2727475.610126757528633 ], [ 10223950.967308675870299, 2727471.848015572410077 ], [ 10223956.759450858458877, 2727467.680620996281505 ], [ 10223962.788177849724889, 2727463.186618144158274 ], [ 10223968.81753565557301, 2727458.15955017786473 ], [ 10223974.573436317965388, 2727452.704937589354813 ], [ 10223981.547496428713202, 2727446.870892324950546 ], [ 10223985.118539879098535, 2727443.735612558200955 ], [ 10223986.583685092628002, 2727431.726280672941357 ], [ 10223987.934098394587636, 2727422.317319363821298 ], [ 10223990.267846431583166, 2727412.378164241090417 ], [ 10223991.739268429577351, 2727407.452433402650058 ], [ 10223990.813982335850596, 2727400.231503573711962 ], [ 10223988.475101036950946, 2727390.173975348472595 ], [ 10223985.391695400699973, 2727379.875734471250325 ], [ 10223982.779630158096552, 2727369.956799441948533 ], [ 10223980.671219866722822, 2727360.394301319960505 ], [ 10223977.752474926412106, 2727351.169777950737625 ], [ 10223976.451779890805483, 2727346.765452409163117 ], [ 10223970.552279956638813, 2727343.19600036740303 ], [ 10223964.602103548124433, 2727339.294420386198908 ], [ 10223958.842778341844678, 2727336.110855042468756 ], [ 10223953.514589346945286, 2727332.963141087442636 ], [ 10223948.000629352405667, 2727329.341693652793765 ], [ 10223942.452481403946877, 2727324.543978505302221 ], [ 10223937.145937049761415, 2727320.241047631949186 ], [ 10223930.729408975690603, 2727316.204443759284914 ], [ 10223927.589253753423691, 2727314.279131708201021 ], [ 10223920.363296838477254, 2727310.624866127036512 ], [ 10223913.498669153079391, 2727306.819218930322677 ], [ 10223906.918299539014697, 2727303.42978999344632 ], [ 10223897.638744367286563, 2727298.650447585154325 ], [ 10223891.635857790708542, 2727295.438247290905565 ], [ 10223888.793937893584371, 2727294.084456318058074 ], [ 10223882.684015056118369, 2727291.041039485484362 ], [ 10223876.864073513075709, 2727288.147253673989326 ], [ 10223874.025657285004854, 2727286.971071113366634 ], [ 10223868.27326188236475, 2727284.142593919299543 ], [ 10223862.781144419685006, 2727281.642039333935827 ], [ 10223860.227286659181118, 2727280.338033270090818 ], [ 10223856.142518343403935, 2727278.664645615033805 ], [ 10223850.399723023176193, 2727272.938006677664816 ], [ 10223844.612058144062757, 2727267.745333085767925 ], [ 10223841.717285545542836, 2727265.382133758161217 ], [ 10223832.533740561455488, 2727256.481587237212807 ], [ 10223826.657797567546368, 2727250.724279026500881 ], [ 10223820.785926975309849, 2727245.177971899043769 ], [ 10223814.867110783234239, 2727239.488133403006941 ], [ 10223807.150647263973951, 2727230.514135119505227 ], [ 10223802.469231689348817, 2727224.300320777110755 ], [ 10223798.286454921588302, 2727215.922545895911753 ], [ 10223796.229668399319053, 2727210.678125820122659 ], [ 10223798.042162863537669, 2727206.822866911999881 ], [ 10223802.416073435917497, 2727197.887144132517278 ], [ 10223805.891662726178765, 2727188.180931691545993 ], [ 10223810.227236295118928, 2727178.413202703930438 ], [ 10223814.555389970541, 2727168.834518153220415 ], [ 10223818.698338717222214, 2727158.815280657727271 ], [ 10223820.65874645113945, 2727153.491374194156379 ], [ 10223825.889000218361616, 2727147.692035317886621 ], [ 10223832.346845958381891, 2727141.435400541406125 ], [ 10223838.275527050718665, 2727135.222498036921024 ], [ 10223844.384541898965836, 2727129.194777650292963 ], [ 10223847.928771732375026, 2727126.382098313886672 ], [ 10223852.182724446058273, 2727120.346694236621261 ], [ 10223857.671642163768411, 2727113.098840851336718 ], [ 10223860.516116989776492, 2727109.511810227297246 ], [ 10223867.725976528599858, 2727103.317951076198369 ], [ 10223870.814228659495711, 2727100.902969722636044 ], [ 10223875.685163391754031, 2727095.3660559928976 ], [ 10223883.436945747584105, 2727091.482095524668694 ], [ 10223891.459610460326076, 2727088.458657084498554 ], [ 10223899.166889222338796, 2727085.685746705625206 ], [ 10223907.755868988111615, 2727082.828775071073323 ], [ 10223916.025284618139267, 2727080.011442006099969 ], [ 10223923.764404382556677, 2727077.17138819117099 ], [ 10223932.020334534347057, 2727074.78726345859468 ], [ 10223940.360218094661832, 2727072.179556064773351 ], [ 10223948.344686293974519, 2727068.901509707327932 ], [ 10223955.751798938959837, 2727065.457215110771358 ], [ 10223963.554267777130008, 2727062.471455410122871 ], [ 10223970.075147887691855, 2727059.875481707975268 ], [ 10223971.507780086249113, 2727059.305126402061433 ], [ 10223979.273646585643291, 2727056.142433105967939 ], [ 10223988.102300966158509, 2727052.559006610885262 ], [ 10223992.576654816046357, 2727050.449651658535004 ], [ 10224000.539164202287793, 2727051.690935543272644 ], [ 10224008.244341561570764, 2727052.75971899414435 ], [ 10224015.566815193742514, 2727054.013612654991448 ], [ 10224016.216555500403047, 2727054.138836988247931 ], [ 10224041.265925068408251, 2727074.641155164223164 ], [ 10224073.651626685634255, 2727103.681335519533604 ], [ 10224102.54726330563426, 2727099.01204587193206 ], [ 10224129.126322655007243, 2727087.369558033067733 ], [ 10224154.540146246552467, 2727061.778102164156735 ], [ 10224178.593437369912863, 2727013.318730103317648 ], [ 10224186.863133702427149, 2726996.65815084753558 ], [ 10224189.150861848145723, 2726960.620250559877604 ], [ 10224181.845356302335858, 2726926.005167466122657 ], [ 10224181.719388548284769, 2726929.388826217968017 ], [ 10224173.045778414234519, 2726889.827726329676807 ], [ 10224171.301804391667247, 2726874.716930923983455 ], [ 10224162.061434283852577, 2726861.610364479012787 ], [ 10224169.731573676690459, 2726842.196719785220921 ], [ 10224167.649259515106678, 2726842.350469040684402 ], [ 10224144.686359189450741, 2726841.592236813157797 ], [ 10224117.355490213260055, 2726845.135188593063504 ], [ 10224103.639964874833822, 2726848.54255150584504 ], [ 10224101.442249268293381, 2726850.416101810988039 ], [ 10224087.590408816933632, 2726861.253753108438104 ], [ 10224073.431028358638287, 2726868.856873923912644 ], [ 10224058.023838806897402, 2726872.913047738838941 ], [ 10224050.42723161354661, 2726874.041978285647929 ], [ 10224038.445404127240181, 2726873.229802104178816 ], [ 10224025.081484109163284, 2726875.402837241068482 ], [ 10223996.557563561946154, 2726883.204146133735776 ], [ 10223983.804613042622805, 2726884.705850731115788 ], [ 10223963.468150172382593, 2726888.677879815455526 ], [ 10223931.323607470840216, 2726897.191465243231505 ], [ 10223924.275293139740825, 2726898.015503496397287 ], [ 10223923.018951050937176, 2726898.072348608635366 ], [ 10223916.955229353159666, 2726893.630858276970685 ], [ 10223898.046428926289082, 2726883.56245494633913 ], [ 10223882.400099446997046, 2726877.863451641984284 ], [ 10223870.288244241848588, 2726870.554968100041151 ], [ 10223860.495160315185785, 2726854.619053308386356 ], [ 10223860.035216208547354, 2726851.563442857004702 ], [ 10223864.910311944782734, 2726836.036202237941325 ], [ 10223866.696107855066657, 2726818.033938861917704 ], [ 10223870.211677204817533, 2726789.813692064955831 ], [ 10223870.549393912777305, 2726764.707378588151187 ], [ 10223871.291532771661878, 2726752.714085811283439 ], [ 10223875.201842626556754, 2726718.657721498981118 ], [ 10223879.301006590947509, 2726683.634960304480046 ], [ 10223884.580261562019587, 2726669.966706717852503 ], [ 10223887.584457948803902, 2726664.891927680000663 ], [ 10223897.963510930538177, 2726647.347719742916524 ], [ 10223906.355151154100895, 2726643.441197246313095 ], [ 10223893.507779920473695, 2726631.896541805006564 ], [ 10223884.13525553047657, 2726625.79754679184407 ], [ 10223924.395944321528077, 2726604.02018956001848 ], [ 10223937.329154793173075, 2726602.927031875122339 ], [ 10223957.828724415972829, 2726603.24443473527208 ], [ 10223996.459549754858017, 2726605.222051750402898 ], [ 10224009.405105046927929, 2726607.632383706513792 ], [ 10224022.335413187742233, 2726614.089853865560144 ], [ 10224029.61556171067059, 2726629.008149432949722 ], [ 10224039.58747187256813, 2726647.436576192267239 ], [ 10224053.587111311033368, 2726671.812405220232904 ], [ 10224058.038360245525837, 2726682.700738181825727 ], [ 10224064.69754258915782, 2726716.308143053669482 ], [ 10224068.591996788978577, 2726729.996073354035616 ], [ 10224083.388700045645237, 2726745.726617858279496 ], [ 10224096.310979075729847, 2726755.84320656163618 ], [ 10224103.98664447106421, 2726759.392619049642235 ], [ 10224105.763097146525979, 2726759.519059369340539 ], [ 10224107.664558749645948, 2726758.912471319548786 ], [ 10224127.623631166294217, 2726749.111808023415506 ], [ 10224153.705019289627671, 2726734.016697710845619 ], [ 10224173.420990766957402, 2726723.032001911196858 ], [ 10224197.621036780998111, 2726708.36581762181595 ], [ 10224244.455989044159651, 2726680.191021889913827 ], [ 10224273.361532263457775, 2726661.929795930162072 ], [ 10224303.564771838486195, 2726641.094402002636343 ], [ 10224342.593156158924103, 2726616.279162731487304 ], [ 10224365.082960003986955, 2726603.736576210241765 ], [ 10224383.505817402154207, 2726593.596136656124145 ], [ 10224396.810562131926417, 2726584.338336127344519 ], [ 10224424.281293828040361, 2726564.838321899529546 ], [ 10224440.01012222468853, 2726550.954955934546888 ], [ 10224449.186056917533278, 2726542.292664410080761 ], [ 10224451.183478904888034, 2726540.243612828664482 ], [ 10224476.246807247400284, 2726519.530225736554712 ], [ 10224485.230583457276225, 2726511.816494025290012 ], [ 10224498.72592999599874, 2726500.064486748538911 ], [ 10224514.475614100694656, 2726481.601610015612096 ], [ 10224515.929078761488199, 2726480.301025569438934 ], [ 10224518.837284026667476, 2726478.919248097576201 ], [ 10224526.521332625299692, 2726477.733823028858751 ], [ 10224539.758116582408547, 2726476.13823943445459 ], [ 10224545.699155917391181, 2726471.499699709936976 ], [ 10224566.783339105546474, 2726455.101385203655809 ], [ 10224567.734654154628515, 2726454.181838240940124 ], [ 10224585.480437383055687, 2726437.030405778437853 ], [ 10224611.384172407910228, 2726414.086588973645121 ], [ 10224631.714440515264869, 2726398.394245003350079 ], [ 10224644.153152298182249, 2726389.677125248592347 ], [ 10224673.280059656128287, 2726377.178915347903967 ], [ 10224694.50630615092814, 2726366.256339826155454 ], [ 10224708.330842968076468, 2726359.432413056492805 ], [ 10224730.092496218159795, 2726352.49597561173141 ], [ 10224760.006685640662909, 2726343.814920905046165 ], [ 10224768.79069278948009, 2726340.14579709386453 ], [ 10224790.906879680231214, 2726335.622861955314875 ], [ 10224810.092004308477044, 2726332.38200273597613 ], [ 10224846.446862459182739, 2726320.55404859688133 ], [ 10224879.068802682682872, 2726308.087053504772484 ], [ 10224898.785089250653982, 2726302.822893540374935 ], [ 10224933.968393128365278, 2726291.82693773182109 ], [ 10224964.598368359729648, 2726279.767284009605646 ], [ 10224985.784815941005945, 2726268.179916068445891 ], [ 10224991.990389974787831, 2726264.30090724863112 ], [ 10225000.259680522605777, 2726259.131825551390648 ], [ 10225004.58868084102869, 2726256.78152782144025 ], [ 10225010.679842982441187, 2726254.19600090617314 ], [ 10225020.260991597548127, 2726248.047777425963432 ], [ 10225029.842021992430091, 2726243.109589137602597 ], [ 10225038.198294440284371, 2726234.552500039804727 ], [ 10225048.24341070279479, 2726225.276085785590112 ], [ 10225058.293023094534874, 2726216.494577355217189 ], [ 10225068.344523007050157, 2726207.922079143114388 ], [ 10225078.107825230807066, 2726200.155089057050645 ], [ 10225087.873008918017149, 2726192.58623481541872 ], [ 10225097.635455917567015, 2726184.720280844718218 ], [ 10225107.19752617739141, 2726177.670203770045191 ], [ 10225117.342586612328887, 2726179.491700385231525 ], [ 10225125.422590447589755, 2726174.270109277684242 ], [ 10225136.170159067958593, 2726176.185057988390326 ], [ 10225147.529386036098003, 2726178.006520359311253 ], [ 10225159.280440023168921, 2726179.615268243011087 ], [ 10225171.325980247929692, 2726181.122414021752775 ], [ 10225182.882014162838459, 2726182.930965507868677 ], [ 10225193.825683422386646, 2726184.756106948945671 ], [ 10225206.827382432296872, 2726179.489535549655557 ], [ 10225220.310149034485221, 2726172.997628023382276 ], [ 10225233.597065487876534, 2726167.827480306383222 ], [ 10225247.072668489068747, 2726160.532569368835539 ], [ 10225260.850706655532122, 2726152.827967398799956 ], [ 10225266.112505786120892, 2726146.829032439738512 ], [ 10225278.950896967202425, 2726124.690207960084081 ], [ 10225290.58351132273674, 2726102.265419214498252 ], [ 10225300.313842568546534, 2726079.945974243339151 ], [ 10225308.84841095097363, 2726058.462503597140312 ], [ 10225320.961232321336865, 2726044.415220425929874 ], [ 10225336.63221987709403, 2726024.670583459082991 ], [ 10225351.393597017973661, 2726004.747280975803733 ], [ 10225366.074596488848329, 2725985.616597436368465 ], [ 10225380.435777932405472, 2725966.191923688631505 ], [ 10225393.399727156385779, 2725945.878124915994704 ], [ 10225405.756642924621701, 2725926.174692978616804 ], [ 10225419.035838171839714, 2725908.068957931362092 ], [ 10225430.813041772693396, 2725890.790846101474017 ], [ 10225441.455544143915176, 2725879.891941288020462 ], [ 10225456.707962967455387, 2725869.544859030283988 ], [ 10225484.635642897337675, 2725857.795071250293404 ], [ 10225515.664640568196774, 2725844.289763750508428 ], [ 10225543.705322002992034, 2725835.365754667669535 ], [ 10225577.383891616016626, 2725825.785000869072974 ], [ 10225604.736609391868114, 2725827.888768995646387 ], [ 10225637.184170482680202, 2725828.526840899605304 ], [ 10225659.011160667985678, 2725831.593908204697073 ], [ 10225675.206352587789297, 2725833.590696242637932 ], [ 10225687.294815426692367, 2725836.24094227142632 ], [ 10225698.480924909934402, 2725838.283411771059036 ], [ 10225712.383117072284222, 2725841.929066448938102 ], [ 10225745.687071682885289, 2725859.839496985543519 ], [ 10225755.676484752446413, 2725886.752161416690797 ], [ 10225765.642796244472265, 2725908.704233410768211 ], [ 10225772.022781470790505, 2725924.74929376412183 ], [ 10225775.265400195494294, 2725938.579191668890417 ], [ 10225782.591047888621688, 2725949.148759471718222 ], [ 10225795.570402672514319, 2725963.197581835556775 ], [ 10225803.569644903764129, 2725970.835108920000494 ], [ 10225811.866661021485925, 2725975.125934534706175 ], [ 10225827.094336207956076, 2725962.061761118005961 ], [ 10225824.884538237005472, 2725949.960349761415273 ], [ 10225825.831551346927881, 2725899.947143406607211 ], [ 10225826.106074886396527, 2725852.987041910644621 ], [ 10225825.487426521256566, 2725806.431401683017612 ], [ 10225825.514139825478196, 2725764.709691012278199 ], [ 10225823.811274008825421, 2725754.220672587864101 ], [ 10225818.564735356718302, 2725717.200311411637813 ], [ 10225814.229863237589598, 2725681.78844180284068 ], [ 10225811.8216856662184, 2725648.987997326534241 ], [ 10225805.293894683942199, 2725614.201484031975269 ], [ 10225801.795852597802877, 2725583.028045484796166 ], [ 10225798.805445190519094, 2725564.496477048844099 ], [ 10225797.125833291560411, 2725554.087303897365928 ], [ 10225799.922009939327836, 2725553.953664185944945 ], [ 10225797.402719151228666, 2725550.293483905494213 ], [ 10225790.219663843512535, 2725541.577656877692789 ], [ 10225786.979334784671664, 2725538.315838422160596 ], [ 10225788.50911521166563, 2725527.139119762927294 ], [ 10225794.168650699779391, 2725500.903326753992587 ], [ 10225801.887814676389098, 2725466.027413888368756 ], [ 10225820.63669197820127, 2725449.035657351836562 ], [ 10225842.236544782295823, 2725430.259050396736711 ], [ 10225860.279541198164225, 2725415.296580014750361 ], [ 10225882.32669173553586, 2725395.045606995001435 ], [ 10225898.93435419537127, 2725378.251551549881697 ], [ 10225911.280303247272968, 2725374.219094336032867 ], [ 10225932.620264947414398, 2725368.396946219727397 ], [ 10225939.310554679483175, 2725364.751114903949201 ], [ 10225942.645115798339248, 2725360.69595815660432 ], [ 10225945.302322128787637, 2725355.906916946172714 ], [ 10225946.845240574330091, 2725351.813962781336159 ], [ 10225948.639407040551305, 2725345.276268421206623 ], [ 10225950.686168553307652, 2725329.607754965312779 ], [ 10225949.140108408406377, 2725309.454318066127598 ], [ 10225945.601795772090554, 2725280.976692944765091 ], [ 10225942.104994731023908, 2725259.096283352933824 ], [ 10225936.141623379662633, 2725218.452941859606653 ], [ 10225931.876074584200978, 2725200.028145033866167 ], [ 10225930.949918314814568, 2725197.429057202767581 ], [ 10225930.538357935845852, 2725177.541001716628671 ], [ 10225931.630757929757237, 2725162.047808323521167 ], [ 10225934.046074274927378, 2725131.036903428845108 ], [ 10225935.325921405106783, 2725105.352741178590804 ], [ 10225941.404925601556897, 2725087.335521218832582 ], [ 10225950.329969059675932, 2725065.886770921759307 ], [ 10225955.719233013689518, 2725053.832784662488848 ], [ 10225965.906109005212784, 2725024.205033798702061 ], [ 10225970.412331955507398, 2725006.048446908127517 ], [ 10225974.716268632560968, 2724996.546814463101327 ], [ 10225980.224754381924868, 2724986.602409444749355 ], [ 10225987.813562866300344, 2724973.598725988063961 ], [ 10225985.69523411989212, 2724957.915956309065223 ], [ 10225984.546285094693303, 2724932.211579324211925 ], [ 10225985.803814982995391, 2724888.27183068357408 ], [ 10225987.701240165159106, 2724873.080403515603393 ], [ 10225993.750773780047894, 2724846.32231581164524 ], [ 10226004.686888832598925, 2724815.792565719224513 ], [ 10226013.289091531187296, 2724785.959677503909916 ], [ 10226018.086670637130737, 2724766.131928764283657 ], [ 10226022.964073982089758, 2724746.590559623669833 ], [ 10226026.118278948590159, 2724722.712114341557026 ], [ 10226026.711917337030172, 2724713.633647013455629 ], [ 10226025.293480468913913, 2724701.005314328242093 ], [ 10226019.857495492324233, 2724676.304573200177401 ], [ 10226015.548762634396553, 2724661.383915217593312 ], [ 10226010.624689618125558, 2724648.595857463311404 ], [ 10226007.952115543186665, 2724641.654970817267895 ], [ 10225997.690526474267244, 2724622.482647212222219 ], [ 10225988.389400813728571, 2724607.190711092669517 ], [ 10225984.466451030224562, 2724603.770088852848858 ], [ 10225969.195980412885547, 2724599.609205333981663 ], [ 10225960.26104437187314, 2724596.071723579894751 ], [ 10225946.689428485929966, 2724586.8993812459521 ], [ 10225930.876689782366157, 2724582.345946869812906 ], [ 10225908.826911736279726, 2724578.251177332829684 ], [ 10225898.518907718360424, 2724577.047698711045086 ], [ 10225874.818879222497344, 2724571.609621070791036 ], [ 10225849.054208435118198, 2724565.164073931518942 ], [ 10225831.303919855505228, 2724561.369831441901624 ], [ 10225813.067454239353538, 2724556.15473852539435 ], [ 10225798.663369361311197, 2724551.808525950647891 ], [ 10225777.190239880234003, 2724543.685403213370591 ], [ 10225746.821676947176456, 2724530.422002021688968 ], [ 10225729.011187341064215, 2724522.65005479613319 ], [ 10225716.986081311479211, 2724516.578720738645643 ], [ 10225695.991166392341256, 2724505.62194989155978 ], [ 10225666.614555055275559, 2724490.359672190621495 ], [ 10225653.248189935460687, 2724483.074704231228679 ], [ 10225639.227082232013345, 2724475.122185174841434 ], [ 10225624.211695522069931, 2724465.466317167971283 ], [ 10225622.620683740824461, 2724461.138917454984039 ], [ 10225616.928895311430097, 2724453.182641230057925 ], [ 10225606.372526608407497, 2724443.284492236096412 ], [ 10225604.510068483650684, 2724440.440552820451558 ], [ 10225598.839555246755481, 2724428.969869702588767 ], [ 10225589.038963042199612, 2724405.118574385996908 ], [ 10225589.521831816062331, 2724402.760124525986612 ], [ 10225590.243557631969452, 2724385.26001404132694 ], [ 10225588.69849662296474, 2724356.013122402597219 ], [ 10225585.747287955135107, 2724333.653335491660982 ], [ 10225583.257617125287652, 2724297.597618490457535 ], [ 10225582.645461905747652, 2724273.933327269274741 ], [ 10225582.693010367453098, 2724265.169851519167423 ], [ 10225588.649547126144171, 2724246.977979306131601 ], [ 10225591.858633590862155, 2724235.597945808432996 ], [ 10225593.224284471943974, 2724219.926136740483344 ], [ 10225592.902799570932984, 2724207.077563168015331 ], [ 10225593.046166075393558, 2724201.418327243998647 ], [ 10225595.456726796925068, 2724188.134331725072116 ], [ 10225599.184561386704445, 2724167.864702080842108 ], [ 10225608.983278702944517, 2724135.579503251239657 ], [ 10225612.780436240136623, 2724120.226711210794747 ], [ 10225615.21893766336143, 2724097.29547579633072 ], [ 10225615.390671344473958, 2724088.873428513295949 ], [ 10225614.142552761361003, 2724071.072395395953208 ], [ 10225610.702802270650864, 2724051.613038168288767 ], [ 10225605.031901806592941, 2724020.682987651787698 ], [ 10225604.24095063097775, 2724009.275751243811101 ], [ 10225605.80859518237412, 2723995.193408837076277 ], [ 10225611.023943359032273, 2723971.925940928515047 ], [ 10225617.569365434348583, 2723965.839855272322893 ], [ 10225636.173962680622935, 2723948.862426814623177 ], [ 10225650.869311397895217, 2723933.304209268186241 ], [ 10225664.063913160935044, 2723918.224744758568704 ], [ 10225675.649235978722572, 2723902.630597678478807 ], [ 10225687.229794833809137, 2723884.251814297400415 ], [ 10225696.390675058588386, 2723873.642853567842394 ], [ 10225711.938739147037268, 2723857.634402151219547 ], [ 10225731.100701415911317, 2723832.385873444378376 ], [ 10225741.060982953757048, 2723818.067336458247155 ], [ 10225761.617724565789104, 2723793.888140676077455 ], [ 10225777.16848798468709, 2723774.752555842045695 ], [ 10225790.883276533335447, 2723755.53527326695621 ], [ 10225799.150934292003512, 2723742.316139744129032 ], [ 10225806.589373053982854, 2723734.287590909749269 ], [ 10225824.795949319377542, 2723715.954809868708253 ], [ 10225839.296108039095998, 2723700.70801446493715 ], [ 10225848.735078800469637, 2723689.322797843255103 ], [ 10225853.417889304459095, 2723680.403926699887961 ], [ 10225856.482195165008307, 2723671.136228905525059 ], [ 10225858.158019062131643, 2723659.174732387065887 ], [ 10225857.74662128649652, 2723642.714064892847091 ], [ 10225856.73641743324697, 2723633.662942339666188 ], [ 10225853.569266902282834, 2723625.406159777194262 ], [ 10225838.189487425610423, 2723606.384220189414918 ], [ 10225826.9804632589221, 2723591.432211886160076 ], [ 10225814.453105982393026, 2723574.216838661581278 ], [ 10225805.60737656056881, 2723566.181160354986787 ], [ 10225796.493927758187056, 2723562.303082268685102 ], [ 10225778.740021938458085, 2723555.735407717060298 ], [ 10225759.244277749210596, 2723547.427942478097975 ], [ 10225750.4760627951473, 2723547.447031273506582 ], [ 10225746.353892430663109, 2723548.415278926491737 ], [ 10225736.946854032576084, 2723552.849542692303658 ], [ 10225719.256646398454905, 2723562.01654636580497 ], [ 10225702.219485891982913, 2723572.83465754520148 ], [ 10225696.406071489676833, 2723584.17331375181675 ], [ 10225685.589592095464468, 2723603.130011169239879 ], [ 10225680.549756471067667, 2723611.499765968415886 ], [ 10225668.273060634732246, 2723621.453802063129842 ], [ 10225641.489718632772565, 2723641.438798950519413 ], [ 10225608.163798615336418, 2723672.349781301803887 ], [ 10225582.239700248464942, 2723689.155010410584509 ], [ 10225572.516549305990338, 2723698.421157418750226 ], [ 10225559.740359395742416, 2723702.158835284877568 ], [ 10225543.817416556179523, 2723708.888541770167649 ], [ 10225537.484572663903236, 2723711.922647075261921 ], [ 10225536.872197967022657, 2723712.237956672441214 ], [ 10225528.541675642132759, 2723709.788573883008212 ], [ 10225522.922459570690989, 2723709.345890402328223 ], [ 10225507.549807906150818, 2723709.307594044134021 ], [ 10225499.131025532260537, 2723701.862054470460862 ], [ 10225491.026081021875143, 2723694.694221301935613 ], [ 10225488.156542591750622, 2723692.235849592834711 ], [ 10225491.895492322742939, 2723675.403340299613774 ], [ 10225492.97730134613812, 2723653.060532090254128 ], [ 10225492.879844082519412, 2723634.336205321829766 ], [ 10225489.798095971345901, 2723630.650371528696269 ], [ 10225485.375055562704802, 2723624.634162104222924 ], [ 10225484.654443869367242, 2723623.023049792740494 ], [ 10225489.023307027295232, 2723616.482512845192105 ], [ 10225489.272069843485951, 2723618.095299511216581 ], [ 10225489.673135267570615, 2723619.375778005458415 ], [ 10225492.087554613128304, 2723623.632278949953616 ], [ 10225492.813001323491335, 2723624.55396311590448 ], [ 10225492.812998609617352, 2723624.550339199136943 ], [ 10225492.102868545800447, 2723588.393046945333481 ], [ 10225491.660917019471526, 2723548.131062990985811 ], [ 10225491.645878223702312, 2723517.997874515131116 ], [ 10225490.117313425987959, 2723504.144976749550551 ], [ 10225487.577314998954535, 2723483.384727509692311 ], [ 10225487.575470078736544, 2723466.047376728616655 ], [ 10225487.719079524278641, 2723440.984692275058478 ], [ 10225485.105932155624032, 2723411.473574141506106 ], [ 10225484.288200182840228, 2723391.558588271494955 ], [ 10225484.409313505515456, 2723364.153701486997306 ], [ 10225484.150349963456392, 2723329.216464307159185 ], [ 10225481.8164026979357, 2723296.730486723594368 ], [ 10225479.986095532774925, 2723275.499525175429881 ], [ 10225478.524398017674685, 2723245.745479624718428 ], [ 10225477.767812570556998, 2723231.056661803275347 ], [ 10225479.09208008646965, 2723215.640418191440403 ], [ 10225480.450185567140579, 2723206.046998963691294 ], [ 10225485.083376256749034, 2723188.521183792036027 ], [ 10225490.833106424659491, 2723169.415542477276176 ], [ 10225505.243344031274319, 2723150.546152029186487 ], [ 10225514.8827457241714, 2723137.021564915310591 ], [ 10225517.884440382942557, 2723132.809951579663903 ], [ 10225526.971411842852831, 2723116.832032470498234 ], [ 10225533.420015972107649, 2723106.426799988839775 ], [ 10225556.286682289093733, 2723098.558039129246026 ], [ 10225575.626807384192944, 2723089.618634608574212 ], [ 10225599.484347004443407, 2723079.684814087115228 ], [ 10225625.861141674220562, 2723068.93104367563501 ], [ 10225652.155087126418948, 2723059.846442869398743 ], [ 10225656.015094757080078, 2723059.057554407510906 ], [ 10225658.630576070398092, 2723059.098372380714864 ], [ 10225661.882964225485921, 2723060.249010096304119 ], [ 10225679.790588703006506, 2723070.295674704946578 ], [ 10225688.807753894478083, 2723074.473015093710274 ], [ 10225718.430816264823079, 2723067.665325806476176 ], [ 10225741.206352496519685, 2723064.051273697521538 ], [ 10225785.541707281023264, 2723057.232846947852522 ], [ 10225806.763907188549638, 2723053.191860862541944 ], [ 10225852.834825228899717, 2723064.577083065640181 ], [ 10225869.387920264154673, 2723068.581520985346287 ], [ 10225872.028767293319106, 2723064.423179623205215 ], [ 10225879.022002510726452, 2723056.973883116617799 ], [ 10225887.61442937515676, 2723049.000630549620837 ], [ 10225902.21858149394393, 2723037.764439183752984 ], [ 10225917.38003833591938, 2723028.489593006204814 ], [ 10225953.912390418350697, 2723007.835169450845569 ], [ 10225974.724057480692863, 2722996.560561825986952 ], [ 10225988.898412503302097, 2722992.035578749142587 ], [ 10226017.477919101715088, 2722980.729318460449576 ], [ 10226034.441270865499973, 2722976.022331609856337 ], [ 10226069.163715358823538, 2722968.225087506696582 ], [ 10226079.973260650411248, 2722966.859889466315508 ], [ 10226091.114451887086034, 2722964.552348441909999 ], [ 10226096.881409982219338, 2722962.12037923373282 ], [ 10226106.376121772453189, 2722956.58019464276731 ], [ 10226114.887755732983351, 2722950.497223966754973 ], [ 10226119.356940506026149, 2722947.945270997006446 ], [ 10226135.460535410791636, 2722942.959401014260948 ], [ 10226153.56489129550755, 2722939.213661736343056 ], [ 10226174.240377996116877, 2722936.625010641291738 ], [ 10226204.269617971032858, 2722932.435796704143286 ], [ 10226207.114805094897747, 2722932.0388512769714 ], [ 10226222.281719785183668, 2722932.454271226655692 ], [ 10226237.563170466572046, 2722934.503794166725129 ], [ 10226255.014346914365888, 2722938.091326495166868 ], [ 10226257.369078520685434, 2722938.575452919118106 ], [ 10226264.856400564312935, 2722939.065762345679104 ], [ 10226269.164900984615088, 2722939.211520111653954 ], [ 10226274.403651224449277, 2722938.972516091074795 ], [ 10226288.253485810011625, 2722936.130068969912827 ], [ 10226295.732357013970613, 2722935.74759120400995 ], [ 10226299.384195134043694, 2722933.888719601556659 ], [ 10226301.986403871327639, 2722931.421244567725807 ], [ 10226303.712098754942417, 2722929.216597798280418 ], [ 10226305.356118194758892, 2722925.377369014546275 ], [ 10226306.283435033634305, 2722917.234895825851709 ], [ 10226306.389156902208924, 2722916.306577489245683 ], [ 10226304.659063395112753, 2722904.412041435483843 ], [ 10226304.417748130857944, 2722893.088643874041736 ], [ 10226305.273667966946959, 2722883.876028497237712 ], [ 10226308.856284435838461, 2722873.71958453534171 ], [ 10226311.942417686805129, 2722865.643143002875149 ], [ 10226313.90369375795126, 2722860.510211796034127 ], [ 10226315.944467095658183, 2722852.247285561170429 ], [ 10226314.041043708100915, 2722829.392643406055868 ], [ 10226313.905982462689281, 2722827.770413210615516 ], [ 10226313.346591580659151, 2722808.549767745193094 ], [ 10226314.93499555811286, 2722792.136790120974183 ], [ 10226314.002763271331787, 2722779.803668163716793 ], [ 10226313.608422813937068, 2722765.155873883515596 ], [ 10226312.68869798630476, 2722740.480350533965975 ], [ 10226310.266047678887844, 2722703.532548564951867 ], [ 10226310.625672373920679, 2722695.275127147790045 ], [ 10226311.511614475399256, 2722676.659288262482733 ], [ 10226313.786589927971363, 2722666.493710331153125 ], [ 10226321.368140881881118, 2722638.099904119037092 ], [ 10226326.699667535722256, 2722614.501568808685988 ], [ 10226328.823429418727756, 2722602.337628346402198 ], [ 10226327.245785739272833, 2722593.712431596592069 ], [ 10226326.506452655419707, 2722575.18982648011297 ], [ 10226324.259885646402836, 2722549.643680305685848 ], [ 10226321.077027589082718, 2722517.035130441188812 ], [ 10226320.494273083284497, 2722507.903066447935998 ], [ 10226321.159563690423965, 2722499.432799015659839 ], [ 10226325.087635485455394, 2722479.549842108972371 ], [ 10226328.106225179508328, 2722449.69840647559613 ], [ 10226328.926078168675303, 2722437.900758091360331 ], [ 10226327.515878584235907, 2722434.091571348253638 ], [ 10226322.745834829285741, 2722430.514056673739105 ], [ 10226311.051940463483334, 2722423.335842372849584 ], [ 10226285.178039204329252, 2722410.92620774358511 ], [ 10226265.777093293145299, 2722400.939494876656681 ], [ 10226254.169592702761292, 2722393.594713520724326 ], [ 10226247.943085597828031, 2722388.241344541311264 ], [ 10226235.581098301336169, 2722374.451250298414379 ], [ 10226215.287803115323186, 2722375.588587568607181 ], [ 10226207.377777231857181, 2722376.792937783990055 ], [ 10226195.345571622252464, 2722383.49579203221947 ], [ 10226190.323930645361543, 2722386.859596446156502 ], [ 10226189.656835028901696, 2722388.313542559742928 ], [ 10226190.770065816119313, 2722400.058976793661714 ], [ 10226189.242726868018508, 2722410.283395198639482 ], [ 10226184.238504998385906, 2722422.276533402968198 ], [ 10226189.932829797267914, 2722430.552019718568772 ], [ 10226197.531262744218111, 2722442.576795971952379 ], [ 10226204.396511379629374, 2722454.906992694362998 ], [ 10226209.163839785382152, 2722476.406532140914351 ], [ 10226216.091366244480014, 2722496.315878283698112 ], [ 10226225.163503382354975, 2722524.41412662062794 ], [ 10226235.31687960959971, 2722555.241938949562609 ], [ 10226240.624661456793547, 2722574.670065339654684 ], [ 10226245.824139762669802, 2722589.712645458988845 ], [ 10226250.8821642100811, 2722602.624180390965194 ], [ 10226244.792809296399355, 2722623.986821711529046 ], [ 10226235.824997991323471, 2722652.195116220973432 ], [ 10226225.340772334486246, 2722683.810524262022227 ], [ 10226218.218070635572076, 2722702.851950339972973 ], [ 10226195.253055708482862, 2722703.849668811075389 ], [ 10226161.556319411844015, 2722708.565421011298895 ], [ 10226144.120258659124374, 2722709.807470141910017 ], [ 10226137.58215937949717, 2722709.738679929636419 ], [ 10226132.387470910325646, 2722708.850184066221118 ], [ 10226129.64235789142549, 2722707.882536008954048 ], [ 10226127.321208829060197, 2722706.457741279620677 ], [ 10226125.614170491695404, 2722704.905406779609621 ], [ 10226119.851570663973689, 2722696.39833239139989 ], [ 10226105.482160471379757, 2722674.981121693737805 ], [ 10226098.957655386999249, 2722666.083740855567157 ], [ 10226086.642390828579664, 2722644.613417433574796 ], [ 10226071.572553858160973, 2722614.374744439031929 ], [ 10226064.76603976637125, 2722601.292349633295089 ], [ 10226059.069226019084454, 2722592.762634641490877 ], [ 10226050.830847878009081, 2722580.456746932119131 ], [ 10226035.688743261620402, 2722555.235150951892138 ], [ 10226030.643882455304265, 2722544.809638507664204 ], [ 10225999.384604742750525, 2722529.954865070059896 ], [ 10225966.888714451342821, 2722513.32223215745762 ], [ 10225946.914759773761034, 2722502.014630799647421 ], [ 10225935.296999311074615, 2722493.597848403733224 ], [ 10225926.6050811316818, 2722485.517193994019181 ], [ 10225912.54923215135932, 2722470.373060835991055 ], [ 10225901.989340711385012, 2722456.576059664133936 ], [ 10225888.141561029478908, 2722436.789204698987305 ], [ 10225871.978755231946707, 2722411.644021261483431 ], [ 10225864.572996165603399, 2722401.340961536858231 ], [ 10225844.642876656726003, 2722384.298360497225076 ], [ 10225835.441708752885461, 2722376.951950022019446 ], [ 10225832.554326565936208, 2722374.902778140734881 ], [ 10225831.731090789660811, 2722373.850147167686373 ], [ 10225830.821481350809336, 2722370.665783715434372 ], [ 10225829.711634900420904, 2722364.953043953049928 ], [ 10225827.845811085775495, 2722359.457654331810772 ], [ 10225827.815072402358055, 2722356.26481287740171 ], [ 10225828.168676048517227, 2722354.195110440254211 ], [ 10225831.070018334314227, 2722350.841095592360944 ], [ 10225834.155593598261476, 2722347.242067362647504 ], [ 10225836.717066692188382, 2722340.543482332024723 ], [ 10225838.460689023137093, 2722340.206003936938941 ], [ 10225843.861868437379599, 2722338.595425295643508 ], [ 10225859.396694403141737, 2722327.085516185034066 ], [ 10225874.12902363575995, 2722314.401183061301708 ], [ 10225891.165158675983548, 2722297.937577736098319 ], [ 10225909.165749343112111, 2722280.083501130342484 ], [ 10225913.175085680559278, 2722274.287835158407688 ], [ 10225920.704087601974607, 2722275.717103532515466 ], [ 10225947.815783506259322, 2722278.679038413800299 ], [ 10225989.358449773862958, 2722282.141138769220561 ], [ 10226032.369789814576507, 2722286.362269624136388 ], [ 10226060.968468524515629, 2722290.84541521826759 ], [ 10226089.154439102858305, 2722293.542501074727625 ], [ 10226110.524150026962161, 2722277.577819061931223 ], [ 10226134.789349602535367, 2722261.098785230889916 ], [ 10226145.777244068682194, 2722253.212928607594222 ], [ 10226168.881551349535584, 2722237.120764255523682 ], [ 10226178.382144872099161, 2722228.82958375941962 ], [ 10226195.432258835062385, 2722213.846134865656495 ], [ 10226206.81262587569654, 2722202.243992882315069 ], [ 10226209.065077109262347, 2722201.117110640741885 ], [ 10226210.508562635630369, 2722192.451478396076709 ], [ 10226212.732097486034036, 2722175.811989033129066 ], [ 10226215.44656421430409, 2722157.687107502482831 ], [ 10226215.846655769273639, 2722149.053850458003581 ], [ 10226214.112850358709693, 2722147.004619512241334 ], [ 10226196.466256873682141, 2722130.923894652631134 ], [ 10226172.869567042216659, 2722113.066993458196521 ], [ 10226167.523185070604086, 2722110.102898545563221 ], [ 10226152.530874265357852, 2722107.188679785002023 ], [ 10226121.874902352690697, 2722101.267401547636837 ], [ 10226085.583591232076287, 2722090.882014271337539 ], [ 10226081.942697441205382, 2722085.890189643483609 ], [ 10226074.114377880468965, 2722072.785101756453514 ], [ 10226061.627386756241322, 2722051.692864888813347 ], [ 10226057.916806228458881, 2722042.889986308757216 ], [ 10226053.721684308722615, 2722028.279908452648669 ], [ 10226053.422601230442524, 2722025.752654356416315 ], [ 10226052.642740471288562, 2722009.827605339232832 ], [ 10226051.046747466549277, 2721998.142342282924801 ], [ 10226049.488188913092017, 2721983.506715299095958 ], [ 10226064.346061961725354, 2721966.799356120172888 ], [ 10226069.122454376891255, 2721959.659366973675787 ], [ 10226073.847480095922947, 2721946.067200497724116 ], [ 10226079.472718838602304, 2721927.847943093627691 ], [ 10226085.095708817243576, 2721910.534700500313193 ], [ 10226090.128735585138202, 2721895.845822133589536 ], [ 10226095.821244830265641, 2721874.355392552446574 ], [ 10226099.898305950686336, 2721859.653798723593354 ], [ 10226104.895102497190237, 2721846.447441558353603 ], [ 10226106.733508476987481, 2721841.58848980255425 ], [ 10226115.573439836502075, 2721812.664773568511009 ], [ 10226123.376553881913424, 2721785.607379947789013 ], [ 10226131.302800707519054, 2721759.92993590189144 ], [ 10226138.264403676614165, 2721743.576124681625515 ], [ 10226148.966341637074947, 2721722.048060723114759 ], [ 10226152.042117347940803, 2721714.029773256741464 ], [ 10226157.282585514709353, 2721708.321656972635537 ], [ 10226172.346031289547682, 2721692.46331266593188 ], [ 10226182.570388350635767, 2721695.434952306095511 ], [ 10226208.126025483012199, 2721701.173834876623005 ], [ 10226217.028922205790877, 2721709.517079267650843 ], [ 10226230.31514879129827, 2721720.104573996271938 ], [ 10226248.601481253281236, 2721731.935949820559472 ], [ 10226259.115771954879165, 2721738.749650107230991 ], [ 10226265.249900959432125, 2721741.3966683014296 ], [ 10226267.642232168465853, 2721743.384260636754334 ], [ 10226269.437513178214431, 2721743.841789532452822 ], [ 10226272.545874139294028, 2721743.756161312106997 ], [ 10226287.145013865083456, 2721740.110994277987629 ], [ 10226300.315246677026153, 2721735.264517246279866 ], [ 10226303.77772431075573, 2721733.164590192958713 ], [ 10226306.421441981568933, 2721729.32692447444424 ], [ 10226307.211237104609609, 2721726.932581363711506 ], [ 10226307.268852854147553, 2721726.070252299308777 ], [ 10226306.99885287322104, 2721725.410006074700505 ], [ 10226306.468990877270699, 2721725.161072236020118 ], [ 10226305.21722356416285, 2721725.228515492752194 ], [ 10226298.1054299287498, 2721718.061061870772392 ], [ 10226281.428617672994733, 2721699.971562865190208 ], [ 10226273.782414315268397, 2721690.930977365002036 ], [ 10226267.789868352934718, 2721682.471013698726892 ], [ 10226266.686456870287657, 2721677.432512252125889 ], [ 10226261.664255568757653, 2721647.738388321362436 ], [ 10226256.627164492383599, 2721623.314726000651717 ], [ 10226251.265899116173387, 2721598.319730547256768 ], [ 10226247.821773367002606, 2721582.984700090717524 ], [ 10226246.862206237390637, 2721572.365320820361376 ], [ 10226251.152994746342301, 2721560.468129899352789 ], [ 10226256.641238136216998, 2721541.753382471390069 ], [ 10226278.573436928912997, 2721532.965400242246687 ], [ 10226305.103992471471429, 2721521.381201172247529 ], [ 10226329.977748418226838, 2721511.172254237812012 ], [ 10226366.222263261675835, 2721497.51538862939924 ], [ 10226381.241316514089704, 2721488.463341973721981 ], [ 10226399.166556334123015, 2721476.609755732584745 ], [ 10226410.246751056984067, 2721468.115507522597909 ], [ 10226417.493320191279054, 2721463.094868408050388 ], [ 10226441.349523082375526, 2721452.19958798866719 ], [ 10226452.6510741841048, 2721445.017922895494848 ], [ 10226454.719455590471625, 2721441.90414079464972 ], [ 10226460.280091335996985, 2721425.022746991366148 ], [ 10226466.922049794346094, 2721412.019964442122728 ], [ 10226475.459985056892037, 2721397.407604741398245 ], [ 10226476.737992556765676, 2721393.240829498972744 ], [ 10226484.560800310224295, 2721366.029129188507795 ], [ 10226488.050075929611921, 2721353.079259193502367 ], [ 10226488.538512192666531, 2721342.246944151353091 ], [ 10226486.971828263252974, 2721323.391463873907924 ], [ 10226482.14240837097168, 2721293.210064127575606 ], [ 10226479.293174907565117, 2721276.930388855747879 ], [ 10226478.725587535649538, 2721265.953835574444383 ], [ 10226480.009299134835601, 2721262.372541784774512 ], [ 10226483.184506371617317, 2721255.56883243471384 ], [ 10226494.744381111115217, 2721248.981359144672751 ], [ 10226534.243232611566782, 2721232.243100112304091 ], [ 10226561.471178183332086, 2721221.281665040180087 ], [ 10226579.93510683067143, 2721231.055598944425583 ], [ 10226606.477906325832009, 2721244.650336880702525 ], [ 10226615.695765128359199, 2721252.614379507489502 ], [ 10226626.809481913223863, 2721265.763680322095752 ], [ 10226631.686109803617001, 2721273.571454063057899 ], [ 10226632.516569625586271, 2721278.778133413754404 ], [ 10226630.418919209390879, 2721292.465665155090392 ], [ 10226622.290393425151706, 2721328.916812726762146 ], [ 10226617.030633756890893, 2721356.434933779761195 ], [ 10226616.232450675219297, 2721369.303219700697809 ], [ 10226617.374704582616687, 2721371.534846967551857 ], [ 10226618.520338110625744, 2721394.548759856261313 ], [ 10226621.336907355114818, 2721426.727715710178018 ], [ 10226625.705870989710093, 2721451.312154655810446 ], [ 10226629.078750906512141, 2721459.245231005828828 ], [ 10226631.194823306053877, 2721461.06957834539935 ], [ 10226639.051712613552809, 2721464.627643637824804 ], [ 10226652.290642153471708, 2721468.055513150058687 ], [ 10226668.994977807626128, 2721470.808726355899125 ], [ 10226697.778148300945759, 2721471.786254132632166 ], [ 10226728.672146935015917, 2721474.035769396927208 ], [ 10226753.047080509364605, 2721466.803091965615749 ], [ 10226789.875562498345971, 2721459.028493050020188 ], [ 10226816.815881201997399, 2721452.367170760873705 ], [ 10226844.06343537569046, 2721444.542753610294312 ], [ 10226882.228455770760775, 2721429.584305623080581 ], [ 10226909.642757492139935, 2721420.830071491189301 ], [ 10226933.536278374493122, 2721411.557887750212103 ], [ 10226947.651459062471986, 2721428.279440222773701 ], [ 10226960.369771530851722, 2721443.711035181302577 ], [ 10226961.952780833467841, 2721444.94396206131205 ], [ 10226962.878115605562925, 2721445.200109473895282 ], [ 10226983.083290684968233, 2721441.89711791370064 ], [ 10226995.175178334116936, 2721438.066069724969566 ], [ 10227006.889381205663085, 2721432.669793910346925 ], [ 10227016.358046850189567, 2721426.831613590475172 ], [ 10227021.129494354128838, 2721421.514604561962187 ], [ 10227021.994257042184472, 2721417.793813846539706 ], [ 10227017.912205757573247, 2721403.592265248298645 ], [ 10227005.338669773191214, 2721358.936017042491585 ], [ 10226996.021664410829544, 2721319.274988521356136 ], [ 10227001.594409300014377, 2721310.492046793922782 ], [ 10226998.684327643364668, 2721281.209005897864699 ], [ 10226995.460040891543031, 2721236.52754569798708 ], [ 10226994.031426560133696, 2721216.113081531599164 ], [ 10226990.493783634155989, 2721182.151870954781771 ], [ 10226988.868624553084373, 2721141.487741969991475 ], [ 10226987.478427, 2721115.979689735453576 ], [ 10226984.996177295222878, 2721113.783303839154541 ], [ 10226959.01133449934423, 2721092.041123169008642 ], [ 10226929.57329491712153, 2721065.405287345871329 ], [ 10226908.659739507362247, 2721042.066491404082626 ], [ 10226887.714462695643306, 2721012.054969567339867 ], [ 10226879.782550152391195, 2720998.47713565081358 ], [ 10226853.733243327587843, 2720958.737930647097528 ], [ 10226835.119927162304521, 2720926.725992590654641 ], [ 10226821.209434065967798, 2720902.733027486596256 ], [ 10226808.213421177119017, 2720874.466671410482377 ], [ 10226793.89946230687201, 2720837.164736868347973 ], [ 10226780.512373883277178, 2720801.411657691933215 ], [ 10226767.782699055969715, 2720790.410939482972026 ], [ 10226754.813941041007638, 2720779.677772963885218 ], [ 10226749.607182698324323, 2720752.528387258760631 ], [ 10226741.968833601102233, 2720746.54890372697264 ], [ 10226718.450589144602418, 2720723.037038398440927 ], [ 10226692.197512516751885, 2720697.320223175920546 ], [ 10226678.620749084278941, 2720686.184281884226948 ], [ 10226659.071689181029797, 2720641.432335367891937 ], [ 10226646.647233108058572, 2720616.552465254906565 ], [ 10226638.02788058668375, 2720604.550315556116402 ], [ 10226628.683158837258816, 2720606.133298432454467 ], [ 10226621.557651365175843, 2720606.57871467852965 ], [ 10226610.694786990061402, 2720609.082590495236218 ], [ 10226595.10063691996038, 2720609.688168186694384 ], [ 10226582.633287807926536, 2720611.003499780781567 ], [ 10226566.55687802657485, 2720614.000241303350776 ], [ 10226562.992062523961067, 2720613.438504726160318 ], [ 10226558.142678653821349, 2720611.839821468107402 ], [ 10226524.129809141159058, 2720590.231465930584818 ], [ 10226535.283704333007336, 2720574.666184728499502 ], [ 10226549.545302782207727, 2720551.016453847289085 ], [ 10226558.568713560700417, 2720537.814197067636997 ], [ 10226583.450921362265944, 2720503.675501622259617 ], [ 10226597.759976176545024, 2720484.952818653546274 ], [ 10226611.678327919915318, 2720462.190475876908749 ], [ 10226623.479580070823431, 2720445.425658005289733 ], [ 10226642.106995183974504, 2720417.722992201335728 ], [ 10226662.15678246691823, 2720391.707799218129367 ], [ 10226676.234292104840279, 2720371.783127108588815 ], [ 10226689.733397636562586, 2720351.124100598972291 ], [ 10226703.407694395631552, 2720329.270061355549842 ], [ 10226717.854034004732966, 2720306.602047226391733 ], [ 10226893.683624040335417, 2720073.594181039370596 ], [ 10226900.549292029812932, 2720076.96271054726094 ], [ 10226901.814695846289396, 2720077.171232116408646 ], [ 10226904.261365918442607, 2720076.848899163771421 ], [ 10226905.966964105144143, 2720076.014685596339405 ], [ 10226920.053017670288682, 2720047.959130874834955 ], [ 10226940.175262242555618, 2720006.863415061961859 ], [ 10226954.000082023441792, 2719974.557174675166607 ], [ 10226960.704356277361512, 2719953.368528726045042 ], [ 10226966.84586863592267, 2719926.26387653267011 ], [ 10226969.964467594400048, 2719892.173676750157028 ], [ 10226970.932510547339916, 2719876.465693849604577 ], [ 10226980.947967713698745, 2719858.017569294199347 ], [ 10226983.628748696297407, 2719850.136415597517043 ], [ 10226985.005967110395432, 2719822.250218775589019 ], [ 10226984.610272038727999, 2719798.457883605267853 ], [ 10226983.166098512709141, 2719786.618069331161678 ], [ 10226978.434941731393337, 2719783.59332791576162 ], [ 10226965.506251899525523, 2719774.650319729465991 ], [ 10226949.562428085133433, 2719765.173434677999467 ], [ 10226907.705827794969082, 2719749.079306399915367 ], [ 10226903.01546772569418, 2719745.722731098998338 ], [ 10226880.191264560446143, 2719724.547851592767984 ], [ 10226865.024231560528278, 2719695.48738184152171 ], [ 10226856.60779438726604, 2719678.324904081877321 ], [ 10226841.621202599257231, 2719641.794755314011127 ], [ 10226834.763388277962804, 2719623.357681778725237 ], [ 10226824.574251776561141, 2719587.64218355063349 ], [ 10226812.87065027281642, 2719548.671715463977307 ], [ 10226808.598536398261786, 2719524.995129428338259 ], [ 10226804.722488220781088, 2719500.243092718534172 ], [ 10226802.297516789287329, 2719488.070659258868545 ], [ 10226810.851445900276303, 2719462.777085909154266 ], [ 10226812.683347895741463, 2719457.666367918252945 ], [ 10226815.691695250570774, 2719449.687236987520009 ], [ 10226819.101631233468652, 2719441.286726945545524 ], [ 10226821.481711531057954, 2719439.771965655032545 ], [ 10226825.185515919700265, 2719438.818750833161175 ], [ 10226830.05434388667345, 2719437.942503885831684 ], [ 10226835.914508823305368, 2719438.459500526543707 ], [ 10226874.649582060053945, 2719452.208892964292318 ], [ 10226903.442380286753178, 2719461.338744667358696 ], [ 10226945.083567688241601, 2719475.065103381406516 ], [ 10227020.879993388429284, 2719514.447751659434289 ], [ 10227029.300302064046264, 2719517.345548526383936 ], [ 10227031.462926495820284, 2719517.923377518542111 ], [ 10227059.279267475008965, 2719525.355509335640818 ], [ 10227089.120541140437126, 2719530.081447632052004 ], [ 10227118.096308466047049, 2719534.662825439125299 ], [ 10227146.62051391415298, 2719540.984570691827685 ], [ 10227175.376398462802172, 2719546.149559183511883 ], [ 10227194.69054501876235, 2719548.810602151788771 ], [ 10227205.575517011806369, 2719553.575431917794049 ], [ 10227229.685017734766006, 2719559.020242892671376 ], [ 10227254.882868746295571, 2719562.053344770800322 ], [ 10227273.344775855541229, 2719565.007972779683769 ], [ 10227280.725571546703577, 2719566.189217179082334 ], [ 10227293.353454653173685, 2719570.515627359505743 ], [ 10227304.311384050175548, 2719577.925131056923419 ], [ 10227308.93645066395402, 2719581.497906782664359 ], [ 10227318.245070353150368, 2719588.688703131861985 ], [ 10227333.422109106555581, 2719588.049001565668732 ], [ 10227364.072321385145187, 2719586.340242648497224 ], [ 10227395.083764307200909, 2719584.995714432094246 ], [ 10227427.474183276295662, 2719584.820914891082793 ], [ 10227436.972038473933935, 2719594.266873604618013 ], [ 10227457.279647976160049, 2719615.353404613211751 ], [ 10227469.473662219941616, 2719624.439513423014432 ], [ 10227494.498064963147044, 2719641.951325443107635 ], [ 10227520.040834395214915, 2719657.050707077141851 ], [ 10227524.835970809683204, 2719660.131856366526335 ], [ 10227535.128146944567561, 2719673.678041333798319 ], [ 10227555.129268608987331, 2719702.665024490095675 ], [ 10227574.701054897159338, 2719733.106026337947696 ], [ 10227594.556760644540191, 2719764.285801739431918 ], [ 10227613.534602949395776, 2719796.489086129702628 ], [ 10227632.807287042960525, 2719829.431254705879837 ], [ 10227653.03246, 2719863.090972731355578 ], [ 10227663.162107208743691, 2719883.436045076232404 ], [ 10227669.815271109342575, 2719905.903204465750605 ], [ 10227674.648901581764221, 2719928.797460046596825 ], [ 10227675.728662891313434, 2719940.424645648803562 ], [ 10227691.925845004618168, 2719939.201999149750918 ], [ 10227707.760939363390207, 2719938.276315551716834 ], [ 10227709.647346965968609, 2719937.033768074121326 ], [ 10227709.366337686777115, 2719926.212172979023308 ], [ 10227705.545593043789268, 2719907.771113913040608 ], [ 10227699.987223461270332, 2719885.977756984997541 ], [ 10227693.259463077411056, 2719861.912818406242877 ], [ 10227684.879175709560513, 2719836.3799634790048 ], [ 10227679.955914823338389, 2719822.841229936573654 ], [ 10227693.330470655113459, 2719810.35272383550182 ], [ 10227706.498286986723542, 2719796.69590919604525 ], [ 10227720.967629544436932, 2719784.870096356142312 ], [ 10227749.68371969088912, 2719763.631501759402454 ], [ 10227756.297158230096102, 2719759.177755990065634 ], [ 10227770.748350633308291, 2719760.50911092851311 ], [ 10227799.729717131704092, 2719761.507959648501128 ], [ 10227816.286014795303345, 2719761.89460915653035 ], [ 10227832.037289755418897, 2719766.081785676069558 ], [ 10227861.878142196685076, 2719771.533575773239136 ], [ 10227889.763515220955014, 2719772.740097194910049 ], [ 10227916.559582175686955, 2719777.239931983873248 ], [ 10227929.844945725053549, 2719781.721080507151783 ], [ 10227944.731419064104557, 2719785.322990001179278 ], [ 10227959.682689800858498, 2719789.585980600211769 ], [ 10227974.416026210412383, 2719792.967216473538429 ], [ 10227978.874632257968187, 2719793.788758606649935 ], [ 10227961.715285319834948, 2719769.41214560251683 ], [ 10227944.170037755742669, 2719746.941407523583621 ], [ 10227931.775305397808552, 2719732.136306012514979 ], [ 10227919.514094647020102, 2719715.854751219972968 ], [ 10227906.978836247697473, 2719699.638996684923768 ], [ 10227880.572107454761863, 2719666.941054665017873 ], [ 10227879.785670693963766, 2719665.283188522793353 ], [ 10227871.763447564095259, 2719667.557611856609583 ], [ 10227861.829571856185794, 2719670.025456834118813 ], [ 10227851.428525559604168, 2719672.715163595043123 ], [ 10227841.382846741005778, 2719674.690584715921432 ], [ 10227839.579123117029667, 2719675.566577253863215 ], [ 10227836.554836235940456, 2719678.862215409521013 ], [ 10227831.977449338883162, 2719683.850339114665985 ], [ 10227826.951194593682885, 2719689.018264452461153 ], [ 10227819.898560676723719, 2719692.324243622832 ], [ 10227815.955702805891633, 2719691.726274705957621 ], [ 10227812.450249, 2719691.194661192595959 ], [ 10227804.907271362841129, 2719684.915726878680289 ], [ 10227797.269288472831249, 2719677.25661052018404 ], [ 10227789.127180986106396, 2719667.178860796615481 ], [ 10227781.220393016934395, 2719652.497676585335284 ], [ 10227775.296876726672053, 2719637.859837054274976 ], [ 10227773.359451482072473, 2719624.809801525436342 ], [ 10227773.431332981213927, 2719620.207290129270405 ], [ 10227774.530072573572397, 2719616.080995359458029 ], [ 10227776.858305241912603, 2719613.547392782289535 ], [ 10227779.325971405953169, 2719608.711949007585645 ], [ 10227783.451208418235183, 2719604.140918836463243 ], [ 10227787.774619784206152, 2719598.012800680939108 ], [ 10227793.481504440307617, 2719591.82184369629249 ], [ 10227800.084746714681387, 2719584.234228993300349 ], [ 10227808.016872458159924, 2719576.584152590483427 ], [ 10227813.788844760507345, 2719572.266673703677952 ], [ 10227822.167324958369136, 2719568.36139681795612 ], [ 10227831.183686222881079, 2719563.597874000668526 ], [ 10227841.410526422783732, 2719557.117921469733119 ], [ 10227847.924861581996083, 2719553.059082458727062 ], [ 10227855.418967235833406, 2719543.110542384907603 ], [ 10227861.784721711650491, 2719530.177125503309071 ], [ 10227864.485700167715549, 2719520.409480636473745 ], [ 10227864.889777274802327, 2719507.181766960769892 ], [ 10227864.027245406061411, 2719495.407594555523247 ], [ 10227861.410637550055981, 2719485.550156974699348 ], [ 10227860.07684582658112, 2719457.978445386048406 ], [ 10227867.941035956144333, 2719442.242401554714888 ], [ 10227876.311792409047484, 2719423.621579442638904 ], [ 10227882.510393364354968, 2719411.960285893175751 ], [ 10227891.430571226403117, 2719399.899754844140261 ], [ 10227900.611178711056709, 2719385.733935798984021 ], [ 10227907.33755543641746, 2719376.830795079469681 ], [ 10227911.00438149087131, 2719371.026539765764028 ], [ 10227913.184242811053991, 2719367.576151177752763 ], [ 10227914.701837986707687, 2719365.173732056282461 ], [ 10227911.869115782901645, 2719364.836629944387823 ], [ 10227901.531017974019051, 2719363.606102911755443 ], [ 10227882.611158832907677, 2719362.728974581696093 ], [ 10227862.771374445408583, 2719359.106890526600182 ], [ 10227857.940280966460705, 2719356.439281175844371 ], [ 10227848.381591090932488, 2719350.12818123633042 ], [ 10227839.611808581277728, 2719344.5905792247504 ], [ 10227823.813389839604497, 2719340.813723708502948 ], [ 10227811.62044427357614, 2719338.769102340564132 ], [ 10227801.51208221912384, 2719333.52406623121351 ], [ 10227791.221169682219625, 2719328.740293660666794 ], [ 10227790.519855933263898, 2719318.455575129948556 ], [ 10227786.870738057419658, 2719305.229380356613547 ], [ 10227784.320090452209115, 2719291.635298947803676 ], [ 10227783.456055825576186, 2719285.31798678683117 ], [ 10227784.511156108230352, 2719277.335135919507593 ], [ 10227789.044663578271866, 2719267.94059444218874 ], [ 10227794.120883854106069, 2719266.171530534513295 ], [ 10227794.787615267559886, 2719265.964530786499381 ], [ 10227800.50555270165205, 2719263.973886320833117 ], [ 10227805.566791167482734, 2719262.667910538148135 ], [ 10227811.363879384472966, 2719261.172106831334531 ], [ 10227821.901359485462308, 2719261.429251236841083 ], [ 10227833.094315074384212, 2719263.90676855482161 ], [ 10227844.125503215938807, 2719268.59870166843757 ], [ 10227856.720673875883222, 2719276.228955713100731 ], [ 10227870.685020081698895, 2719283.20495218411088 ], [ 10227878.310059143230319, 2719286.711081783287227 ], [ 10227888.146049542352557, 2719291.96859697625041 ], [ 10227899.997100191190839, 2719297.104937763884664 ], [ 10227913.869062151759863, 2719303.160978891421109 ], [ 10227928.213118717074394, 2719309.860806731041521 ], [ 10227937.122016007080674, 2719314.937337052077055 ], [ 10227948.675761984661222, 2719323.0234440038912 ], [ 10227951.299241503700614, 2719324.859535370953381 ], [ 10227959.883124331012368, 2719320.71197913447395 ], [ 10227973.860356813296676, 2719312.742215224076062 ], [ 10227986.741307817399502, 2719305.51285726763308 ], [ 10227985.86615876480937, 2719297.256295054219663 ], [ 10227982.588971175253391, 2719284.312852317467332 ], [ 10227979.157081542536616, 2719271.353641718160361 ], [ 10227978.747279297560453, 2719269.805921658407897 ], [ 10227974.452115653082728, 2719256.035642937291414 ], [ 10227969.642286503687501, 2719247.527777888346463 ], [ 10227963.628592373803258, 2719238.106498466804624 ], [ 10227962.682291585952044, 2719237.115336944814771 ], [ 10227957.271224197000265, 2719231.448407761752605 ], [ 10227950.271076608449221, 2719224.7939777309075 ], [ 10227941.535020606592298, 2719219.453400306869298 ], [ 10227930.796600630506873, 2719216.425525686703622 ], [ 10227924.559032931923866, 2719215.486282044090331 ], [ 10227913.737655002623796, 2719215.132304835133255 ], [ 10227900.624279167503119, 2719214.057355351746082 ], [ 10227885.508731173351407, 2719213.454206799622625 ], [ 10227869.096064617857337, 2719212.759890884626657 ], [ 10227852.324432445690036, 2719212.166117669083178 ], [ 10227837.563704218715429, 2719210.728120026178658 ], [ 10227823.066420247778296, 2719207.721800566185266 ], [ 10227811.304755989462137, 2719202.946434488520026 ], [ 10227804.320881685242057, 2719199.151633753906935 ], [ 10227802.037863256409764, 2719197.476609594654292 ], [ 10227794.659759100526571, 2719192.063262741081417 ], [ 10227787.744218911975622, 2719184.948149570263922 ], [ 10227786.727760596200824, 2719183.739119606092572 ], [ 10227783.22463615052402, 2719179.57229416584596 ], [ 10227784.724175805225968, 2719169.286014790646732 ], [ 10227788.60063349455595, 2719157.397145877592266 ], [ 10227794.113951176404953, 2719144.030743935611099 ], [ 10227796.104133812710643, 2719139.548829212784767 ], [ 10227802.195329273119569, 2719131.997240186203271 ], [ 10227810.942058052867651, 2719122.01974539225921 ], [ 10227819.392412193119526, 2719109.754049839451909 ], [ 10227828.211069682613015, 2719097.102680605836213 ], [ 10227839.824235489591956, 2719093.025514778681099 ], [ 10227852.532494995743036, 2719088.010664039291441 ], [ 10227860.940967684611678, 2719084.97605193592608 ], [ 10227864.873461967334151, 2719083.556809257250279 ], [ 10227869.362262727692723, 2719081.635344044305384 ], [ 10227874.943895120173693, 2719080.266531036701053 ], [ 10227883.013891777023673, 2719081.556751638650894 ], [ 10227896.426997693255544, 2719087.440013813786209 ], [ 10227907.913738073781133, 2719093.695982716511935 ], [ 10227918.310983588919044, 2719099.947338536847383 ], [ 10227925.683244306594133, 2719108.812902804464102 ], [ 10227935.471442634239793, 2719120.984422082547098 ], [ 10227943.776141529902816, 2719130.951273183338344 ], [ 10227954.466817175969481, 2719140.893442498985678 ], [ 10227961.359949264675379, 2719145.981626660563052 ], [ 10227966.550568284466863, 2719149.342025900259614 ], [ 10227966.79513986594975, 2719149.500332527328283 ], [ 10227976.04052615351975, 2719148.658064445480704 ], [ 10227985.285914046689868, 2719145.887411728966981 ], [ 10227995.425018901005387, 2719141.259796126745641 ], [ 10228002.280672054737806, 2719137.856433758977801 ], [ 10228004.259124543517828, 2719131.336562301032245 ], [ 10228006.220187993720174, 2719121.77071978431195 ], [ 10228007.245545689016581, 2719113.507242172956467 ], [ 10228007.886813271790743, 2719108.338741649873555 ], [ 10228006.546282202005386, 2719104.544151570647955 ], [ 10228005.56124204210937, 2719101.756075013894588 ], [ 10228000.917239747941494, 2719091.768137922510505 ], [ 10227993.978550992906094, 2719080.599154287949204 ], [ 10227985.475257344543934, 2719066.39320267830044 ], [ 10227980.140322744846344, 2719055.888058748096228 ], [ 10227976.759157609194517, 2719049.230073980055749 ], [ 10227966.671240549534559, 2719032.272081736009568 ], [ 10227959.381426366046071, 2719022.573348947800696 ], [ 10227953.372890502214432, 2719014.774805712047964 ], [ 10227951.34654794447124, 2719012.144792997278273 ], [ 10227942.150371875613928, 2719006.335926455911249 ], [ 10227935.41437978297472, 2719001.10568331880495 ], [ 10227933.493759896606207, 2718999.614476703573018 ], [ 10227929.518814824521542, 2718992.296254477463663 ], [ 10227933.784793894737959, 2718985.67556053167209 ], [ 10227939.601818041875958, 2718977.840668273624033 ], [ 10227945.164882, 2718973.239591200836003 ], [ 10227947.544846538454294, 2718971.066878119017929 ], [ 10227951.820032965391874, 2718967.163884911686182 ], [ 10227953.96902079321444, 2718965.13794420985505 ], [ 10227957.292741008102894, 2718962.004527293611318 ], [ 10227963.439569484442472, 2718964.237082913983613 ], [ 10227971.237659046426415, 2718965.616532497107983 ], [ 10227978.771295787766576, 2718968.389051042962819 ], [ 10227989.06890707463026, 2718974.377799248322845 ], [ 10227999.656690340489149, 2718983.498640118166804 ], [ 10228011.443546243011951, 2718992.700169608928263 ], [ 10228023.668174048885703, 2719000.332366141490638 ], [ 10228036.715938286855817, 2719005.198662329930812 ], [ 10228047.817868197336793, 2719007.019122267141938 ], [ 10228051.24460680782795, 2719006.981172444298863 ], [ 10228056.065074974671006, 2719006.927778739482164 ], [ 10228063.824361866340041, 2719003.420500149950385 ], [ 10228065.921440625563264, 2719000.504785425029695 ], [ 10228066.415924731642008, 2718991.69260379858315 ], [ 10228065.967934714630246, 2718982.246631366200745 ], [ 10228065.79664190299809, 2718978.63554774876684 ], [ 10228074.384470092132688, 2718975.222142064478248 ], [ 10228085.377078361809254, 2718973.175416267942637 ], [ 10228086.291564894840121, 2718973.045577662065625 ], [ 10228091.328116703778505, 2718972.329975956585258 ], [ 10228098.560723122209311, 2718971.302427891641855 ], [ 10228112.114131849259138, 2718969.328525318298489 ], [ 10228125.106671022251248, 2718966.437553821597248 ], [ 10228128.945342579856515, 2718965.262831716798246 ], [ 10228138.462840098887682, 2718962.350138624198735 ], [ 10228150.050481047481298, 2718953.835442261304706 ], [ 10228153.60949070379138, 2718951.380563063547015 ], [ 10228161.336930448189378, 2718946.050754700787365 ], [ 10228163.475149037316442, 2718944.575913580600172 ], [ 10228163.570398079231381, 2718944.516981191001832 ], [ 10228177.990855140611529, 2718935.594987214077264 ], [ 10228190.023499624803662, 2718927.04736729292199 ], [ 10228190.773643990978599, 2718926.51454926142469 ], [ 10228200.693609083071351, 2718915.993327071890235 ], [ 10228206.299834880977869, 2718901.793638547416776 ], [ 10228208.880091825500131, 2718895.717243333347142 ], [ 10228213.352155243977904, 2718885.186052015516907 ], [ 10228222.319477122277021, 2718868.118243782315403 ], [ 10228224.292845336720347, 2718863.801591929513961 ], [ 10228229.109414793550968, 2718853.265266271773726 ], [ 10228217.746512012556195, 2718849.616642844863236 ], [ 10228217.745912725105882, 2718849.506421269848943 ], [ 10228217.57272688113153, 2718819.212459008675069 ], [ 10228208.375404763966799, 2718818.915038033388555 ], [ 10228203.287837302312255, 2718817.632229780312628 ], [ 10228202.00330775976181, 2718817.308351013809443 ], [ 10228189.163388967514038, 2718799.227146234363317 ], [ 10228171.911158280447125, 2718775.473938633222133 ], [ 10228155.242954550310969, 2718752.845917644444853 ], [ 10228156.442068658769131, 2718716.736460272222757 ], [ 10228157.121283885091543, 2718686.897334235720336 ], [ 10228154.187685707584023, 2718667.334678784012794 ], [ 10228149.991204399615526, 2718651.756542506162077 ], [ 10228144.439834019169211, 2718620.244297064375132 ], [ 10228140.400435119867325, 2718607.382605038117617 ], [ 10228128.375795897096395, 2718581.309506835881621 ], [ 10228117.639419935643673, 2718559.512991074007004 ], [ 10228120.905643157660961, 2718536.211322384886444 ], [ 10228124.893390404060483, 2718517.167536071036011 ], [ 10228136.237900586798787, 2718496.667976818047464 ], [ 10228142.699231317266822, 2718489.158153050113469 ], [ 10228144.296649055555463, 2718471.267787741031498 ], [ 10228149.298643488436937, 2718456.217391938436776 ], [ 10228149.641757255420089, 2718441.906189074739814 ], [ 10228152.639193641021848, 2718421.159082688391209 ], [ 10228152.494405400007963, 2718395.817423489876091 ], [ 10228152.248849263414741, 2718381.443914690054953 ], [ 10228159.00848869048059, 2718370.853653527796268 ], [ 10228170.563720950856805, 2718351.032281295396388 ], [ 10228178.161324940621853, 2718342.168422017246485 ], [ 10228184.88788821734488, 2718321.969624934252352 ], [ 10228191.806321632117033, 2718299.129156627226621 ], [ 10228189.449990568682551, 2718275.739751947578043 ], [ 10228187.15098693780601, 2718260.457855312619358 ], [ 10228185.756182538345456, 2718258.395956750493497 ], [ 10228173.559201998636127, 2718240.365705308970064 ], [ 10228169.17257896065712, 2718233.407136870082468 ], [ 10228165.225321218371391, 2718227.145589788910002 ], [ 10228151.245764372870326, 2718217.226707657333463 ], [ 10228148.652351401746273, 2718215.386575613636523 ], [ 10228134.320508619770408, 2718206.857702712062746 ], [ 10228133.948734227567911, 2718203.546675060410053 ], [ 10228130.716128036379814, 2718174.754351634066552 ], [ 10228126.727729648351669, 2718169.072816242463887 ], [ 10228120.160306513309479, 2718159.717396046500653 ], [ 10228110.971009673550725, 2718135.962337213568389 ], [ 10228102.600619096308947, 2718114.426709146238863 ], [ 10228102.828806798905134, 2718105.129267838783562 ], [ 10228103.254657439887524, 2718087.777117639780045 ], [ 10228114.175771098583937, 2718061.879082498140633 ], [ 10228126.283756172284484, 2718033.947231030091643 ], [ 10228123.150790439918637, 2718013.805809461511672 ], [ 10228127.360779268667102, 2717974.568989405408502 ], [ 10228149.609031194821, 2717959.540009135380387 ], [ 10228194.318868743255734, 2717930.609099459834397 ], [ 10228229.279205413535237, 2717907.105440040118992 ], [ 10228237.025112306699157, 2717901.897886584512889 ], [ 10228270.110913699492812, 2717880.736361792311072 ], [ 10228295.410267369821668, 2717863.958422608207911 ], [ 10228320.623643865808845, 2717847.400093873031437 ], [ 10228335.169320011511445, 2717838.123652650974691 ], [ 10228356.329155135899782, 2717840.477189049590379 ], [ 10228377.373553145676851, 2717843.587385060731322 ], [ 10228397.538386965170503, 2717847.20664578769356 ], [ 10228416.812193151563406, 2717851.214451130945235 ], [ 10228435.47503150627017, 2717855.094261641148478 ], [ 10228452.45154014416039, 2717853.670143107417971 ], [ 10228476.750060236081481, 2717852.37883104197681 ], [ 10228490.519915740936995, 2717848.420549112837762 ], [ 10228512.858398569747806, 2717839.723212582990527 ], [ 10228524.356950106099248, 2717846.241154651157558 ], [ 10228544.502834606915712, 2717861.725770836696029 ], [ 10228563.387035889551044, 2717873.788520101457834 ], [ 10228581.349473906680942, 2717882.788814015220851 ], [ 10228595.902609249576926, 2717890.012092166114599 ], [ 10228602.015755485743284, 2717894.030352069530636 ], [ 10228617.940149353817105, 2717891.505554851144552 ], [ 10228652.474993530660868, 2717885.618601924739778 ], [ 10228676.575101600959897, 2717902.888007144909352 ], [ 10228698.804589627310634, 2717905.552602821495384 ], [ 10228727.302493928000331, 2717908.903834795113653 ], [ 10228763.893488183617592, 2717908.187010950874537 ], [ 10228784.086880525574088, 2717875.091361043974757 ], [ 10228796.804396606981754, 2717870.010367892682552 ], [ 10228820.348042096942663, 2717843.578565254807472 ], [ 10228850.977492244914174, 2717806.565601557958871 ], [ 10228879.067521452903748, 2717773.172137137968093 ], [ 10228904.123256491497159, 2717742.622968790121377 ], [ 10228924.641257116571069, 2717720.558400722686201 ], [ 10228930.398085305467248, 2717702.436318143736571 ], [ 10228969.732253981754184, 2717673.074864604044706 ], [ 10229016.038774503394961, 2717658.824877804145217 ], [ 10229068.525973189622164, 2717643.338664602953941 ], [ 10229073.278890760615468, 2717641.936336208600551 ], [ 10229129.505793480202556, 2717625.053435013629496 ], [ 10229183.945898078382015, 2717608.19177064858377 ], [ 10229240.686068296432495, 2717591.557519121561199 ], [ 10229295.894537501037121, 2717575.709936236031353 ], [ 10229301.672191429883242, 2717573.868083379231393 ], [ 10229325.407524978742003, 2717566.301336869597435 ], [ 10229397.541136045008898, 2717623.025443031918257 ], [ 10229447.297005103901029, 2717662.657565678004175 ], [ 10229727.508991975337267, 2717884.824080873746425 ], [ 10229973.256276980042458, 2718080.600839654449373 ], [ 10229979.645570293068886, 2718086.622432047501206 ], [ 10230099.786795392632484, 2718199.848543212749064 ], [ 10230112.487009629607201, 2718206.763694529887289 ], [ 10230402.085699675604701, 2718383.970444958191365 ], [ 10230448.350611923262477, 2718414.560954071581364 ], [ 10230488.553842971101403, 2718420.261125305201858 ], [ 10230504.727350320667028, 2718437.881951827555895 ], [ 10230587.843634923920035, 2718344.020148293115199 ], [ 10230647.897240495309234, 2718276.202013045083731 ], [ 10230924.401442205533385, 2717967.648634437937289 ], [ 10231117.974814498797059, 2717751.440300895832479 ], [ 10231139.861604247242212, 2717726.993906737305224 ], [ 10231149.465923801064491, 2717724.600194467231631 ], [ 10231166.252877755090594, 2717720.416147683281451 ], [ 10231174.585620369762182, 2717710.922244462184608 ], [ 10231183.201605809852481, 2717701.415731238666922 ], [ 10231191.620902948081493, 2717691.833693793974817 ], [ 10231200.485384229570627, 2717681.996920342557132 ], [ 10231209.43559230491519, 2717671.907788658048958 ], [ 10231218.309221042320132, 2717661.775273010600358 ], [ 10231226.67090155929327, 2717651.656724599655718 ], [ 10231234.711964420974255, 2717642.613783348817378 ], [ 10231242.633660597726703, 2717633.626303431577981 ], [ 10231250.303497146815062, 2717624.421203849371523 ], [ 10231254.721828183159232, 2717619.93578877998516 ], [ 10231247.160714473575354, 2717615.35073913121596 ], [ 10231246.259227197617292, 2717614.804083175957203 ], [ 10231238.046990055590868, 2717609.627196241635829 ], [ 10231234.386678239330649, 2717607.830332113895565 ], [ 10231236.352554777637124, 2717601.963195028249174 ], [ 10231239.889366088435054, 2717591.407360733486712 ], [ 10231242.457667844370008, 2717583.558451666962355 ], [ 10231249.37963929399848, 2717586.06980029726401 ], [ 10231250.038571519777179, 2717577.750343924388289 ], [ 10231251.590664971619844, 2717571.233156082220376 ], [ 10231302.328866552561522, 2717591.987247769720852 ], [ 10231464.887403318658471, 2717656.838195213116705 ], [ 10231520.29532116279006, 2717678.681291437707841 ], [ 10231536.561999330297112, 2717684.390509237535298 ], [ 10231539.827201450243592, 2717682.015423494391143 ], [ 10231562.4888258818537, 2717669.334916349034756 ], [ 10231603.53370357863605, 2717646.365895239636302 ], [ 10231664.818460436537862, 2717612.056464663241059 ], [ 10231672.45830469019711, 2717607.787676968146116 ], [ 10231849.38905855640769, 2717508.925692478660494 ], [ 10231963.51151829212904, 2717445.538344512693584 ], [ 10231970.927378131076694, 2717441.341500684153289 ], [ 10231976.979777090251446, 2717436.878837521187961 ], [ 10231986.634759293869138, 2717429.842162899207324 ], [ 10231967.430413631722331, 2717424.388751819729805 ], [ 10231937.862085705623031, 2717415.422782653011382 ], [ 10231926.740097695961595, 2717409.908092727418989 ], [ 10231904.573595251888037, 2717395.036539312452078 ], [ 10231865.391930205747485, 2717367.119187953881919 ], [ 10231859.663530329242349, 2717363.039309783373028 ], [ 10231849.024995375424623, 2717337.277386666275561 ], [ 10231821.626643255352974, 2717269.693986151833087 ], [ 10231795.22002886235714, 2717202.916607785969973 ], [ 10231781.100590204820037, 2717171.850571259390563 ], [ 10231776.498649558052421, 2717169.298421776853502 ], [ 10231709.087329478934407, 2717130.963930223602802 ], [ 10231650.545291934162378, 2717096.333295159973204 ], [ 10231591.37382085993886, 2717067.810457326471806 ], [ 10231558.319119270890951, 2717051.792972541414201 ], [ 10231498.048567408695817, 2717022.386692215688527 ], [ 10231462.314755417406559, 2717004.903803280089051 ], [ 10231449.76728149689734, 2716986.384915537666529 ], [ 10231416.870609836652875, 2716935.532199679873884 ], [ 10231399.990994829684496, 2716908.557289033662528 ], [ 10231391.639381378889084, 2716879.661350197624415 ], [ 10231381.321828428655863, 2716842.341546660289168 ], [ 10231356.953441997990012, 2716822.537322700489312 ], [ 10231359.882991353049874, 2716810.500441970769316 ], [ 10231370.24216983281076, 2716754.011107453145087 ], [ 10231344.562331855297089, 2716736.43313654884696 ], [ 10231324.103537581861019, 2716721.336626159027219 ], [ 10231302.846361067146063, 2716719.125756437890232 ], [ 10231253.275566905736923, 2716713.515914399176836 ], [ 10231223.316379684954882, 2716709.621729585342109 ], [ 10231174.250156424939632, 2716696.11245965724811 ], [ 10231191.743450168520212, 2716646.78386900620535 ], [ 10231204.276615884155035, 2716619.298962132073939 ], [ 10231223.483620833605528, 2716582.300073643680662 ], [ 10231187.29172377474606, 2716544.496819178108126 ], [ 10231206.400359543040395, 2716516.110685335937887 ], [ 10231244.019638484343886, 2716460.642980743665248 ], [ 10231275.333922265097499, 2716414.99701075674966 ], [ 10231288.209687259048223, 2716396.22828305605799 ], [ 10231315.571338189765811, 2716356.48668701807037 ], [ 10231315.977134002372622, 2716346.261508282274008 ], [ 10231324.439330842345953, 2716296.787034631241113 ], [ 10231331.943501126021147, 2716256.157485933508724 ], [ 10231338.51193393021822, 2716212.124610365368426 ], [ 10231333.642472641542554, 2716198.183984557632357 ], [ 10231306.184234663844109, 2716129.250229041557759 ], [ 10231299.878924414515495, 2716112.010876473039389 ], [ 10231300.376447807997465, 2716063.415195706766099 ], [ 10231285.095387568697333, 2716028.923724903725088 ], [ 10231255.30624215118587, 2715960.941136207431555 ], [ 10231219.900921434164047, 2715880.048692852724344 ], [ 10231214.98150304146111, 2715869.306424609385431 ], [ 10231197.303693134337664, 2715854.126329896040261 ], [ 10231194.289321590214968, 2715825.791045306250453 ], [ 10231191.053400536999106, 2715795.373203837778419 ], [ 10231149.296724854037166, 2715826.104572544805706 ], [ 10231139.283277528360486, 2715833.474090079311281 ], [ 10231081.40231447480619, 2715833.73853234294802 ], [ 10230992.841753460466862, 2715834.402837917208672 ], [ 10230906.695484295487404, 2715835.765377850271761 ], [ 10230835.939656054601073, 2715836.130981331691146 ], [ 10230749.861986169591546, 2715782.420550671871752 ], [ 10230672.015041675418615, 2715729.679326185025275 ], [ 10230604.098940437659621, 2715686.863126462325454 ], [ 10230548.887872913852334, 2715656.890099623706192 ], [ 10230533.737667487934232, 2715650.476237289141864 ], [ 10230514.621034694835544, 2715643.327818694058806 ], [ 10230507.155371682718396, 2715636.994369269814342 ], [ 10230488.546138470992446, 2715621.674309992231429 ], [ 10230469.066861897706985, 2715605.342079398687929 ], [ 10230448.389992985874414, 2715588.191207115538418 ], [ 10230426.017968447878957, 2715570.031677574850619 ], [ 10230402.670057104900479, 2715550.553194214124233 ], [ 10230378.244971117004752, 2715530.159126008860767 ], [ 10230364.481748215854168, 2715519.194755111355335 ], [ 10230348.514989525079727, 2715516.692186729051173 ], [ 10230300.79420243948698, 2715508.585782231297344 ], [ 10230268.650223549455404, 2715502.880125546827912 ], [ 10230234.908922454342246, 2715497.356318959966302 ], [ 10230184.807619797065854, 2715488.420212980359793 ], [ 10230149.280032962560654, 2715482.377954525873065 ], [ 10230132.109596099704504, 2715479.766018380876631 ], [ 10230097.783164339140058, 2715474.138377804774791 ], [ 10230064.740306397899985, 2715468.216701945755631 ], [ 10230050.105006216093898, 2715461.305026070214808 ], [ 10230020.040377262979746, 2715446.480909142643213 ], [ 10229988.080664969980717, 2715431.14844594663009 ], [ 10229955.236537409946322, 2715415.196487803477794 ], [ 10229934.898924835026264, 2715405.078086921479553 ], [ 10229943.054699804633856, 2715390.142737525049597 ], [ 10229958.287788746878505, 2715358.275345231406391 ], [ 10229974.750915858894587, 2715323.602922149468213 ], [ 10229996.351911924779415, 2715281.25964080542326 ], [ 10229978.028108289465308, 2715263.278461259324104 ], [ 10229958.889302143827081, 2715246.599755559116602 ], [ 10229921.12753744982183, 2715212.635704712942243 ], [ 10229919.063151657581329, 2715210.751210612710565 ], [ 10229883.165827143937349, 2715177.982119954191148 ], [ 10229862.993973406031728, 2715160.333312837406993 ], [ 10229848.320231033489108, 2715157.743894672952592 ], [ 10229801.90049022808671, 2715148.741932381410152 ], [ 10229784.141597708687186, 2715145.218295445200056 ], [ 10229747.832564892247319, 2715138.065638995263726 ], [ 10229691.073048816993833, 2715127.364696984179318 ], [ 10229589.053906049579382, 2715109.03606366366148 ], [ 10229455.584175968542695, 2714952.837744070682675 ], [ 10229380.987455923110247, 2714870.388072385452688 ], [ 10229222.979156456887722, 2714698.69537974987179 ], [ 10229156.259717248380184, 2714687.738053343724459 ], [ 10229142.862100027501583, 2714641.268360562622547 ], [ 10229148.56415338255465, 2714598.815507769118994 ], [ 10229154.521976247429848, 2714560.480156186968088 ], [ 10229137.927056297659874, 2714544.752204597461969 ], [ 10229089.219166625291109, 2714494.914860697463155 ], [ 10229070.854578753933311, 2714479.258006003219634 ], [ 10229039.612186349928379, 2714447.328672707080841 ], [ 10229020.645206646993756, 2714428.675474252086133 ], [ 10229012.478944066911936, 2714419.508319369982928 ], [ 10228991.999872736632824, 2714395.241743763908744 ], [ 10228975.770833671092987, 2714391.895199324470013 ], [ 10228942.822666481137276, 2714386.583560699597001 ], [ 10228908.508130500093102, 2714381.150369280949235 ], [ 10228899.07314552180469, 2714371.873235528822988 ], [ 10228867.116019571200013, 2714337.426740325521678 ], [ 10228862.617584709078074, 2714336.774339551106095 ], [ 10228852.600529639050364, 2714324.653969722334296 ], [ 10228838.682564789429307, 2714305.817675727885216 ], [ 10228826.363794481381774, 2714287.782025028020144 ], [ 10228812.078736109659076, 2714272.347982479725033 ], [ 10228798.519739421084523, 2714255.840085731819272 ], [ 10228785.378369094803929, 2714242.359408553689718 ], [ 10228780.656760673969984, 2714242.37076352071017 ], [ 10228766.422062005847692, 2714242.949805689509958 ], [ 10228752.179915571585298, 2714243.157770822755992 ], [ 10228737.806828662753105, 2714242.240232903044671 ], [ 10228723.148407200351357, 2714240.45767154218629 ], [ 10228708.832652224227786, 2714236.811839025001973 ], [ 10228689.337884094566107, 2714230.957260143943131 ], [ 10228681.487004781141877, 2714232.533461353275925 ], [ 10228669.357114160433412, 2714234.408875241409987 ], [ 10228657.302191026508808, 2714236.394070048816502 ], [ 10228645.051802311092615, 2714238.377467067912221 ], [ 10228634.293065194040537, 2714241.051417397800833 ], [ 10228628.540018562227488, 2714236.315952449571341 ], [ 10228624.149027213454247, 2714232.556418666616082 ], [ 10228615.292560670524836, 2714224.973655244801193 ], [ 10228601.206502873450518, 2714213.951091967523098 ], [ 10228588.217217013239861, 2714202.873043329454958 ], [ 10228574.930171582847834, 2714188.714217841159552 ], [ 10228559.502030245959759, 2714174.89590034680441 ], [ 10228557.690507844090462, 2714171.179020549170673 ], [ 10228542.324794419109821, 2714145.692976965103298 ], [ 10228529.458445273339748, 2714129.442345154006034 ], [ 10228513.337360041216016, 2714111.851996009238064 ], [ 10228509.769272092729807, 2714107.944394259247929 ], [ 10228489.431778704747558, 2714108.860184572637081 ], [ 10228483.064393365755677, 2714113.233305771369487 ], [ 10228472.603786755353212, 2714115.353039316367358 ], [ 10228457.606647476553917, 2714117.431169253773987 ], [ 10228442.018104171380401, 2714120.093279395718127 ], [ 10228434.573305681347847, 2714121.629453928209841 ], [ 10228427.533643446862698, 2714123.082052425481379 ], [ 10228424.609570913016796, 2714123.627194423694164 ], [ 10228413.19315966963768, 2714125.755581774748862 ], [ 10228404.274290513247252, 2714131.415054095443338 ], [ 10228391.652129586786032, 2714143.273020885419101 ], [ 10228377.097527921199799, 2714153.978214765898883 ], [ 10228362.50756598636508, 2714168.590587043669075 ], [ 10228349.35771656408906, 2714182.375730481930077 ], [ 10228334.278586743399501, 2714212.59250951744616 ], [ 10228314.763399036601186, 2714244.831484677735716 ], [ 10228322.112913705408573, 2714250.651351579930633 ], [ 10228331.322597006335855, 2714260.788880335632712 ], [ 10228313.827386720106006, 2714288.123756123706698 ], [ 10228311.847992867231369, 2714290.954360186122358 ], [ 10228298.651131253689528, 2714309.891278408933431 ], [ 10228298.002307929098606, 2714310.82401114422828 ], [ 10228286.537709515541792, 2714339.80794433131814 ], [ 10228266.842248408123851, 2714333.339696106500924 ], [ 10228258.191982151940465, 2714347.624699268490076 ], [ 10228248.154622273519635, 2714367.64942527608946 ], [ 10228237.934410149231553, 2714374.344849186018109 ], [ 10228219.436112342402339, 2714386.629110030364245 ], [ 10228209.411907032132149, 2714393.587199945002794 ], [ 10228200.81243216432631, 2714399.556298410054296 ], [ 10228180.405043916776776, 2714414.082583203911781 ], [ 10228178.927589274942875, 2714412.805656000971794 ], [ 10228176.204997336491942, 2714410.452763960231096 ], [ 10228163.989326575770974, 2714399.053914373740554 ], [ 10228149.530836643651128, 2714409.901769473683089 ], [ 10228122.011721219867468, 2714433.029331414029002 ], [ 10228095.960888298228383, 2714453.441545265261084 ], [ 10228086.454427545890212, 2714465.186336506623775 ], [ 10228019.145622843876481, 2714372.580421306658536 ], [ 10228053.245838304981589, 2714356.756955835968256 ], [ 10228047.647415068000555, 2714339.193422815296799 ], [ 10228034.362247064709663, 2714298.64075249992311 ], [ 10228022.240345675498247, 2714259.09221709612757 ], [ 10228015.433593839406967, 2714240.16798013355583 ], [ 10227992.224744096398354, 2714165.425134796649218 ], [ 10227981.134576003998518, 2714130.579996563959867 ], [ 10227970.235548589378595, 2714096.216887212358415 ], [ 10227960.332910031080246, 2714065.672371150925756 ], [ 10227952.59737816080451, 2714039.512888398952782 ], [ 10227952.52000511623919, 2714039.251307478174567 ], [ 10227960.588683003559709, 2714032.820253297220916 ], [ 10227976.871109271422029, 2714018.322067652828991 ], [ 10227981.096172807738185, 2713973.903801755513996 ], [ 10227983.669102568179369, 2713942.841422514524311 ], [ 10227986.653024891391397, 2713914.326128402259201 ], [ 10227989.5801917091012, 2713888.473569972906262 ], [ 10227997.481418510898948, 2713870.623825098853558 ], [ 10228034.34429457038641, 2713796.272111333906651 ], [ 10228051.22261399589479, 2713762.776661818381399 ], [ 10228079.313636330887675, 2713705.317167280707508 ], [ 10228070.725362228229642, 2713650.805695586372167 ], [ 10228062.66578521952033, 2713593.05757150799036 ], [ 10228054.757902191951871, 2713534.164847431238741 ], [ 10228047.233782231807709, 2713479.609174447599798 ], [ 10228041.347267802804708, 2713446.388756328262389 ], [ 10228038.789566671475768, 2713431.954174094367772 ], [ 10228033.063423667103052, 2713431.464792960323393 ], [ 10228005.043365869671106, 2713427.528587597887963 ], [ 10227975.658499157056212, 2713423.295946430880576 ], [ 10227945.703684698790312, 2713418.479480863083154 ], [ 10227915.538767885416746, 2713414.097636545076966 ], [ 10227884.783963141962886, 2713410.135940472595394 ], [ 10227878.790858620777726, 2713409.104896291624755 ], [ 10227855.558322329074144, 2713405.107823974918574 ], [ 10227833.674189232289791, 2713401.948149150703102 ], [ 10227826.693354664370418, 2713390.281515868846327 ], [ 10227801.909154623746872, 2713352.855774797033519 ], [ 10227789.29883280210197, 2713333.814915942959487 ], [ 10227778.18493732996285, 2713317.033499482087791 ], [ 10227765.045645536854863, 2713313.015785072464496 ], [ 10227733.411371620371938, 2713304.363312668632716 ], [ 10227702.07202479429543, 2713295.495306452270597 ], [ 10227682.364553926512599, 2713289.768857344519347 ], [ 10227671.579229529947042, 2713286.634937177877873 ], [ 10227631.359238544479012, 2713278.077735819853842 ], [ 10227618.087510609999299, 2713249.348014341667295 ], [ 10227606.8972426969558, 2713225.461282678879797 ], [ 10227598.989054406061769, 2713208.580423368606716 ], [ 10227591.065014833584428, 2713182.563330875709653 ], [ 10227575.960718136280775, 2713119.206929211039096 ], [ 10227560.990834679454565, 2713057.794755684677511 ], [ 10227545.725859908387065, 2712996.609353221021593 ], [ 10227531.189510686323047, 2712935.278003710322082 ], [ 10227516.148494876921177, 2712873.363816980738193 ], [ 10227508.97562624886632, 2712843.566917160060257 ], [ 10227504.079034486785531, 2712824.394077077042311 ], [ 10227496.391408424824476, 2712794.292635586578399 ], [ 10227495.650039987638593, 2712791.19603696744889 ], [ 10227486.324310481548309, 2712752.245190518908203 ], [ 10227482.263602826744318, 2712734.38620465900749 ], [ 10227477.998275822028518, 2712715.627316933125257 ], [ 10227450.172718046233058, 2712705.994866980239749 ], [ 10227418.990709351375699, 2712694.312054267618805 ], [ 10227387.660018570721149, 2712684.657997888512909 ], [ 10227355.915106317028403, 2712672.828075923491269 ], [ 10227336.776810638606548, 2712666.678516127169132 ], [ 10227326.362812273204327, 2712663.33225110406056 ], [ 10227303.252094715833664, 2712654.397918823640794 ], [ 10227302.805941903963685, 2712653.574918556958437 ], [ 10227296.635001990944147, 2712642.189260604791343 ], [ 10227282.274440385401249, 2712623.458511585835367 ], [ 10227253.224221, 2712613.672536223195493 ], [ 10227222.968819160014391, 2712603.951753550674766 ], [ 10227207.912707550451159, 2712598.377087498549372 ], [ 10227171.136120626702905, 2712597.879851513076574 ], [ 10227164.355085328221321, 2712597.788130298722535 ], [ 10227128.850490979850292, 2712582.943509281147271 ], [ 10227120.46106806397438, 2712560.448170357849449 ], [ 10227104.786028711125255, 2712513.470437929965556 ], [ 10227097.260887952521443, 2712492.598486247472465 ], [ 10227083.683077035471797, 2712451.261076425667852 ], [ 10227067.233686925843358, 2712401.166037895716727 ], [ 10227063.114253601059318, 2712389.212895905598998 ], [ 10227060.679329939186573, 2712382.147649691440165 ], [ 10227059.237379586324096, 2712376.066139332950115 ], [ 10227048.784649631008506, 2712369.460856101941317 ], [ 10227030.298215631395578, 2712357.778857778292149 ], [ 10226995.612777967005968, 2712335.892488662619144 ], [ 10226986.026014409959316, 2712329.843259759712964 ], [ 10226942.498868204653263, 2712302.340203498955816 ], [ 10226896.095764519646764, 2712273.675283160060644 ], [ 10226866.880683608353138, 2712254.741360643878579 ], [ 10226801.273919166997075, 2712213.696365487761796 ], [ 10226786.642145631834865, 2712204.425752015784383 ], [ 10226762.657415013760328, 2712189.2289680656977 ], [ 10226736.251844152808189, 2712209.4690440162085 ], [ 10226709.470157537609339, 2712229.29098204523325 ], [ 10226677.327118016779423, 2712253.854101189877838 ], [ 10226665.653145007789135, 2712262.054887819103897 ], [ 10226653.667687753215432, 2712270.474417606368661 ], [ 10226624.858046920970082, 2712253.519287183880806 ], [ 10226589.257239680737257, 2712232.746545895934105 ], [ 10226586.19895557127893, 2712231.080604544840753 ], [ 10226539.54115223325789, 2712205.66519547207281 ], [ 10226522.834538280963898, 2712196.724052591715008 ], [ 10226511.516380092129111, 2712193.082672639284283 ], [ 10226502.264583013951778, 2712203.102866685483605 ], [ 10226478.710331467911601, 2712223.620138491038233 ], [ 10226454.577424867078662, 2712244.502973254304379 ], [ 10226428.497326862066984, 2712267.059470633976161 ], [ 10226394.64981154166162, 2712296.342997214291245 ], [ 10226362.075137762352824, 2712325.28912389697507 ], [ 10226292.869407473132014, 2712385.438538132235408 ], [ 10226236.491962609812617, 2712434.437907207757235 ], [ 10226187.160599853843451, 2712476.280935934279114 ], [ 10226127.422659968957305, 2712528.54809268610552 ], [ 10226076.617115939036012, 2712572.48363167187199 ], [ 10225997.971913371235132, 2712640.137886530254036 ], [ 10225935.342573367059231, 2712693.949433343019336 ], [ 10225732.674298264086246, 2712576.779638956766576 ], [ 10225718.526858380064368, 2712551.411471623927355 ], [ 10225713.137645177543163, 2712541.748026154004037 ], [ 10225699.976717103272676, 2712519.076445606537163 ], [ 10225675.271062318235636, 2712473.846457013860345 ], [ 10225701.84723168797791, 2712463.519285005982965 ], [ 10225728.150774484500289, 2712453.331435061059892 ], [ 10225721.42386057600379, 2712440.237187994644046 ], [ 10225700.0272874571383, 2712382.20358727267012 ], [ 10225675.829714583232999, 2712317.268084887880832 ], [ 10225666.603300331160426, 2712295.168256980367005 ], [ 10225664.243063813075423, 2712285.170887264888734 ], [ 10225668.292889753356576, 2712262.682334174402058 ], [ 10225676.584291258826852, 2712223.971777441445738 ], [ 10225694.255714578554034, 2712204.830514981877059 ], [ 10225689.846462458372116, 2712188.734875591937453 ], [ 10225689.799335764721036, 2712146.901492539327592 ], [ 10225689.581727189943194, 2712127.025413244497031 ], [ 10225682.220878100022674, 2712110.902265026699752 ], [ 10225664.797595087438822, 2712096.202011975925416 ], [ 10225643.795194545760751, 2712077.746643805410713 ], [ 10225621.222243623808026, 2712057.803223463706672 ], [ 10225590.8489625826478, 2712031.707730011548847 ], [ 10225565.945048170164227, 2712010.35649068467319 ], [ 10225529.584505757316947, 2711978.082278730347753 ], [ 10225505.006262458860874, 2711956.734059160575271 ], [ 10225498.081187441945076, 2711951.004900146275759 ], [ 10225492.467748722061515, 2711944.273075992241502 ], [ 10225496.123213667422533, 2711928.87715635728091 ], [ 10225537.374626277014613, 2711883.347586437594146 ], [ 10225532.100175211206079, 2711885.872218005359173 ], [ 10225526.130513772368431, 2711885.903403518721461 ], [ 10225504.871769901365042, 2711888.303276249207556 ], [ 10225496.552533412352204, 2711891.37382947281003 ], [ 10225410.617303883656859, 2711930.946476875804365 ], [ 10225114.485146328806877, 2711822.983242759946734 ], [ 10224666.682217368856072, 2711659.712456644512713 ], [ 10224646.097776586189866, 2711652.206908836495131 ], [ 10224430.020960627123713, 2711483.024815880693495 ], [ 10224227.416809370741248, 2711449.460661276709288 ], [ 10224168.790677588433027, 2711439.89352352404967 ], [ 10224101.879585832357407, 2711428.726745246909559 ], [ 10224051.875549338757992, 2711420.890067859087139 ], [ 10223981.898108955472708, 2711410.51995280617848 ], [ 10223969.183233072981238, 2711421.012755224481225 ], [ 10223960.720014842227101, 2711431.124398927669972 ], [ 10223945.72983418032527, 2711449.030173770152032 ], [ 10223927.542660111561418, 2711467.328481642063707 ], [ 10223915.730706518515944, 2711476.574993825983256 ], [ 10223912.086002817377448, 2711482.303483672905713 ], [ 10223903.611555956304073, 2711492.874486660584807 ], [ 10223893.287965916097164, 2711505.7410080851987 ], [ 10223887.522085692733526, 2711513.426120747346431 ], [ 10223880.125423321500421, 2711520.727902707178146 ], [ 10223875.893564600497484, 2711526.324993070214987 ], [ 10223870.159325819462538, 2711536.907935722731054 ], [ 10223854.676641125231981, 2711562.828913230914623 ], [ 10223844.698698561638594, 2711581.370894537772983 ], [ 10223834.438582437112927, 2711598.425628290046006 ], [ 10223827.214640013873577, 2711608.865818878170103 ], [ 10223811.630548819899559, 2711614.863248573150486 ], [ 10223806.726601030677557, 2711614.861379638779908 ], [ 10223800.810796152800322, 2711616.543048758525401 ], [ 10223790.71966901794076, 2711617.621794745326042 ], [ 10223774.734348960220814, 2711620.743096171878278 ], [ 10223757.237909771502018, 2711623.262366805691272 ], [ 10223751.355140009894967, 2711623.544445875566453 ], [ 10223743.526566842570901, 2711622.590083139017224 ], [ 10223723.781780779361725, 2711618.449016738217324 ], [ 10223700.861845238134265, 2711614.547208856791258 ], [ 10223690.470931373536587, 2711603.684698563534766 ], [ 10223679.94894802570343, 2711594.32025255728513 ], [ 10223670.926194129511714, 2711588.499365385156125 ], [ 10223660.999542275443673, 2711586.166290067136288 ], [ 10223653.54007164388895, 2711586.666393158491701 ], [ 10223646.525976803153753, 2711588.314794868696481 ], [ 10223639.695681182667613, 2711592.981421764940023 ], [ 10223638.038951806724072, 2711591.935175820253789 ], [ 10223638.062750043347478, 2711595.76114925602451 ], [ 10223636.028806826099753, 2711599.223898312076926 ], [ 10223634.668207032606006, 2711602.831836020573974 ], [ 10223634.024962494149804, 2711607.336833203211427 ], [ 10223634.023231610655785, 2711611.863918386399746 ], [ 10223634.019365439191461, 2711621.661762002855539 ], [ 10223635.635058110579848, 2711633.25350427441299 ], [ 10223637.837157355621457, 2711646.934114889241755 ], [ 10223638.048907287418842, 2711648.244538452476263 ], [ 10223639.42084477096796, 2711656.732613793574274 ], [ 10223640.767782079055905, 2711660.352555431425571 ], [ 10223646.168791541829705, 2711668.512265152763575 ], [ 10223654.082107607275248, 2711675.251394770108163 ], [ 10223662.886099578812718, 2711684.833948132582009 ], [ 10223670.341611946001649, 2711694.569018044974655 ], [ 10223675.872818170115352, 2711703.406812771689147 ], [ 10223677.480682918801904, 2711706.359736071899533 ], [ 10223681.26230289041996, 2711713.305069370660931 ], [ 10223685.771848417818546, 2711721.278593957424164 ], [ 10223687.515593523159623, 2711724.098433671053499 ], [ 10223690.966166084632277, 2711729.678771031089127 ], [ 10223697.823787275701761, 2711739.129365734755993 ], [ 10223700.019584180787206, 2711741.043822326231748 ], [ 10223710.761058127507567, 2711745.509512829128653 ], [ 10223721.068621309474111, 2711746.956991811282933 ], [ 10223733.67116285674274, 2711747.038321558851749 ], [ 10223752.60215637460351, 2711747.176904692314565 ], [ 10223758.34077944047749, 2711754.177598564885557 ], [ 10223759.222964741289616, 2711757.030583145562559 ], [ 10223762.912881910800934, 2711768.963554748333991 ], [ 10223765.560918066650629, 2711782.567927672993392 ], [ 10223766.732275603339076, 2711790.387025146745145 ], [ 10223769.251140171661973, 2711800.60144013678655 ], [ 10223771.77117239125073, 2711807.513369202613831 ], [ 10223773.228161059319973, 2711809.280926012899727 ], [ 10223775.36876217648387, 2711811.877861497458071 ], [ 10223789.423638269305229, 2711824.447766403201967 ], [ 10223807.14167707040906, 2711841.141907428856939 ], [ 10223810.891626615077257, 2711844.675163068808615 ], [ 10223813.388063242658973, 2711856.442382171750069 ], [ 10223816.201432764530182, 2711864.371389641892165 ], [ 10223820.610335029661655, 2711879.769862524233758 ], [ 10223820.741497429087758, 2711880.62209712062031 ], [ 10223823.191947676241398, 2711896.545516522135586 ], [ 10223819.20482081361115, 2711916.238290711306036 ], [ 10223813.856866588816047, 2711940.031393937766552 ], [ 10223808.479791205376387, 2711954.507586021907628 ], [ 10223807.770644750446081, 2711960.499880810268223 ], [ 10223808.831810064613819, 2711972.550906534306705 ], [ 10223809.737717393785715, 2711992.289431071840227 ], [ 10223811.54993293620646, 2712002.088083231355995 ], [ 10223812.164275705814362, 2712016.719783926848322 ], [ 10223811.029818184673786, 2712026.178421028889716 ], [ 10223810.830302754417062, 2712036.151343782432377 ], [ 10223812.196821060031652, 2712045.862411967944354 ], [ 10223813.1488276720047, 2712058.689962726552039 ], [ 10223812.209799712523818, 2712069.165543065406382 ], [ 10223809.813594439998269, 2712079.498648228589445 ], [ 10223804.545266054570675, 2712093.810945711098611 ], [ 10223800.138042086735368, 2712102.568439811933786 ], [ 10223794.309895906597376, 2712102.030439733061939 ], [ 10223789.890549547970295, 2712114.024873349815607 ], [ 10223783.981897227466106, 2712124.793959205970168 ], [ 10223775.87974182702601, 2712127.787135085556656 ], [ 10223774.998180259019136, 2712129.875464755576104 ], [ 10223772.344961872324347, 2712129.786974558141083 ], [ 10223766.755888424813747, 2712129.588008289691061 ], [ 10223763.79820916056633, 2712129.477436460088938 ], [ 10223761.471220131963491, 2712129.323439927771688 ], [ 10223741.246349431574345, 2712127.959709007758647 ], [ 10223732.341011693701148, 2712126.93928454676643 ], [ 10223723.772490600124002, 2712126.542277921456844 ], [ 10223713.170891622081399, 2712125.379067109897733 ], [ 10223708.962738340720534, 2712125.34456817433238 ], [ 10223702.036305483430624, 2712124.66392097203061 ], [ 10223695.653656462207437, 2712124.038120159413666 ], [ 10223685.443355910480022, 2712123.028163039125502 ], [ 10223677.244828544557095, 2712122.226620700210333 ], [ 10223668.208963472396135, 2712121.337380495853722 ], [ 10223658.074699979275465, 2712120.808556873351336 ], [ 10223653.355620069429278, 2712120.216134026646614 ], [ 10223645.243943300098181, 2712119.567823257762939 ], [ 10223635.240338176488876, 2712118.754681193735451 ], [ 10223627.324323114007711, 2712118.117320079356432 ], [ 10223621.865830581635237, 2712117.677784369792789 ], [ 10223618.984354147687554, 2712117.446974302176386 ], [ 10223612.851680021733046, 2712116.952446955721825 ], [ 10223605.979894302785397, 2712115.70317254960537 ], [ 10223589.43030621111393, 2712114.449942196719348 ], [ 10223576.468997709453106, 2712113.471618667244911 ], [ 10223561.898562559857965, 2712112.087944355793297 ], [ 10223541.898106286302209, 2712115.307338214479387 ], [ 10223528.285252530127764, 2712117.498609256464988 ], [ 10223524.136565953493118, 2712131.986270648892969 ], [ 10223510.667605485767126, 2712177.450275235809386 ], [ 10223502.751243429258466, 2712205.069981920532882 ], [ 10223500.801790624856949, 2712212.789648622274399 ], [ 10223499.233555188402534, 2712218.672278836835176 ], [ 10223497.839394450187683, 2712224.598696962464601 ], [ 10223496.597436767071486, 2712230.492429168429226 ], [ 10223495.62729300558567, 2712236.375238213688135 ], [ 10223495.08141359128058, 2712242.083408253733069 ], [ 10223495.915747676044703, 2712249.443265399895608 ], [ 10223496.79375234991312, 2712256.486063621472567 ], [ 10223497.845862390473485, 2712263.091556704137474 ], [ 10223499.050464950501919, 2712269.248674044851214 ], [ 10223500.102987730875611, 2712274.935549147892743 ], [ 10223501.297316813841462, 2712279.660147676244378 ], [ 10223502.056735219433904, 2712284.111222784034908 ], [ 10223501.738036623224616, 2712292.432916513178498 ], [ 10223500.14743441902101, 2712299.912180787418038 ], [ 10223497.905617179349065, 2712304.449537825305015 ], [ 10223492.220526944845915, 2712326.843156426213682 ], [ 10223490.67289349809289, 2712335.875217228662223 ], [ 10223488.407438166439533, 2712345.060161524452269 ], [ 10223486.054920995607972, 2712354.27786768367514 ], [ 10223483.626356450840831, 2712363.517464634031057 ], [ 10223483.136289469897747, 2712365.277881210669875 ], [ 10223480.881641857326031, 2712374.659706831909716 ], [ 10223476.774886850267649, 2712392.887592111248523 ], [ 10223471.932058962062001, 2712402.793306645471603 ], [ 10223451.864429058507085, 2712442.328196255024523 ], [ 10223447.468533618375659, 2712449.226780587807298 ], [ 10223444.909884667024016, 2712457.274402202107012 ], [ 10223442.938279485329986, 2712465.617409699596465 ], [ 10223441.847353907302022, 2712474.584181969054043 ], [ 10223441.506434705108404, 2712484.087119518313557 ], [ 10223440.599892476573586, 2712494.059994535520673 ], [ 10223439.117013810202479, 2712504.120259913150221 ], [ 10223438.01456243544817, 2712514.574261478614062 ], [ 10223437.368749868124723, 2712525.13783456152305 ], [ 10223436.992475116625428, 2712530.408682971261442 ], [ 10223434.591148100793362, 2712564.045774835627526 ], [ 10223430.585054211318493, 2712602.133164640050381 ], [ 10223428.263707568868995, 2712614.93787436792627 ], [ 10223425.291774842888117, 2712650.401262323837727 ], [ 10223423.293733263388276, 2712670.248789586126804 ], [ 10223421.579945102334023, 2712686.717331994790584 ], [ 10223419.42880392074585, 2712708.883291285485029 ], [ 10223418.456250179558992, 2712720.682557153515518 ], [ 10223416.923777390271425, 2712745.757654040120542 ], [ 10223416.407955329865217, 2712757.633810486644506 ], [ 10223416.915723970159888, 2712765.967083171010017 ], [ 10223419.390459632501006, 2712777.46157174417749 ], [ 10223423.246082577854395, 2712789.153510596137494 ], [ 10223427.646039839833975, 2712807.758114197291434 ], [ 10223425.553653879091144, 2712811.091746570542455 ], [ 10223420.527809545397758, 2712815.748398270923644 ], [ 10223414.92553992010653, 2712820.546976861543953 ], [ 10223409.56264322437346, 2712823.855652044061571 ], [ 10223404.385623482987285, 2712827.04952944163233 ], [ 10223394.349382208660245, 2712825.32843117415905 ], [ 10223383.845898970961571, 2712822.415265595074743 ], [ 10223372.537588737905025, 2712819.807896616868675 ], [ 10223364.707381665706635, 2712818.354718385729939 ], [ 10223361.022450396791101, 2712817.670784652233124 ], [ 10223360.782372003421187, 2712817.666873061098158 ], [ 10223349.811118854209781, 2712817.491170902270824 ], [ 10223338.599458552896976, 2712818.022460644133389 ], [ 10223337.141921244561672, 2712818.82009220123291 ], [ 10223327.317006979137659, 2712805.211968588642776 ], [ 10223317.285633273422718, 2712791.406770983245224 ], [ 10223307.558870228007436, 2712777.284565371461213 ], [ 10223297.429671047255397, 2712763.162284778896719 ], [ 10223289.387249419465661, 2712752.026340253651142 ], [ 10223288.485157832503319, 2712750.844864980783314 ], [ 10223282.138171765953302, 2712742.137347280979156 ], [ 10223275.845552884042263, 2712733.276708433870226 ], [ 10223269.378906827419996, 2712724.448881860822439 ], [ 10223262.586212616413832, 2712715.456864537671208 ], [ 10223255.576211661100388, 2712706.027332891710103 ], [ 10223248.414306344464421, 2712695.679140262305737 ], [ 10223240.622076172381639, 2712684.379219823516905 ], [ 10223222.74450608715415, 2712658.705621434841305 ], [ 10223195.118312312290072, 2712619.697202154900879 ], [ 10223189.24922377243638, 2712612.520971640944481 ], [ 10223181.489374682307243, 2712601.94282636186108 ], [ 10223173.990662906318903, 2712591.353880476672202 ], [ 10223166.654829122126102, 2712581.038532481063157 ], [ 10223159.220766451209784, 2712571.586906821466982 ], [ 10223152.308423267677426, 2712562.846415335778147 ], [ 10223130.062511544674635, 2712530.664213354699314 ], [ 10223119.78099412843585, 2712517.690229429397732 ], [ 10223106.44657931663096, 2712498.186353251803666 ], [ 10223096.481327986344695, 2712483.17837513750419 ], [ 10223084.342101043090224, 2712466.08083802042529 ], [ 10223071.996299289166927, 2712449.114463343285024 ], [ 10223059.248022930696607, 2712432.421371215954423 ], [ 10223029.415499202907085, 2712390.820289892144501 ], [ 10223026.199403025209904, 2712386.33551705442369 ], [ 10223023.79586817510426, 2712387.25317111890763 ], [ 10223020.408603981137276, 2712388.741729743778706 ], [ 10223016.661110121756792, 2712390.388528180774301 ], [ 10223009.634884117171168, 2712394.191143817268312 ], [ 10223004.309114072471857, 2712388.207048760261387 ], [ 10222994.354461526498199, 2712374.238114159088582 ], [ 10222984.029921753332019, 2712360.673465935979038 ], [ 10222974.031649455428123, 2712347.065390756353736 ], [ 10222963.870173087343574, 2712333.500874454155564 ], [ 10222953.338995652273297, 2712320.100313263945282 ], [ 10222943.797591669484973, 2712306.175274937879294 ], [ 10222933.788604035973549, 2712292.414030952379107 ], [ 10222923.68150682747364, 2712279.166756966151297 ], [ 10222913.313239466398954, 2712266.378678676206619 ], [ 10222903.456476092338562, 2712252.715904390905052 ], [ 10222893.502041511237621, 2712238.637613532599062 ], [ 10222883.862682187929749, 2712224.975051247049123 ], [ 10222874.571456391364336, 2712211.159533771220595 ], [ 10222864.671103546395898, 2712197.857626683544368 ], [ 10222854.716204594820738, 2712184.927658822853118 ], [ 10222846.250534685328603, 2712173.190221309661865 ], [ 10222827.579439761117101, 2712149.769162075594068 ], [ 10222822.395691549405456, 2712142.680830522906035 ], [ 10222814.462272450327873, 2712132.113667280878872 ], [ 10222807.24652087315917, 2712122.060866642277688 ], [ 10222799.834886116907001, 2712112.161047922912985 ], [ 10222792.564571781083941, 2712102.261368706822395 ], [ 10222785.109441451728344, 2712092.405256077181548 ], [ 10222777.99153171107173, 2712082.221273373812437 ], [ 10222770.96054557338357, 2712072.321682422887534 ], [ 10222763.592220457270741, 2712062.89207606902346 ], [ 10222755.65820318646729, 2712054.183993841521442 ], [ 10222749.203429328277707, 2712044.339272928889841 ], [ 10222742.879273980855942, 2712034.48372526280582 ], [ 10222738.1407475117594, 2712028.806156796403229 ], [ 10222736.543898638337851, 2712025.218682514037937 ], [ 10222721.16632366552949, 2712005.134543716907501 ], [ 10222705.104839177802205, 2711982.786502361763269 ], [ 10222685.760864155367017, 2711957.189314605668187 ], [ 10222678.315264422446489, 2711950.799700919538736 ], [ 10222671.488867523148656, 2711945.460236782673746 ], [ 10222657.733795747160912, 2711944.863509902730584 ], [ 10222644.468094961717725, 2711944.212280057836324 ], [ 10222631.136984458193183, 2711944.053135006688535 ], [ 10222620.676541142165661, 2711943.807836730033159 ], [ 10222596.634954180568457, 2711942.943814412690699 ], [ 10222572.996721798554063, 2711941.5814318084158 ], [ 10222569.668796855956316, 2711941.389643766917288 ], [ 10222527.82675851508975, 2711940.692354347556829 ], [ 10222520.389375407248735, 2711940.076560227200389 ], [ 10222483.234133088961244, 2711939.184457110706717 ], [ 10222411.425122287124395, 2711936.231212494894862 ], [ 10222361.874039670452476, 2711934.753511718474329 ], [ 10222330.884685641154647, 2711932.80326936673373 ], [ 10222290.608430145308375, 2711932.499863805249333 ], [ 10222282.942423528060317, 2711932.627329133916646 ], [ 10222246.396339362487197, 2711931.177311483770609 ], [ 10222232.782813126221299, 2711930.361652292776853 ], [ 10222187.450769066810608, 2711928.907207465264946 ], [ 10222146.587762458249927, 2711927.739251872524619 ], [ 10222122.045909136533737, 2711927.278939098119736 ], [ 10222091.589443389326334, 2711925.15356869623065 ], [ 10222081.813742926344275, 2711925.520531792193651 ], [ 10222039.5698969848454, 2711924.242210200522095 ], [ 10222012.918680496513844, 2711923.398013809230179 ], [ 10221996.315390158444643, 2711921.508881976827979 ], [ 10221926.788013996556401, 2711922.524127106647938 ], [ 10221911.68472015298903, 2711921.947876014281064 ], [ 10221904.215887228026986, 2711918.926059631165117 ], [ 10221902.520279966294765, 2711917.667620438151062 ], [ 10221900.802826276049018, 2711916.365407907869667 ], [ 10221898.99843979999423, 2711914.921132629737258 ], [ 10221897.139862004667521, 2711913.345531523227692 ], [ 10221895.161696307361126, 2711911.573016784153879 ], [ 10221893.096609402447939, 2711909.680167123675346 ], [ 10221890.966327512636781, 2711907.688918371684849 ], [ 10221888.749164380133152, 2711905.65382083132863 ], [ 10221885.846661733463407, 2711904.110482937190682 ], [ 10221881.508242985233665, 2711903.583399392198771 ], [ 10221875.331960784271359, 2711903.536499408539385 ], [ 10221868.361771197989583, 2711903.784546221606433 ], [ 10221860.543612379580736, 2711903.605612589046359 ], [ 10221850.953243538737297, 2711903.207144452258945 ], [ 10221840.19904001802206, 2711903.289156502578408 ], [ 10221829.064525226131082, 2711902.889947366900742 ], [ 10221817.494980663061142, 2711902.545057567767799 ], [ 10221806.056029783561826, 2711902.156525915488601 ], [ 10221794.801985898986459, 2711901.669675776734948 ], [ 10221783.884972626343369, 2711901.106375684030354 ], [ 10221772.707008676603436, 2711900.663255023770034 ], [ 10221761.137576002627611, 2711900.318433673121035 ], [ 10221749.32873341999948, 2711900.181129288859665 ], [ 10221737.324265476316214, 2711899.879751896020025 ], [ 10221725.591630715876818, 2711899.611255611293018 ], [ 10221713.684990186244249, 2711899.419216742739081 ], [ 10221709.780099974945188, 2711899.302824641577899 ], [ 10221654.728409944102168, 2711897.661139811389148 ], [ 10221649.575854053720832, 2711904.020246393047273 ], [ 10221644.34826673194766, 2711910.471790123730898 ], [ 10221633.500816408544779, 2711922.768348137848079 ], [ 10221608.606101606041193, 2711953.111647753044963 ], [ 10221601.127089761197567, 2711953.199072468560189 ], [ 10221580.823437979444861, 2711953.436210995540023 ], [ 10221553.704230800271034, 2711953.345476048998535 ], [ 10221546.245768280699849, 2711951.537275186739862 ], [ 10221532.10031227581203, 2711948.992819861974567 ], [ 10221533.993586683645844, 2711946.686520265415311 ], [ 10221534.888488357886672, 2711940.366344252135605 ], [ 10221527.376670446246862, 2711936.578846415039152 ], [ 10221518.103198431432247, 2711932.943449469283223 ], [ 10221508.905835825949907, 2711929.406552913133055 ], [ 10221499.598736384883523, 2711927.914424852002412 ], [ 10221490.465498462319374, 2711926.488046084530652 ], [ 10221481.669238395988941, 2711925.313338281586766 ], [ 10221473.166461223736405, 2711924.259079064708203 ], [ 10221464.957325445488095, 2711923.204888001549989 ], [ 10221457.368005169555545, 2711922.183962473180145 ], [ 10221450.299898769706488, 2711922.387979600578547 ], [ 10221443.710115130990744, 2711922.920305712614208 ], [ 10221438.098564866930246, 2711924.295136438682675 ], [ 10221433.083700554445386, 2711928.152673305477947 ], [ 10221426.34172997251153, 2711928.761444682255387 ], [ 10221417.947105139493942, 2711928.844409672077745 ], [ 10221408.779512252658606, 2711930.775056536309421 ], [ 10221399.763573044911027, 2711933.777528522070497 ], [ 10221394.648966714739799, 2711935.641742346342653 ], [ 10221391.226063825190067, 2711936.889495435636491 ], [ 10221383.003469210118055, 2711940.668719750829041 ], [ 10221375.499138714745641, 2711943.420342291239649 ], [ 10221370.999892212450504, 2711944.697813503909856 ], [ 10221368.310468830168247, 2711945.461371685378253 ], [ 10221356.905224023386836, 2711942.852637673728168 ], [ 10221345.423966569826007, 2711940.101824542973191 ], [ 10221334.138172373175621, 2711937.854049082379788 ], [ 10221323.059613892808557, 2711934.512750230263919 ], [ 10221311.839673101902008, 2711931.237135990522802 ], [ 10221300.869975373148918, 2711927.567877227440476 ], [ 10221290.096482392400503, 2711923.002079426310956 ], [ 10221279.943050537258387, 2711918.064734836574644 ], [ 10221270.148286033421755, 2711913.324516168329865 ], [ 10221260.146292179822922, 2711909.907264408189803 ], [ 10221250.17655853740871, 2711907.080591815989465 ], [ 10221242.022261152043939, 2711905.195336550008506 ], [ 10221240.304425394162536, 2711904.800681686028838 ], [ 10221230.44292894937098, 2711903.078549733851105 ], [ 10221220.624920753762126, 2711901.246983745135367 ], [ 10221210.686405349522829, 2711900.924452700186521 ], [ 10221200.16096337325871, 2711900.426621104590595 ], [ 10221189.667454458773136, 2711900.989477269817144 ], [ 10221179.152344156056643, 2711901.333742372691631 ], [ 10221168.626451201736927, 2711901.492002784274518 ], [ 10221156.742423500865698, 2711899.735792462714016 ], [ 10221152.567422723397613, 2711898.836863640230149 ], [ 10221148.359806081280112, 2711897.959677158854902 ], [ 10221144.119589414447546, 2711896.907585777807981 ], [ 10221139.879446128383279, 2711895.778897441457957 ], [ 10221135.563158942386508, 2711894.693919522222131 ], [ 10221131.214183209463954, 2711893.707389483693987 ], [ 10221126.854243889451027, 2711892.841134375426918 ], [ 10221122.581361452117562, 2711891.931161485146731 ], [ 10221118.59137961268425, 2711890.693270400632173 ], [ 10221112.730014039203525, 2711891.553878725040704 ], [ 10221111.812122989445925, 2711891.82591411145404 ], [ 10221106.541858669370413, 2711893.387561661191285 ], [ 10221100.386150738224387, 2711895.53847417794168 ], [ 10221094.382458720356226, 2711897.951801111921668 ], [ 10221088.813561964780092, 2711900.737254068721086 ], [ 10221085.077910041436553, 2711902.919381286017597 ], [ 10221083.614259446039796, 2711903.774374325759709 ], [ 10221078.490916226059198, 2711907.073946434538811 ], [ 10221073.24828027933836, 2711909.859569558408111 ], [ 10221068.049124613404274, 2711912.52489980077371 ], [ 10221062.893568750470877, 2711915.09177461406216 ], [ 10221058.097188975661993, 2711917.101236786693335 ], [ 10221053.7355329208076, 2711919.32952545536682 ], [ 10221049.537234140560031, 2711921.339360510464758 ], [ 10221045.621611449867487, 2711923.239873207174242 ], [ 10221042.075721943750978, 2711924.987566891591996 ], [ 10221038.606206722557545, 2711926.483708065468818 ], [ 10221035.126195156946778, 2711927.2362797758542 ], [ 10221031.845106488093734, 2711927.285127020440996 ], [ 10221031.581366678699851, 2711927.288982680533081 ], [ 10221028.080141859129071, 2711927.01366211893037 ], [ 10221024.644624946638942, 2711925.841653777752072 ], [ 10221020.513522151857615, 2711924.30850138887763 ], [ 10221019.614548426121473, 2711923.971266721375287 ], [ 10221016.338757060468197, 2711922.742447738070041 ], [ 10221012.39271629601717, 2711920.72812209604308 ], [ 10221008.70807701908052, 2711917.904806089121848 ], [ 10221005.306488819420338, 2711914.600382201373577 ], [ 10221001.839349636808038, 2711911.591289443895221 ], [ 10220998.840203637257218, 2711908.068520342931151 ], [ 10220996.069447930902243, 2711904.316185563802719 ], [ 10220993.048379361629486, 2711901.044832915998995 ], [ 10220989.798666825518012, 2711898.156128169037402 ], [ 10220986.396627647802234, 2711895.507926749996841 ], [ 10220982.71209261007607, 2711892.651688170619309 ], [ 10220979.092682803049684, 2711889.751853427384049 ], [ 10220975.440566336736083, 2711887.14722387585789 ], [ 10220971.820711895823479, 2711885.165989562869072 ], [ 10220968.123948389664292, 2711884.63901346269995 ], [ 10220964.81483100913465, 2711885.40860649663955 ], [ 10220963.480229547247291, 2711885.718906747177243 ], [ 10220958.847231298685074, 2711887.0942033524625 ], [ 10220953.877104563638568, 2711888.578624337445945 ], [ 10220945.035221885889769, 2711891.504261732567102 ], [ 10220937.08464877679944, 2711894.725656793918461 ], [ 10220933.815038440749049, 2711896.225739128421992 ], [ 10220929.895323567092419, 2711898.024057729635388 ], [ 10220923.706771854311228, 2711900.470107810106128 ], [ 10220921.586721517145634, 2711901.240126385353506 ], [ 10220918.355804486200213, 2711902.413503382820636 ], [ 10220913.092240910977125, 2711903.646204863674939 ], [ 10220907.601021505892277, 2711903.6213235007599 ], [ 10220902.360221762210131, 2711902.863834605552256 ], [ 10220897.131465686485171, 2711900.291081958450377 ], [ 10220896.892977803945541, 2711900.155119727365673 ], [ 10220892.370222050696611, 2711897.576441770419478 ], [ 10220887.946119433268905, 2711895.015055530238897 ], [ 10220883.371045744046569, 2711889.938476136419922 ], [ 10220879.024553617462516, 2711884.566930298693478 ], [ 10220874.862853037193418, 2711879.304706420283765 ], [ 10220871.168863723054528, 2711873.856922732200474 ], [ 10220868.105762371793389, 2711868.081396244000643 ], [ 10220864.270388865843415, 2711862.45843174494803 ], [ 10220863.031369628384709, 2711861.561034779530019 ], [ 10220858.922778250649571, 2711858.595342934131622 ], [ 10220852.780964359641075, 2711855.365905459970236 ], [ 10220846.660689800977707, 2711852.464676329866052 ], [ 10220846.526119109243155, 2711852.405261495150626 ], [ 10220840.583728041499853, 2711849.782019262202084 ], [ 10220834.72402473539114, 2711847.580781229306012 ], [ 10220827.765120582655072, 2711847.194089839234948 ], [ 10220826.992950763553381, 2711847.335784520022571 ], [ 10220820.250529581680894, 2711848.61137875681743 ], [ 10220812.192396087571979, 2711849.984580247662961 ], [ 10220804.341299956664443, 2711850.483087972737849 ], [ 10220796.904380919411778, 2711849.210375048685819 ], [ 10220793.728224283084273, 2711850.583855961449444 ], [ 10220793.217320451512933, 2711850.80476852087304 ], [ 10220787.386574106290936, 2711854.956877868622541 ], [ 10220781.751648308709264, 2711859.251114462502301 ], [ 10220776.247082209214568, 2711863.469024217221886 ], [ 10220770.829535266384482, 2711867.807164109311998 ], [ 10220765.737943025305867, 2711872.42981002246961 ], [ 10220760.58126855827868, 2711876.954052027780563 ], [ 10220755.598791325464845, 2711881.095674357842654 ], [ 10220750.72503936290741, 2711885.095138486474752 ], [ 10220746.742872230708599, 2711889.281077516265213 ], [ 10220744.76265749707818, 2711891.40131157822907 ], [ 10220742.858568163588643, 2711893.434161072596908 ], [ 10220739.5288355499506, 2711897.653273620642722 ], [ 10220736.318801254034042, 2711901.620926555711776 ], [ 10220733.467793555930257, 2711905.402852945961058 ], [ 10220732.160748055204749, 2711909.262211671564728 ], [ 10220731.408481873571873, 2711912.673595511354506 ], [ 10220733.146023822948337, 2711916.644054636824876 ], [ 10220734.415790241211653, 2711920.898614739533514 ], [ 10220735.239614516496658, 2711925.459103767294437 ], [ 10220734.921362012624741, 2711930.675019252579659 ], [ 10220734.461875516921282, 2711935.573752432595938 ], [ 10220732.274505397304893, 2711938.579658279195428 ], [ 10220730.305504892021418, 2711940.175132056698203 ], [ 10220723.790733113884926, 2711942.588117826264352 ], [ 10220708.638107180595398, 2711958.294216071255505 ], [ 10220709.521632635965943, 2711980.22359463898465 ], [ 10220711.388899575918913, 2712016.843811989761889 ], [ 10220717.58251, 2712021.381488294806331 ], [ 10220732.907658692449331, 2712036.222080474719405 ], [ 10220732.485332747921348, 2712037.856038588564843 ], [ 10220714.872755048796535, 2712056.551606636960059 ], [ 10220698.461492665112019, 2712052.13749099848792 ], [ 10220695.870523635298014, 2712036.937974632717669 ], [ 10220667.91772386431694, 2712038.09018571395427 ], [ 10220631.859994765371084, 2712041.902382128406316 ], [ 10220601.335990004241467, 2712030.293638867791742 ], [ 10220600.763962743803859, 2712028.902862732298672 ], [ 10220588.722152657806873, 2712025.496384937781841 ], [ 10220579.807451590895653, 2712023.447274736128747 ], [ 10220570.738510115072131, 2712021.519268115051091 ], [ 10220560.081214239820838, 2712018.083734201733023 ], [ 10220572.686418872326612, 2712005.858497880864888 ], [ 10220556.601426403969526, 2711988.021311334334314 ], [ 10220547.412755314260721, 2711978.491553192958236 ], [ 10220525.799339096993208, 2711994.125305215362459 ], [ 10220512.799968056380749, 2712005.852243497502059 ], [ 10220499.528509026393294, 2712009.457555227447301 ], [ 10220483.994181260466576, 2712012.967608375940472 ], [ 10220469.54668902605772, 2712016.746247273404151 ], [ 10220456.08914465084672, 2712016.517175470478833 ], [ 10220442.91370702907443, 2712013.825251784641296 ], [ 10220433.256852066144347, 2712010.127585489768535 ], [ 10220422.977581622079015, 2712001.599784589372575 ], [ 10220415.956146383658051, 2711994.717170656193048 ], [ 10220404.864207979291677, 2711982.4526321827434 ], [ 10220394.313558347523212, 2711972.830211204942316 ], [ 10220382.481933219358325, 2711972.594997331965715 ], [ 10220368.575520426034927, 2711975.46918007498607 ], [ 10220356.307848835363984, 2711977.795938355848193 ], [ 10220341.675926210358739, 2711973.552556196693331 ], [ 10220327.584319919347763, 2711968.670153100974858 ], [ 10220324.725393854081631, 2711969.467845320701599 ], [ 10220336.156102739274502, 2711975.093541195616126 ], [ 10220314.159003470093012, 2711965.071373132057488 ], [ 10220301.906933607533574, 2711958.592483656015247 ], [ 10220298.57755084708333, 2711955.146198350936174 ], [ 10220283.206417921930552, 2711937.498877383768559 ], [ 10220267.209367694333196, 2711919.750100569333881 ], [ 10220252.440288294106722, 2711902.822731694206595 ], [ 10220241.201863288879395, 2711891.81721264263615 ], [ 10220228.619328260421753, 2711878.465224736370146 ], [ 10220228.81023090146482, 2711880.686531643848866 ], [ 10220228.911951957270503, 2711881.247409285511822 ], [ 10220060.425195386633277, 2711736.34054395603016 ], [ 10220065.652239210903645, 2711726.313766328152269 ], [ 10220061.694539802148938, 2711709.165682060644031 ], [ 10220062.727355102077127, 2711701.954357787501067 ], [ 10220065.602432610467076, 2711688.639048581942916 ], [ 10220076.075139975175261, 2711669.66840749187395 ], [ 10220071.818601699545979, 2711624.457022664602846 ], [ 10220071.81990659609437, 2711615.869982539210469 ], [ 10220071.357065256685019, 2711615.686038980726153 ], [ 10220060.442954417318106, 2711610.900737807154655 ], [ 10220050.268436158075929, 2711605.820600322447717 ], [ 10220040.637910237535834, 2711600.292409755755216 ], [ 10220031.007472056895494, 2711594.425246390514076 ], [ 10220021.431252736598253, 2711589.050214590970427 ], [ 10220012.93209034204483, 2711582.483905215281993 ], [ 10220004.73778048157692, 2711575.578830506186932 ], [ 10219996.728051751852036, 2711568.816004342399538 ], [ 10219988.968483021482825, 2711562.195509852841496 ], [ 10219981.807281443849206, 2711554.941167877987027 ], [ 10219974.743824869394302, 2711547.883648754097521 ], [ 10219969.985855016857386, 2711540.433994314167649 ], [ 10219964.447359401732683, 2711529.123786963988096 ], [ 10219959.355027209967375, 2711517.212393990252167 ], [ 10219954.51279778778553, 2711505.301126478239894 ], [ 10219953.564658982679248, 2711503.054386541247368 ], [ 10219918.49872625619173, 2711503.534342794679105 ], [ 10219901.983046924695373, 2711503.76033174386248 ], [ 10219898.893757864832878, 2711503.806231839582324 ], [ 10219889.658347139135003, 2711503.791934550739825 ], [ 10219880.520137712359428, 2711503.723165194969624 ], [ 10219871.489893693476915, 2711503.502256804145873 ], [ 10219862.200016789138317, 2711502.890466164797544 ], [ 10219853.158784925937653, 2711502.474116276949644 ], [ 10219852.391809364780784, 2711502.485504542477429 ], [ 10219844.820044873282313, 2711502.611087693367153 ], [ 10219834.547303549945354, 2711502.141227623913437 ], [ 10219824.123479036614299, 2711501.780166652053595 ], [ 10219813.796911768615246, 2711501.505969311576337 ], [ 10219803.523480018600821, 2711500.101928021293133 ], [ 10219793.737247195094824, 2711500.077147989999503 ], [ 10219784.210806164890528, 2711500.855947873555124 ], [ 10219775.321263182908297, 2711501.036773322150111 ], [ 10219765.199764495715499, 2711500.577672407496721 ], [ 10219755.121619282290339, 2711500.205456972587854 ], [ 10219744.849217861890793, 2711500.03971982980147 ], [ 10219734.814421974122524, 2711500.025973859243095 ], [ 10219725.827656043693423, 2711500.206809434574097 ], [ 10219718.958361767232418, 2711500.842319203540683 ], [ 10219711.473335085436702, 2711501.510766129475087 ], [ 10219702.044095207005739, 2711502.246024294756353 ], [ 10219693.695534260943532, 2711503.523490069434047 ], [ 10219687.072237212210894, 2711487.202105613425374 ], [ 10219681.04274059087038, 2711470.532650430686772 ], [ 10219672.014733916148543, 2711473.255443290341645 ], [ 10219662.922113468870521, 2711476.228009487502277 ], [ 10219653.797007624059916, 2711479.005148390308022 ], [ 10219645.697878355160356, 2711481.672922506928444 ], [ 10219638.34397809766233, 2711484.253058719914407 ], [ 10219636.831334514543414, 2711483.776299721095711 ], [ 10219635.381643628701568, 2711494.770500849932432 ], [ 10219633.582857301458716, 2711501.37637997418642 ], [ 10219630.352762309834361, 2711514.816031124908477 ], [ 10219627.75895581394434, 2711526.908248096238822 ], [ 10219624.719405170530081, 2711535.264100399799645 ], [ 10219620.246295036748052, 2711547.705347179435194 ], [ 10219615.52397607639432, 2711559.049687797669321 ], [ 10219610.854034269228578, 2711568.395320227369666 ], [ 10219606.580768359825015, 2711573.808266892563552 ], [ 10219598.4441077131778, 2711583.862684856634587 ], [ 10219590.652327051386237, 2711592.971723496448249 ], [ 10219583.745831079781055, 2711601.56950382841751 ], [ 10219577.141544450074434, 2711609.77607787353918 ], [ 10219569.650957439094782, 2711617.288042783271521 ], [ 10219562.495406616479158, 2711624.940998872742057 ], [ 10219554.605129031464458, 2711632.507653415203094 ], [ 10219546.90880867280066, 2711639.367983189411461 ], [ 10219539.957292161881924, 2711645.575988128315657 ], [ 10219533.448496114462614, 2711651.588168508838862 ], [ 10219526.106989601626992, 2711656.351773440372199 ], [ 10219516.91804513335228, 2711660.627972830086946 ], [ 10219507.242625296115875, 2711664.546067423652858 ], [ 10219497.566869808360934, 2711667.866761737968773 ], [ 10219489.122377686202526, 2711671.142985647078604 ], [ 10219481.822999153286219, 2711674.516111636534333 ], [ 10219475.808818392455578, 2711677.62747589731589 ], [ 10219471.476138653233647, 2711676.012264830525964 ], [ 10219463.124158838763833, 2711673.05320624448359 ], [ 10219454.783020753413439, 2711670.191803599707782 ], [ 10219446.636353274807334, 2711667.38464331952855 ], [ 10219440.216648766770959, 2711662.675136325880885 ], [ 10219431.029650665819645, 2711655.382406456861645 ], [ 10219427.917019620537758, 2711653.157925385981798 ], [ 10219422.232245353981853, 2711649.077908931765705 ], [ 10219413.340558247640729, 2711646.61886963667348 ], [ 10219404.157583866268396, 2711644.605455407407135 ], [ 10219395.114665245637298, 2711642.146572158206254 ], [ 10219382.949901890009642, 2711639.396720738615841 ], [ 10219374.641623180359602, 2711637.089318786282092 ], [ 10219366.268934711813927, 2711635.2925307280384 ], [ 10219358.199128756299615, 2711634.016865889076144 ], [ 10219350.49816358089447, 2711634.913474266882986 ], [ 10219342.311340913176537, 2711635.929976852610707 ], [ 10219334.28675265610218, 2711637.489491804037243 ], [ 10219326.305458944290876, 2711638.983804758638144 ], [ 10219318.399598699063063, 2711640.271675846539438 ], [ 10219310.580130832269788, 2711641.483355955220759 ], [ 10219302.79298784956336, 2711642.771066532470286 ], [ 10219295.005718989297748, 2711643.711244291625917 ], [ 10219287.64001258648932, 2711645.074731044936925 ], [ 10219280.565882332623005, 2711646.481344383675605 ], [ 10219273.599512860178947, 2711647.453476817347109 ], [ 10219264.79711533896625, 2711648.687546536326408 ], [ 10219262.086090410128236, 2711648.993805658537894 ], [ 10219258.381965367123485, 2711650.158985142130405 ], [ 10219258.998416451737285, 2711651.005438535008579 ], [ 10219244.541871493682265, 2711660.42392827803269 ], [ 10219238.083458047360182, 2711661.764900818932801 ], [ 10219231.992348780855536, 2711663.149084270466119 ], [ 10219226.202891169115901, 2711663.446784630883485 ], [ 10219222.852354377508163, 2711660.755316791124642 ], [ 10219217.490577587857842, 2711655.328007447067648 ], [ 10219214.610950797796249, 2711661.152651793323457 ], [ 10219208.430381581187248, 2711658.571927465032786 ], [ 10219198.006885774433613, 2711658.775363770779222 ], [ 10219194.775608623400331, 2711656.670489259529859 ], [ 10219191.490709464997053, 2711655.054391202982515 ], [ 10219182.263740552589297, 2711651.987191502470523 ], [ 10219173.3932886980474, 2711648.995687005575746 ], [ 10219167.986985623836517, 2711641.62388559198007 ], [ 10219158.623314807191491, 2711628.921492300461978 ], [ 10219149.389838693663478, 2711617.164089262485504 ], [ 10219139.454610062763095, 2711605.624430164229125 ], [ 10219129.908629145473242, 2711594.747210782486945 ], [ 10219120.902636168524623, 2711583.739109779708087 ], [ 10219111.487102760002017, 2711573.882813326548785 ], [ 10219110.99208015576005, 2711557.337630017660558 ], [ 10219110.933348182588816, 2711555.373084707185626 ], [ 10219111.203933626413345, 2711541.468614628538489 ], [ 10219114.2547751609236, 2711533.428008798044175 ], [ 10219115.979153223335743, 2711530.304381194524467 ], [ 10219120.878136906772852, 2711521.430581004358828 ], [ 10219129.209188291803002, 2711511.07219731900841 ], [ 10219131.297592988237739, 2711501.424565471708775 ], [ 10219134.011874871328473, 2711487.670932055916637 ], [ 10219134.12777010537684, 2711487.083707631099969 ], [ 10219133.866143530234694, 2711469.334318303503096 ], [ 10219133.575754694640636, 2711456.407952233217657 ], [ 10219138.257029181346297, 2711452.881671332288533 ], [ 10219142.438899083063006, 2711449.731621666811407 ], [ 10219150.340814398601651, 2711443.316793526522815 ], [ 10219156.439269457012415, 2711437.261648889631033 ], [ 10219164.985992813482881, 2711426.327454919926822 ], [ 10219170.908371921628714, 2711416.057750050444156 ], [ 10219178.274302555248141, 2711400.692530562635511 ], [ 10219184.927695162594318, 2711385.642837824765593 ], [ 10219191.062774078920484, 2711370.897629458457232 ], [ 10219194.066350903362036, 2711357.436650551389903 ], [ 10219197.076367618516088, 2711352.665614773519337 ], [ 10219205.904271809384227, 2711342.21999434614554 ], [ 10219214.634833602234721, 2711331.774520287755877 ], [ 10219223.009028913453221, 2711321.372739490587264 ], [ 10219224.737607764080167, 2711307.434807644691318 ], [ 10219225.580634063109756, 2711300.047335334587842 ], [ 10219226.551146326586604, 2711291.541540843900293 ], [ 10219227.448869748041034, 2711278.701252120081335 ], [ 10219232.303707694634795, 2711270.963516692630947 ], [ 10219233.641931548714638, 2711268.609835063107312 ], [ 10219238.970287388190627, 2711259.237805360928178 ], [ 10219245.540776217356324, 2711249.184995628427714 ], [ 10219251.333961386233568, 2711239.54560914542526 ], [ 10219247.403783660382032, 2711232.559855500236154 ], [ 10219246.856227541342378, 2711231.586732259020209 ], [ 10219239.956927975639701, 2711220.89235018286854 ], [ 10219239.148536998778582, 2711219.465910023078322 ], [ 10219234.41927776671946, 2711211.12032606266439 ], [ 10219229.638843506574631, 2711202.759839850477874 ], [ 10219234.709358792752028, 2711188.204888601321727 ], [ 10219237.269738264381886, 2711180.855369641445577 ], [ 10219240.447966130450368, 2711169.947046195622534 ], [ 10219243.745368281379342, 2711159.418795533012599 ], [ 10219248.641687277704477, 2711149.399896653369069 ], [ 10219249.551364485174417, 2711147.538858761545271 ], [ 10219255.393007351085544, 2711135.588687907438725 ], [ 10219262.274805443361402, 2711122.972191630396992 ], [ 10219269.116928726434708, 2711115.091701464727521 ], [ 10219278.063183913007379, 2711104.428884716238827 ], [ 10219286.707084743306041, 2711093.798879194073379 ], [ 10219296.258187782019377, 2711082.983541060704738 ], [ 10219304.038891298696399, 2711073.635945674963295 ], [ 10219311.895064933225513, 2711064.212281180545688 ], [ 10219321.301980098709464, 2711062.749551182147115 ], [ 10219330.687601894140244, 2711061.851606559939682 ], [ 10219339.533442970365286, 2711061.269219195004553 ], [ 10219349.42678364738822, 2711060.414421568159014 ], [ 10219358.963578647002578, 2711059.364318460226059 ], [ 10219367.711581924930215, 2711057.988928867969662 ], [ 10219377.270081419497728, 2711057.221253242343664 ], [ 10219389.864318152889609, 2711057.005165833979845 ], [ 10219392.973325146362185, 2711054.710871757939458 ], [ 10219397.530157065019011, 2711053.012867202516645 ], [ 10219402.118894809857011, 2711050.543554313946515 ], [ 10219411.868236921727657, 2711045.028848853893578 ], [ 10219422.189656788483262, 2711038.927089187316597 ], [ 10219425.574934210628271, 2711030.69079068955034 ], [ 10219428.332484977319837, 2711020.684450225438923 ], [ 10219430.179058980196714, 2711015.172673559747636 ], [ 10219433.807133920490742, 2711004.34326202981174 ], [ 10219437.972359420731664, 2710992.600922596640885 ], [ 10219439.368650959804654, 2710988.66471586516127 ], [ 10219442.902133019641042, 2710975.219941628631204 ], [ 10219443.428956795483828, 2710973.215308852028102 ], [ 10219443.182017972692847, 2710961.006194352172315 ], [ 10219443.002696041017771, 2710956.420760912820697 ], [ 10219442.300718918442726, 2710938.467697000596672 ], [ 10219440.155356721952558, 2710915.343415970914066 ], [ 10219437.960978206247091, 2710898.96480131149292 ], [ 10219436.537731578573585, 2710888.016750622075051 ], [ 10219433.100155422464013, 2710870.205231660511345 ], [ 10219434.385394537821412, 2710870.519677343312651 ], [ 10219438.545016949996352, 2710871.537187568843365 ], [ 10219445.316194303333759, 2710870.054641841910779 ], [ 10219446.703029921278358, 2710869.217769604641944 ], [ 10219446.65735742636025, 2710868.451876603066921 ], [ 10219445.969244686886668, 2710855.263563139364123 ], [ 10219445.810897396877408, 2710852.228185292799026 ], [ 10219441.840665396302938, 2710850.528092737309635 ], [ 10219437.341601569205523, 2710846.840234024450183 ], [ 10219436.979139540344477, 2710835.872621928341687 ], [ 10219436.574001660570502, 2710829.620744227431715 ], [ 10219436.419277152046561, 2710827.23397752456367 ], [ 10219433.096029108390212, 2710821.217896955553442 ], [ 10219433.16401606425643, 2710817.084713618271053 ], [ 10219433.005088288336992, 2710810.676936737727374 ], [ 10219435.248691769316792, 2710804.861244655679911 ], [ 10219438.720348553732038, 2710799.943008450325578 ], [ 10219445.304649071767926, 2710790.620202102698386 ], [ 10219451.400264738127589, 2710780.203695692587644 ], [ 10219457.789111351594329, 2710770.235654677264392 ], [ 10219463.634227095171809, 2710760.507796382997185 ], [ 10219467.902590695768595, 2710751.139781571924686 ], [ 10219468.381135150790215, 2710750.204277752898633 ], [ 10219461.347400691360235, 2710747.011282705236226 ], [ 10219446.572125880047679, 2710740.303934698458761 ], [ 10219443.85203704982996, 2710736.89744266262278 ], [ 10219444.998424960300326, 2710730.250443376600742 ], [ 10219447.258613888174295, 2710724.775149399414659 ], [ 10219450.619413491338491, 2710718.72809238312766 ], [ 10219458.737238502129912, 2710707.059646476060152 ], [ 10219463.372421830892563, 2710700.056715707760304 ], [ 10219466.284909078851342, 2710693.22066785255447 ], [ 10219472.582369158044457, 2710682.026388946454972 ], [ 10219479.740764582529664, 2710670.403196054045111 ], [ 10219486.187327712774277, 2710656.763258647173643 ], [ 10219487.013376966118813, 2710654.919741918798536 ], [ 10219497.783300077542663, 2710622.094403469469398 ], [ 10219507.187343135476112, 2710617.760254313237965 ], [ 10219512.12731235101819, 2710610.405886041000485 ], [ 10219512.27689291909337, 2710600.700986357871443 ], [ 10219513.405721236020327, 2710581.860047649592161 ], [ 10219512.363659549504519, 2710577.595889627467841 ], [ 10219509.158949375152588, 2710563.125723184086382 ], [ 10219507.645994899794459, 2710557.458556467667222 ], [ 10219504.70660756342113, 2710545.521136262454093 ], [ 10219508.21959188580513, 2710539.276458618231118 ], [ 10219516.195080075412989, 2710527.224451401736587 ], [ 10219524.693717008456588, 2710515.11694960994646 ], [ 10219532.907077718526125, 2710501.704799389466643 ], [ 10219538.866832511499524, 2710490.807235758751631 ], [ 10219542.139080408960581, 2710483.937879361212254 ], [ 10219548.103984108194709, 2710469.048690708819777 ], [ 10219553.579535070806742, 2710455.070428155828267 ], [ 10219555.985777586698532, 2710445.022310289088637 ], [ 10219561.988845571875572, 2710426.360969245899469 ], [ 10219565.552767621353269, 2710410.027864244300872 ], [ 10219562.408080194145441, 2710406.973075947258621 ], [ 10219555.658928735181689, 2710399.712647235952318 ], [ 10219548.275899082422256, 2710391.389433447737247 ], [ 10219541.131388437002897, 2710382.18865207536146 ], [ 10219534.08419999293983, 2710372.37370030535385 ], [ 10219526.515818534418941, 2710364.050779818557203 ], [ 10219518.317154513671994, 2710357.274901245720685 ], [ 10219508.886892711743712, 2710350.829868512693793 ], [ 10219500.92950888723135, 2710345.00774097442627 ], [ 10219498.316220099106431, 2710339.934349392075092 ], [ 10219494.98165862262249, 2710333.798427398782223 ], [ 10219488.895030969753861, 2710324.651023730635643 ], [ 10219485.030712092295289, 2710321.641054341569543 ], [ 10219475.929059715941548, 2710316.215352411847562 ], [ 10219467.980845045298338, 2710309.143005672376603 ], [ 10219461.277045894414186, 2710303.033911979291588 ], [ 10219405.188073771074414, 2710250.239051898475736 ], [ 10219400.276991337537766, 2710247.186669511254877 ], [ 10219392.470740644261241, 2710240.267767721787095 ], [ 10219384.847651444375515, 2710231.747581978328526 ], [ 10219378.835534647107124, 2710228.894203755538911 ], [ 10219371.108274647966027, 2710223.718688221182674 ], [ 10219362.41799552552402, 2710223.851791769266129 ], [ 10219357.562959685921669, 2710221.863053062465042 ], [ 10219353.557265020906925, 2710219.094626728445292 ], [ 10219348.406418986618519, 2710216.141293632797897 ], [ 10219337.439322939142585, 2710210.038349970709532 ], [ 10219326.766017008572817, 2710203.507257805671543 ], [ 10219320.005678242072463, 2710195.852144008502364 ], [ 10219315.549187775701284, 2710190.419652715325356 ], [ 10219309.401538472622633, 2710191.985573492012918 ], [ 10219302.873206067830324, 2710194.144253024365753 ], [ 10219290.437110647559166, 2710197.769785498734564 ], [ 10219280.003963081166148, 2710199.133488308172673 ], [ 10219273.692286379635334, 2710200.3048853459768 ], [ 10219269.981666266918182, 2710197.919712954200804 ], [ 10219261.315831013023853, 2710192.208158252760768 ], [ 10219251.296468613669276, 2710185.423981164582074 ], [ 10219240.097944244742393, 2710177.588733612559736 ], [ 10219228.072765488177538, 2710171.103389290627092 ], [ 10219222.595729969441891, 2710168.775570293422788 ], [ 10219215.528158189728856, 2710167.4588806736283 ], [ 10219207.868366532027721, 2710163.708710988983512 ], [ 10219203.053409438580275, 2710159.241682044696063 ], [ 10219197.508495667949319, 2710132.077123140916228 ], [ 10219182.276736926287413, 2710117.28448124229908 ], [ 10219155.574909400194883, 2710095.293066091835499 ], [ 10219141.6888717263937, 2710083.722423690371215 ], [ 10219136.150349639356136, 2710076.405354814603925 ], [ 10219129.053936384618282, 2710062.302968409378082 ], [ 10219121.507541315630078, 2710046.205534290056676 ], [ 10219115.869077082723379, 2710022.166422941721976 ], [ 10219122.419346062466502, 2709996.925654811318964 ], [ 10219124.34003715030849, 2709974.915375271812081 ], [ 10219124.825529046356678, 2709963.532527335453779 ], [ 10219126.975440068170428, 2709949.351275097578764 ], [ 10219111.599386755377054, 2709924.898562632035464 ], [ 10219101.807018769904971, 2709908.782512854319066 ], [ 10219108.434678873047233, 2709884.342216624878347 ], [ 10219110.030257200822234, 2709871.499625023920089 ], [ 10219115.820854002609849, 2709856.545610019471496 ], [ 10219115.584441127255559, 2709835.854372747242451 ], [ 10219113.610155770555139, 2709827.600335858296603 ], [ 10219112.547776263207197, 2709816.527002764400095 ], [ 10219111.817087158560753, 2709793.215830048546195 ], [ 10219112.49539527669549, 2709779.387671844102442 ], [ 10219104.693797448650002, 2709760.001253100577742 ], [ 10219092.09003009647131, 2709737.27737675094977 ], [ 10219085.198448944836855, 2709721.486252078320831 ], [ 10219081.809140598401427, 2709714.9009676175192 ], [ 10219073.757151562720537, 2709672.520976251456887 ], [ 10219071.4213473983109, 2709663.028502321336418 ], [ 10219065.180409213528037, 2709652.324427085928619 ], [ 10219052.213166946545243, 2709634.765685622580349 ], [ 10219041.971210461109877, 2709624.407201999798417 ], [ 10219016.680761516094208, 2709643.961176602635533 ], [ 10218999.238983761519194, 2709623.415258162189275 ], [ 10218987.339318498969078, 2709597.203558521345258 ], [ 10218983.457103265449405, 2709565.695356571581215 ], [ 10218980.543700838461518, 2709548.571973029058427 ], [ 10218984.257491106167436, 2709522.250473679509014 ], [ 10218983.263410313054919, 2709513.10696346918121 ], [ 10218981.141065059229732, 2709508.055083747487515 ], [ 10218974.666524512693286, 2709501.79228931479156 ], [ 10218973.003205992281437, 2709489.722131257876754 ], [ 10218971.311024263501167, 2709480.371287530753762 ], [ 10218970.521186783909798, 2709477.017094056122005 ], [ 10218974.65267831645906, 2709476.342440513428301 ], [ 10218981.003325045108795, 2709433.16405231365934 ], [ 10218977.439723504707217, 2709434.484868912491947 ], [ 10218974.995449440553784, 2709425.299662097357213 ], [ 10218964.651057194918394, 2709427.353854362852871 ], [ 10218954.872093711048365, 2709428.299680808093399 ], [ 10218944.58054786734283, 2709429.191474238876253 ], [ 10218933.843576803803444, 2709431.18038760824129 ], [ 10218921.374122127890587, 2709434.016037661582232 ], [ 10218908.06599092669785, 2709437.499855563044548 ], [ 10218894.245705734938383, 2709441.247491721995175 ], [ 10218872.506132487207651, 2709442.462377110496163 ], [ 10218863.169888565316796, 2709432.530295551288873 ], [ 10218854.790965827181935, 2709444.504927977453917 ], [ 10218837.814656384289265, 2709468.114696444943547 ], [ 10218812.853607090190053, 2709481.417526359669864 ], [ 10218809.361876774579287, 2709471.751274218317121 ], [ 10218805.865311598405242, 2709450.648510437458754 ], [ 10218826.281624684110284, 2709430.94849814241752 ], [ 10218829.955125255510211, 2709422.40155656542629 ], [ 10218835.509483337402344, 2709410.025225390214473 ], [ 10218838.155381022021174, 2709399.615711912512779 ], [ 10218862.724249348044395, 2709394.460350159555674 ], [ 10218862.93977134115994, 2709361.334868843667209 ], [ 10218841.159901648759842, 2709349.216449772939086 ], [ 10218833.185726905241609, 2709346.47547725122422 ], [ 10218817.914780722931027, 2709341.935562213417143 ], [ 10218804.329541102051735, 2709349.948122931178659 ], [ 10218777.302015788853168, 2709366.861240135505795 ], [ 10218745.964853972196579, 2709389.690483161713928 ], [ 10218715.991645373404026, 2709413.340062701143324 ], [ 10218693.396847300231457, 2709426.814805940259248 ], [ 10218685.229922579601407, 2709426.60701072588563 ], [ 10218670.565633278340101, 2709427.109988496173173 ], [ 10218667.279473517090082, 2709424.044390740804374 ], [ 10218648.977433498948812, 2709403.762736255303025 ], [ 10218641.820963576436043, 2709393.048974832519889 ], [ 10218638.776598878204823, 2709391.397470843512565 ], [ 10218616.880499426275492, 2709381.866593185346574 ], [ 10218604.677497379481792, 2709372.37693092180416 ], [ 10218600.471650771796703, 2709350.661257834173739 ], [ 10218594.078430373221636, 2709332.051679803058505 ], [ 10218585.236914927139878, 2709309.048555598128587 ], [ 10218575.756555503234267, 2709289.270069152116776 ], [ 10218566.584981450811028, 2709279.973562735132873 ], [ 10218561.233167678117752, 2709281.165261059533805 ], [ 10218547.664929494261742, 2709301.622723166830838 ], [ 10218539.583277128636837, 2709315.789726391434669 ], [ 10218527.432673122733831, 2709320.499599499162287 ], [ 10218517.013183234259486, 2709323.463626304641366 ], [ 10218506.304336428642273, 2709322.140805851202458 ], [ 10218477.188015729188919, 2709318.836920534726232 ], [ 10218453.169903613626957, 2709320.131144812330604 ], [ 10218432.796024829149246, 2709323.295354801230133 ], [ 10218388.362271394580603, 2709281.25141366571188 ], [ 10218373.176266958937049, 2709258.871072663925588 ], [ 10218354.882479500025511, 2709228.205556489527225 ], [ 10218364.250899316743016, 2709206.109343958087265 ], [ 10218363.44970896281302, 2709170.266305546276271 ], [ 10218356.599372383207083, 2709160.012741927523166 ], [ 10218336.157684821635485, 2709161.268936013802886 ], [ 10218288.489736411720514, 2709161.817023013252765 ], [ 10218275.099221363663673, 2709152.73453231016174 ], [ 10218274.979221411049366, 2709144.620734279975295 ], [ 10218270.767852501943707, 2709126.512678833678365 ], [ 10218226.531350614503026, 2709148.875783711206168 ], [ 10218209.725500101223588, 2709145.828605817165226 ], [ 10218199.657042967155576, 2709150.305074352771044 ], [ 10218186.486038155853748, 2709158.382280067075044 ], [ 10218177.421275654807687, 2709155.236798860598356 ], [ 10218175.919849526137114, 2709149.61388074234128 ], [ 10218176.859176114201546, 2709142.704802127089351 ], [ 10218180.900673063471913, 2709132.052467952016741 ], [ 10218184.478346310555935, 2709125.06297118216753 ], [ 10218195.748553808778524, 2709114.258108996786177 ], [ 10218206.081735091283917, 2709104.002875422593206 ], [ 10218204.178626105189323, 2709099.608599546831101 ], [ 10218201.884772725403309, 2709096.519635187927634 ], [ 10218193.162467896938324, 2709096.630261850077659 ], [ 10218184.77804589830339, 2709096.740455853752792 ], [ 10218176.797463247552514, 2709097.058332059998065 ], [ 10218168.958917390555143, 2709097.716066844761372 ], [ 10218161.654743103310466, 2709098.372874438762665 ], [ 10218152.796941436827183, 2709095.084588499274105 ], [ 10218144.068402649834752, 2709090.568086693063378 ], [ 10218142.908438684418797, 2709087.477580219972879 ], [ 10218139.440496988594532, 2709070.771960947662592 ], [ 10218134.012986807152629, 2709056.240087827667594 ], [ 10218127.845835443586111, 2709043.014069862198085 ], [ 10218124.931143868714571, 2709040.397505511064082 ], [ 10218120.257150657474995, 2709034.85562975006178 ], [ 10218115.520039215683937, 2709031.013504845555872 ], [ 10218106.322763588279486, 2709026.563403830863535 ], [ 10218097.796788113191724, 2709026.750503291841596 ], [ 10218084.95510390214622, 2709028.292078716680408 ], [ 10218071.750450037419796, 2709035.667388854082674 ], [ 10218064.992984024807811, 2709045.577731339726597 ], [ 10218050.798107819631696, 2709077.660032659303397 ], [ 10218044.040304478257895, 2709072.217692359350622 ], [ 10218043.265745509415865, 2708958.240287385415286 ], [ 10218042.888847090303898, 2708945.521758617367595 ], [ 10218043.021947329863906, 2708776.79785374365747 ], [ 10218042.047336027026176, 2708651.934983471408486 ], [ 10218041.97559904307127, 2708533.617772640660405 ], [ 10218042.659455746412277, 2708433.99449539417401 ], [ 10218041.844430105760694, 2708298.049269039183855 ], [ 10218044.101171115413308, 2708005.851536010857671 ], [ 10218042.634559879079461, 2707904.228058858308941 ], [ 10218041.917492071166635, 2707897.968588814139366 ], [ 10218040.166740860790014, 2707882.602796880993992 ], [ 10218037.417150808498263, 2707890.658300835639238 ], [ 10218035.034405754879117, 2707897.049966263584793 ], [ 10218034.477036267518997, 2707898.54501984314993 ], [ 10218020.524138379842043, 2707896.847916370257735 ], [ 10217999.494554920122027, 2707893.563211379107088 ], [ 10217989.837513463571668, 2707891.608556434512138 ], [ 10217970.338579416275024, 2707870.339711754117161 ], [ 10217971.959672495722771, 2707852.479318168014288 ], [ 10217973.845136662945151, 2707831.618558142334223 ], [ 10217974.094777122139931, 2707824.634986257180572 ], [ 10217974.028045950457454, 2707820.795423810835928 ], [ 10217972.737800788134336, 2707811.216362814884633 ], [ 10217973.744491932913661, 2707804.471862936858088 ], [ 10217975.086603851988912, 2707801.957300236914307 ], [ 10217973.036765545606613, 2707799.535289860796183 ], [ 10217968.560065591707826, 2707793.084694978315383 ], [ 10217962.92264805175364, 2707783.889302249066532 ], [ 10217967.996837725862861, 2707782.02241060975939 ], [ 10217974.413929445669055, 2707778.935845354106277 ], [ 10217983.76439193636179, 2707771.97904888773337 ], [ 10217980.390854336321354, 2707769.986263073980808 ], [ 10217973.912657720968127, 2707763.900032307952642 ], [ 10217981.250516429543495, 2707759.798739736434072 ], [ 10217987.797177968546748, 2707756.644118078518659 ], [ 10217990.475044216960669, 2707753.129417957272381 ], [ 10217991.286354115232825, 2707749.581779529340565 ], [ 10217994.759922219440341, 2707739.743395627941936 ], [ 10217999.927068656310439, 2707731.290812052320689 ], [ 10218002.732290670275688, 2707727.57641121186316 ], [ 10218010.406731627881527, 2707728.40726899728179 ], [ 10218017.809645146131516, 2707728.057742009405047 ], [ 10218024.255088401958346, 2707726.605697301682085 ], [ 10218026.53006450086832, 2707725.029430626425892 ], [ 10218031.009837405756116, 2707720.978408886119723 ], [ 10218034.20890648663044, 2707718.573805680964142 ], [ 10218041.431566374376416, 2707715.385298609733582 ], [ 10218046.207189939916134, 2707713.293244102038443 ], [ 10218050.34805566444993, 2707687.224520820658654 ], [ 10218053.260718498378992, 2707687.809753125999123 ], [ 10218065.432417146861553, 2707685.598757751751691 ], [ 10218081.484418271109462, 2707684.394859266467392 ], [ 10218103.484143454581499, 2707685.127444440498948 ], [ 10218120.857151037082076, 2707687.104539309162647 ], [ 10218122.250390281900764, 2707688.79188083531335 ], [ 10218131.935839315876365, 2707700.483930362388492 ], [ 10218144.894512016326189, 2707716.551610393915325 ], [ 10218156.115567261353135, 2707732.463246809784323 ], [ 10218167.837424783036113, 2707748.936779684852809 ], [ 10218176.054513093084097, 2707759.645080821122974 ], [ 10218186.930979933589697, 2707772.051440039183944 ], [ 10218196.481325998902321, 2707786.631731021218002 ], [ 10218207.867413515225053, 2707801.36650872323662 ], [ 10218212.119889294728637, 2707806.207791320513934 ], [ 10218225.557766200974584, 2707821.586728512309492 ], [ 10218240.661362865939736, 2707838.000826605595648 ], [ 10218253.656558269634843, 2707849.887102531269193 ], [ 10218262.063438940793276, 2707854.556666888762265 ], [ 10218273.222179817035794, 2707855.578359143342823 ], [ 10218283.551409436389804, 2707854.079950698185712 ], [ 10218294.630471225827932, 2707850.527124340180308 ], [ 10218307.951965730637312, 2707847.911628673784435 ], [ 10218320.085981618613005, 2707844.153753066435456 ], [ 10218343.091457985341549, 2707836.19919409789145 ], [ 10218350.621388968080282, 2707834.365880410652608 ], [ 10218363.685502545908093, 2707833.894673894159496 ], [ 10218369.126531064510345, 2707834.918249970301986 ], [ 10218372.995430750772357, 2707835.903574956580997 ], [ 10218374.672293959185481, 2707836.324017413891852 ], [ 10218380.448391273617744, 2707839.679016932845116 ], [ 10218386.614812649786472, 2707849.161348606459796 ], [ 10218393.611518952995539, 2707861.83332412596792 ], [ 10218396.803368251770735, 2707872.816512724384665 ], [ 10218397.832525426521897, 2707881.796753676608205 ], [ 10218397.74040762335062, 2707887.789855475537479 ], [ 10218396.410612804815173, 2707894.770499700680375 ], [ 10218395.880679285153747, 2707903.196539700496942 ], [ 10218394.298522235825658, 2707912.606777299661189 ], [ 10218388.093195300549269, 2707917.829621906392276 ], [ 10218379.556533521041274, 2707927.658551487606019 ], [ 10218370.456295793876052, 2707938.956771756056696 ], [ 10218365.013571724295616, 2707949.126291690394282 ], [ 10218364.19756143912673, 2707952.399830392561853 ], [ 10218365.308066256344318, 2707954.761538320221007 ], [ 10218372.674847235903144, 2707955.465830237139016 ], [ 10218379.911836860701442, 2707953.72539227316156 ], [ 10218387.398935621604323, 2707950.049271106254309 ], [ 10218393.979910423979163, 2707943.843086001928896 ], [ 10218400.230221988633275, 2707936.194323600735515 ], [ 10218409.168739035725594, 2707926.25960459979251 ], [ 10218420.586705714464188, 2707914.580297944601625 ], [ 10218434.689365038648248, 2707901.679651360493153 ], [ 10218445.180380305275321, 2707891.915162567980587 ], [ 10218457.295540185645223, 2707881.430699049495161 ], [ 10218463.051116108894348, 2707876.084116961341351 ], [ 10218472.68736444413662, 2707869.879065787419677 ], [ 10218492.636929474771023, 2707858.751896490342915 ], [ 10218494.414449604228139, 2707858.687711607664824 ], [ 10218502.759242165833712, 2707867.308663939125836 ], [ 10218513.850257407873869, 2707881.368018108420074 ], [ 10218525.729169800877571, 2707896.181708668824285 ], [ 10218527.410661853849888, 2707898.127310755196959 ], [ 10218533.935599192976952, 2707905.628049727529287 ], [ 10218536.429296037182212, 2707909.721173116471618 ], [ 10218537.612697688862681, 2707921.913882907945663 ], [ 10218536.971002215519547, 2707935.203281494788826 ], [ 10218533.824832869693637, 2707949.414488505572081 ], [ 10218531.454767741262913, 2707963.710927476175129 ], [ 10218531.746773269027472, 2707974.843943887855858 ], [ 10218534.497943615540862, 2707988.084596508182585 ], [ 10218539.87797155790031, 2708002.529924194328487 ], [ 10218547.590917827561498, 2708016.8463871544227 ], [ 10218551.499919459223747, 2708024.513988690450788 ], [ 10218553.846358148381114, 2708025.789504736661911 ], [ 10218558.873316468670964, 2708024.965752225369215 ], [ 10218570.308928119018674, 2708019.946967889554799 ], [ 10218582.190655836835504, 2708012.978052040096372 ], [ 10218592.062721431255341, 2708006.527270270045847 ], [ 10218595.279294054955244, 2708002.629903809633106 ], [ 10218600.589931750670075, 2707990.520316245499998 ], [ 10218605.486409777775407, 2707976.563467504922301 ], [ 10218607.245240187272429, 2707966.656240887474269 ], [ 10218611.204896094277501, 2707954.669213882647455 ], [ 10218614.675335932523012, 2707948.429917327594012 ], [ 10218620.662236763164401, 2707941.948896582238376 ], [ 10218631.24783424474299, 2707937.625484142452478 ], [ 10218635.4454102255404, 2707934.29237618111074 ], [ 10218644.93307513743639, 2707922.690865674987435 ], [ 10218664.668780019506812, 2707899.287827221676707 ], [ 10218674.83443676866591, 2707887.773104607127607 ], [ 10218684.882651375606656, 2707875.77767711924389 ], [ 10218696.388054482638836, 2707857.863755794707686 ], [ 10218696.329641282558441, 2707848.86644746735692 ], [ 10218698.127984190359712, 2707840.604687157087028 ], [ 10218703.184623001143336, 2707830.836999583523721 ], [ 10218710.415696706622839, 2707818.111963607836515 ], [ 10218712.606541261076927, 2707813.585335144773126 ], [ 10218715.811547001823783, 2707810.906197623349726 ], [ 10218728.192523565143347, 2707804.422230661381036 ], [ 10218742.888230221346021, 2707797.392687264829874 ], [ 10218756.272216970100999, 2707792.734580986201763 ], [ 10218769.149948278442025, 2707787.207521815784276 ], [ 10218790.559560483321548, 2707781.617847283370793 ], [ 10218807.440077733248472, 2707777.863749969750643 ], [ 10218822.394228663295507, 2707775.021512538194656 ], [ 10218832.759949745610356, 2707780.632824239786714 ], [ 10218850.858891317620873, 2707791.067838809452951 ], [ 10218869.656127765774727, 2707802.75251348502934 ], [ 10218878.791137617081404, 2707809.746214986313134 ], [ 10218889.057072265073657, 2707820.900778982322663 ], [ 10218901.477321766316891, 2707833.575727835763246 ], [ 10218904.554178219288588, 2707837.943837258499116 ], [ 10218914.367256607860327, 2707845.024303521029651 ], [ 10218929.809086170047522, 2707853.882116074673831 ], [ 10218943.580415589734912, 2707860.805003040470183 ], [ 10218946.462750339880586, 2707861.522396316286176 ], [ 10218947.727883327752352, 2707860.863603192381561 ], [ 10218947.764397101476789, 2707851.689082363154739 ], [ 10218948.426106937229633, 2707839.573612292762846 ], [ 10218952.871371312066913, 2707837.311551637016237 ], [ 10218971.94827825576067, 2707826.221179698593915 ], [ 10218986.087306428700686, 2707819.815723341889679 ], [ 10219001.297969879582524, 2707813.534078744240105 ], [ 10219010.090708807110786, 2707811.535457241348922 ], [ 10219022.779652046039701, 2707810.203392764553428 ], [ 10219033.94240253791213, 2707813.33149626897648 ], [ 10219043.544833147898316, 2707815.214173118118197 ], [ 10219053.524837216362357, 2707819.976233614608645 ], [ 10219068.579343544319272, 2707827.271451590582728 ], [ 10219076.54875042848289, 2707831.871392769273371 ], [ 10219079.406129164621234, 2707838.043044997379184 ], [ 10219083.679572716355324, 2707845.319849686697125 ], [ 10219087.084285331889987, 2707856.595406312029809 ], [ 10219089.83278364315629, 2707868.409321314655244 ], [ 10219090.41895829513669, 2707875.114744408521801 ], [ 10219089.452686812728643, 2707884.777589029166847 ], [ 10219088.656165532767773, 2707896.664950862061232 ], [ 10219087.087273370474577, 2707921.833109243307263 ], [ 10219084.380155008286238, 2707944.92534347390756 ], [ 10219081.956170704215765, 2707952.967780502513051 ], [ 10219073.680772017687559, 2707979.000460753683001 ], [ 10219065.157997459173203, 2708005.245991915930063 ], [ 10219055.029023332521319, 2708043.261810580268502 ], [ 10219049.111981807276607, 2708061.867739273235202 ], [ 10219036.096763635054231, 2708099.572333559393883 ], [ 10219031.554550079628825, 2708107.542505017016083 ], [ 10219020.949476616457105, 2708125.144728255923837 ], [ 10219008.927605053409934, 2708144.099855597130954 ], [ 10219004.84857327491045, 2708151.096198556944728 ], [ 10219003.603204051032662, 2708155.397949008736759 ], [ 10219009.709141828119755, 2708161.380685205105692 ], [ 10219019.831300519406796, 2708164.274772118777037 ], [ 10219039.323564905673265, 2708167.596228545997292 ], [ 10219059.510478030890226, 2708170.082410482224077 ], [ 10219080.762734323740005, 2708171.09027951117605 ], [ 10219107.879757199436426, 2708171.753219495993108 ], [ 10219116.048369010910392, 2708185.885957687161863 ], [ 10219123.208208339288831, 2708204.744207879062742 ], [ 10219128.33091414347291, 2708216.286000423133373 ], [ 10219123.662135137245059, 2708230.765911611262709 ], [ 10219121.972275890409946, 2708243.986288336105645 ], [ 10219128.099330140277743, 2708251.175720562692732 ], [ 10219138.687000313773751, 2708246.346993196289986 ], [ 10219147.85421553812921, 2708242.026176849380136 ], [ 10219160.050445307046175, 2708233.075891690794379 ], [ 10219171.265706105157733, 2708222.935801712330431 ], [ 10219180.39092731103301, 2708216.212421046104282 ], [ 10219189.517700767144561, 2708210.202379569876939 ], [ 10219201.947542369365692, 2708200.885780956130475 ], [ 10219214.969029944390059, 2708191.075925096403807 ], [ 10219219.991104843094945, 2708189.96681680995971 ], [ 10219223.536992780864239, 2708193.690130108501762 ], [ 10219233.223517114296556, 2708199.1267971387133 ], [ 10219242.38159641623497, 2708201.79640533355996 ], [ 10219248.927494836971164, 2708212.347282607574016 ], [ 10219256.125759605318308, 2708225.893596258945763 ], [ 10219265.536217503249645, 2708243.02218585414812 ], [ 10219269.936904011294246, 2708254.456044318620116 ], [ 10219273.728896643966436, 2708266.021234630607069 ], [ 10219278.756677847355604, 2708279.002363495063037 ], [ 10219285.418241437524557, 2708296.179495267570019 ], [ 10219292.332083871588111, 2708314.680005761794746 ], [ 10219296.932720812037587, 2708323.816795219201595 ], [ 10219307.25485716573894, 2708338.15296076470986 ], [ 10219326.284420795738697, 2708342.459042663220316 ], [ 10219337.840446639806032, 2708344.965481340885162 ], [ 10219359.324602516368032, 2708345.485999745782465 ], [ 10219383.284283645451069, 2708344.042390125337988 ], [ 10219398.640110339969397, 2708344.188246957957745 ], [ 10219416.777082933112979, 2708345.49205901985988 ], [ 10219441.313393892720342, 2708349.580052873585373 ], [ 10219454.892822958528996, 2708364.22070234362036 ], [ 10219467.779237544164062, 2708381.046533365733922 ], [ 10219481.255221627652645, 2708397.25830961484462 ], [ 10219480.957289893180132, 2708400.819139471277595 ], [ 10219476.3520806171, 2708418.919591966085136 ], [ 10219473.073124516755342, 2708430.48913832847029 ], [ 10219466.061997210606933, 2708447.666408499702811 ], [ 10219458.603949373587966, 2708467.375595938414335 ], [ 10219454.489604504778981, 2708478.59791351808235 ], [ 10219452.400191318243742, 2708489.542897561565042 ], [ 10219453.779090546071529, 2708492.898508049547672 ], [ 10219458.054935660213232, 2708497.168596241623163 ], [ 10219466.820341370999813, 2708498.583041446749121 ], [ 10219480.757951505482197, 2708498.11747858626768 ], [ 10219490.974804122000933, 2708495.786089953500777 ], [ 10219493.864219304174185, 2708493.156171049457043 ], [ 10219499.310170305892825, 2708486.947439711075276 ], [ 10219506.655020210891962, 2708479.508990391623229 ], [ 10219515.438038220629096, 2708472.561075427103788 ], [ 10219525.41967742703855, 2708466.766009299084544 ], [ 10219540.313302790746093, 2708457.932231502607465 ], [ 10219549.629442799836397, 2708447.770397625397891 ], [ 10219559.364464497193694, 2708432.860368482302874 ], [ 10219566.161138534545898, 2708422.150493184104562 ], [ 10219558.407752588391304, 2708419.32460253033787 ], [ 10219555.284227017313242, 2708416.66920470027253 ], [ 10219550.596318991854787, 2708405.679316947702318 ], [ 10219542.182616414502263, 2708390.66209329245612 ], [ 10219534.461941923946142, 2708377.212845506612211 ], [ 10219527.700146351009607, 2708366.182837544474751 ], [ 10219521.13166868686676, 2708357.475916938390583 ], [ 10219516.30188312381506, 2708352.09624280501157 ], [ 10219509.278369896113873, 2708344.823981798253953 ], [ 10219506.436564348638058, 2708339.562818706035614 ], [ 10219500.316871942952275, 2708327.18268707441166 ], [ 10219494.963663183152676, 2708316.20461285719648 ], [ 10219485.345731303095818, 2708303.458379364106804 ], [ 10219476.609644964337349, 2708293.714302039239556 ], [ 10219470.496002418920398, 2708286.67835809616372 ], [ 10219468.154391031712294, 2708276.316525067668408 ], [ 10219462.916505686938763, 2708257.567014168947935 ], [ 10219457.693776471540332, 2708239.058663227595389 ], [ 10219453.26675071567297, 2708219.252370726782829 ], [ 10219451.659750750288367, 2708208.460675926879048 ], [ 10219457.926685756072402, 2708200.536648436449468 ], [ 10219466.9665282741189, 2708189.556902814190835 ], [ 10219472.859794605523348, 2708183.97688412386924 ], [ 10219495.980016911402345, 2708178.849775723181665 ], [ 10219516.697412407025695, 2708174.840506596025079 ], [ 10219534.703855141997337, 2708171.811843515839428 ], [ 10219550.202164582908154, 2708169.496901500038803 ], [ 10219565.323345063254237, 2708168.088519211858511 ], [ 10219592.527415962889791, 2708168.11251683998853 ], [ 10219628.742103006690741, 2708170.47940380545333 ], [ 10219642.827524822205305, 2708171.613127074204385 ], [ 10219650.461104592308402, 2708166.342532528564334 ], [ 10219656.451612485572696, 2708161.342347798869014 ], [ 10219663.843726644292474, 2708155.988133767154068 ], [ 10219669.963747773319483, 2708152.774427866563201 ], [ 10219680.093443293124437, 2708147.975495710037649 ], [ 10219683.575252382084727, 2708146.772597099654377 ], [ 10219683.810743264853954, 2708161.495148764457554 ], [ 10219686.110334107652307, 2708173.196463004220277 ], [ 10219688.26254472322762, 2708188.324118027463555 ], [ 10219692.668534277006984, 2708216.27319019054994 ], [ 10219694.683007773011923, 2708223.524214327801019 ], [ 10219695.977747403085232, 2708235.791962211485952 ], [ 10219698.441285483539104, 2708249.377778430003673 ], [ 10219701.422634914517403, 2708261.374342776369303 ], [ 10219703.921874823048711, 2708277.000692550558597 ], [ 10219701.887105671688914, 2708278.584072635509074 ], [ 10219708.901712648570538, 2708300.579429811332375 ], [ 10219711.910284079611301, 2708299.051072749774903 ], [ 10219719.618247477337718, 2708295.334222122561187 ], [ 10219727.182142404839396, 2708298.259265459142625 ], [ 10219738.243652295321226, 2708303.540757860988379 ], [ 10219739.243767382577062, 2708303.937304937746376 ], [ 10219747.839128885418177, 2708307.34488888271153 ], [ 10219762.026915883645415, 2708313.867632552515715 ], [ 10219761.570424765348434, 2708313.204712686128914 ], [ 10219758.942017856985331, 2708307.040044640190899 ], [ 10219760.666637927293777, 2708305.198843378107995 ], [ 10219764.735402286052704, 2708305.115952794905752 ], [ 10219774.763309622183442, 2708303.226621681824327 ], [ 10219786.649992093443871, 2708302.797037176322192 ], [ 10219800.746932124719024, 2708302.086807494983077 ], [ 10219806.651549350470304, 2708300.906941950321198 ], [ 10219814.460428221151233, 2708300.044596035964787 ], [ 10219815.254851205274463, 2708314.274567409884185 ], [ 10219815.656153796240687, 2708345.959894375409931 ], [ 10219815.777981165796518, 2708352.300659061409533 ], [ 10219815.530666962265968, 2708358.454512785654515 ], [ 10219820.317094307392836, 2708361.218904373236001 ], [ 10219843.170391388237476, 2708374.706543524749577 ], [ 10219863.343370819464326, 2708385.160693314857781 ], [ 10219880.57649733312428, 2708394.840769956819713 ], [ 10219896.554405516013503, 2708403.44955460075289 ], [ 10219908.866200579330325, 2708410.738310609012842 ], [ 10219918.68782808072865, 2708415.642250676173717 ], [ 10219923.224634915590286, 2708416.097600109409541 ], [ 10219930.78971815481782, 2708415.740624706726521 ], [ 10219936.913332890719175, 2708414.313651056960225 ], [ 10219941.345432765781879, 2708412.09347701119259 ], [ 10219946.724674871191382, 2708403.798905461560935 ], [ 10219951.457133935764432, 2708393.71343215694651 ], [ 10219953.803641391918063, 2708383.819497940596193 ], [ 10219961.029974810779095, 2708359.46670393878594 ], [ 10219965.230619225651026, 2708348.404482673853636 ], [ 10219971.52650741674006, 2708336.183408761397004 ], [ 10219996.11606671847403, 2708295.474592413753271 ], [ 10220009.271153710782528, 2708271.144292928744107 ], [ 10220010.17639983817935, 2708269.470163990277797 ], [ 10220016.679566167294979, 2708257.13758049486205 ], [ 10220022.471106747165322, 2708244.820763537660241 ], [ 10220027.649307832121849, 2708232.496744067873806 ], [ 10220029.06914946436882, 2708218.137479064054787 ], [ 10220030.774847203865647, 2708193.600209971424192 ], [ 10220032.196775432676077, 2708179.560347022023052 ], [ 10220021.896235084161162, 2708163.051962986122817 ], [ 10220023.686326712369919, 2708153.52504013851285 ], [ 10220029.100232115015388, 2708135.21956600761041 ], [ 10220035.347815429791808, 2708122.305057232733816 ], [ 10220036.085452061146498, 2708120.824430549051613 ], [ 10220021.145814867690206, 2708112.314033132977784 ], [ 10219997.637519290670753, 2708099.61650222260505 ], [ 10219986.188744319602847, 2708094.507879540324211 ], [ 10219976.805924948304892, 2708088.978551412001252 ], [ 10219969.181450456380844, 2708086.65534121543169 ], [ 10219950.042801616713405, 2708079.850175337400287 ], [ 10219940.883702270686626, 2708077.751600521150976 ], [ 10219933.767760248854756, 2708093.888141528703272 ], [ 10219930.523581782355905, 2708100.562693587504327 ], [ 10219899.523472566157579, 2708087.503690567798913 ], [ 10219890.706183258444071, 2708081.865583760198206 ], [ 10219887.410690657794476, 2708079.367041905876249 ], [ 10219876.961032308638096, 2708068.984285036101937 ], [ 10219869.483505010604858, 2708058.845216856338084 ], [ 10219860.091203944757581, 2708049.025292211677879 ], [ 10219847.775130929425359, 2708036.744087803177536 ], [ 10219829.145851336419582, 2708037.216316482052207 ], [ 10219812.659046534448862, 2708038.528385239653289 ], [ 10219798.366334626451135, 2708039.889490647707134 ], [ 10219786.646361408755183, 2708039.85537646105513 ], [ 10219763.250465277582407, 2708036.066069828812033 ], [ 10219762.537360925227404, 2708024.611311340238899 ], [ 10219760.704194830730557, 2708010.8827144196257 ], [ 10219771.218059225007892, 2708009.3360730917193 ], [ 10219776.759642360731959, 2708007.372615667060018 ], [ 10219787.871410507708788, 2708000.701733069028705 ], [ 10219803.598098631948233, 2707993.993041503243148 ], [ 10219814.066867465153337, 2707989.868432409595698 ], [ 10219823.854180691763759, 2707986.710519581567496 ], [ 10219845.798066316172481, 2707984.840927600394934 ], [ 10219860.264465495944023, 2707985.309233280364424 ], [ 10219875.420622939243913, 2707981.540592827368528 ], [ 10219898.804472498595715, 2707976.529038017615676 ], [ 10219910.107022503390908, 2707973.289392409380525 ], [ 10219925.409125935286283, 2707967.883013843558729 ], [ 10219926.262915382161736, 2707981.135041009169072 ], [ 10219929.041566357016563, 2707997.754722959827632 ], [ 10219930.514060083776712, 2708010.820238128770143 ], [ 10219932.980640569701791, 2708019.577494113240391 ], [ 10219936.36017806828022, 2708024.389985136687756 ], [ 10219946.04622358456254, 2708024.174670286942273 ], [ 10219946.987949462607503, 2708016.882531234528869 ], [ 10219947.148846937343478, 2707995.513957733288407 ], [ 10219948.538964163511992, 2707968.318789711687714 ], [ 10219949.893742157146335, 2707949.08002624521032 ], [ 10219955.034419437870383, 2707944.786118765827268 ], [ 10219958.405160214751959, 2707940.984533776994795 ], [ 10219960.013305267319083, 2707937.477463135495782 ], [ 10219962.292361414059997, 2707931.774728782940656 ], [ 10219987.89985192194581, 2707923.519482044503093 ], [ 10219988.480073127895594, 2707919.88787077460438 ], [ 10219988.307238487526774, 2707914.371213601436466 ], [ 10219980.867398839443922, 2707903.265961700119078 ], [ 10219969.726182410493493, 2707890.777684770524502 ], [ 10219960.904207920655608, 2707881.123461203183979 ], [ 10219948.214632911607623, 2707864.953433987684548 ], [ 10219940.553548544645309, 2707856.16752991778776 ], [ 10219933.7325335200876, 2707848.617815921548754 ], [ 10219921.797931203618646, 2707836.308143198024482 ], [ 10219917.704680487513542, 2707829.368412268813699 ], [ 10219913.831170227378607, 2707820.021699083037674 ], [ 10219910.969953386113048, 2707812.401834805961698 ], [ 10219907.154605200514197, 2707806.379052865784615 ], [ 10219900.409180015325546, 2707798.15856019128114 ], [ 10219893.280711535364389, 2707787.37708093598485 ], [ 10219890.073803801089525, 2707783.077248933259398 ], [ 10219885.330501763150096, 2707776.401530916336924 ], [ 10219879.319772394374013, 2707767.761994750238955 ], [ 10219874.817121308296919, 2707760.500452028121799 ], [ 10219872.738765697926283, 2707758.95702897477895 ], [ 10219867.637717057019472, 2707757.412177199497819 ], [ 10219865.365735029801726, 2707757.276824589353055 ], [ 10219862.297308966517448, 2707757.769977394957095 ], [ 10219864.249107830226421, 2707762.059008146170527 ], [ 10219869.345196187496185, 2707769.562553845811635 ], [ 10219872.397754991427064, 2707777.519133612979203 ], [ 10219873.295566275715828, 2707783.308300994336605 ], [ 10219854.467092322185636, 2707791.092252186033875 ], [ 10219849.504136487841606, 2707793.692995947320014 ], [ 10219845.271023351699114, 2707799.967912319116294 ], [ 10219844.441681388765574, 2707801.837014710530639 ], [ 10219844.340426817536354, 2707807.907223187852651 ], [ 10219842.543828243389726, 2707811.867534577846527 ], [ 10219839.587604265660048, 2707815.036211174447089 ], [ 10219834.774604903534055, 2707818.106118100695312 ], [ 10219820.615654248744249, 2707795.279308111872524 ], [ 10219814.168089533224702, 2707785.363563224673271 ], [ 10219811.114722127094865, 2707786.723396751563996 ], [ 10219804.05917900800705, 2707788.219859485980123 ], [ 10219800.31443153694272, 2707776.248211501631886 ], [ 10219796.483978886157274, 2707764.365797995589674 ], [ 10219792.963362542912364, 2707753.355888483114541 ], [ 10219790.20158832706511, 2707747.676620228216052 ], [ 10219781.417735664173961, 2707740.194365613628179 ], [ 10219773.594902219250798, 2707730.259101582691073 ], [ 10219768.70600456930697, 2707722.115426130592823 ], [ 10219764.81731441617012, 2707708.774721664376557 ], [ 10219762.860798314213753, 2707696.727602025028318 ], [ 10219761.951222026720643, 2707687.767363851889968 ], [ 10219762.128274897113442, 2707683.539491238072515 ], [ 10219764.695796012878418, 2707678.106203582137823 ], [ 10219767.769371002912521, 2707672.916269730310887 ], [ 10219767.367713192477822, 2707669.291141535621136 ], [ 10219767.050313794985414, 2707665.489022907335311 ], [ 10219770.767882879823446, 2707664.051603809930384 ], [ 10219776.911953005939722, 2707663.471144029404968 ], [ 10219781.789417318999767, 2707661.596192523371428 ], [ 10219780.925662260502577, 2707654.632412553299218 ], [ 10219778.084078615531325, 2707640.022261112928391 ], [ 10219773.427057517692447, 2707611.44217359367758 ], [ 10219772.106871541589499, 2707597.715811445377767 ], [ 10219769.736381752416492, 2707571.355915635824203 ], [ 10219769.092104936018586, 2707563.214165706187487 ], [ 10219767.572257991880178, 2707561.781551875639707 ], [ 10219743.475217651575804, 2707572.774937841575593 ], [ 10219726.343992374837399, 2707582.141811218112707 ], [ 10219714.615964470431209, 2707587.243249206338078 ], [ 10219703.199561264365911, 2707590.824897836893797 ], [ 10219695.175563868135214, 2707593.095542703289539 ], [ 10219691.958714382722974, 2707585.097942707594484 ], [ 10219684.14244394376874, 2707561.171593744307756 ], [ 10219682.352819992229342, 2707554.301021452527493 ], [ 10219681.254379982128739, 2707548.263187737204134 ], [ 10219680.273145589977503, 2707535.200355655513704 ], [ 10219673.949841188266873, 2707530.516790365800261 ], [ 10219667.843510499224067, 2707533.247330419253558 ], [ 10219660.200780721381307, 2707538.605714967940003 ], [ 10219654.456151146441698, 2707542.679579724557698 ], [ 10219651.671267002820969, 2707535.672919742297381 ], [ 10219646.299262445420027, 2707523.609455363359302 ], [ 10219656.695155285298824, 2707518.454844817519188 ], [ 10219662.439884692430496, 2707514.380985326133668 ], [ 10219666.130887728184462, 2707511.429775008931756 ], [ 10219669.680060792714357, 2707504.728195197880268 ], [ 10219671.900599801912904, 2707498.796281586401165 ], [ 10219672.465891998261213, 2707493.058311389293522 ], [ 10219670.788753872737288, 2707487.623230099212378 ], [ 10219664.000426447018981, 2707470.065280252601951 ], [ 10219656.388303676620126, 2707453.443675800226629 ], [ 10219646.730771701782942, 2707429.045269292779267 ], [ 10219640.526572242379189, 2707411.817253014538437 ], [ 10219635.234283350408077, 2707394.946214161813259 ], [ 10219633.315519658848643, 2707386.300280629191548 ], [ 10219636.312645073980093, 2707382.351813823916018 ], [ 10219638.292538896203041, 2707377.016730577219278 ], [ 10219638.994560761377215, 2707372.230996085330844 ], [ 10219642.983695903792977, 2707371.348529057111591 ], [ 10219654.011754287406802, 2707366.160814438015223 ], [ 10219660.924471203237772, 2707362.746642100159079 ], [ 10219665.826372057199478, 2707361.650441091042012 ], [ 10219687.35267492942512, 2707357.427573517430574 ], [ 10219692.33390836790204, 2707351.563208516687155 ], [ 10219694.473716743290424, 2707350.536305455956608 ], [ 10219700.948566146194935, 2707348.33288708794862 ], [ 10219695.180173464119434, 2707331.174801096320152 ], [ 10219690.983176266774535, 2707320.780651793815196 ], [ 10219687.416376618668437, 2707308.367142047267407 ], [ 10219682.87982864677906, 2707282.923809970729053 ], [ 10219678.291175860911608, 2707260.114986465778202 ], [ 10219673.526665443554521, 2707234.105191377922893 ], [ 10219661.462595589458942, 2707235.580324021168053 ], [ 10219652.812768932431936, 2707235.118726026266813 ], [ 10219629.392889596521854, 2707248.623582547996193 ], [ 10219615.776458065956831, 2707254.921346864197403 ], [ 10219601.817112252116203, 2707259.085475230589509 ], [ 10219592.595520749688148, 2707260.872460732236505 ], [ 10219585.840006459504366, 2707260.168753304984421 ], [ 10219578.684276767075062, 2707257.793404458556324 ], [ 10219572.019161315634847, 2707261.642074991483241 ], [ 10219565.289944652467966, 2707266.194085404276848 ], [ 10219563.145944183692336, 2707266.506240461952984 ], [ 10219557.881533566862345, 2707281.204516236670315 ], [ 10219551.774353738874197, 2707295.753046069759876 ], [ 10219545.020888306200504, 2707310.78486243635416 ], [ 10219541.795130478218198, 2707315.384809942916036 ], [ 10219540.914612965658307, 2707314.324952128808945 ], [ 10219529.826928334310651, 2707311.733731882181019 ], [ 10219515.021217327564955, 2707307.419448539149016 ], [ 10219508.600822357460856, 2707305.294350967276841 ], [ 10219504.039229582995176, 2707307.130661574192345 ], [ 10219495.53828657977283, 2707310.825097010005265 ], [ 10219489.333259580656886, 2707312.898982910439372 ], [ 10219477.952569549903274, 2707308.524141154251993 ], [ 10219468.027117887511849, 2707305.62702528713271 ], [ 10219465.502084849402308, 2707305.989884046372026 ], [ 10219454.481687106192112, 2707311.001697652507573 ], [ 10219445.959123630076647, 2707314.081986112520099 ], [ 10219439.666909350082278, 2707314.917424125596881 ], [ 10219439.357749287039042, 2707306.583242313470691 ], [ 10219440.072248686105013, 2707293.139503515791148 ], [ 10219440.572994612157345, 2707278.075514041818678 ], [ 10219440.696516189724207, 2707263.9070890750736 ], [ 10219440.338820604607463, 2707237.171858883928508 ], [ 10219442.23240027576685, 2707220.645920947659761 ], [ 10219442.771799881011248, 2707213.416086526587605 ], [ 10219450.913414534181356, 2707205.393557888455689 ], [ 10219463.029314843937755, 2707207.516873141285032 ], [ 10219470.282847534865141, 2707209.868644008878618 ], [ 10219482.427258271723986, 2707212.375461058691144 ], [ 10219502.823517495766282, 2707214.4183065649122 ], [ 10219483.611398303881288, 2707190.83632203983143 ], [ 10219466.246251314878464, 2707168.044845992699265 ], [ 10219452.71377862431109, 2707152.285081093665212 ], [ 10219438.777036646381021, 2707146.750638942234218 ], [ 10219429.412255294620991, 2707151.325046959333122 ], [ 10219414.468104910105467, 2707158.447079489007592 ], [ 10219396.754502991214395, 2707166.934841212350875 ], [ 10219389.593277614563704, 2707179.241349834017456 ], [ 10219383.152596704661846, 2707193.444496763404459 ], [ 10219374.982514418661594, 2707205.461660566739738 ], [ 10219368.825761821120977, 2707219.056299373041838 ], [ 10219365.10432318970561, 2707234.01247594691813 ], [ 10219266.408247193321586, 2707226.976349054370075 ], [ 10219269.010350488126278, 2707218.524982814211398 ], [ 10219239.485072506591678, 2707209.81771452492103 ], [ 10219230.177622584626079, 2707206.690085566602647 ], [ 10219228.120708512142301, 2707214.495304351206869 ], [ 10219221.521824249997735, 2707232.77224249066785 ], [ 10219218.621485710144043, 2707241.02032257290557 ], [ 10219217.355241641402245, 2707253.497158394195139 ], [ 10219216.810978442430496, 2707266.707451592665166 ], [ 10219219.353057365864515, 2707294.830601551104337 ], [ 10219219.865030443295836, 2707304.159734168089926 ], [ 10219218.584605207666755, 2707307.693682346493006 ], [ 10219216.834201212972403, 2707308.679239916149527 ], [ 10219215.30686678737402, 2707308.695253792218864 ], [ 10219211.609211500734091, 2707299.389415934681892 ], [ 10219207.748828990384936, 2707292.017739231232554 ], [ 10219200.236286135390401, 2707294.827767047099769 ], [ 10219198.627045707777143, 2707300.781702188774943 ], [ 10219194.146666880697012, 2707298.523482793942094 ], [ 10219192.960949441418052, 2707296.854523333720863 ], [ 10219196.032617684453726, 2707287.165932511910796 ], [ 10219204.615810485556722, 2707264.420727638527751 ], [ 10219211.288176028057933, 2707241.599658198654652 ], [ 10219215.298025669530034, 2707218.770682998932898 ], [ 10219216.316307945176959, 2707212.543214794714004 ], [ 10219218.591020736843348, 2707198.631835723295808 ], [ 10219223.451702024787664, 2707171.409730786457658 ], [ 10219225.982434717938304, 2707156.364881793037057 ], [ 10219219.017284262925386, 2707134.267394810914993 ], [ 10219228.035692935809493, 2707131.463758586905897 ], [ 10219238.697835283353925, 2707125.942712354939431 ], [ 10219249.257885074242949, 2707118.942012520041317 ], [ 10219259.160280277952552, 2707109.901055590715259 ], [ 10219260.795105474069715, 2707107.293577420525253 ], [ 10219264.788919908925891, 2707097.928929190617055 ], [ 10219271.923639582470059, 2707075.977741666603833 ], [ 10219273.340219197794795, 2707064.617655375041068 ], [ 10219273.474253609776497, 2707052.292650097981095 ], [ 10219272.034578517079353, 2707042.321686205919832 ], [ 10219270.654038308188319, 2707035.740317362826318 ], [ 10219267.996969312429428, 2707027.919545685872436 ], [ 10219264.897465217858553, 2707024.122738462872803 ], [ 10219261.177403777837753, 2707020.413697999436408 ], [ 10219259.722647732123733, 2707017.081660025753081 ], [ 10219258.950118919834495, 2707013.452301181387156 ], [ 10219250.077060762792826, 2707018.952713997568935 ], [ 10219218.89028344117105, 2707036.31377486884594 ], [ 10219203.144813181832433, 2707043.164327916223556 ], [ 10219193.666066497564316, 2707047.095409590285271 ], [ 10219189.09627116844058, 2707047.834350349847227 ], [ 10219176.62878455221653, 2707046.814366715028882 ], [ 10219167.367529505863786, 2707046.955874279141426 ], [ 10219168.823813799768686, 2707040.368334010709077 ], [ 10219170.413338074460626, 2707035.161144867073745 ], [ 10219185.731839990243316, 2707035.110294307116419 ], [ 10219195.245755350217223, 2707030.695855457335711 ], [ 10219221.602978408336639, 2707017.941032894421369 ], [ 10219243.107987986877561, 2707006.632378200534731 ], [ 10219245.710309222340584, 2707001.319514075759798 ], [ 10219247.045122034847736, 2706995.897293742280453 ], [ 10219249.135160678997636, 2706986.862506064586341 ], [ 10219250.006549917161465, 2706976.148610463831574 ], [ 10219249.492403004318476, 2706958.568047480192035 ], [ 10219247.719941489398479, 2706950.161179641261697 ], [ 10219244.813681842759252, 2706944.309038559440523 ], [ 10219238.296934645622969, 2706937.895200139842927 ], [ 10219216.229852665215731, 2706939.502559245564044 ], [ 10219186.538846272975206, 2706941.902895295061171 ], [ 10219187.047087976709008, 2706939.765159622766078 ], [ 10219182.731426417827606, 2706931.304455930832773 ], [ 10219190.964990936219692, 2706929.809466954320669 ], [ 10219209.608020791783929, 2706927.691932593937963 ], [ 10219228.434490326792002, 2706926.086840990465134 ], [ 10219232.527705084532499, 2706921.175531390123069 ], [ 10219239.953549752011895, 2706913.40736379660666 ], [ 10219249.825641673058271, 2706902.007938143331558 ], [ 10219255.699294893071055, 2706885.949691751971841 ], [ 10219261.168327754363418, 2706870.469186407048255 ], [ 10219281.09621343947947, 2706890.713573923334479 ], [ 10219285.728278443217278, 2706875.412391774822026 ], [ 10219289.574665296822786, 2706868.234068192541599 ], [ 10219310.66274699382484, 2706863.681249187793583 ], [ 10219337.773309297859669, 2706862.226058679167181 ], [ 10219337.84698735922575, 2706861.445611339528114 ], [ 10219338.165821542963386, 2706855.339040785096586 ], [ 10219347.793367465957999, 2706709.933285243343562 ], [ 10219349.600708596408367, 2706692.8386898371391 ], [ 10219264.434509610757232, 2706701.255018830765039 ], [ 10219250.856893224641681, 2706704.753549802582711 ], [ 10219242.14694707468152, 2706707.716299994383007 ], [ 10219229.967043666169047, 2706713.154266371857375 ], [ 10219228.755372198298573, 2706721.877033301629126 ], [ 10219224.44559383019805, 2706748.770509166177362 ], [ 10219222.33590822853148, 2706766.056906001642346 ], [ 10219220.721980940550566, 2706780.492659512907267 ], [ 10219219.576171403750777, 2706784.232684187591076 ], [ 10219212.939310809597373, 2706784.064468191470951 ], [ 10219179.714389484375715, 2706786.527132496237755 ], [ 10219166.244427194818854, 2706787.445170972961932 ], [ 10219148.677589096128941, 2706788.073276628740132 ], [ 10219135.505269477143884, 2706788.547112072817981 ], [ 10219098.584500471130013, 2706789.297149186953902 ], [ 10219082.141776749864221, 2706789.938281320035458 ], [ 10219078.037953810766339, 2706799.875276592560112 ], [ 10219077.610596193000674, 2706808.529351693578064 ], [ 10219078.806362524628639, 2706817.659520165529102 ], [ 10219082.338287590071559, 2706832.487451502121985 ], [ 10219086.074243940412998, 2706849.001443751621991 ], [ 10219091.395035086199641, 2706869.426765863317996 ], [ 10219090.522026095539331, 2706869.420269158203155 ], [ 10218952.590160768479109, 2706867.91345745138824 ], [ 10218860.140257300809026, 2706867.282718015834689 ], [ 10218830.966994291171432, 2706832.38747460860759 ], [ 10218825.807428821921349, 2706821.198397275526077 ], [ 10218823.593210579827428, 2706811.844644709024578 ], [ 10218824.497859075665474, 2706804.904943366535008 ], [ 10218829.405035538598895, 2706784.705270277801901 ], [ 10218836.725974898785353, 2706757.758840102702379 ], [ 10218841.133700802922249, 2706742.088843082077801 ], [ 10218847.38376834616065, 2706716.927891864906996 ], [ 10218852.784567782655358, 2706695.63334114709869 ], [ 10218858.1815828345716, 2706673.494012080598623 ], [ 10218865.692368354648352, 2706649.935025917831808 ], [ 10218910.128437155857682, 2706625.275194982532412 ], [ 10218919.23281210847199, 2706596.124840423464775 ], [ 10218929.466500727459788, 2706566.033033574 ], [ 10218933.617290660738945, 2706550.653001185506582 ], [ 10218937.592806277796626, 2706540.235754264518619 ], [ 10218938.013509461656213, 2706534.950491148047149 ], [ 10218937.960377268493176, 2706529.399258863646537 ], [ 10218937.508089952170849, 2706524.107494252268225 ], [ 10218934.773601923137903, 2706514.335162242408842 ], [ 10218932.410823669284582, 2706508.978340353351086 ], [ 10218926.740094859153032, 2706502.889737555757165 ], [ 10218927.585193518549204, 2706499.41844548843801 ], [ 10218929.549368871375918, 2706496.925953411962837 ], [ 10218932.049705032259226, 2706495.148301543202251 ], [ 10218936.425898870453238, 2706494.577366468962282 ], [ 10218941.543086031451821, 2706492.698559649754316 ], [ 10218945.887691093608737, 2706490.317809536121786 ], [ 10218949.270838929340243, 2706485.978810326661915 ], [ 10218954.293699342757463, 2706478.692176811862737 ], [ 10218958.039074981585145, 2706471.351349990349263 ], [ 10218962.197836693376303, 2706464.56283071776852 ], [ 10218964.804189633578062, 2706457.604150727391243 ], [ 10218966.649749137461185, 2706450.81247587967664 ], [ 10218967.477053161710501, 2706445.070205062627792 ], [ 10218967.149851560592651, 2706441.323429859708995 ], [ 10218968.847794484347105, 2706425.042174389585853 ], [ 10218973.16865917108953, 2706424.824266142211854 ], [ 10218979.794702049344778, 2706423.127369065303355 ], [ 10218985.695239225402474, 2706421.750600402243435 ], [ 10218988.471696358174086, 2706421.416383481584489 ], [ 10219006.369500532746315, 2706421.023880525492132 ], [ 10219029.306293174624443, 2706422.407950378023088 ], [ 10219055.1626903899014, 2706422.906580572016537 ], [ 10219057.056289875879884, 2706416.366433040238917 ], [ 10219059.56752829067409, 2706410.835852881893516 ], [ 10219062.213084600865841, 2706410.503972368780524 ], [ 10219066.507085938006639, 2706413.983340034261346 ], [ 10219068.234893653541803, 2706417.332399632316083 ], [ 10219075.167268691584468, 2706434.458955550100654 ], [ 10219083.041443230584264, 2706448.650194095913321 ], [ 10219089.713626468554139, 2706460.229260956868529 ], [ 10219095.089220222085714, 2706465.039236422628164 ], [ 10219100.175530074164271, 2706468.899644908960909 ], [ 10219105.942496284842491, 2706470.498580241575837 ], [ 10219118.843968123197556, 2706468.899467919021845 ], [ 10219127.968204818665981, 2706468.431247936561704 ], [ 10219134.405473306775093, 2706466.551149952225387 ], [ 10219140.02151070535183, 2706462.622593486681581 ], [ 10219149.499924652278423, 2706453.062904939521104 ], [ 10219167.429568469524384, 2706431.975449722725898 ], [ 10219177.699900861829519, 2706421.534927577245981 ], [ 10219181.426470462232828, 2706419.373411540407687 ], [ 10219248.534497750923038, 2706395.991690672002733 ], [ 10219247.657486511394382, 2706392.627650130540133 ], [ 10219244.423494936898351, 2706381.119756506755948 ], [ 10219241.799705458804965, 2706371.444388324394822 ], [ 10219239.519847879186273, 2706360.215788409113884 ], [ 10219238.078811705112457, 2706350.168458885978907 ], [ 10219235.82488046772778, 2706336.053696072660387 ], [ 10219231.165343584492803, 2706334.764432803727686 ], [ 10219225.002035435289145, 2706329.836788377258927 ], [ 10219217.049233289435506, 2706321.144274391699582 ], [ 10219211.003026746213436, 2706315.424674320034683 ], [ 10219211.147703666239977, 2706309.957805796060711 ], [ 10219212.238049248233438, 2706306.164049208629876 ], [ 10219209.836245529353619, 2706298.580586699768901 ], [ 10219207.308203680440784, 2706286.259198274463415 ], [ 10219205.125456070527434, 2706279.341204748954624 ], [ 10219202.134271074086428, 2706265.491901592351496 ], [ 10219199.453865293413401, 2706253.820661342237145 ], [ 10219197.275577599182725, 2706245.915068830829114 ], [ 10219195.324010102078319, 2706234.73568701883778 ], [ 10219193.808227330446243, 2706229.155460404232144 ], [ 10219190.987811610102654, 2706218.210932227317244 ], [ 10219189.45210574567318, 2706211.489971986040473 ], [ 10219186.68222963064909, 2706200.939470734912902 ], [ 10219184.227467868477106, 2706191.568441448733211 ], [ 10219181.600519832223654, 2706182.95768169965595 ], [ 10219181.12256533652544, 2706179.948630710598081 ], [ 10219180.315795160830021, 2706166.850937654264271 ], [ 10219180.114760374650359, 2706157.209820946212858 ], [ 10219179.671376202255487, 2706129.292919444385916 ], [ 10219178.994158502668142, 2706110.487357683014125 ], [ 10219178.065074354410172, 2706099.761739972513169 ], [ 10219177.180516522377729, 2706092.206461895257235 ], [ 10219175.091414853930473, 2706082.532820684835315 ], [ 10219179.395790440961719, 2706074.096052881795913 ], [ 10219180.017092259600759, 2706072.186890173703432 ], [ 10219181.321913987398148, 2706068.180852254852653 ], [ 10219182.272223921492696, 2706062.612092772033066 ], [ 10219183.052113447338343, 2706050.408068331424147 ], [ 10219182.904400220140815, 2706045.067215179093182 ], [ 10219182.722514647990465, 2706037.773888124618679 ], [ 10219181.520063672214746, 2706025.758495751768351 ], [ 10219180.933587498962879, 2706020.282660447992384 ], [ 10219182.93705602735281, 2706012.544847543817014 ], [ 10219184.854598574340343, 2706006.136148505378515 ], [ 10219184.053528970107436, 2706000.872548646293581 ], [ 10219180.814652875065804, 2705988.454224466811866 ], [ 10219179.529751002788544, 2705987.346858879551291 ], [ 10219173.930352529510856, 2705984.713503951206803 ], [ 10219172.480275344103575, 2705982.895804538857192 ], [ 10219172.156709713861346, 2705980.608206938020885 ], [ 10219183.098452934995294, 2705961.762388906441629 ], [ 10219187.667034938931465, 2705955.965310641564429 ], [ 10219190.94560420140624, 2705951.902544931508601 ], [ 10219191.369662744924426, 2705948.065780577249825 ], [ 10219189.736816788092256, 2705942.652321868576109 ], [ 10219188.477277593687177, 2705933.622500838246197 ], [ 10219191.032798843458295, 2705925.633548395708203 ], [ 10219197.15649133734405, 2705914.542234198655933 ], [ 10219198.043018575757742, 2705911.575090594124049 ], [ 10219197.260978303849697, 2705905.521268338430673 ], [ 10219196.613939797505736, 2705895.328587892930955 ], [ 10219196.4445227868855, 2705890.624466313514858 ], [ 10219196.333765236660838, 2705887.400665425695479 ], [ 10219200.641417158767581, 2705878.535851252730936 ], [ 10219208.406357089057565, 2705864.584881881251931 ], [ 10219215.360569091513753, 2705854.828626560978591 ], [ 10219221.744456319138408, 2705846.14671306591481 ], [ 10219226.320770930498838, 2705837.672223469242454 ], [ 10219226.878367800265551, 2705830.859629078302532 ], [ 10219225.527774592861533, 2705822.862903923727572 ], [ 10219223.699690813198686, 2705814.391703136730939 ], [ 10219219.890609124675393, 2705800.557243725750595 ], [ 10219217.718940664082766, 2705793.024835196789354 ], [ 10219213.701504308730364, 2705777.877421053592116 ], [ 10219210.833622124046087, 2705764.838269928004593 ], [ 10219209.357277121394873, 2705758.390837414190173 ], [ 10219209.205568458884954, 2705757.822892927099019 ], [ 10219205.940120134502649, 2705745.130972166080028 ], [ 10219203.70857946574688, 2705736.041605874896049 ], [ 10219202.2749766074121, 2705728.913076461758465 ], [ 10219202.339947871863842, 2705719.508846322074533 ], [ 10219205.889124106615782, 2705707.815816631540656 ], [ 10219211.526440324261785, 2705695.745908683165908 ], [ 10219214.516215082257986, 2705687.639651952777058 ], [ 10219219.220581283792853, 2705675.871418718714267 ], [ 10219222.314063392579556, 2705663.7036048094742 ], [ 10219222.551440473645926, 2705656.677295062690973 ], [ 10219226.005088979378343, 2705644.514302373863757 ], [ 10219229.07409724406898, 2705637.196628710720688 ], [ 10219221.711015330627561, 2705636.020930748898536 ], [ 10219206.227903349325061, 2705636.568452004343271 ], [ 10219194.650936527177691, 2705638.374622042290866 ], [ 10219190.022218599915504, 2705638.840381618589163 ], [ 10219180.09786694124341, 2705642.822717797476798 ], [ 10219170.502294359728694, 2705645.636254275217652 ], [ 10219155.890443438664079, 2705647.342443216126412 ], [ 10219146.960897363722324, 2705648.311887064017355 ], [ 10219138.877023831009865, 2705646.468587825074792 ], [ 10219114.108279835432768, 2705654.465195387601852 ], [ 10219107.640612576156855, 2705658.342727049253881 ], [ 10219101.944150667637587, 2705663.270964978262782 ], [ 10219093.319026961922646, 2705657.926071005873382 ], [ 10219085.270117100328207, 2705653.086771650705487 ], [ 10219079.915824821218848, 2705650.734387821517885 ], [ 10219074.431196765974164, 2705649.042733932845294 ], [ 10219068.3037971239537, 2705648.031622955575585 ], [ 10219064.224239751696587, 2705648.081634873058647 ], [ 10219059.277630550786853, 2705649.715925847180188 ], [ 10219054.471465192735195, 2705654.398011100012809 ], [ 10219052.475468182936311, 2705656.934825916774571 ], [ 10219048.184832490980625, 2705664.273958777077496 ], [ 10219014.531835459172726, 2705675.839536841027439 ], [ 10218999.051936414092779, 2705684.703640424646437 ], [ 10218983.709219982847571, 2705694.705602291040123 ], [ 10218977.584340503439307, 2705698.698423187248409 ], [ 10218973.554384747520089, 2705700.963888640049845 ], [ 10218966.109760195016861, 2705705.132835917174816 ], [ 10218958.39219281822443, 2705711.160972187761217 ], [ 10218944.04161941818893, 2705719.719816103577614 ], [ 10218908.948144180700183, 2705740.669729329179972 ], [ 10218890.111773898825049, 2705750.39380293013528 ], [ 10218869.791111553087831, 2705762.590983672533184 ], [ 10218864.100721642374992, 2705764.117535018827766 ], [ 10218854.008405881002545, 2705765.985170286614448 ], [ 10218845.283920649439096, 2705766.204729524906725 ], [ 10218834.874336794018745, 2705764.885061298497021 ], [ 10218834.710796004161239, 2705765.000376859679818 ], [ 10218802.157027024775743, 2705761.292230511084199 ], [ 10218797.305286020040512, 2705740.942542985547334 ], [ 10218797.048584854230285, 2705739.865858983714134 ], [ 10218790.850528471171856, 2705717.262963480781764 ], [ 10218817.365989003330469, 2705666.115876913070679 ], [ 10218833.838056216016412, 2705654.699931306764483 ], [ 10218833.68306527659297, 2705652.069304210133851 ], [ 10218838.584274893626571, 2705645.323036300484091 ], [ 10218841.443189170211554, 2705639.084345464129001 ], [ 10218843.189095709472895, 2705632.218030930031091 ], [ 10218846.200250823050737, 2705620.940624049864709 ], [ 10218847.839417032897472, 2705607.942809438798577 ], [ 10218849.656859148293734, 2705596.412205727305263 ], [ 10218852.48186270147562, 2705587.60671642748639 ], [ 10218858.294963216409087, 2705585.606159686576575 ], [ 10218878.648762259632349, 2705582.208169793244451 ], [ 10218888.957888692617416, 2705580.270921641029418 ], [ 10218901.492294773459435, 2705576.429188754409552 ], [ 10218915.924964426085353, 2705571.336191744543612 ], [ 10218920.610579246655107, 2705568.49969339184463 ], [ 10218923.052451871335506, 2705566.503546065185219 ], [ 10218931.610845170915127, 2705568.656778910662979 ], [ 10218946.82895159907639, 2705572.316467011813074 ], [ 10218950.652705710381269, 2705573.236590773332864 ], [ 10218976.568665577098727, 2705579.110498916357756 ], [ 10218987.491232411935925, 2705581.068298892583698 ], [ 10218997.45114865526557, 2705583.504026967100799 ], [ 10218996.716774452477694, 2705572.676775398198515 ], [ 10218994.893236950039864, 2705558.192951089236885 ], [ 10218967.886885730549693, 2705552.36025848519057 ], [ 10218952.14490520209074, 2705548.062468801625073 ], [ 10218945.695821911096573, 2705543.611887681297958 ], [ 10218943.341212280094624, 2705528.70956550585106 ], [ 10218942.812607545405626, 2705522.794110365211964 ], [ 10218942.578848615288734, 2705516.269871007651091 ], [ 10218946.037596145644784, 2705511.271524497773498 ], [ 10218951.165519651025534, 2705506.902138497680426 ], [ 10218955.965752782300115, 2705503.756268119905144 ], [ 10218941.126858638599515, 2705478.661849895026535 ], [ 10218944.01532075740397, 2705471.621780255809426 ], [ 10218945.370153767988086, 2705465.475570966023952 ], [ 10218944.983109613880515, 2705460.797423090320081 ], [ 10218942.462202597409487, 2705456.376243231352419 ], [ 10218937.425271145999432, 2705449.070017926860601 ], [ 10218927.82249434478581, 2705438.947671797592193 ], [ 10218914.168855741620064, 2705427.393674294929951 ], [ 10218907.441057721152902, 2705420.720619182568043 ], [ 10218905.416452951729298, 2705416.608938171062618 ], [ 10218905.992520608007908, 2705410.849571195896715 ], [ 10218904.764034330844879, 2705400.458952753338963 ], [ 10218904.629151264205575, 2705399.605483509600163 ], [ 10218903.19028414785862, 2705390.919229233171791 ], [ 10218900.103331273421645, 2705379.058279577177018 ], [ 10218900.122102020308375, 2705374.504628900904208 ], [ 10218903.949156789109111, 2705367.48096870072186 ], [ 10218905.425698503851891, 2705365.183740966487676 ], [ 10218905.495953358709812, 2705363.58067948371172 ], [ 10218903.447200560942292, 2705352.447425019927323 ], [ 10218900.266077453270555, 2705348.95963885448873 ], [ 10218888.382180396467447, 2705338.778756472747773 ], [ 10218887.680135210976005, 2705336.684648013673723 ], [ 10218889.174986254423857, 2705331.062664258759469 ], [ 10218890.653287129476666, 2705323.235666259657592 ], [ 10218893.35244558006525, 2705307.838446022942662 ], [ 10218894.496282935142517, 2705300.225908611435443 ], [ 10218897.118910171091557, 2705281.692220205441117 ], [ 10218901.092543229460716, 2705259.294552957173437 ], [ 10218868.967760551720858, 2705252.081852631643414 ], [ 10218856.328991234302521, 2705279.338983731810004 ], [ 10218827.537520859390497, 2705287.482852831017226 ], [ 10218826.93865404650569, 2705285.672046863473952 ], [ 10218825.468231398612261, 2705271.412770393770188 ], [ 10218825.725075865164399, 2705256.727988861035556 ], [ 10218826.754468703642488, 2705251.937103907577693 ], [ 10218829.844818014651537, 2705245.837249076925218 ], [ 10218832.221852233633399, 2705239.497519485186785 ], [ 10218835.656575771048665, 2705232.502913566771895 ], [ 10218842.687983920797706, 2705228.429169942159206 ], [ 10218853.922288810834289, 2705223.249981281347573 ], [ 10218865.987698497250676, 2705215.67529704188928 ], [ 10218867.174827858805656, 2705214.930317625869066 ], [ 10218868.472208801656961, 2705210.496725496370345 ], [ 10218871.029262445867062, 2705193.829554318916053 ], [ 10218873.636055240407586, 2705177.512515801470727 ], [ 10218876.363109052181244, 2705170.607233881950378 ], [ 10218879.647043503820896, 2705166.851861513219774 ], [ 10218884.844704650342464, 2705159.595730751752853 ], [ 10218890.73757665604353, 2705156.551373386289924 ], [ 10218911.233824538066983, 2705146.96300259931013 ], [ 10218921.546856593340635, 2705147.768594050779939 ], [ 10218927.45427549444139, 2705154.324330229777843 ], [ 10218934.327056566253304, 2705164.308008254971355 ], [ 10218936.912451127544045, 2705169.923837964888662 ], [ 10218947.089408753439784, 2705186.081326770130545 ], [ 10218957.868924241513014, 2705186.736132558900863 ], [ 10218965.308418558910489, 2705182.293097901158035 ], [ 10218978.969747288152575, 2705176.774721511173993 ], [ 10218989.571249820291996, 2705170.344977220054716 ], [ 10218989.708999954164028, 2705163.232921505812556 ] ], [ [ 10219897.29828698374331, 2707820.140839871019125 ], [ 10219888.71545466594398, 2707820.202683463692665 ], [ 10219896.975162077695131, 2707819.551770427264273 ], [ 10219897.29828698374331, 2707820.140839871019125 ] ], [ [ 10219943.635025726631284, 2707878.246623530518264 ], [ 10219933.917598143219948, 2707879.153772060759366 ], [ 10219937.306061374023557, 2707878.237983599770814 ], [ 10219940.514205653220415, 2707877.621553101576865 ], [ 10219943.635025726631284, 2707878.246623530518264 ] ], [ [ 10219508.921023167669773, 2708438.332200698088855 ], [ 10219504.028862979263067, 2708441.172449664678425 ], [ 10219504.554589377716184, 2708439.512581103015691 ], [ 10219507.833525126799941, 2708427.943020840641111 ], [ 10219508.065607408061624, 2708427.079823720268905 ], [ 10219512.670783946290612, 2708408.979351371526718 ], [ 10219513.305315040051937, 2708406.44800566136837 ], [ 10219513.747011799365282, 2708406.972122863400728 ], [ 10219521.209112465381622, 2708420.29093463299796 ], [ 10219523.897670496255159, 2708427.202130273915827 ], [ 10219519.521343231201172, 2708432.044904203619808 ], [ 10219508.921023167669773, 2708438.332200698088855 ] ], [ [ 10218052.655406532809138, 2731515.310450518503785 ], [ 10218040.982548099011183, 2731521.980250236112624 ], [ 10218067.958363281562924, 2731505.339333856478333 ], [ 10218060.992218231782317, 2731509.878405641298741 ], [ 10218052.655406532809138, 2731515.310450518503785 ] ], [ [ 10219630.829482929781079, 2696835.260337571613491 ], [ 10219628.600759837776423, 2696832.699693994596601 ], [ 10219630.324260981753469, 2696833.71501636877656 ], [ 10219630.82930426299572, 2696834.498708406928927 ], [ 10219630.829482929781079, 2696835.260337571613491 ] ] ] ] } }
]
}
