{
"type": "FeatureCollection",
"name": "sepahijala_tripura",
"crs": { "type": "name", "properties": { "name": "urn:ogc:def:crs:EPSG::3857" } },
"xy_coordinate_resolution": 1e-15,
"features": [
{ "type": "Feature", "properties": { "Name": "Sepahijala WLS", "Area_SqKm": 18.370450203600001 }, "geometry": { "type": "MultiPolygon", "coordinates": [ [ [ [ 10166888.375524532049894, 2709423.682613397017121 ], [ 10166860.958812331780791, 2709422.974321474786848 ], [ 10166861.951365964487195, 2709456.733723437413573 ], [ 10166885.473663674667478, 2709456.438346550334245 ], [ 10166885.968694115057588, 2709445.992713640909642 ], [ 10166888.375524532049894, 2709423.682613397017121 ] ] ], [ [ [ 10167456.397892145439982, 2709442.740578113589436 ], [ 10167451.296474982053041, 2709438.798913312144578 ], [ 10167446.096117598935962, 2709435.118196911644191 ], [ 10167441.655778801068664, 2709440.397807018365711 ], [ 10167441.633870387449861, 2709442.282582069281489 ], [ 10167436.870901446789503, 2709441.589760222937912 ], [ 10167432.838804313912988, 2709440.062252365518361 ], [ 10167424.009816907346249, 2709436.251023896969855 ], [ 10167423.704668020829558, 2709440.258666035253555 ], [ 10167430.124300416558981, 2709455.866076414473355 ], [ 10167434.461128486320376, 2709466.394842058420181 ], [ 10167441.21311472915113, 2709482.60350929107517 ], [ 10167453.799506522715092, 2709473.83128778077662 ], [ 10167462.638522813096642, 2709466.714532786048949 ], [ 10167473.612087646499276, 2709457.703904192894697 ], [ 10167474.465149372816086, 2709454.483980532269925 ], [ 10167469.608588848263025, 2709451.284613976255059 ], [ 10167462.761080518364906, 2709447.659444662742317 ], [ 10167456.397892145439982, 2709442.740578113589436 ] ] ], [ [ [ 10167572.097544370219111, 2709575.314375824294984 ], [ 10167581.128147026523948, 2709557.684735276270658 ], [ 10167576.382791509851813, 2709559.541528148110956 ], [ 10167562.743792444467545, 2709564.89749055262655 ], [ 10167567.902392884716392, 2709575.725360956508666 ], [ 10167572.097544370219111, 2709575.314375824294984 ] ] ], [ [ [ 10167542.995190406218171, 2709547.925303685478866 ], [ 10167548.949149761348963, 2709545.051548146177083 ], [ 10167556.834871105849743, 2709556.396764898207039 ], [ 10167560.239929581061006, 2709552.145974705927074 ], [ 10167561.665579374879599, 2709551.07575888838619 ], [ 10167569.289277279749513, 2709542.415588644333184 ], [ 10167573.650363124907017, 2709539.575923177879304 ], [ 10167586.004561906680465, 2709533.460595097858459 ], [ 10167595.907463390380144, 2709548.151693868916482 ], [ 10167600.864656437188387, 2709539.737099467311054 ], [ 10167598.40895295701921, 2709533.566758417990059 ], [ 10167595.899701062589884, 2709527.276122284121811 ], [ 10167598.155739586800337, 2709526.842818457633257 ], [ 10167600.41177830286324, 2709526.409404597710818 ], [ 10167615.168665105476975, 2709524.404939218889922 ], [ 10167616.253161648288369, 2709518.658637896645814 ], [ 10167603.865164909511805, 2709515.774253619369119 ], [ 10167600.733508830890059, 2709514.034240323584527 ], [ 10167595.37128415890038, 2709517.608853874728084 ], [ 10167592.314952088519931, 2709519.64994498109445 ], [ 10167591.270832095295191, 2709520.341097047086805 ], [ 10167579.815726352855563, 2709524.642214722465724 ], [ 10167564.565747741609812, 2709531.296058714855462 ], [ 10167558.447393730282784, 2709534.506723265629262 ], [ 10167553.23103180155158, 2709537.243174314498901 ], [ 10167546.286628760397434, 2709540.884600148070604 ], [ 10167540.510920729488134, 2709542.931486817542464 ], [ 10167534.246278250589967, 2709523.043063233140856 ], [ 10167530.510442947968841, 2709509.772096316795796 ], [ 10167527.935713272541761, 2709499.896560926921666 ], [ 10167514.602486819028854, 2709501.14682558644563 ], [ 10167503.549836881458759, 2709501.473530979827046 ], [ 10167480.706210169941187, 2709502.405755375046283 ], [ 10167469.418767418712378, 2709503.984074529726058 ], [ 10167465.246344778686762, 2709504.199030919931829 ], [ 10167442.556493708863854, 2709506.624801458325237 ], [ 10167418.680783377960324, 2709508.041184820234776 ], [ 10167416.355672121047974, 2709512.864849546924233 ], [ 10167408.574880851432681, 2709527.963172583840787 ], [ 10167401.593277564272285, 2709539.797634377144277 ], [ 10167396.901849316433072, 2709547.23315607663244 ], [ 10167408.76712891086936, 2709556.128859029151499 ], [ 10167424.519649099558592, 2709567.23750886041671 ], [ 10167431.803113184869289, 2709572.281666309107095 ], [ 10167431.63927605189383, 2709574.350808702874929 ], [ 10167434.077005242928863, 2709578.524040976073593 ], [ 10167439.437321878969669, 2709587.700406808871776 ], [ 10167446.638260951265693, 2709597.570737430360168 ], [ 10167448.508408615365624, 2709600.13131895288825 ], [ 10167451.496250731870532, 2709604.223979908041656 ], [ 10167459.465146293863654, 2709612.475458862259984 ], [ 10167469.623371997848153, 2709626.111298012081534 ], [ 10167480.127765707671642, 2709641.688750409986824 ], [ 10167487.132145373150706, 2709653.682464852463454 ], [ 10167500.718153433874249, 2709670.324077111203223 ], [ 10167512.050035836175084, 2709685.219971614889801 ], [ 10167525.207532942295074, 2709701.030979370698333 ], [ 10167534.932006468996406, 2709712.910188156645745 ], [ 10167536.636223426088691, 2709714.944628909230232 ], [ 10167546.626896675676107, 2709726.871246446389705 ], [ 10167553.65292545594275, 2709733.341224149800837 ], [ 10167566.419674385339022, 2709743.734905847813934 ], [ 10167570.9384057931602, 2709747.291773700155318 ], [ 10167575.024052109569311, 2709743.39357387367636 ], [ 10167579.869081061333418, 2709737.473364112898707 ], [ 10167587.435746261849999, 2709729.324872067198157 ], [ 10167588.961430398747325, 2709727.808484083972871 ], [ 10167596.635923512279987, 2709719.758614513091743 ], [ 10167604.282676417380571, 2709710.880502031650394 ], [ 10167601.52487351372838, 2709706.331748761702329 ], [ 10167597.440150583162904, 2709691.576885151211172 ], [ 10167594.579563954845071, 2709674.998876729980111 ], [ 10167592.166759708896279, 2709663.348245620727539 ], [ 10167588.37756572663784, 2709651.798403359483927 ], [ 10167576.753320747986436, 2709646.096633464097977 ], [ 10167564.459163436666131, 2709638.244501678738743 ], [ 10167561.939389176666737, 2709631.931954759638757 ], [ 10167560.308155257254839, 2709623.71804282348603 ], [ 10167559.832862053066492, 2709617.929869149811566 ], [ 10167560.249528804793954, 2709609.695368839427829 ], [ 10167560.647128315642476, 2709602.855451855342835 ], [ 10167555.285941543057561, 2709585.913998285774142 ], [ 10167549.332614116370678, 2709568.348075971007347 ], [ 10167542.995190406218171, 2709547.925303685478866 ] ] ], [ [ [ 10167552.239092294126749, 2709797.125911399256438 ], [ 10167534.2270862236619, 2709788.814874188508838 ], [ 10167531.962158512324095, 2709793.839931510388851 ], [ 10167531.406000493094325, 2709795.073979618959129 ], [ 10167526.968103254213929, 2709803.611545658204705 ], [ 10167517.71274727024138, 2709818.897582063451409 ], [ 10167513.756754821166396, 2709824.703209459781647 ], [ 10167517.22786177508533, 2709826.412224044092 ], [ 10167517.721399510279298, 2709826.655264942906797 ], [ 10167530.444932319223881, 2709833.355176716577262 ], [ 10167532.707049513235688, 2709831.886791193857789 ], [ 10167537.854953806847334, 2709826.055549321696162 ], [ 10167546.960601162165403, 2709814.146134816575795 ], [ 10167550.916579006239772, 2709808.340502683073282 ], [ 10167552.239092294126749, 2709797.125911399256438 ] ] ], [ [ [ 10164397.775300109758973, 2710273.908478581812233 ], [ 10164378.068055355921388, 2710270.070856170263141 ], [ 10164368.639025559648871, 2710268.718485162593424 ], [ 10164349.571757594123483, 2710268.585091177839786 ], [ 10164330.799369039013982, 2710268.108501101378351 ], [ 10164310.984714334830642, 2710267.625021610409021 ], [ 10164310.988969799131155, 2710271.486405222676694 ], [ 10164312.250194428488612, 2710271.393118970096111 ], [ 10164317.591428397223353, 2710271.018701387103647 ], [ 10164335.479258708655834, 2710272.535909291822463 ], [ 10164351.337006118148565, 2710273.895690778270364 ], [ 10164359.787747327238321, 2710274.766526503954083 ], [ 10164372.924833191558719, 2710276.126159596256912 ], [ 10164392.785357547923923, 2710279.863979711197317 ], [ 10164397.775300109758973, 2710273.908478581812233 ] ] ], [ [ [ 10167834.602309923619032, 2710362.5298578357324 ], [ 10167842.237484287470579, 2710364.939309354871511 ], [ 10167872.734866773709655, 2710372.7139538731426 ], [ 10167883.259298145771027, 2710375.739825988188386 ], [ 10167886.363690789788961, 2710371.051071650348604 ], [ 10167889.167267467826605, 2710364.072498442139477 ], [ 10167882.356981538236141, 2710361.417257254943252 ], [ 10167872.670405706390738, 2710357.775294923223555 ], [ 10167862.028527973219752, 2710354.465443704742938 ], [ 10167849.132635558024049, 2710349.35541458427906 ], [ 10167844.538970936089754, 2710347.465088412165642 ], [ 10167838.994770266115665, 2710354.351124519947916 ], [ 10167835.667043872177601, 2710358.308457733597606 ], [ 10167834.602309923619032, 2710362.5298578357324 ] ] ], [ [ [ 10164527.834560455754399, 2710440.884674798697233 ], [ 10164513.117496175691485, 2710420.124988992232829 ], [ 10164488.756688088178635, 2710399.238612793385983 ], [ 10164470.466696677729487, 2710382.100914875976741 ], [ 10164458.244193516671658, 2710370.709083502646536 ], [ 10164444.222528057172894, 2710364.862798464484513 ], [ 10164425.633437540382147, 2710360.833048328291625 ], [ 10164405.550649046897888, 2710356.390133102890104 ], [ 10164383.981482205912471, 2710350.573989448603243 ], [ 10164360.55032229796052, 2710345.537535273469985 ], [ 10164340.161539990454912, 2710341.232718869578093 ], [ 10164335.011573057621717, 2710340.145346784498543 ], [ 10164320.662974275648594, 2710337.599084841087461 ], [ 10164316.1739830262959, 2710337.076426943298429 ], [ 10164310.88171167857945, 2710349.851175307296216 ], [ 10164310.567039754241705, 2710359.064667862374336 ], [ 10164309.16763130389154, 2710365.833326552994549 ], [ 10164305.505364080891013, 2710374.651928448583931 ], [ 10164306.598639400675893, 2710379.248148216400295 ], [ 10164314.730068588629365, 2710399.21785643696785 ], [ 10164325.282526068389416, 2710418.361441831570119 ], [ 10164330.415407320484519, 2710426.317601606249809 ], [ 10164336.060205521062016, 2710436.158222743775696 ], [ 10164352.882094446569681, 2710442.68847759719938 ], [ 10164360.209207260981202, 2710442.361259630415589 ], [ 10164387.738747423514724, 2710432.865024408791214 ], [ 10164394.379936162382364, 2710430.574120364617556 ], [ 10164435.599689630791545, 2710428.588738874997944 ], [ 10164443.470424691215158, 2710427.03470113594085 ], [ 10164455.799742396920919, 2710432.148612717166543 ], [ 10164500.934532651677728, 2710454.717219483107328 ], [ 10164536.551209742203355, 2710475.591592421755195 ], [ 10164564.857867671176791, 2710495.546593306120485 ], [ 10164566.755706671625376, 2710495.538978269789368 ], [ 10164571.958478674292564, 2710493.443890318740159 ], [ 10164547.184751804918051, 2710465.288636435288936 ], [ 10164527.834560455754399, 2710440.884674798697233 ] ] ], [ [ [ 10162587.100100841373205, 2710455.266178011428565 ], [ 10162587.898798061534762, 2710440.435164168477058 ], [ 10162546.502473743632436, 2710447.910682649817318 ], [ 10162548.853215713053942, 2710471.533523781690747 ], [ 10162559.118210913613439, 2710473.490542750805616 ], [ 10162562.189639173448086, 2710470.665945519227535 ], [ 10162569.623852269724011, 2710463.829201749991626 ], [ 10162574.075002418830991, 2710461.189000956714153 ], [ 10162579.584417494013906, 2710457.921188456937671 ], [ 10162587.100100841373205, 2710455.266178011428565 ] ] ], [ [ [ 10167834.602309923619032, 2710362.5298578357324 ], [ 10167811.27507982775569, 2710355.157073687296361 ], [ 10167790.267408821731806, 2710349.486864509060979 ], [ 10167770.534236690029502, 2710344.499730157200247 ], [ 10167749.136108137667179, 2710338.90350040467456 ], [ 10167738.940657807514071, 2710337.067136868834496 ], [ 10167731.750926801934838, 2710334.453199146781117 ], [ 10167726.048960097134113, 2710333.101114535704255 ], [ 10167703.11854081787169, 2710326.449671332724392 ], [ 10167696.546353464946151, 2710323.83937575109303 ], [ 10167692.311318142339587, 2710327.322776110842824 ], [ 10167686.463151318952441, 2710328.748237053863704 ], [ 10167681.58842983096838, 2710330.440954566001892 ], [ 10167675.401907816529274, 2710334.152510351967067 ], [ 10167669.044699540361762, 2710339.246856088750064 ], [ 10167664.886856023222208, 2710342.480086732655764 ], [ 10167659.594855360686779, 2710345.140009510796517 ], [ 10167655.112562347203493, 2710348.284188629128039 ], [ 10167653.271582126617432, 2710353.68855631724 ], [ 10167651.487357970327139, 2710356.805128626525402 ], [ 10167649.827378466725349, 2710360.881268138997257 ], [ 10167639.583370853215456, 2710371.051892912946641 ], [ 10167636.016412349417806, 2710376.990766020957381 ], [ 10167632.014039427042007, 2710383.297597039490938 ], [ 10167627.739355150610209, 2710388.001118491403759 ], [ 10167622.18687017261982, 2710394.429520948790014 ], [ 10167614.83783490024507, 2710402.372712047304958 ], [ 10167609.073202291503549, 2710408.01531270891428 ], [ 10167606.221355155110359, 2710412.117073332425207 ], [ 10167604.223367586731911, 2710418.424908403772861 ], [ 10167604.247460206970572, 2710423.557002210989594 ], [ 10167603.726065026596189, 2710425.63509135460481 ], [ 10167601.937839904800057, 2710429.416260351892561 ], [ 10167599.801854204386473, 2710431.539252253249288 ], [ 10167590.464104855433106, 2710438.642543960828334 ], [ 10167573.701901510357857, 2710449.885869690682739 ], [ 10167567.557810835540295, 2710453.728434551507235 ], [ 10167563.914730351418257, 2710461.573783104773611 ], [ 10167559.102909652516246, 2710469.183337483555079 ], [ 10167551.864573506638408, 2710476.702222892083228 ], [ 10167541.191453535109758, 2710487.959856146015227 ], [ 10167534.198015194386244, 2710496.210112084168941 ], [ 10167530.268367070704699, 2710503.040562062524259 ], [ 10167530.288165977224708, 2710510.755044821184129 ], [ 10167530.589605387300253, 2710529.563325962051749 ], [ 10167530.4314354211092, 2710541.754963985644281 ], [ 10167528.796494262292981, 2710545.264698931481689 ], [ 10167520.576959261670709, 2710553.823905162047595 ], [ 10167510.564747538417578, 2710550.266863212920725 ], [ 10167504.810742868110538, 2710557.794586026109755 ], [ 10167501.240584576502442, 2710562.426001013256609 ], [ 10167498.943933103233576, 2710566.073489766102284 ], [ 10167496.450081435963511, 2710571.931698037777096 ], [ 10167493.585532734170556, 2710580.043134953826666 ], [ 10167490.654042614623904, 2710584.765511732082814 ], [ 10167487.634268244728446, 2710587.940174696967006 ], [ 10167487.832996569573879, 2710600.232087769079953 ], [ 10167486.895693937316537, 2710621.495594915002584 ], [ 10167490.496734783053398, 2710628.228979106526822 ], [ 10167503.089512061327696, 2710649.932334347162396 ], [ 10167518.953494377434254, 2710679.184399191755801 ], [ 10167519.860198464244604, 2710687.176632029935718 ], [ 10167520.70478499494493, 2710703.896306430455297 ], [ 10167521.467350468039513, 2710712.421620657667518 ], [ 10167524.659841826185584, 2710720.470890341326594 ], [ 10167527.687011905014515, 2710730.840175170917064 ], [ 10167529.328060260042548, 2710735.524454552680254 ], [ 10167537.228757973760366, 2710740.725117031019181 ], [ 10167545.435218211263418, 2710747.355086553841829 ], [ 10167560.481642756611109, 2710758.994114504661411 ], [ 10167575.638870513066649, 2710770.241625225171447 ], [ 10167585.392130536958575, 2710777.316528575494885 ], [ 10167590.706879207864404, 2710781.902649541851133 ], [ 10167596.711434070020914, 2710787.092078243847936 ], [ 10167606.232036951929331, 2710795.05914696585387 ], [ 10167608.25031366571784, 2710796.400498688220978 ], [ 10167619.023697642609477, 2710805.061387910973281 ], [ 10167622.365101249888539, 2710806.192616212647408 ], [ 10167622.526424787938595, 2710810.08345233136788 ], [ 10167624.29264385253191, 2710811.924425645265728 ], [ 10167626.529768172651529, 2710812.896632608491927 ], [ 10167628.53829687461257, 2710817.74647437594831 ], [ 10167631.32284483127296, 2710817.762903673574328 ], [ 10167641.685795661062002, 2710813.236924599390477 ], [ 10167660.051410911604762, 2710803.920458233915269 ], [ 10167672.498171972110868, 2710798.807658506557345 ], [ 10167680.103293884545565, 2710793.426343665923923 ], [ 10167685.09296365827322, 2710788.75954944640398 ], [ 10167694.667016297578812, 2710782.027941160369664 ], [ 10167703.15301657654345, 2710776.096153657417744 ], [ 10167713.414754189550877, 2710770.360108660999686 ], [ 10167735.646425889804959, 2710759.497439700644463 ], [ 10167747.103660330176353, 2710754.977870639413595 ], [ 10167763.590281477198005, 2710746.423846536315978 ], [ 10167771.55521216057241, 2710742.482938504312187 ], [ 10167775.842182479798794, 2710739.413796406704932 ], [ 10167786.560340924188495, 2710727.861893462948501 ], [ 10167799.343621898442507, 2710717.063095356337726 ], [ 10167808.417576091364026, 2710710.622639279346913 ], [ 10167814.103801853954792, 2710707.267535518389195 ], [ 10167820.471992813050747, 2710704.014583458658308 ], [ 10167829.172755349427462, 2710700.252334621734917 ], [ 10167839.440071884542704, 2710693.524764232803136 ], [ 10167849.647509530186653, 2710685.946858958806843 ], [ 10167861.918260829523206, 2710677.54220381937921 ], [ 10167873.704671109095216, 2710668.600680937990546 ], [ 10167886.773976350203156, 2710658.893242759630084 ], [ 10167901.645850108936429, 2710648.498964394442737 ], [ 10167911.352162204682827, 2710643.228113522753119 ], [ 10167933.172332346439362, 2710632.275621274486184 ], [ 10167941.452809637412429, 2710628.107664622366428 ], [ 10167949.344439608976245, 2710621.867181570269167 ], [ 10167955.936585066840053, 2710615.510150634683669 ], [ 10167957.937372744083405, 2710612.427474978379905 ], [ 10167968.438821176066995, 2710617.567025661468506 ], [ 10167969.296922037377954, 2710613.486061035655439 ], [ 10167971.551102485507727, 2710605.948378530330956 ], [ 10167975.8059605024755, 2710599.076247278600931 ], [ 10167982.107694884762168, 2710588.642405244056135 ], [ 10167985.420065520331264, 2710581.732010550796986 ], [ 10167989.74427418038249, 2710572.26705631101504 ], [ 10167992.583503963425756, 2710566.596076868474483 ], [ 10167998.120366396382451, 2710559.110446456819773 ], [ 10168001.669913617894053, 2710554.271917299833149 ], [ 10168003.689646592363715, 2710547.942204650491476 ], [ 10168006.550774531438947, 2710540.364490985870361 ], [ 10168010.317171555012465, 2710535.505303539335728 ], [ 10168013.097806764766574, 2710530.596753421705216 ], [ 10168015.388232126832008, 2710526.142919067759067 ], [ 10168022.887809714302421, 2710509.080344026442617 ], [ 10168026.53400544077158, 2710500.679336089175195 ], [ 10168031.101373938843608, 2710488.491858431138098 ], [ 10168031.871820675209165, 2710486.44792967569083 ], [ 10168033.891759991645813, 2710481.916189282666892 ], [ 10168035.38140613771975, 2710479.157390826381743 ], [ 10168017.072546850889921, 2710480.705655470024794 ], [ 10168004.538035161793232, 2710482.35327028343454 ], [ 10167992.661995112895966, 2710484.418849272187799 ], [ 10167972.042972531169653, 2710488.230609077494591 ], [ 10167949.917313233017921, 2710492.142454512882978 ], [ 10167936.806995509192348, 2710484.775672958698124 ], [ 10167923.033254386857152, 2710475.977585692889988 ], [ 10167917.886133166030049, 2710472.373304957989603 ], [ 10167908.213508930057287, 2710473.754463131539524 ], [ 10167889.080874860286713, 2710477.215444545727223 ], [ 10167864.820852989330888, 2710481.125391624867916 ], [ 10167853.022604370489717, 2710482.842714213766158 ], [ 10167842.766778523102403, 2710482.052011651918292 ], [ 10167841.549976449459791, 2710469.623381617013365 ], [ 10167838.278216833248734, 2710447.321842404082417 ], [ 10167836.201134450733662, 2710431.94629723764956 ], [ 10167835.007898669689894, 2710413.645001668017358 ], [ 10167833.046356657519937, 2710391.481959319207817 ], [ 10167832.127491081133485, 2710381.855404469650239 ], [ 10167832.417916964739561, 2710372.933379154186696 ], [ 10167833.690288750454783, 2710364.70359393954277 ], [ 10167834.602309923619032, 2710362.5298578357324 ] ] ], [ [ [ 10168151.837044952437282, 2711170.598087158985436 ], [ 10168128.546735681593418, 2711162.245060849934816 ], [ 10168124.062316846102476, 2711175.03276333026588 ], [ 10168118.207721991464496, 2711186.799123567063361 ], [ 10168107.136926675215364, 2711204.920076388865709 ], [ 10168106.49488235078752, 2711207.269955885130912 ], [ 10168105.670854358002543, 2711214.794603286776692 ], [ 10168105.372458834201097, 2711221.385209822561592 ], [ 10168105.516354413703084, 2711224.578759582713246 ], [ 10168130.709714664146304, 2711228.039642167743295 ], [ 10168137.352301543578506, 2711192.588943470735103 ], [ 10168145.939645871520042, 2711180.424643724691123 ], [ 10168151.837044952437282, 2711170.598087158985436 ] ] ], [ [ [ 10162246.718546194955707, 2712124.33371193241328 ], [ 10162268.977204468101263, 2712077.607973345555365 ], [ 10162281.078863576054573, 2712051.753310538362712 ], [ 10162287.692091308534145, 2712033.819960145279765 ], [ 10162292.194962128996849, 2712023.508094150107354 ], [ 10162293.852089416235685, 2712020.732245102990419 ], [ 10162300.509869592264295, 2712014.483495668508112 ], [ 10162312.804398588836193, 2711996.031672102864832 ], [ 10162322.308063630014658, 2711982.258005465380847 ], [ 10162346.122543120756745, 2711946.560180297121406 ], [ 10162365.870909962803125, 2711912.014599340502173 ], [ 10162378.105997001752257, 2711892.415599877480417 ], [ 10162397.294986618682742, 2711866.533614225219935 ], [ 10162401.849607709795237, 2711861.186775075271726 ], [ 10162419.608375731855631, 2711831.437565898988396 ], [ 10162427.986455412581563, 2711818.881991722155362 ], [ 10162436.897038793191314, 2711813.617504817433655 ], [ 10162445.569343112409115, 2711809.126302066259086 ], [ 10162453.958084551617503, 2711807.968422517646104 ], [ 10162470.437216136604548, 2711805.079866003245115 ], [ 10162476.853906337171793, 2711804.63577829208225 ], [ 10162489.057601924985647, 2711805.515227684285492 ], [ 10162508.267848342657089, 2711810.979571878910065 ], [ 10162532.267033074051142, 2711817.870638112071902 ], [ 10162542.459731252864003, 2711820.766048574820161 ], [ 10162547.695900872349739, 2711824.320534315425903 ], [ 10162562.085808746516705, 2711828.810519300866872 ], [ 10162579.521666809916496, 2711832.18522203527391 ], [ 10162602.755673576146364, 2711839.763287759386003 ], [ 10162621.23020201176405, 2711845.064924139529467 ], [ 10162642.879724036902189, 2711851.457426439970732 ], [ 10162667.044627489522099, 2711858.601447517052293 ], [ 10162687.361592225730419, 2711866.521814186125994 ], [ 10162705.34508197195828, 2711872.498179557733238 ], [ 10162726.153032355010509, 2711876.874806219246238 ], [ 10162745.622926007956266, 2711881.34476752160117 ], [ 10162763.075009722262621, 2711886.065436492208391 ], [ 10162780.459582785144448, 2711890.367016791831702 ], [ 10162795.523552471771836, 2711893.199031320866197 ], [ 10162809.197787273675203, 2711894.149791061878204 ], [ 10162821.655278766527772, 2711895.370089370757341 ], [ 10162835.681900668889284, 2711896.650500926654786 ], [ 10162843.027948318049312, 2711895.352992052212358 ], [ 10162860.866402814164758, 2711889.325159647967666 ], [ 10162881.371119949966669, 2711880.473411589860916 ], [ 10162897.457963829860091, 2711872.598703863564879 ], [ 10162919.45400882512331, 2711863.586656372528523 ], [ 10162937.300895662978292, 2711856.874696382321417 ], [ 10162941.632516710087657, 2711853.492535817902535 ], [ 10162955.832354512065649, 2711839.964960229583085 ], [ 10162976.755693044513464, 2711817.40776677057147 ], [ 10162992.144834322854877, 2711799.362875503953546 ], [ 10163010.908986184746027, 2711780.256472492590547 ], [ 10163040.433170231059194, 2711751.850914608221501 ], [ 10163054.067136717960238, 2711736.747846419457346 ], [ 10163077.767812848091125, 2711711.818556049838662 ], [ 10163101.222972815856338, 2711688.699727887753397 ], [ 10163108.284291030839086, 2711679.083921626675874 ], [ 10163116.926786284893751, 2711672.650684466585517 ], [ 10163143.132852302864194, 2711654.441928198561072 ], [ 10163153.381642002612352, 2711646.336328394711018 ], [ 10163164.436055988073349, 2711639.43014323990792 ], [ 10163190.175399409607053, 2711619.744729124940932 ], [ 10163209.282252131029963, 2711604.211930520366877 ], [ 10163220.326197229325771, 2711597.46019267058 ], [ 10163234.612413769587874, 2711586.536236349027604 ], [ 10163251.444487081840634, 2711570.096484072506428 ], [ 10163266.317383943125606, 2711554.867089928127825 ], [ 10163280.017748221755028, 2711540.006504097022116 ], [ 10163290.670798191800714, 2711528.666396632324904 ], [ 10163301.090191390365362, 2711519.313220233656466 ], [ 10163313.746163409203291, 2711512.400663490407169 ], [ 10163329.418340135365725, 2711502.442109174560755 ], [ 10163344.119124453514814, 2711479.64455093909055 ], [ 10163356.763896895572543, 2711458.598369808401912 ], [ 10163366.054141419008374, 2711441.029785633087158 ], [ 10163372.223323106765747, 2711422.160542675759643 ], [ 10163375.002632059156895, 2711408.964820130262524 ], [ 10163375.018590087071061, 2711396.166117656975985 ], [ 10163376.116204798221588, 2711384.996077082119882 ], [ 10163377.877367559820414, 2711369.575660785660148 ], [ 10163377.140489138662815, 2711357.839202205184847 ], [ 10163376.381514275446534, 2711340.420634923502803 ], [ 10163375.948605256155133, 2711310.930409775581211 ], [ 10163376.390831617638469, 2711294.875259265769273 ], [ 10163378.510934572666883, 2711272.999023883603513 ], [ 10163378.372321803122759, 2711251.495859954040498 ], [ 10163380.060543542727828, 2711234.244393759407103 ], [ 10163379.888613170012832, 2711221.060412295628339 ], [ 10163377.526126492768526, 2711180.666205215733498 ], [ 10163376.309699110686779, 2711161.285740114748478 ], [ 10163376.060040527954698, 2711145.056925721932203 ], [ 10163375.349552717059851, 2711140.10590136796236 ], [ 10163374.900652028620243, 2711137.503794603981078 ], [ 10163371.638021945953369, 2711130.786486320197582 ], [ 10163355.26119670458138, 2711094.905023333150893 ], [ 10163338.584870589897037, 2711066.615538303274661 ], [ 10163334.713499011471868, 2711058.521533304825425 ], [ 10163320.849509742110968, 2711034.005359654780477 ], [ 10163303.755669303238392, 2711005.530056938063353 ], [ 10163296.879969548434019, 2710989.382708000950515 ], [ 10163297.779622012749314, 2710978.09239246789366 ], [ 10163299.842289166525006, 2710955.554867246653885 ], [ 10163302.591242572292686, 2710934.548276705201715 ], [ 10163307.147365976125002, 2710915.663986515719444 ], [ 10163314.599918011575937, 2710888.272893638815731 ], [ 10163322.020286682993174, 2710866.740499125327915 ], [ 10163326.081533079966903, 2710853.176020818762481 ], [ 10163332.553384646773338, 2710833.170024204533547 ], [ 10163339.121542692184448, 2710815.358996450901031 ], [ 10163347.6083894520998, 2710794.451454755850136 ], [ 10163353.382181018590927, 2710767.056092937011272 ], [ 10163358.961159477010369, 2710743.181046767160296 ], [ 10163359.20242734067142, 2710740.322680555749685 ], [ 10163357.860091157257557, 2710733.675164533779025 ], [ 10163355.436158960685134, 2710714.1013546702452 ], [ 10163351.407865360379219, 2710682.58530302438885 ], [ 10163345.692861940711737, 2710657.397858142852783 ], [ 10163340.690645871683955, 2710634.965833310037851 ], [ 10163337.188162950798869, 2710608.842948501929641 ], [ 10163334.898389620706439, 2710584.259998065885156 ], [ 10163333.655195957049727, 2710569.260268512181938 ], [ 10163329.212300816550851, 2710538.286863284185529 ], [ 10163327.071212776005268, 2710512.434540039394051 ], [ 10163325.316318836063147, 2710487.15449046343565 ], [ 10163324.094351002946496, 2710455.054294012952596 ], [ 10163325.002435006201267, 2710445.959735032636672 ], [ 10163324.470573121681809, 2710430.494091488420963 ], [ 10163322.36586294695735, 2710413.975492753088474 ], [ 10163321.567888759076595, 2710392.156030761078 ], [ 10163320.28067072853446, 2710363.012973262928426 ], [ 10163321.850747276097536, 2710323.86317780893296 ], [ 10163324.42388260178268, 2710294.385125652886927 ], [ 10163323.55969769321382, 2710255.542885660193861 ], [ 10163324.302129244431853, 2710226.414093922358006 ], [ 10163314.354443062096834, 2710215.78482523933053 ], [ 10163306.211449429392815, 2710186.834475927054882 ], [ 10163302.181607563048601, 2710171.779953864403069 ], [ 10163301.246685208752751, 2710168.308444370981306 ], [ 10163295.036170205101371, 2710151.067048477008939 ], [ 10163295.564504530280828, 2710145.879753054119647 ], [ 10163292.32534815557301, 2710145.131246312521398 ], [ 10163260.128096543252468, 2710142.543764540925622 ], [ 10163237.913526143878698, 2710139.85094743873924 ], [ 10163220.873812491074204, 2710139.167674298863858 ], [ 10163207.639495298266411, 2710138.127396332100034 ], [ 10163188.002047654241323, 2710138.016903074923903 ], [ 10163177.089776681736112, 2710136.018772567156702 ], [ 10163159.377147983759642, 2710134.389241736382246 ], [ 10163159.339539283886552, 2710141.648765648715198 ], [ 10163140.221193404868245, 2710139.605578831862658 ], [ 10163125.906177086755633, 2710138.260490025859326 ], [ 10163115.989624628797174, 2710137.328589217271656 ], [ 10163098.009458249434829, 2710137.399045668076724 ], [ 10163079.814296372234821, 2710138.628775806166232 ], [ 10163054.253188658505678, 2710138.59663750929758 ], [ 10163032.706856727600098, 2710138.482268083374947 ], [ 10163020.748550796881318, 2710141.165924450848252 ], [ 10163019.926234742626548, 2710141.301545841619372 ], [ 10163021.183638105168939, 2710134.544717809185386 ], [ 10163020.661967966705561, 2710132.969199270009995 ], [ 10163020.259462468326092, 2710131.006962879560888 ], [ 10163015.11253240890801, 2710130.563693267758936 ], [ 10163015.795398447662592, 2710134.091460405383259 ], [ 10163014.844390058889985, 2710157.649464489892125 ], [ 10163014.048988398164511, 2710170.394986808300018 ], [ 10163005.636135566979647, 2710199.101389979012311 ], [ 10163004.011587029322982, 2710221.558792545460165 ], [ 10163003.579962737858295, 2710246.096871064510196 ], [ 10163004.358031008392572, 2710254.368171747773886 ], [ 10163008.395922331139445, 2710268.76091095386073 ], [ 10163013.601485058665276, 2710281.527241353876889 ], [ 10163018.645230010151863, 2710289.3295240518637 ], [ 10163021.595148481428623, 2710291.877504014410079 ], [ 10163022.738623091951013, 2710289.688564444426447 ], [ 10163033.007608694955707, 2710298.341990385670215 ], [ 10163045.901848096400499, 2710307.845707043539733 ], [ 10163051.626785542815924, 2710313.085828815121204 ], [ 10163058.984792532399297, 2710317.922447471879423 ], [ 10163067.461662709712982, 2710322.732463348191231 ], [ 10163080.218472508713603, 2710330.714195502921939 ], [ 10163091.014259412884712, 2710336.574306475464255 ], [ 10163120.74137931317091, 2710344.279904949478805 ], [ 10163133.129114240407944, 2710347.629332910291851 ], [ 10163144.77628249488771, 2710353.941556137055159 ], [ 10163150.389163516461849, 2710356.983539705164731 ], [ 10163164.707326767966151, 2710365.87475993251428 ], [ 10163165.674793019890785, 2710366.422620730474591 ], [ 10163167.262649362906814, 2710368.490483674686402 ], [ 10163167.818123623728752, 2710370.286672667134553 ], [ 10163168.870007796213031, 2710375.622260704170913 ], [ 10163168.833688654005527, 2710383.234987707808614 ], [ 10163167.549290826544166, 2710402.829191293567419 ], [ 10163167.466536251828074, 2710404.091957762371749 ], [ 10163166.692413287237287, 2710416.628068991005421 ], [ 10163166.4274688269943, 2710435.99141111318022 ], [ 10163168.771338541060686, 2710454.814909626264125 ], [ 10163169.762799855321646, 2710461.530004474334419 ], [ 10163170.039179164916277, 2710462.080493629910052 ], [ 10163173.98630715161562, 2710469.953384489752352 ], [ 10163180.223291115835309, 2710482.737811512779444 ], [ 10163186.837593391537666, 2710496.591066804714501 ], [ 10163187.313313841819763, 2710497.626186306588352 ], [ 10163187.891042474657297, 2710502.334875333122909 ], [ 10163187.442053286358714, 2710510.997288532555103 ], [ 10163186.450815858319402, 2710521.316794571466744 ], [ 10163184.95057500526309, 2710524.853155795950443 ], [ 10163185.410579791292548, 2710538.807754602748901 ], [ 10163188.260347900912166, 2710563.576008243486285 ], [ 10163190.853348758071661, 2710575.889477157499641 ], [ 10163191.189845368266106, 2710589.083332010544837 ], [ 10163189.995595332235098, 2710620.58654976869002 ], [ 10163197.046347727999091, 2710633.831237455364317 ], [ 10163212.020086020231247, 2710664.587128532119095 ], [ 10163213.468320036306977, 2710667.41684422083199 ], [ 10163216.369033923372626, 2710668.574908019509166 ], [ 10163227.886399721726775, 2710671.147227500099689 ], [ 10163229.281899156048894, 2710671.458901830017567 ], [ 10163234.000590059906244, 2710671.782471615821123 ], [ 10163259.861457888036966, 2710666.837475217878819 ], [ 10163262.056022318080068, 2710681.072137718088925 ], [ 10163266.007391745224595, 2710695.675154747907072 ], [ 10163273.488245448097587, 2710701.007703713141382 ], [ 10163276.494904110208154, 2710704.007843644823879 ], [ 10163273.374750673770905, 2710716.972672568168491 ], [ 10163267.973608151078224, 2710718.891495556104928 ], [ 10163255.043935703113675, 2710720.155878074932843 ], [ 10163232.750296348705888, 2710719.901463134214282 ], [ 10163227.798228140920401, 2710738.599573337007314 ], [ 10163223.970741230994463, 2710747.418799835257232 ], [ 10163222.693858737125993, 2710749.144895497243851 ], [ 10163221.926960587501526, 2710749.412709052674472 ], [ 10163218.053069168701768, 2710748.433796470984817 ], [ 10163217.885719683021307, 2710748.391567656304687 ], [ 10163212.217484721913934, 2710766.275999545119703 ], [ 10163210.314339736476541, 2710773.294503329787403 ], [ 10163205.272431643679738, 2710791.888470611535013 ], [ 10163200.43881974183023, 2710809.714596463833004 ], [ 10163190.292641755193472, 2710852.617329286877066 ], [ 10163189.802187046036124, 2710859.095575025770813 ], [ 10163183.053052587434649, 2710889.683282166719437 ], [ 10163180.252029409632087, 2710897.285026744008064 ], [ 10163170.921678744256496, 2710929.901991187594831 ], [ 10163167.211645109578967, 2710946.399748073890805 ], [ 10163159.485255194827914, 2710945.657828077673912 ], [ 10163154.075726717710495, 2710968.064934249036014 ], [ 10163161.529034536331892, 2710986.074706479907036 ], [ 10163178.780006989836693, 2711004.244654671754688 ], [ 10163178.558570927008986, 2711012.189343745354563 ], [ 10163194.761744298040867, 2711034.566997682210058 ], [ 10163215.174327889457345, 2711064.474676370620728 ], [ 10163220.857484128326178, 2711073.002971604000777 ], [ 10163223.011435389518738, 2711073.943399179726839 ], [ 10163226.347177363932133, 2711085.382668176200241 ], [ 10163238.496142001822591, 2711123.145355833694339 ], [ 10163245.447506939992309, 2711147.457145985681564 ], [ 10163249.447687737643719, 2711174.594096537213773 ], [ 10163249.947747526690364, 2711182.533924985677004 ], [ 10163250.535000864416361, 2711191.856621682178229 ], [ 10163259.763894513249397, 2711203.725219913758337 ], [ 10163230.609544772654772, 2711211.143713513854891 ], [ 10163234.172559224069118, 2711187.554947154130787 ], [ 10163236.856122093275189, 2711169.78892435412854 ], [ 10163224.156162701547146, 2711131.421412276104093 ], [ 10163207.679160512983799, 2711097.90127602731809 ], [ 10163199.122903870418668, 2711084.066232334356755 ], [ 10163185.501103643327951, 2711059.725582106038928 ], [ 10163173.489441957324743, 2711043.156972106080502 ], [ 10163167.678016200661659, 2711032.687287916429341 ], [ 10163158.485536113381386, 2711024.514737072400749 ], [ 10163144.30093602463603, 2711010.591555510181934 ], [ 10163137.823874525725842, 2711006.689164117444307 ], [ 10163125.955375393852592, 2711001.594276349060237 ], [ 10163123.347515424713492, 2711001.076270268298686 ], [ 10163114.624662870541215, 2710999.343815394677222 ], [ 10163108.612014632672071, 2710999.201951400376856 ], [ 10163101.448060223832726, 2711016.231891954317689 ], [ 10163078.545614842325449, 2711011.864240681752563 ], [ 10163080.365890806540847, 2711000.294534191954881 ], [ 10163087.548045206815004, 2710968.138284578453749 ], [ 10163089.744118617847562, 2710960.152740677818656 ], [ 10163101.16611685231328, 2710960.435322054196149 ], [ 10163112.456210974603891, 2710960.714731065090746 ], [ 10163116.505989026278257, 2710958.249458064325154 ], [ 10163119.815020801499486, 2710951.528454139828682 ], [ 10163127.445817016065121, 2710930.414474039338529 ], [ 10163134.325265858322382, 2710933.41057938337326 ], [ 10163136.877675563097, 2710921.131895280443132 ], [ 10163142.802569033578038, 2710921.274125942029059 ], [ 10163148.464566005393863, 2710890.392682637088001 ], [ 10163148.455618735402822, 2710888.108904886990786 ], [ 10163142.765215333551168, 2710886.167352547869086 ], [ 10163141.465281944721937, 2710884.782292023766786 ], [ 10163141.461697513237596, 2710883.877581298351288 ], [ 10163142.324016105383635, 2710877.088998506311327 ], [ 10163145.445477398112416, 2710864.410899182781577 ], [ 10163154.471730779856443, 2710841.040878605563194 ], [ 10163164.97212559171021, 2710804.624163717031479 ], [ 10163168.686064649373293, 2710791.96589022455737 ], [ 10163171.477052364498377, 2710778.958168306387961 ], [ 10163173.181765649467707, 2710777.230364960152656 ], [ 10163177.800669172778726, 2710774.432032767217606 ], [ 10163177.8206926304847, 2710759.802298306953162 ], [ 10163178.05432477965951, 2710754.980029311496764 ], [ 10163180.706683803349733, 2710748.669902799185365 ], [ 10163180.10274045728147, 2710740.055578490719199 ], [ 10163181.270450221374631, 2710727.131491659674793 ], [ 10163183.781330533325672, 2710704.151262180879712 ], [ 10163183.67070691101253, 2710698.260171263013035 ], [ 10163182.360281750559807, 2710694.183195224497467 ], [ 10163179.905524998903275, 2710689.2060048119165 ], [ 10163169.975520880892873, 2710671.868319958914071 ], [ 10163157.840880403295159, 2710640.516511610709131 ], [ 10163150.915314290672541, 2710622.769843770191073 ], [ 10163142.943310977891088, 2710622.35797114809975 ], [ 10163137.418642992153764, 2710622.072622697334737 ], [ 10163136.139464501291513, 2710626.049375241156667 ], [ 10163132.673814451321959, 2710626.30572205176577 ], [ 10163122.803443750366569, 2710630.007309954147786 ], [ 10163094.783340035006404, 2710643.94123175367713 ], [ 10163078.855123313143849, 2710652.763655432965606 ], [ 10163076.052631210535765, 2710657.165670208632946 ], [ 10163072.993726057931781, 2710660.498579365666956 ], [ 10163058.585688514634967, 2710668.112500617746264 ], [ 10163056.118982525542378, 2710671.387829092796892 ], [ 10163041.767856527119875, 2710693.68617888726294 ], [ 10163039.808769799768925, 2710694.907420323230326 ], [ 10163027.127261269837618, 2710686.594231580384076 ], [ 10163042.678000098094344, 2710668.075503569561988 ], [ 10163057.232376920059323, 2710652.925570512190461 ], [ 10163075.609935903921723, 2710630.709027362056077 ], [ 10163076.450878869742155, 2710629.692474425304681 ], [ 10163082.61675594933331, 2710626.943244433030486 ], [ 10163118.111824778839946, 2710614.017115023452789 ], [ 10163130.662817519158125, 2710605.660216900520027 ], [ 10163143.829816265031695, 2710597.720147846732289 ], [ 10163143.063071057200432, 2710595.207741825841367 ], [ 10163153.005763726308942, 2710587.523031967226416 ], [ 10163154.836037281900644, 2710584.239092370029539 ], [ 10163156.346973704174161, 2710580.636481398250908 ], [ 10163158.217125508934259, 2710559.335954405833036 ], [ 10163157.166100075468421, 2710540.087979324162006 ], [ 10163156.373553747311234, 2710530.911922770552337 ], [ 10163151.279488744214177, 2710532.796441829763353 ], [ 10163150.303072718903422, 2710532.800241324584931 ], [ 10163149.000448206439614, 2710530.720207707956433 ], [ 10163139.97465930506587, 2710508.877747504040599 ], [ 10163132.510713228955865, 2710488.055243560578674 ], [ 10163132.838953208178282, 2710487.833330634050071 ], [ 10163133.591231213882565, 2710486.627774838823825 ], [ 10163133.802153317257762, 2710484.442519741598517 ], [ 10163133.577369732782245, 2710483.031187167856842 ], [ 10163125.39831705391407, 2710470.177016809117049 ], [ 10163115.266225516796112, 2710448.791388609446585 ], [ 10163096.561852343380451, 2710451.744175306521356 ], [ 10163093.973896343261003, 2710447.022498367354274 ], [ 10163090.938017761334777, 2710441.483814022503793 ], [ 10163088.647600404918194, 2710436.450814552605152 ], [ 10163088.441247219219804, 2710431.310466060880572 ], [ 10163089.290269887074828, 2710429.597093896940351 ], [ 10163095.899376118555665, 2710402.541198615916073 ], [ 10163081.842866523191333, 2710396.031845257617533 ], [ 10163055.020561875775456, 2710384.894713143352419 ], [ 10163052.313067521899939, 2710383.897454637102783 ], [ 10163045.803050788119435, 2710381.499714919365942 ], [ 10163031.749788140878081, 2710375.839816192165017 ], [ 10163012.649569682776928, 2710372.88063748460263 ], [ 10163014.927098914980888, 2710368.933043615426868 ], [ 10163013.168866869062185, 2710368.167697246186435 ], [ 10163009.136778242886066, 2710369.46325947297737 ], [ 10163004.043504210188985, 2710371.557287209201604 ], [ 10162992.811864553019404, 2710377.80161720328033 ], [ 10162985.633787574246526, 2710382.617798093240708 ], [ 10162977.633612094447017, 2710390.427131783682853 ], [ 10162972.126085562631488, 2710398.855491913389415 ], [ 10162963.131784306839108, 2710436.158931138459593 ], [ 10162961.75814937800169, 2710446.910011027008295 ], [ 10162959.769004207104445, 2710451.67291090125218 ], [ 10162957.845453700050712, 2710453.567066010087729 ], [ 10162950.819858107715845, 2710455.282498984597623 ], [ 10162942.251218570396304, 2710480.6579719921574 ], [ 10162944.970228737220168, 2710483.052521247416735 ], [ 10162946.776812659576535, 2710484.987257603090256 ], [ 10162949.517207089811563, 2710492.897936687804759 ], [ 10162949.117082960903645, 2710494.388907080516219 ], [ 10162946.671086918562651, 2710503.015069670509547 ], [ 10162936.911517372354865, 2710501.299005626235157 ], [ 10162925.045120621100068, 2710502.294171711895615 ], [ 10162912.234565982595086, 2710525.832822194322944 ], [ 10162907.994828678667545, 2710535.867160582914948 ], [ 10162907.599858062341809, 2710541.550510148517787 ], [ 10162907.623785365372896, 2710547.739827713463455 ], [ 10162908.171192992478609, 2710549.423003111034632 ], [ 10162908.300966560840607, 2710549.822268262971193 ], [ 10162908.927814062684774, 2710555.876803498715162 ], [ 10162908.93296861089766, 2710557.211731647141278 ], [ 10162908.937407886609435, 2710558.359137944411486 ], [ 10162907.272452535107732, 2710561.863022433128208 ], [ 10162901.892838710919023, 2710569.353269435465336 ], [ 10162896.360948052257299, 2710580.032404407393187 ], [ 10162881.379599545150995, 2710609.658756812103093 ], [ 10162867.572905994951725, 2710633.797162936534733 ], [ 10162859.081368340179324, 2710647.963345707394183 ], [ 10162855.540814122185111, 2710648.716338096186519 ], [ 10162850.585885833948851, 2710655.421566913835704 ], [ 10162825.869130926206708, 2710689.631505243945867 ], [ 10162812.574082527309656, 2710690.025323561858386 ], [ 10162808.940236873924732, 2710689.366496802307665 ], [ 10162811.438632035627961, 2710685.749071411322802 ], [ 10162821.413581388071179, 2710657.995725331827998 ], [ 10162837.921984173357487, 2710631.728434310760349 ], [ 10162839.854752080515027, 2710629.381905718706548 ], [ 10162839.951653625816107, 2710628.896133678499609 ], [ 10162839.850278336554766, 2710628.212549264077097 ], [ 10162838.159443855285645, 2710616.513379270210862 ], [ 10162838.148132134228945, 2710613.578633673489094 ], [ 10162838.916166333481669, 2710610.75128612620756 ], [ 10162847.234651351347566, 2710600.061120298691094 ], [ 10162856.514300273731351, 2710593.968006213661283 ], [ 10162857.566753590479493, 2710590.940886235795915 ], [ 10162858.332491267472506, 2710587.528809843119234 ], [ 10162865.04796595312655, 2710567.98562370473519 ], [ 10162865.902479311451316, 2710564.8599987574853 ], [ 10162869.792454514652491, 2710558.335176862310618 ], [ 10162877.881723314523697, 2710544.766763642430305 ], [ 10162885.471366049721837, 2710527.173045727424324 ], [ 10162893.70792793482542, 2710500.99339501792565 ], [ 10162898.745513113215566, 2710490.183802862185985 ], [ 10162904.957094211131334, 2710465.181530861649662 ], [ 10162880.815843638032675, 2710457.983181521296501 ], [ 10162880.341234311461449, 2710457.223795839119703 ], [ 10162880.427493125200272, 2710454.002024457789958 ], [ 10162885.571073271334171, 2710442.210009702481329 ], [ 10162898.758595345541835, 2710439.598925184924155 ], [ 10162912.169851174578071, 2710435.243826042395085 ], [ 10162914.48973698541522, 2710433.745405797380954 ], [ 10162916.039721287786961, 2710431.709285963326693 ], [ 10162919.366666050627828, 2710426.764700477942824 ], [ 10162922.073796389624476, 2710417.574890020769089 ], [ 10162925.655599523335695, 2710399.092309489380568 ], [ 10162926.123997487127781, 2710398.229954770300537 ], [ 10162926.889417672529817, 2710397.598093235865235 ], [ 10162930.077630072832108, 2710396.493400296196342 ], [ 10162929.414771376177669, 2710386.787317238282412 ], [ 10162932.157565385103226, 2710369.775341054890305 ], [ 10162934.291217271238565, 2710359.826632572803646 ], [ 10162934.040302626788616, 2710354.509948624297976 ], [ 10162932.795112669467926, 2710333.199774579610676 ], [ 10162931.944527676329017, 2710314.657451027072966 ], [ 10162930.380208438262343, 2710293.105904471129179 ], [ 10162929.641213364899158, 2710280.741272908635437 ], [ 10162902.377528071403503, 2710283.043274960946292 ], [ 10162893.825519733130932, 2710282.858969860710204 ], [ 10162865.974326914176345, 2710282.258720750920475 ], [ 10162830.256300808861852, 2710282.751261296216398 ], [ 10162830.532203318551183, 2710286.026827119290829 ], [ 10162827.669276306405663, 2710286.126267273444682 ], [ 10162817.069916116073728, 2710277.098927290178835 ], [ 10162803.131620410829782, 2710267.069521983619779 ], [ 10162802.248703705146909, 2710265.704918096307665 ], [ 10162801.856492700055242, 2710263.56614944525063 ], [ 10162801.754333112388849, 2710262.683979549910873 ], [ 10162789.783518921583891, 2710225.175922194961458 ], [ 10162780.83097904920578, 2710199.405853517353535 ], [ 10162775.573779795318842, 2710181.150164340157062 ], [ 10162774.937727665528655, 2710178.941607866901904 ], [ 10162773.088765414431691, 2710177.382112752646208 ], [ 10162770.376028681173921, 2710176.609403954818845 ], [ 10162742.113203691318631, 2710178.672334071714431 ], [ 10162740.861350439488888, 2710178.357248334679753 ], [ 10162737.160745218396187, 2710177.422920013777912 ], [ 10162722.937517343088984, 2710190.209761500358582 ], [ 10162720.410837847739458, 2710192.172359745483845 ], [ 10162703.398841857910156, 2710192.988848211243749 ], [ 10162694.930578025057912, 2710176.131096757482737 ], [ 10162681.004443371668458, 2710174.916654463391751 ], [ 10162668.786345334723592, 2710172.812803498934954 ], [ 10162636.613226350396872, 2710170.786671309731901 ], [ 10162640.721070950850844, 2710192.0192970209755 ], [ 10162641.308781243860722, 2710199.364574173465371 ], [ 10162645.208336314186454, 2710214.94937043543905 ], [ 10162651.365540781989694, 2710229.907582713291049 ], [ 10162657.650994753465056, 2710249.686445388942957 ], [ 10162659.296923946589231, 2710249.801356909330934 ], [ 10162662.722268735989928, 2710250.461063685361296 ], [ 10162664.973093371838331, 2710250.948784384410828 ], [ 10162666.753147844225168, 2710251.670015523675829 ], [ 10162668.773236561566591, 2710254.927710631862283 ], [ 10162669.286511640995741, 2710260.022801255807281 ], [ 10162667.877039587125182, 2710278.618035819847137 ], [ 10162666.943024018779397, 2710289.610142458695918 ], [ 10162663.470750382170081, 2710308.114174356684089 ], [ 10162658.554873842746019, 2710313.52821601415053 ], [ 10162657.71289542503655, 2710317.095017858780921 ], [ 10162654.579742234200239, 2710343.916317751165479 ], [ 10162653.759733621031046, 2710384.552609398029745 ], [ 10162654.009028054773808, 2710403.715221216902137 ], [ 10162654.320450128987432, 2710419.09357107244432 ], [ 10162656.049977654591203, 2710426.644189972430468 ], [ 10162656.965631326660514, 2710442.229690780863166 ], [ 10162645.353388683870435, 2710460.798645123373717 ], [ 10162636.649292452260852, 2710479.63219734467566 ], [ 10162633.617561589926481, 2710490.036801187787205 ], [ 10162632.793059265241027, 2710498.149027477018535 ], [ 10162633.098765963688493, 2710512.026966955047101 ], [ 10162635.681612256914377, 2710527.528824818320572 ], [ 10162642.586655573919415, 2710545.805290143471211 ], [ 10162646.259735591709614, 2710550.954319497104734 ], [ 10162651.222980054095387, 2710554.984032358508557 ], [ 10162654.53213001973927, 2710559.638019721023738 ], [ 10162660.819091835990548, 2710562.702684947755188 ], [ 10162677.115006921812892, 2710563.863908430095762 ], [ 10162699.905050538480282, 2710564.878457804676145 ], [ 10162700.47772073559463, 2710565.43879933282733 ], [ 10162700.299289608374238, 2710581.779002020135522 ], [ 10162676.209316063672304, 2710582.236946166027337 ], [ 10162663.116299793124199, 2710583.766282301861793 ], [ 10162659.147976296022534, 2710584.576114618685097 ], [ 10162657.264150584116578, 2710585.388707329519093 ], [ 10162655.929077250882983, 2710586.254527695011348 ], [ 10162654.41128396242857, 2710588.102895345538855 ], [ 10162652.590247005224228, 2710590.989491939544678 ], [ 10162650.058340759947896, 2710600.15654509793967 ], [ 10162640.254725806415081, 2710626.927093965467066 ], [ 10162640.00537402369082, 2710656.198045833967626 ], [ 10162640.897078877314925, 2710679.815822114702314 ], [ 10162648.360578695312142, 2710686.417470006272197 ], [ 10162654.048966281116009, 2710690.698080106638372 ], [ 10162654.909175634384155, 2710691.864271150436252 ], [ 10162654.916780181229115, 2710693.828056099358946 ], [ 10162653.362680161371827, 2710700.531023337971419 ], [ 10162651.725503876805305, 2710705.568417672999203 ], [ 10162650.516754442825913, 2710707.911998476833105 ], [ 10162640.7214550152421, 2710714.029267079662532 ], [ 10162639.02059044316411, 2710716.794036832638085 ], [ 10162627.324699675664306, 2710727.916469972580671 ], [ 10162622.748705642297864, 2710750.441310399211943 ], [ 10162619.632471743971109, 2710764.575514209922403 ], [ 10162618.904733596369624, 2710766.487013082951307 ], [ 10162618.238592352718115, 2710767.284002339933068 ], [ 10162617.757797371596098, 2710767.782255825120956 ], [ 10162616.238784154877067, 2710769.321757096331567 ], [ 10162614.297754295170307, 2710772.396504217758775 ], [ 10162613.636404007673264, 2710774.429136005695909 ], [ 10162613.275185419246554, 2710777.497673161327839 ], [ 10162613.784451274201274, 2710781.555784489028156 ], [ 10162615.697280965745449, 2710788.256350111216307 ], [ 10162615.709228275343776, 2710791.389624016359448 ], [ 10162615.534588910639286, 2710794.457448974251747 ], [ 10162614.889416130259633, 2710800.726671678479761 ], [ 10162614.657572194933891, 2710803.187856098171324 ], [ 10162615.152972372248769, 2710806.495729444548488 ], [ 10162618.678840445354581, 2710813.311449019704014 ], [ 10162626.602268351241946, 2710828.208107409998775 ], [ 10162634.051867002621293, 2710828.300576359499246 ], [ 10162638.144331024959683, 2710831.252457045949996 ], [ 10162655.331823036074638, 2710842.046757887117565 ], [ 10162665.660009669139981, 2710848.533258954528719 ], [ 10162681.429604031145573, 2710858.247107302304357 ], [ 10162706.671029821038246, 2710871.807609163224697 ], [ 10162711.378262966871262, 2710874.856370540801436 ], [ 10162720.418809112161398, 2710877.8332609240897 ], [ 10162734.382788542658091, 2710880.172991515137255 ], [ 10162732.880319995805621, 2710886.015291996765882 ], [ 10162731.913670731708407, 2710888.534478671848774 ], [ 10162730.027605080977082, 2710891.620083023793995 ], [ 10162729.787341641262174, 2710891.929947719443589 ], [ 10162723.777755346149206, 2710901.099606972653419 ], [ 10162721.327259803190827, 2710908.611655461136252 ], [ 10162720.782247012481093, 2710909.54049869813025 ], [ 10162719.867329461500049, 2710911.26521046506241 ], [ 10162718.892351526767015, 2710911.63306244648993 ], [ 10162706.385662607848644, 2710911.681823785416782 ], [ 10162703.693231973797083, 2710907.643213196191937 ], [ 10162691.715216457843781, 2710893.964829373173416 ], [ 10162679.799825482070446, 2710885.162806636653841 ], [ 10162654.481024097651243, 2710871.436972302850336 ], [ 10162647.70767836086452, 2710867.469491242431104 ], [ 10162628.138708276674151, 2710856.854686374310404 ], [ 10162625.700095878913999, 2710856.069744473323226 ], [ 10162622.343937119469047, 2710856.325566947925836 ], [ 10162614.618617611005902, 2710858.694582520984113 ], [ 10162612.374075571075082, 2710859.87272771820426 ], [ 10162610.853478042408824, 2710860.981993151362985 ], [ 10162608.997568875551224, 2710871.922801287379116 ], [ 10162608.999143378809094, 2710872.353155225981027 ], [ 10162604.944338262081146, 2710899.17897670622915 ], [ 10162609.093396924436092, 2710899.714431119151413 ], [ 10162606.547896396368742, 2710919.627848135773093 ], [ 10162603.824078865349293, 2710941.671290432102978 ], [ 10162600.518174296244979, 2710955.01204519206658 ], [ 10162592.117994301021099, 2710975.919109766837209 ], [ 10162588.978518906980753, 2710989.722490011714399 ], [ 10162585.992612637579441, 2711006.382920078933239 ], [ 10162566.84193754196167, 2711004.736247330438346 ], [ 10162574.010928621515632, 2710966.048661668784916 ], [ 10162578.009907025843859, 2710938.925087279640138 ], [ 10162582.616696793586016, 2710910.133250510320067 ], [ 10162583.673209153115749, 2710899.559512700885534 ], [ 10162583.516661232337356, 2710898.798818754963577 ], [ 10162583.360148319974542, 2710898.02715223422274 ], [ 10162577.635333225131035, 2710889.995325373020023 ], [ 10162574.393555875867605, 2710888.5957265002653 ], [ 10162571.036041244864464, 2710888.487459937576205 ], [ 10162545.586756994947791, 2710895.029465507250279 ], [ 10162517.570549273863435, 2710904.538394661154598 ], [ 10162511.228055408224463, 2710889.88910432625562 ], [ 10162528.214545473456383, 2710879.386018993798643 ], [ 10162538.605418628081679, 2710874.049852390773594 ], [ 10162554.271955821663141, 2710868.340185220353305 ], [ 10162565.264904193580151, 2710865.528237754013389 ], [ 10162579.023965524509549, 2710863.06952645862475 ], [ 10162585.522985883057117, 2710855.608103348407894 ], [ 10162586.796803763136268, 2710853.087726944126189 ], [ 10162587.426421482115984, 2710842.769410072360188 ], [ 10162586.947961071506143, 2710829.598036667797714 ], [ 10162586.830896412953734, 2710829.286913494579494 ], [ 10162579.831994457170367, 2710810.693239081185311 ], [ 10162578.85039640776813, 2710809.33999920450151 ], [ 10162578.355096342042089, 2710808.911566001363099 ], [ 10162576.949868598952889, 2710808.674304475542158 ], [ 10162575.918662399053574, 2710808.678330523893237 ], [ 10162575.424936044961214, 2710808.680249493103474 ], [ 10162573.304955217987299, 2710809.325406940188259 ], [ 10162571.348579119890928, 2710809.920727345626801 ], [ 10162565.495064286515117, 2710796.924722756724805 ], [ 10162563.029826814308763, 2710789.200265068095177 ], [ 10162561.239160934463143, 2710777.148298526182771 ], [ 10162555.431774960830808, 2710773.298252703621984 ], [ 10162552.055694453418255, 2710768.346609007101506 ], [ 10162550.569863738492131, 2710764.237068786285818 ], [ 10162565.64158883318305, 2710761.863047971855849 ], [ 10162567.805546071380377, 2710761.522196057252586 ], [ 10162577.48868309892714, 2710757.612063460983336 ], [ 10162580.540785804390907, 2710752.481018879916519 ], [ 10162587.125872595235705, 2710733.169955586548895 ], [ 10162590.899794410914183, 2710724.593765911646187 ], [ 10162595.736352741718292, 2710698.482328706420958 ], [ 10162596.586177321150899, 2710679.833683283999562 ], [ 10162599.25211713463068, 2710642.731042171828449 ], [ 10162599.860905762761831, 2710627.029012839309871 ], [ 10162600.93791726231575, 2710604.672473805956542 ], [ 10162604.117959002032876, 2710587.184216916561127 ], [ 10162605.359924679622054, 2710562.090959737543017 ], [ 10162601.407193390652537, 2710549.826903786044568 ], [ 10162598.062721006572247, 2710535.960752719081938 ], [ 10162595.852844335138798, 2710520.457340257242322 ], [ 10162590.663207231089473, 2710511.881333959754556 ], [ 10162588.919256363064051, 2710508.999285739846528 ], [ 10162580.67654394172132, 2710505.158799371682107 ], [ 10162566.019804118201137, 2710502.325192483142018 ], [ 10162559.922359405085444, 2710502.900560435838997 ], [ 10162546.783980811014771, 2710506.901298914570361 ], [ 10162530.861931497231126, 2710517.400032446719706 ], [ 10162522.88353293761611, 2710519.527293500024825 ], [ 10162521.05163818039, 2710519.5895188418217 ], [ 10162518.493686266243458, 2710521.993554192595184 ], [ 10162511.721032969653606, 2710529.588216598145664 ], [ 10162500.892105141654611, 2710537.926880293060094 ], [ 10162481.208235220983624, 2710554.419983559288085 ], [ 10162482.272491933777928, 2710560.185945829376578 ], [ 10162473.381870908662677, 2710570.491869943216443 ], [ 10162454.31747867166996, 2710591.208092701155692 ], [ 10162442.095779860392213, 2710602.564072190783918 ], [ 10162421.497506296262145, 2710600.922795242164284 ], [ 10162424.948570732027292, 2710593.969820961356163 ], [ 10162434.584372084587812, 2710577.714402202982455 ], [ 10162437.318030593916774, 2710569.638824697583914 ], [ 10162421.307834981009364, 2710577.192076242528856 ], [ 10162380.909220205619931, 2710595.467929683625698 ], [ 10162379.364606721326709, 2710607.525770336389542 ], [ 10162377.967468475922942, 2710624.707823823206127 ], [ 10162376.028896497562528, 2710636.004343560896814 ], [ 10162374.949647843837738, 2710640.521750505547971 ], [ 10162371.785381434485316, 2710648.468018063809723 ], [ 10162368.486019480973482, 2710669.846331157255918 ], [ 10162365.454364873468876, 2710685.37474910588935 ], [ 10162363.82413936406374, 2710702.218612688127905 ], [ 10162363.901797745376825, 2710717.220131799578667 ], [ 10162364.449690604582429, 2710738.635571488644928 ], [ 10162367.307294081896544, 2710754.025888424832374 ], [ 10162370.822398640215397, 2710769.585351763758808 ], [ 10162374.347506981343031, 2710786.111879494041204 ], [ 10162376.888489907607436, 2710802.593650946393609 ], [ 10162379.421391639858484, 2710818.295257242396474 ], [ 10162383.139341697096825, 2710838.699538069777191 ], [ 10162385.719708491116762, 2710859.005906169302762 ], [ 10162378.431228337809443, 2710871.736737325787544 ], [ 10162378.425522712990642, 2710871.746703995857388 ], [ 10162372.224062390625477, 2710882.578725409228355 ], [ 10162368.148614721372724, 2710886.727801161352545 ], [ 10162363.171157900243998, 2710891.795223585795611 ], [ 10162347.701392589136958, 2710906.318953058216721 ], [ 10162341.543464668095112, 2710912.100385302212089 ], [ 10162323.464760044589639, 2710928.92848645336926 ], [ 10162311.740574343129992, 2710940.89848848246038 ], [ 10162301.748852474614978, 2710949.695305349770933 ], [ 10162298.905592789873481, 2710952.19862370705232 ], [ 10162294.379693441092968, 2710957.20057492190972 ], [ 10162285.05172954313457, 2710967.510051147546619 ], [ 10162279.845435613766313, 2710974.408411633223295 ], [ 10162276.156220994889736, 2710979.296767202205956 ], [ 10162268.043259477242827, 2710991.723872722592205 ], [ 10162261.90819862857461, 2711005.18555109295994 ], [ 10162256.645484426990151, 2711016.330203260760754 ], [ 10162255.988873748108745, 2711017.684527816716582 ], [ 10162249.988535543903708, 2711030.061121719889343 ], [ 10162246.972881965339184, 2711037.588216939475387 ], [ 10162243.456260757520795, 2711045.296495649963617 ], [ 10162239.746183529496193, 2711059.700306770391762 ], [ 10162233.841829484328628, 2711072.214398200623691 ], [ 10162232.699566621333361, 2711074.042601909954101 ], [ 10162226.315061511471868, 2711084.261711196508259 ], [ 10162219.508168244734406, 2711097.235938807949424 ], [ 10162217.966751478612423, 2711101.007235071156174 ], [ 10162214.987732777372003, 2711108.295816415455192 ], [ 10162211.444092659279704, 2711119.752359776757658 ], [ 10162208.811728542670608, 2711134.815468437504023 ], [ 10162207.034613804891706, 2711153.331789610907435 ], [ 10162206.644124701619148, 2711159.506934639532119 ], [ 10162206.639988392591476, 2711159.57177093019709 ], [ 10162206.329388311132789, 2711164.48408919852227 ], [ 10162205.495379012078047, 2711171.603989684954286 ], [ 10162205.326401090249419, 2711172.170080674346536 ], [ 10162205.314048144966364, 2711172.211298607289791 ], [ 10162201.828932924196124, 2711183.886106391903013 ], [ 10162199.614031055942178, 2711189.569564808625728 ], [ 10162194.623166022822261, 2711198.458187978249043 ], [ 10162190.765387434512377, 2711208.071526827756315 ], [ 10162188.551726611331105, 2711213.875807939562947 ], [ 10162188.450958527624607, 2711214.267213582061231 ], [ 10162191.008904330432415, 2711214.49586275126785 ], [ 10162191.022758251056075, 2711214.496895336080343 ], [ 10162215.476166592910886, 2711214.953922929707915 ], [ 10162232.102656215429306, 2711213.466445586178452 ], [ 10162234.54919989593327, 2711213.45694284606725 ], [ 10162235.879017500206828, 2711214.047653459012508 ], [ 10162249.603425743058324, 2711231.162238314282149 ], [ 10162266.448112500831485, 2711246.554547723848373 ], [ 10162278.061147570610046, 2711259.484669858124107 ], [ 10162279.551084203645587, 2711261.795907889958471 ], [ 10162284.994192337617278, 2711273.624524591956288 ], [ 10162286.710819961503148, 2711274.963965958915651 ], [ 10162289.676101034507155, 2711275.768904570490122 ], [ 10162299.801500335335732, 2711281.25739110307768 ], [ 10162318.413739807903767, 2711294.083251557778567 ], [ 10162325.867926714941859, 2711301.049467543605715 ], [ 10162327.655324334278703, 2711303.187749585602432 ], [ 10162327.917934104800224, 2711303.501879323273897 ], [ 10162336.366427194327116, 2711320.868661747314036 ], [ 10162347.188701458275318, 2711327.810790288262069 ], [ 10162351.756664134562016, 2711331.709921213332564 ], [ 10162354.859552685171366, 2711334.081143443007022 ], [ 10162378.548109959810972, 2711340.245248800609261 ], [ 10162398.750479543581605, 2711332.785696647595614 ], [ 10162425.08643277361989, 2711322.654400126077235 ], [ 10162440.635236248373985, 2711317.607191185932606 ], [ 10162442.030525855720043, 2711318.131384460255504 ], [ 10162442.824851157143712, 2711319.264719943981618 ], [ 10162442.892888294532895, 2711319.860224737320095 ], [ 10162443.387089304625988, 2711328.552544098813087 ], [ 10162443.979920629411936, 2711328.682625877205282 ], [ 10162444.506056962534785, 2711328.548152453731745 ], [ 10162454.188228670507669, 2711321.405206644907594 ], [ 10162458.667371653020382, 2711320.15856224251911 ], [ 10162462.429768264293671, 2711319.111392931081355 ], [ 10162479.14583052508533, 2711315.196053272578865 ], [ 10162490.715971425175667, 2711311.15708487899974 ], [ 10162498.88479471206665, 2711309.93376236455515 ], [ 10162514.030618676915765, 2711308.539954340551049 ], [ 10162539.865648994222283, 2711307.97628938453272 ], [ 10162548.172589333727956, 2711305.560843592975289 ], [ 10162551.823584131896496, 2711302.082230335101485 ], [ 10162581.552024103701115, 2711315.460387482773513 ], [ 10162602.208445703610778, 2711323.423379716463387 ], [ 10162616.60431862436235, 2711329.534998456481844 ], [ 10162618.33293853700161, 2711331.12803359888494 ], [ 10162618.602297943085432, 2711332.715817126445472 ], [ 10162618.279574912041426, 2711334.383112278301269 ], [ 10162618.190601006150246, 2711334.979866614565253 ], [ 10162618.022908611223102, 2711336.105266061145812 ], [ 10162618.684228964149952, 2711336.897124520502985 ], [ 10162624.856834461912513, 2711341.529190705623478 ], [ 10162648.860135897994041, 2711358.19530502287671 ], [ 10162649.849311076104641, 2711358.654858985450119 ], [ 10162651.166338661685586, 2711358.782108517363667 ], [ 10162654.271419059485197, 2711358.836220686323941 ], [ 10162656.706964828073978, 2711358.82683686260134 ], [ 10162658.495352478697896, 2711358.819867515470833 ], [ 10162667.476068649441004, 2711360.450956874992698 ], [ 10162673.838811466470361, 2711363.151383502874523 ], [ 10162680.799899782985449, 2711364.525449513923377 ], [ 10162694.460103275254369, 2711364.8033601581119 ], [ 10162694.465725777670741, 2711366.259718078188598 ], [ 10162691.964485500007868, 2711386.261760365217924 ], [ 10162691.314294369891286, 2711388.382731512188911 ], [ 10162690.527975231409073, 2711389.323553151916713 ], [ 10162689.014794254675508, 2711389.528048711363226 ], [ 10162671.906193930655718, 2711385.534422964788973 ], [ 10162646.750304168090224, 2711380.12666184687987 ], [ 10162635.75670319609344, 2711377.179332415107638 ], [ 10162614.042291380465031, 2711370.87557934736833 ], [ 10162603.666286781430244, 2711365.873655795119703 ], [ 10162587.432313712313771, 2711355.366876352578402 ], [ 10162572.245072958990932, 2711345.992476926650852 ], [ 10162555.53617075830698, 2711340.342114747967571 ], [ 10162544.798884494230151, 2711338.397831232752651 ], [ 10162543.076069900766015, 2711338.338393235579133 ], [ 10162541.563901977613568, 2711338.807655968237668 ], [ 10162540.383293131366372, 2711339.937576131429523 ], [ 10162538.862123934552073, 2711340.936476598493755 ], [ 10162536.952941689640284, 2711340.87775310408324 ], [ 10162531.673371249809861, 2711340.236235788557678 ], [ 10162511.172776674851775, 2711338.594644621014595 ], [ 10162509.461542304605246, 2711338.667465063277632 ], [ 10162507.677412524819374, 2711339.733545758761466 ], [ 10162506.693739069625735, 2711340.730338577646762 ], [ 10162505.908420514315367, 2711341.936039747204632 ], [ 10162505.052744969725609, 2711341.939420776441693 ], [ 10162503.129441123455763, 2711341.075228898786008 ], [ 10162487.119655847549438, 2711340.342960524372756 ], [ 10162457.899612836539745, 2711342.254712681751698 ], [ 10162448.530843263491988, 2711342.423360904213041 ], [ 10162446.351229876279831, 2711343.369647526182234 ], [ 10162444.527857227250934, 2711348.551350767724216 ], [ 10162438.719351846724749, 2711347.316097701434046 ], [ 10162436.139329997822642, 2711346.851714748889208 ], [ 10162430.515087487176061, 2711347.877494731452316 ], [ 10162406.862746903672814, 2711354.01542254537344 ], [ 10162386.827678762376308, 2711359.344795510638505 ], [ 10162384.908481784164906, 2711359.550909783225507 ], [ 10162381.616702057421207, 2711359.431179929990321 ], [ 10162376.830766398459673, 2711358.787806840613484 ], [ 10162371.314009211957455, 2711364.987693137954921 ], [ 10162359.181143032386899, 2711379.642813772428781 ], [ 10162350.210653480142355, 2711377.823941921349615 ], [ 10162339.703961245715618, 2711373.076104519888759 ], [ 10162331.717892291024327, 2711364.721698425710201 ], [ 10162322.271377401426435, 2711356.053009810857475 ], [ 10162308.770244553685188, 2711342.887493399437517 ], [ 10162300.684266736730933, 2711334.224532139953226 ], [ 10162291.984466979280114, 2711322.82774429069832 ], [ 10162278.540769767016172, 2711304.597617246676236 ], [ 10162264.28599901497364, 2711286.52518271189183 ], [ 10162258.499992372468114, 2711279.684841861948371 ], [ 10162257.939341420307755, 2711278.912281354889274 ], [ 10162248.551569832488894, 2711265.975965743418783 ], [ 10162241.97141507640481, 2711260.882028051652014 ], [ 10162229.263307286426425, 2711251.365296578966081 ], [ 10162225.681455148383975, 2711249.977876937482506 ], [ 10162218.546530148014426, 2711249.012457229197025 ], [ 10162203.548945993185043, 2711249.004226856864989 ], [ 10162185.270546628162265, 2711247.475442751776427 ], [ 10162185.265092473477125, 2711247.47498610522598 ], [ 10162185.263764798641205, 2711247.480687717907131 ], [ 10162182.167658, 2711246.814881624188274 ], [ 10162181.423261124640703, 2711259.420044900849462 ], [ 10162180.55692526884377, 2711268.716585337650031 ], [ 10162179.103632796555758, 2711284.712850308045745 ], [ 10162178.239746037870646, 2711295.317281569354236 ], [ 10162177.414597203955054, 2711308.636122039053589 ], [ 10162173.134484119713306, 2711325.013435874599963 ], [ 10162167.541951932013035, 2711339.184216249734163 ], [ 10162160.92095447704196, 2711355.377061108127236 ], [ 10162157.722782053053379, 2711360.555470162536949 ], [ 10162154.567274805158377, 2711365.664779202546924 ], [ 10162148.765372220426798, 2711374.629522464238107 ], [ 10162147.563298963010311, 2711376.486857233103365 ], [ 10162141.776965731754899, 2711386.680853652302176 ], [ 10162136.392726961523294, 2711397.716916881501675 ], [ 10162134.28400843963027, 2711400.190512302331626 ], [ 10162130.247836312279105, 2711404.925086928065866 ], [ 10162120.319012258201838, 2711412.974756572395563 ], [ 10162116.069578917697072, 2711418.503415526822209 ], [ 10162114.734541965648532, 2711420.581646517850459 ], [ 10162117.528478942811489, 2711422.861175361089408 ], [ 10162122.53434288688004, 2711426.945619040168822 ], [ 10162127.207361238077283, 2711434.87811085395515 ], [ 10162124.208365365862846, 2711459.769879375584424 ], [ 10162124.220991533249617, 2711463.068758797366172 ], [ 10162127.775006428360939, 2711474.408392915036529 ], [ 10162139.925303859636188, 2711490.106098928488791 ], [ 10162147.620445568114519, 2711502.731661773752421 ], [ 10162154.827395627275109, 2711514.042270285077393 ], [ 10162155.468045173212886, 2711515.047736065927893 ], [ 10162161.433003418147564, 2711522.781241079326719 ], [ 10162165.883169557899237, 2711530.299796282313764 ], [ 10162176.190436121076345, 2711546.01567755965516 ], [ 10162187.595442483201623, 2711561.89281996851787 ], [ 10162192.178206164389849, 2711561.058722171466798 ], [ 10162216.654007500037551, 2711577.944631576538086 ], [ 10162218.553705068305135, 2711581.236278194002807 ], [ 10162205.029375387355685, 2711599.372252819128335 ], [ 10162197.170477453619242, 2711595.60716575756669 ], [ 10162194.987172910943627, 2711595.615542463958263 ], [ 10162192.708203615620732, 2711596.429807228036225 ], [ 10162179.620338601991534, 2711605.31811641016975 ], [ 10162177.577896203845739, 2711610.588919698260725 ], [ 10162177.486819595098495, 2711615.466095810290426 ], [ 10162177.701104206964374, 2711616.998869246803224 ], [ 10162177.150789212435484, 2711628.04544067196548 ], [ 10162176.937228569760919, 2711629.579896818846464 ], [ 10162176.227870605885983, 2711630.564629869535565 ], [ 10162175.582787849009037, 2711631.173959276173264 ], [ 10162173.842839015647769, 2711632.328169525135309 ], [ 10162169.71228601783514, 2711633.822566823102534 ], [ 10162168.780745472759008, 2711634.101988034322858 ], [ 10162166.279511174187064, 2711634.166826503816992 ], [ 10162164.754091184586287, 2711634.062448869459331 ], [ 10162158.773042878136039, 2711630.742368950042874 ], [ 10162154.95300561375916, 2711627.358758676797152 ], [ 10162151.116782639175653, 2711622.596094222739339 ], [ 10162149.632021049037576, 2711618.773251948878169 ], [ 10162149.386506002396345, 2711611.922440069261938 ], [ 10162151.670853286981583, 2711601.023623916320503 ], [ 10162160.057419387623668, 2711576.320555286481977 ], [ 10162161.612449603155255, 2711569.793728885240853 ], [ 10162161.600039696320891, 2711566.560996441170573 ], [ 10162161.313606908544898, 2711563.37346075521782 ], [ 10162158.815624119713902, 2711558.528481267858297 ], [ 10162152.849854568019509, 2711546.97224119445309 ], [ 10162148.282085318118334, 2711538.124225679319352 ], [ 10162138.226726347580552, 2711525.143547370564193 ], [ 10162121.801124112680554, 2711501.738971137441695 ], [ 10162107.913350442424417, 2711487.857448079157621 ], [ 10162104.147425727918744, 2711484.252924246247858 ], [ 10162096.228191195055842, 2711479.020625201053917 ], [ 10162091.183761848136783, 2711476.778197307139635 ], [ 10162089.574245074763894, 2711479.719122404232621 ], [ 10162091.177101025357842, 2711476.779711852315813 ], [ 10162085.231677068397403, 2711472.652901993598789 ], [ 10162081.932463584467769, 2711470.362826506141573 ], [ 10162080.280465576797724, 2711473.314584199339151 ], [ 10162078.965163763612509, 2711478.274198497179896 ], [ 10162080.67312347330153, 2711481.662657412234694 ], [ 10162082.178227085620165, 2711484.64884072355926 ], [ 10162082.282308360561728, 2711487.329688720405102 ], [ 10162080.723082724958658, 2711493.017346646636724 ], [ 10162081.165581172332168, 2711493.88555350061506 ], [ 10162088.151557112112641, 2711507.591664795763791 ], [ 10162093.181790050119162, 2711517.431620297022164 ], [ 10162096.417360024526715, 2711526.004265917465091 ], [ 10162097.512996105477214, 2711529.455151617992669 ], [ 10162099.155344817787409, 2711539.330284103285521 ], [ 10162100.555606801062822, 2711550.109260274097323 ], [ 10162101.426147282123566, 2711556.134486528113484 ], [ 10162101.546647716313601, 2711562.528604495804757 ], [ 10162101.594263168051839, 2711565.057742223143578 ], [ 10162098.338676169514656, 2711577.984386783558875 ], [ 10162094.264156058430672, 2711590.985515645705163 ], [ 10162088.630775330588222, 2711608.641119592357427 ], [ 10162081.380972221493721, 2711629.610867859330028 ], [ 10162077.400145208463073, 2711645.358932616189122 ], [ 10162071.659410744905472, 2711665.334966276306659 ], [ 10162065.756172178313136, 2711682.267944085411727 ], [ 10162064.199023796245456, 2711694.550592467188835 ], [ 10162062.768804360181093, 2711719.21917594736442 ], [ 10162062.45400176756084, 2711726.129219733178616 ], [ 10162062.037285225465894, 2711735.274298964533955 ], [ 10162063.457921421155334, 2711760.825707521289587 ], [ 10162064.905369965359569, 2711775.143656556494534 ], [ 10162068.332917572930455, 2711794.958784078713506 ], [ 10162070.976833745837212, 2711812.968355478253216 ], [ 10162072.908681819215417, 2711824.434423267841339 ], [ 10162074.436509381979704, 2711847.643731250427663 ], [ 10162076.178585585206747, 2711865.113166995346546 ], [ 10162083.688523631542921, 2711892.931853517424315 ], [ 10162089.310065299272537, 2711910.32816124195233 ], [ 10162095.414584543555975, 2711926.873096329625696 ], [ 10162097.683738430961967, 2711932.851004197262228 ], [ 10162101.830074852332473, 2711947.086044013034552 ], [ 10162106.485036281868815, 2711959.755088234785944 ], [ 10162110.626056507229805, 2711971.341255771461874 ], [ 10162115.685996787622571, 2711986.204347690567374 ], [ 10162118.255119390785694, 2711997.982717771083117 ], [ 10162122.58485109731555, 2712016.238863084465265 ], [ 10162124.585826816037297, 2712021.637077277060598 ], [ 10162133.660357533022761, 2712037.887484825216234 ], [ 10162140.518629042431712, 2712051.182226595468819 ], [ 10162148.163215728476644, 2712066.546172936912626 ], [ 10162154.008821533992887, 2712080.203165526501834 ], [ 10162157.878500290215015, 2712091.968051893636584 ], [ 10162158.668448308482766, 2712095.245995826553553 ], [ 10162160.222780084237456, 2712094.144043485634029 ], [ 10162165.616813287138939, 2712099.710565484128892 ], [ 10162171.843626109883189, 2712115.224662733729929 ], [ 10162178.233817672356963, 2712131.310586272273213 ], [ 10162182.114969482645392, 2712142.129512117244303 ], [ 10162187.043367216363549, 2712155.21349869761616 ], [ 10162192.902570351958275, 2712166.187999397516251 ], [ 10162196.09461422637105, 2712171.655529402662069 ], [ 10162201.261749196797609, 2712180.506157984491438 ], [ 10162207.959076067432761, 2712195.295507214963436 ], [ 10162209.341440292075276, 2712197.794075710233301 ], [ 10162210.73714884929359, 2712200.31682973029092 ], [ 10162211.791115310043097, 2712197.90968704642728 ], [ 10162211.99775024317205, 2712197.445517441723496 ], [ 10162217.49940611794591, 2712184.338114124722779 ], [ 10162224.606562528759241, 2712169.042319315019995 ], [ 10162235.814464395865798, 2712144.920768481213599 ], [ 10162246.718546194955707, 2712124.33371193241328 ] ], [ [ 10162182.96294224075973, 2711257.214878487866372 ], [ 10162182.965486358851194, 2711257.204133265651762 ], [ 10162182.947341928258538, 2711257.926972007844597 ], [ 10162182.96294224075973, 2711257.214878487866372 ] ], [ [ 10162192.360089678317308, 2711206.942110040225089 ], [ 10162193.607300685718656, 2711204.852202342357486 ], [ 10162192.362263081595302, 2711206.944860328920186 ], [ 10162192.140386693179607, 2711208.18331032153219 ], [ 10162192.360089678317308, 2711206.942110040225089 ] ], [ [ 10162203.361876195296645, 2711187.61309396289289 ], [ 10162204.043563460931182, 2711183.109617475885898 ], [ 10162203.369394268840551, 2711187.616410256829113 ], [ 10162202.303908044472337, 2711190.471718168817461 ], [ 10162203.361876195296645, 2711187.61309396289289 ] ] ], [ [ [ 10162547.867340546101332, 2712663.501094793435186 ], [ 10162541.58623943477869, 2712642.185417496133596 ], [ 10162506.019501091912389, 2712640.569080762565136 ], [ 10162494.277492571622133, 2712640.106992873828858 ], [ 10162493.001977613195777, 2712645.088418038096279 ], [ 10162495.936324805021286, 2712646.368020392488688 ], [ 10162496.816988503560424, 2712647.103812968358397 ], [ 10162497.413004323840141, 2712648.028424183372408 ], [ 10162497.626147931441665, 2712648.66834235098213 ], [ 10162500.754710584878922, 2712648.623254580423236 ], [ 10162512.59084446541965, 2712649.546106711495668 ], [ 10162522.710525263100863, 2712651.038876526523381 ], [ 10162528.632968978956342, 2712652.692897893954068 ], [ 10162534.499501323327422, 2712655.863658647052944 ], [ 10162537.306962696835399, 2712657.547781374771148 ], [ 10162539.425087226554751, 2712672.564180577173829 ], [ 10162541.427915543317795, 2712681.996691312175244 ], [ 10162541.53371761739254, 2712682.045427941717207 ], [ 10162545.612383401021361, 2712683.923944615293294 ], [ 10162550.126705810427666, 2712686.063509969040751 ], [ 10162550.163194347172976, 2712681.367558995261788 ], [ 10162549.787200555205345, 2712672.023045466747135 ], [ 10162547.867340546101332, 2712663.501094793435186 ] ] ], [ [ [ 10162672.465315276756883, 2712817.153890711721033 ], [ 10162672.695708217099309, 2712816.49224158283323 ], [ 10162671.014650356024504, 2712817.011055248789489 ], [ 10162668.220466928556561, 2712825.054455770179629 ], [ 10162666.916621807962656, 2712828.801503687165678 ], [ 10162662.75221467204392, 2712841.559106141328812 ], [ 10162657.579557897523046, 2712857.415609432384372 ], [ 10162655.981032762676477, 2712860.524890929926187 ], [ 10162657.874916948378086, 2712862.394165594130754 ], [ 10162658.336458308622241, 2712857.991551348008215 ], [ 10162663.659942587837577, 2712841.375252581201494 ], [ 10162672.465315276756883, 2712817.153890711721033 ] ] ], [ [ [ 10167064.944524418562651, 2714661.022268416360021 ], [ 10167041.270303467288613, 2714649.323768658097833 ], [ 10167035.843100974336267, 2714645.119825781788677 ], [ 10167032.802495967596769, 2714642.149074350949377 ], [ 10167023.414934242144227, 2714632.977239505387843 ], [ 10167010.492615612223744, 2714623.419080504681915 ], [ 10166993.428578685969114, 2714615.367899174336344 ], [ 10166971.46271663531661, 2714608.14272665604949 ], [ 10166962.497219361364841, 2714608.102770570199937 ], [ 10166947.793308570981026, 2714610.922816280741245 ], [ 10166921.671558059751987, 2714615.103534757625312 ], [ 10166914.101727714762092, 2714618.2250393955037 ], [ 10166901.135392345488071, 2714627.305973619688302 ], [ 10166896.490078262984753, 2714631.805719246622175 ], [ 10166881.106312446296215, 2714639.558733760379255 ], [ 10166869.186375150457025, 2714645.566263092681766 ], [ 10166871.980691792443395, 2714649.523655287921429 ], [ 10166874.415430618450046, 2714654.070016652345657 ], [ 10166874.466337446123362, 2714654.165103468112648 ], [ 10166874.591651087626815, 2714654.343054285272956 ], [ 10166874.56771744042635, 2714654.35428807605058 ], [ 10166876.873180096969008, 2714658.660018894821405 ], [ 10166880.429086508229375, 2714655.624667570926249 ], [ 10166885.260303786024451, 2714651.860375399701297 ], [ 10166892.288519226014614, 2714646.384284850675613 ], [ 10166906.079123549163342, 2714642.813401142135262 ], [ 10166931.690554710105062, 2714635.248282938729972 ], [ 10166950.520919671282172, 2714628.876646839082241 ], [ 10166962.276781165972352, 2714624.365824642125517 ], [ 10166964.552601732313633, 2714624.923499830532819 ], [ 10166972.656644778326154, 2714626.291226467117667 ], [ 10166986.14378191716969, 2714629.093383457511663 ], [ 10166992.034788051620126, 2714631.353228517342359 ], [ 10166997.151900663971901, 2714634.852313493844122 ], [ 10167002.48038449883461, 2714639.03457394009456 ], [ 10167015.510312950238585, 2714650.766393711790442 ], [ 10167021.784011585637927, 2714655.331073780078441 ], [ 10167025.925398172810674, 2714656.979367684107274 ], [ 10167026.970408855006099, 2714656.481425150763243 ], [ 10167031.848892478272319, 2714657.68343922868371 ], [ 10167033.588146777823567, 2714658.111991521902382 ], [ 10167039.748852241784334, 2714665.988790139555931 ], [ 10167058.72651362977922, 2714664.837410436943173 ], [ 10167059.177558898925781, 2714664.804934894200414 ], [ 10167068.176629226654768, 2714664.157991191837937 ], [ 10167064.944524418562651, 2714661.022268416360021 ] ] ], [ [ [ 10166317.801298076286912, 2715025.370891018770635 ], [ 10166326.841379141435027, 2715011.307215021923184 ], [ 10166309.641742907464504, 2715013.099636462051421 ], [ 10166298.28973750397563, 2715012.129114061594009 ], [ 10166296.095299763604999, 2715011.94144819304347 ], [ 10166292.222070120275021, 2715012.056729183532298 ], [ 10166273.080650448799133, 2715016.682228981517255 ], [ 10166258.855065682902932, 2715023.91409061755985 ], [ 10166229.144801056012511, 2715044.463576034177095 ], [ 10166197.83523041009903, 2715068.440842282027006 ], [ 10166172.826553983613849, 2715084.821476229932159 ], [ 10166159.180187705904245, 2715094.180767676327378 ], [ 10166160.493132047355175, 2715095.907987042330205 ], [ 10166183.185129435732961, 2715098.143343091476709 ], [ 10166183.249741660431027, 2715101.268946679774672 ], [ 10166184.827474039047956, 2715101.446876300498843 ], [ 10166194.590358156710863, 2715103.63221690710634 ], [ 10166194.995632648468018, 2715121.938979822676629 ], [ 10166194.362207325175405, 2715137.015595583245158 ], [ 10166209.435376489534974, 2715133.982921263668686 ], [ 10166219.700814373791218, 2715131.917585238348693 ], [ 10166231.120670175179839, 2715128.250849702395499 ], [ 10166238.863341744989157, 2715127.071243308484554 ], [ 10166266.423179319128394, 2715122.76424555061385 ], [ 10166279.892175864428282, 2715121.064407461788505 ], [ 10166281.571651719510555, 2715113.089623668696731 ], [ 10166284.083623507991433, 2715110.132746224757284 ], [ 10166300.051445834338665, 2715069.907396683003753 ], [ 10166305.233613066375256, 2715059.755141436122358 ], [ 10166307.515857281163335, 2715054.283080644439906 ], [ 10166308.617234343662858, 2715049.875189408659935 ], [ 10166309.629276661202312, 2715045.081460614223033 ], [ 10166315.299580961465836, 2715030.843933142255992 ], [ 10166317.801298076286912, 2715025.370891018770635 ] ] ], [ [ [ 10163843.712803756818175, 2713092.640050419140607 ], [ 10163828.084793226793408, 2713100.205424233805388 ], [ 10163832.427200518548489, 2713091.128936803899705 ], [ 10163832.514240717515349, 2713088.127216831315309 ], [ 10163832.305273627862334, 2713085.214883308857679 ], [ 10163826.932802619412541, 2713066.643128571100533 ], [ 10163808.382299222052097, 2713073.238040351308882 ], [ 10163796.553625885397196, 2713078.724863956216723 ], [ 10163779.985454605892301, 2713092.782195440027863 ], [ 10163775.939309535548091, 2713096.28503238549456 ], [ 10163771.086193377152085, 2713092.64089574245736 ], [ 10163781.469994159415364, 2713082.414933931548148 ], [ 10163792.960814287886024, 2713071.886718092951924 ], [ 10163797.493811279535294, 2713069.452216709963977 ], [ 10163807.240054424852133, 2713064.558356980327517 ], [ 10163820.818116955459118, 2713060.256324131507427 ], [ 10163824.423436542972922, 2713059.083451048936695 ], [ 10163826.284839292988181, 2713058.082978571765125 ], [ 10163828.623407764360309, 2713055.657144812867045 ], [ 10163846.215853199362755, 2713037.00549745792523 ], [ 10163853.968352073803544, 2713038.530610132496804 ], [ 10163845.893586413934827, 2713047.147363148629665 ], [ 10163846.087165275588632, 2713068.542363957967609 ], [ 10163845.892635410651565, 2713086.099041040055454 ], [ 10163843.712803756818175, 2713092.640050419140607 ], [ 10163848.919495644047856, 2713091.306279154028744 ], [ 10163858.880475712940097, 2713090.803397203795612 ], [ 10163891.705844344571233, 2713084.14082174282521 ], [ 10163907.848013576120138, 2713076.187094733119011 ], [ 10163987.120872125029564, 2713033.544229407794774 ], [ 10163989.943641586229205, 2713053.825353031046689 ], [ 10164009.678280018270016, 2713060.985588095150888 ], [ 10164011.768660636618733, 2713062.433714086189866 ], [ 10164013.437047166749835, 2713065.362361335661262 ], [ 10164016.117379155009985, 2713074.510295930784196 ], [ 10164017.82619553245604, 2713084.953107588924468 ], [ 10164012.298892293125391, 2713091.253732522949576 ], [ 10164013.775078842416406, 2713112.279582197312266 ], [ 10164028.762374157086015, 2713151.094497092999518 ], [ 10164049.486859356984496, 2713195.10612659715116 ], [ 10164066.335400240495801, 2713202.134288400411606 ], [ 10164099.099190603941679, 2713213.259155522566289 ], [ 10164116.282942861318588, 2713219.039117891807109 ], [ 10164144.31476828455925, 2713223.848854842595756 ], [ 10164149.476328810676932, 2713224.975929169449955 ], [ 10164148.88511317409575, 2713226.307128202170134 ], [ 10164149.379506623372436, 2713226.219673061743379 ], [ 10164164.462272718548775, 2713225.157013024669141 ], [ 10164171.177936868742108, 2713217.553398279473186 ], [ 10164177.33956715464592, 2713214.996446115896106 ], [ 10164182.660964278504252, 2713212.285639764741063 ], [ 10164184.229828935116529, 2713211.627696466632187 ], [ 10164192.113157724961638, 2713208.32196769118309 ], [ 10164200.11754534393549, 2713204.261143961921334 ], [ 10164200.410833898931742, 2713204.168778964783996 ], [ 10164214.210251063108444, 2713199.8218485978432 ], [ 10164213.409812405705452, 2713214.659988948144019 ], [ 10164213.593862129375339, 2713230.00757272541523 ], [ 10164204.70695991255343, 2713234.881372540257871 ], [ 10164200.306910941377282, 2713237.662890294101089 ], [ 10164198.569940084591508, 2713238.760819735005498 ], [ 10164191.946076119318604, 2713242.296564845368266 ], [ 10164185.309864873066545, 2713245.165689431130886 ], [ 10164179.246519390493631, 2713247.166668513324112 ], [ 10164175.371580822393298, 2713249.241320929024369 ], [ 10164173.583010708913207, 2713250.156145168934017 ], [ 10164167.968197859823704, 2713255.501520241610706 ], [ 10164165.579517273232341, 2713258.965229330584407 ], [ 10164246.54151457734406, 2713295.066955713555217 ], [ 10164280.901679961010814, 2713310.234951612539589 ], [ 10164303.939776670187712, 2713320.239593548700213 ], [ 10164313.36780234053731, 2713323.666873613372445 ], [ 10164334.9820192232728, 2713325.997160009574145 ], [ 10164332.098794752731919, 2713337.749521897174418 ], [ 10164338.947240758687258, 2713340.911182415205985 ], [ 10164335.826327122747898, 2713348.063010461628437 ], [ 10164335.157793221995234, 2713351.04508237214759 ], [ 10164389.999287063255906, 2713381.656787973828614 ], [ 10164405.120270574465394, 2713390.170280316378921 ], [ 10164414.502475941553712, 2713395.848665240686387 ], [ 10164419.370374804362655, 2713397.63892256654799 ], [ 10164423.825985737144947, 2713383.927081921137869 ], [ 10164427.61553674377501, 2713376.617951616179198 ], [ 10164428.917999653145671, 2713370.256738882511854 ], [ 10164432.332055114209652, 2713354.000119840726256 ], [ 10164432.722459902986884, 2713341.738993512932211 ], [ 10164436.07082219235599, 2713322.746067884843796 ], [ 10164439.118341073393822, 2713310.948883675038815 ], [ 10164440.624528616666794, 2713295.041958185844123 ], [ 10164441.33055105805397, 2713293.240519168786705 ], [ 10164442.014672847464681, 2713291.428037868347019 ], [ 10164458.710919739678502, 2713290.401277297176421 ], [ 10164465.544534862041473, 2713306.451328833587468 ], [ 10164467.504423523321748, 2713316.473939891904593 ], [ 10164466.822470616549253, 2713335.47833524690941 ], [ 10164466.093397935852408, 2713345.313175869174302 ], [ 10164460.17401877976954, 2713366.192324412520975 ], [ 10164459.240021601319313, 2713371.404456479009241 ], [ 10164474.873380398377776, 2713373.526768159121275 ], [ 10164485.459742847830057, 2713375.713388758711517 ], [ 10164490.316923169419169, 2713377.547705828212202 ], [ 10164496.362367630004883, 2713377.435231097973883 ], [ 10164514.213772792369127, 2713374.395448486320674 ], [ 10164515.447438977658749, 2713394.981130781583488 ], [ 10164510.606223061680794, 2713397.185455236118287 ], [ 10164478.71181514672935, 2713397.964226443320513 ], [ 10164463.664999112486839, 2713399.780592106282711 ], [ 10164461.932789711281657, 2713406.465985169634223 ], [ 10164458.347389789298177, 2713415.419522383250296 ], [ 10164453.715069774538279, 2713425.953310808166862 ], [ 10164449.019011981785297, 2713437.765319847967476 ], [ 10164447.247652173042297, 2713441.989584431983531 ], [ 10164443.375567002221942, 2713451.223960610106587 ], [ 10164438.363327449187636, 2713465.314837049227208 ], [ 10164436.933414986357093, 2713468.796319958753884 ], [ 10164433.666355978697538, 2713476.671206993982196 ], [ 10164435.973074527457356, 2713486.580213206354529 ], [ 10164444.342258915305138, 2713499.800424573011696 ], [ 10164445.802593080326915, 2713500.586678431369364 ], [ 10164451.389307655394077, 2713503.59876839723438 ], [ 10164462.081819659098983, 2713512.391083225142211 ], [ 10164468.671047044917941, 2713519.468936527147889 ], [ 10164470.166879570111632, 2713521.488724008202553 ], [ 10164471.715620834380388, 2713533.777524738572538 ], [ 10164473.035159377381206, 2713547.53390369284898 ], [ 10164460.585912972688675, 2713556.160255314316601 ], [ 10164453.248190376907587, 2713562.63381690857932 ], [ 10164455.255797773599625, 2713565.234438272658736 ], [ 10164459.729159666225314, 2713569.895402566064149 ], [ 10164470.263224072754383, 2713578.23960438510403 ], [ 10164474.956204026937485, 2713580.151907631196082 ], [ 10164492.585545338690281, 2713587.485772622749209 ], [ 10164497.959621695801616, 2713589.604971197899431 ], [ 10164499.452248521149158, 2713589.687197684776038 ], [ 10164504.979824604466558, 2713589.014067002572119 ], [ 10164510.683557815849781, 2713588.937289826571941 ], [ 10164515.48028564080596, 2713588.872729356400669 ], [ 10164528.047456854954362, 2713589.716181904543191 ], [ 10164533.713623356074095, 2713590.785900976043195 ], [ 10164545.351354701444507, 2713595.219414231367409 ], [ 10164549.710082521662116, 2713595.85300230840221 ], [ 10164570.689779007807374, 2713595.76894390117377 ], [ 10164583.48586411587894, 2713596.236196553800255 ], [ 10164590.811353281140327, 2713597.906191141344607 ], [ 10164597.361972404643893, 2713600.627557648345828 ], [ 10164599.614023568108678, 2713601.280720894224942 ], [ 10164601.303985429927707, 2713601.318005120847374 ], [ 10164618.70266599021852, 2713597.518429761752486 ], [ 10164631.67857301980257, 2713593.504959902726114 ], [ 10164636.432041937485337, 2713585.794587144162506 ], [ 10164648.863798098638654, 2713573.484201144892722 ], [ 10164671.35284461453557, 2713551.21472295653075 ], [ 10164712.05092941224575, 2713509.792231590952724 ], [ 10164722.151396356523037, 2713497.403739133384079 ], [ 10164755.46685915440321, 2713462.07999862683937 ], [ 10164765.030099669471383, 2713477.390838713850826 ], [ 10164813.911499325186014, 2713490.6675796052441 ], [ 10164817.854140013456345, 2713513.57089665485546 ], [ 10164798.132172344252467, 2713515.360654185991734 ], [ 10164794.876102697104216, 2713516.080077054910362 ], [ 10164787.645638210698962, 2713521.714780710637569 ], [ 10164769.244586883112788, 2713530.06486431369558 ], [ 10164752.6422029286623, 2713535.439370650332421 ], [ 10164747.422157913446426, 2713544.475791618227959 ], [ 10164736.100207069888711, 2713558.756191352382302 ], [ 10164726.973023824393749, 2713567.576523642521352 ], [ 10164707.795602273195982, 2713582.153419982176274 ], [ 10164699.077716816216707, 2713589.05205322150141 ], [ 10164690.85259054787457, 2713595.934101135004312 ], [ 10164690.503576928749681, 2713596.226041940040886 ], [ 10164676.164871634915471, 2713605.199795971158892 ], [ 10164668.323841826990247, 2713614.655027548782527 ], [ 10164657.834366308525205, 2713623.07264560693875 ], [ 10164649.456063620746136, 2713627.078762232791632 ], [ 10164639.503001518547535, 2713629.667788890656084 ], [ 10164629.346146902069449, 2713630.668595411349088 ], [ 10164626.68134668841958, 2713631.054436867590994 ], [ 10164621.657952865585685, 2713631.615257826633751 ], [ 10164618.026682177558541, 2713631.795402730349451 ], [ 10164606.238861845806241, 2713631.026098659727722 ], [ 10164590.859690118581057, 2713632.224368426948786 ], [ 10164587.458676394075155, 2713632.370430761016905 ], [ 10164585.59010805375874, 2713631.572381899692118 ], [ 10164583.117582516744733, 2713630.64438672317192 ], [ 10164580.856934439390898, 2713630.587222669739276 ], [ 10164553.969421653077006, 2713629.558360217604786 ], [ 10164542.899306597188115, 2713627.130892027635127 ], [ 10164530.956093551591039, 2713623.162070812191814 ], [ 10164507.634425079450011, 2713613.732519684825093 ], [ 10164502.384215489029884, 2713617.968858955428004 ], [ 10164498.265650920569897, 2713619.795075032394379 ], [ 10164496.06174779869616, 2713620.201092363800853 ], [ 10164487.930305877700448, 2713620.035026916302741 ], [ 10164474.497408013790846, 2713618.476929707918316 ], [ 10164467.456636181101203, 2713628.987126409541816 ], [ 10164471.202263990417123, 2713634.314525380264968 ], [ 10164467.384228717535734, 2713637.278306747786701 ], [ 10164467.981935257092118, 2713643.489804547745734 ], [ 10164467.243993243202567, 2713650.559646425303072 ], [ 10164465.88837999664247, 2713658.197592019103467 ], [ 10164463.826678784564137, 2713666.481506277341396 ], [ 10164460.3059172462672, 2713674.623706123325974 ], [ 10164457.044749235734344, 2713685.57731525786221 ], [ 10164451.626771319657564, 2713701.314100221730769 ], [ 10164448.534149166196585, 2713707.9884720640257 ], [ 10164443.060326280072331, 2713717.712755341082811 ], [ 10164440.733384739607573, 2713726.008273328188807 ], [ 10164441.839063445106149, 2713733.183972315862775 ], [ 10164442.109866831451654, 2713734.94119732407853 ], [ 10164441.555694326758385, 2713745.556133836042136 ], [ 10164440.677245875820518, 2713754.271232518833131 ], [ 10164439.222355857491493, 2713761.998249612282962 ], [ 10164439.362175976857543, 2713771.50044498918578 ], [ 10164439.739187184721231, 2713783.64729422563687 ], [ 10164440.537287175655365, 2713790.59203289123252 ], [ 10164442.458704154938459, 2713795.500621651299298 ], [ 10164443.772753454744816, 2713800.677190557122231 ], [ 10164444.680524284020066, 2713801.520126477815211 ], [ 10164445.992821147665381, 2713805.740905260667205 ], [ 10164448.335271095857024, 2713811.21556539600715 ], [ 10164450.054103076457977, 2713814.257390896324068 ], [ 10164451.430515604093671, 2713823.145915256347507 ], [ 10164464.32375643402338, 2713834.134704116731882 ], [ 10164472.378145141527057, 2713844.032489102333784 ], [ 10164476.391849609091878, 2713853.336826211307198 ], [ 10164487.923604687675834, 2713859.180160577408969 ], [ 10164501.720025353133678, 2713871.460624197032303 ], [ 10164504.008818348869681, 2713872.100756905041635 ], [ 10164506.606276661157608, 2713872.229107990860939 ], [ 10164503.313034942373633, 2713878.059309076052159 ], [ 10164502.034148862585425, 2713879.617701648268849 ], [ 10164500.492694851011038, 2713882.632615649607033 ], [ 10164499.144931806251407, 2713888.636886367108673 ], [ 10164497.833231028169394, 2713896.152495545335114 ], [ 10164496.576987445354462, 2713903.768150741700083 ], [ 10164496.523477513343096, 2713904.739031708333641 ], [ 10164507.94833012484014, 2713942.385086027439684 ], [ 10164504.273275742307305, 2713951.467495081946254 ], [ 10164507.747084, 2713965.129511947743595 ], [ 10164499.936044117435813, 2713966.400714985560626 ], [ 10164498.110566461458802, 2713971.138905153144151 ], [ 10164496.041547941043973, 2713981.334554626606405 ], [ 10164493.471312867477536, 2713989.709905207157135 ], [ 10164504.212339743971825, 2714007.584285089746118 ], [ 10164507.445333328098059, 2714013.562334181275219 ], [ 10164510.612000955268741, 2714012.247945737093687 ], [ 10164516.792178627103567, 2714007.678999080322683 ], [ 10164520.599960405379534, 2714005.059716779273003 ], [ 10164529.28000402264297, 2714007.38787139672786 ], [ 10164538.92019552923739, 2714009.002784179989249 ], [ 10164548.783004753291607, 2714011.439739028457552 ], [ 10164558.513432860374451, 2714014.021474502980709 ], [ 10164568.243973331525922, 2714016.603204781189561 ], [ 10164577.974408254027367, 2714019.184819447342306 ], [ 10164585.734760608524084, 2714020.21440250473097 ], [ 10164588.587164318189025, 2714020.808975408785045 ], [ 10164587.242795119062066, 2714028.524843626655638 ], [ 10164587.255358502268791, 2714040.728152497671545 ], [ 10164587.179814824834466, 2714041.946237324271351 ], [ 10164587.031371042132378, 2714044.338845265097916 ], [ 10164586.739068301394582, 2714049.052410558797419 ], [ 10164586.3551429733634, 2714055.244995527435094 ], [ 10164584.330831771716475, 2714065.751876873895526 ], [ 10164584.273710135370493, 2714070.464421732351184 ], [ 10164584.603297324851155, 2714080.888948102016002 ], [ 10164594.532230872660875, 2714083.203501473646611 ], [ 10164603.623899258673191, 2714086.908935158513486 ], [ 10164613.840745963156223, 2714089.46746374014765 ], [ 10164624.390987573191524, 2714093.025515138171613 ], [ 10164635.328930290415883, 2714097.027379069942981 ], [ 10164646.267542295157909, 2714101.418298783712089 ], [ 10164651.069011297076941, 2714103.953995134681463 ], [ 10164644.955552851781249, 2714120.126121676061302 ], [ 10164635.192561766132712, 2714123.623983546160161 ], [ 10164639.406833210960031, 2714130.101814477238804 ], [ 10164642.276246007531881, 2714132.169378818944097 ], [ 10164650.239021878689528, 2714114.657664623577148 ], [ 10164662.801373058930039, 2714086.522791659459472 ], [ 10164659.41095463372767, 2714081.074016700964421 ], [ 10164659.646016104146838, 2714079.472959949634969 ], [ 10164662.506602430716157, 2714075.830912522040308 ], [ 10164672.2737976629287, 2714065.065492194611579 ], [ 10164673.676102135330439, 2714064.508139119949192 ], [ 10164675.335044052451849, 2714064.998034725897014 ], [ 10164687.19123375415802, 2714071.847386945039034 ], [ 10164697.59734820574522, 2714075.502396535594016 ], [ 10164705.490290489047766, 2714076.331384923774749 ], [ 10164712.412273472175002, 2714067.530639289878309 ], [ 10164729.655544195324183, 2714071.422978962771595 ], [ 10164721.883398611098528, 2714081.66177864279598 ], [ 10164718.1788425501436, 2714088.286727712024003 ], [ 10164715.537465874105692, 2714094.620400802697986 ], [ 10164711.295820109546185, 2714106.897523163352162 ], [ 10164708.389781653881073, 2714118.407907494343817 ], [ 10164705.663946390151978, 2714125.591665929649025 ], [ 10164705.320283852517605, 2714126.413831333629787 ], [ 10164698.07686960324645, 2714143.742007022257894 ], [ 10164697.792283350601792, 2714144.980305810924619 ], [ 10164703.368439892306924, 2714139.439196056686342 ], [ 10164705.369746632874012, 2714139.890859881415963 ], [ 10164705.418647391721606, 2714142.313726484309882 ], [ 10164706.986075114458799, 2714147.000810043420643 ], [ 10164710.110718965530396, 2714151.294102333951741 ], [ 10164710.53205481171608, 2714151.873016519006342 ], [ 10164716.348001264035702, 2714158.919136890210211 ], [ 10164723.378648109734058, 2714165.485019801650196 ], [ 10164730.201304964721203, 2714173.118121779989451 ], [ 10164738.95829295180738, 2714162.918193365912884 ], [ 10164762.330008083954453, 2714192.028401510324329 ], [ 10164767.117908652871847, 2714242.920351207256317 ], [ 10164768.257464895024896, 2714255.033469649031758 ], [ 10164771.528167176991701, 2714254.682497502304614 ], [ 10164777.586274053901434, 2714255.570763246621937 ], [ 10164785.866982152685523, 2714257.032750961370766 ], [ 10164800.273075614124537, 2714242.889196075033396 ], [ 10164819.41520401276648, 2714262.639425168279558 ], [ 10164836.63266745954752, 2714245.128379351459444 ], [ 10164862.424153300002217, 2714218.661299908999354 ], [ 10164893.830840729176998, 2714185.936701669823378 ], [ 10164900.422561414539814, 2714190.666260936297476 ], [ 10164905.568732153624296, 2714185.072814627084881 ], [ 10164900.333359412848949, 2714179.289343136828393 ], [ 10164907.383859980851412, 2714171.520825689658523 ], [ 10164914.547029130160809, 2714163.628199939150363 ], [ 10164924.780143463984132, 2714154.140822958666831 ], [ 10164945.259652310982347, 2714133.014142901170999 ], [ 10164951.365578357130289, 2714125.960150137543678 ], [ 10164953.631987363100052, 2714116.438593882601708 ], [ 10164960.873631700873375, 2714088.7663698149845 ], [ 10164974.230471666902304, 2714092.155361195094883 ], [ 10164990.012488916516304, 2714095.567824515514076 ], [ 10165015.931836191564798, 2714098.464778172317892 ], [ 10165048.21672578714788, 2714101.73321091523394 ], [ 10165048.994354924187064, 2714106.850454622879624 ], [ 10165067.68757651001215, 2714119.333004078827798 ], [ 10165084.099359968677163, 2714134.782084704842418 ], [ 10165103.91444169357419, 2714150.636814212892205 ], [ 10165109.335228800773621, 2714156.154635334853083 ], [ 10165130.247902849689126, 2714169.312334091868252 ], [ 10165146.091977519914508, 2714179.974466231185943 ], [ 10165185.969182221218944, 2714204.796932876110077 ], [ 10165217.979003014042974, 2714224.210815784521401 ], [ 10165222.102182596921921, 2714226.25765190506354 ], [ 10165256.602438218891621, 2714229.09742085589096 ], [ 10165263.670668240636587, 2714229.454984565265477 ], [ 10165244.621159996837378, 2714259.614406774751842 ], [ 10165227.180958280339837, 2714288.840312106534839 ], [ 10165211.521475147455931, 2714310.588145165704191 ], [ 10165203.576135413721204, 2714318.653964614495635 ], [ 10165203.588395062834024, 2714384.777734033297747 ], [ 10165212.778881885111332, 2714388.967085054144263 ], [ 10165214.533187713474035, 2714391.354711856227368 ], [ 10165214.619028557091951, 2714393.605529332067817 ], [ 10165213.85857686214149, 2714395.517698301933706 ], [ 10165212.401416918262839, 2714398.834194227587432 ], [ 10165209.066767206415534, 2714404.619280513375998 ], [ 10165209.124089220538735, 2714407.962694821413606 ], [ 10165218.422112885862589, 2714408.863135934341699 ], [ 10165227.71631989441812, 2714408.825407138559967 ], [ 10165228.0862932279706, 2714408.029417034704238 ], [ 10165252.77547100558877, 2714402.345448257401586 ], [ 10165276.021038223057985, 2714436.174155351240188 ], [ 10165288.819352716207504, 2714456.173553707078099 ], [ 10165297.292643368244171, 2714467.593966369517148 ], [ 10165297.419440364465117, 2714469.116388500202447 ], [ 10165310.684082768857479, 2714463.092385689262301 ], [ 10165320.809652356430888, 2714459.641456255223602 ], [ 10165324.548225928097963, 2714464.283183892257512 ], [ 10165324.916107099503279, 2714468.442135190591216 ], [ 10165335.625231200829148, 2714487.357502626720816 ], [ 10165341.553966851904988, 2714498.385572451166809 ], [ 10165344.591259378939867, 2714495.471280097495764 ], [ 10165350.882871612906456, 2714491.390714788343757 ], [ 10165363.989482818171382, 2714496.432661219500005 ], [ 10165369.886028055101633, 2714499.366104151122272 ], [ 10165376.7853570766747, 2714500.763885439373553 ], [ 10165385.799601722508669, 2714504.191281184088439 ], [ 10165397.679895834997296, 2714509.446771061513573 ], [ 10165410.111825300380588, 2714514.212137843016535 ], [ 10165422.568005681037903, 2714520.022298737894744 ], [ 10165435.023951238021255, 2714525.732357505708933 ], [ 10165447.831693032756448, 2714530.485784633085132 ], [ 10165460.426016809418797, 2714535.47869017533958 ], [ 10165460.551590602844954, 2714535.528461109381169 ], [ 10165464.050297, 2714536.924518583342433 ], [ 10165477.813167173415422, 2714542.416392615996301 ], [ 10165477.928166618570685, 2714542.462289919611067 ], [ 10165483.051043830811977, 2714539.828913218807429 ], [ 10165485.272362878546119, 2714556.184131864458323 ], [ 10165488.512711586430669, 2714548.711864579468966 ], [ 10165486.396729553118348, 2714539.20023321127519 ], [ 10165485.708598537370563, 2714534.861286310013384 ], [ 10165488.098479092121124, 2714534.739603881724179 ], [ 10165493.184956291690469, 2714534.480818592943251 ], [ 10165500.324877455830574, 2714533.148431851994246 ], [ 10165503.836519768461585, 2714532.858070200309157 ], [ 10165508.063251458108425, 2714532.15677742054686 ], [ 10165524.692906763404608, 2714529.191721101757139 ], [ 10165529.758226467296481, 2714528.782170245889574 ], [ 10165530.729480622336268, 2714528.580546942539513 ], [ 10165533.457597143948078, 2714528.014293475542217 ], [ 10165549.557961687445641, 2714525.985322488937527 ], [ 10165560.72036668844521, 2714523.603069631848484 ], [ 10165572.146769046783447, 2714521.61935255350545 ], [ 10165579.077077958732843, 2714520.416240343824029 ], [ 10165586.932316510006785, 2714519.245787869207561 ], [ 10165590.735017476603389, 2714518.156199883669615 ], [ 10165600.183632079511881, 2714516.656606474891305 ], [ 10165606.084415649995208, 2714515.833719013258815 ], [ 10165615.963901903480291, 2714514.512783979997039 ], [ 10165616.361526874825358, 2714514.461090899072587 ], [ 10165620.270086020231247, 2714513.953063516877592 ], [ 10165622.774809150025249, 2714513.164856995921582 ], [ 10165635.091393277049065, 2714510.968903820030391 ], [ 10165659.257659992203116, 2714505.671527048572898 ], [ 10165668.156994514167309, 2714514.503365836571902 ], [ 10165670.959100730717182, 2714517.284088157583028 ], [ 10165671.730055417865515, 2714518.040092833805829 ], [ 10165676.190565498545766, 2714523.919093582313508 ], [ 10165678.401091419160366, 2714526.832687902729958 ], [ 10165693.950638627633452, 2714545.773429741151631 ], [ 10165699.470972253009677, 2714551.217187171336263 ], [ 10165713.554122406989336, 2714568.589414269663393 ], [ 10165727.953451082110405, 2714584.76520714815706 ], [ 10165732.577471794560552, 2714589.883579060900956 ], [ 10165733.341615600511432, 2714590.729450813494623 ], [ 10165734.915802419185638, 2714597.21049142209813 ], [ 10165736.034090351313353, 2714600.571206997614354 ], [ 10165735.611444531008601, 2714603.036943555343896 ], [ 10165739.232562001794577, 2714609.962101229932159 ], [ 10165740.282909208908677, 2714614.32684953790158 ], [ 10165743.540485532954335, 2714622.823994659818709 ], [ 10165745.894684614613652, 2714629.410576863680035 ], [ 10165751.835226055234671, 2714641.711213048547506 ], [ 10165754.115702537819743, 2714651.781572419218719 ], [ 10165756.046799493953586, 2714663.57795186014846 ], [ 10165755.565113877877593, 2714665.824452974367887 ], [ 10165756.324092058464885, 2714672.079376980196685 ], [ 10165758.92596473172307, 2714677.88989546475932 ], [ 10165763.262639315798879, 2714682.762120347935706 ], [ 10165767.505700116977096, 2714692.330616955179721 ], [ 10165769.173544710502028, 2714700.782267623580992 ], [ 10165772.524904765188694, 2714712.925080874934793 ], [ 10165772.973959187045693, 2714714.580092443153262 ], [ 10165775.711094962432981, 2714724.46507640182972 ], [ 10165777.718816049396992, 2714727.367214190308005 ], [ 10165783.632614817470312, 2714732.759074700064957 ], [ 10165792.784728262573481, 2714740.664757179562002 ], [ 10165797.335214491933584, 2714744.155293812043965 ], [ 10165802.218987969681621, 2714750.096646050922573 ], [ 10165804.931996179744601, 2714753.205060032196343 ], [ 10165808.692273266613483, 2714762.739091760478914 ], [ 10165810.943120341747999, 2714766.859464627224952 ], [ 10165818.3032207172364, 2714780.575358950067312 ], [ 10165821.595726881176233, 2714786.394141220487654 ], [ 10165821.902115356177092, 2714786.927922151982784 ], [ 10165825.812742562964559, 2714792.976862746290863 ], [ 10165830.600295023992658, 2714797.928283160086721 ], [ 10165833.390106858685613, 2714799.371309274341911 ], [ 10165832.38152233697474, 2714804.901172507554293 ], [ 10165833.900854395702481, 2714814.711290550418198 ], [ 10165834.06974846124649, 2714826.047083920333534 ], [ 10165835.821254706010222, 2714848.734492161311209 ], [ 10165835.665532710030675, 2714861.399110879283398 ], [ 10165835.608417261391878, 2714865.719964559189975 ], [ 10165836.929723866283894, 2714879.931000849697739 ], [ 10165837.392059428617358, 2714887.260811061598361 ], [ 10165837.457635726779699, 2714888.361407425254583 ], [ 10165838.524323988705873, 2714896.329404875636101 ], [ 10165838.833204418420792, 2714898.65943916188553 ], [ 10165840.044389642775059, 2714907.285637584049255 ], [ 10165843.264915654435754, 2714924.456059031654149 ], [ 10165845.227924792096019, 2714936.196969029027969 ], [ 10165846.172308903187513, 2714941.853183313738555 ], [ 10165848.063872942700982, 2714954.421990477945656 ], [ 10165848.711693413555622, 2714960.602053164038807 ], [ 10165847.853474965319037, 2714962.084883069153875 ], [ 10165845.663204204291105, 2714962.150592104997486 ], [ 10165844.191250944510102, 2714961.970535434782505 ], [ 10165843.340492360293865, 2714964.389817168470472 ], [ 10165842.342381879687309, 2714971.561484660953283 ], [ 10165840.942170415073633, 2714985.573413953185081 ], [ 10165840.1651731133461, 2714993.401875427924097 ], [ 10165839.743770200759172, 2715004.253635643515736 ], [ 10165836.538156881928444, 2715046.170503525994718 ], [ 10165834.941669972613454, 2715055.227425646968186 ], [ 10165833.853109311312437, 2715066.147673443425447 ], [ 10165833.508378729224205, 2715080.337057187221944 ], [ 10165825.395507592707872, 2715090.130074478685856 ], [ 10165813.651371713727713, 2715106.376076088286936 ], [ 10165805.2285470161587, 2715118.787158973980695 ], [ 10165801.344484793022275, 2715124.046772172674537 ], [ 10165794.416965836659074, 2715133.4276292915456 ], [ 10165793.659113250672817, 2715134.445519395638257 ], [ 10165784.860406260937452, 2715147.249719585292041 ], [ 10165778.972062876448035, 2715156.166605300270021 ], [ 10165776.571795066818595, 2715159.801273246761411 ], [ 10165770.04807555116713, 2715170.307925999630243 ], [ 10165762.22346156090498, 2715182.909516513347626 ], [ 10165755.440503610298038, 2715195.133521798066795 ], [ 10165750.570060193538666, 2715205.986099594272673 ], [ 10165750.181763248518109, 2715206.853317920584232 ], [ 10165749.131472112610936, 2715210.802363390568644 ], [ 10165748.967774998396635, 2715211.417712131980807 ], [ 10165751.661679904907942, 2715223.551899296231568 ], [ 10165752.74670135229826, 2715233.007437406107783 ], [ 10165754.124935856088996, 2715240.109694322105497 ], [ 10165755.550680261105299, 2715246.836510052904487 ], [ 10165755.969394432380795, 2715247.511356053873897 ], [ 10165758.359034424647689, 2715251.441852848976851 ], [ 10165760.887632535770535, 2715259.083324482664466 ], [ 10165763.240457715466619, 2715264.047074090223759 ], [ 10165765.906937226653099, 2715269.672402138356119 ], [ 10165768.365186117589474, 2715274.857853484805673 ], [ 10165771.607515433803201, 2715281.460229536518455 ], [ 10165772.737275660037994, 2715283.740890567190945 ], [ 10165775.971171032637358, 2715289.734640289563686 ], [ 10165776.772765975445509, 2715289.383648602757603 ], [ 10165789.757547473534942, 2715284.596157151740044 ], [ 10165804.107698805630207, 2715280.928797347471118 ], [ 10165807.134361367672682, 2715280.38675317261368 ], [ 10165817.303085669875145, 2715276.659098100848496 ], [ 10165852.787009011954069, 2715258.900673865806311 ], [ 10165877.13145674392581, 2715243.670818802434951 ], [ 10165896.56944814696908, 2715233.603683640714735 ], [ 10165912.22869591601193, 2715225.31789217190817 ], [ 10165937.462480703368783, 2715212.920514654368162 ], [ 10165956.801834743469954, 2715205.601770620793104 ], [ 10165968.729596734046936, 2715199.968695716001093 ], [ 10165981.872753594070673, 2715193.668554507661611 ], [ 10166010.677803022786975, 2715174.347982816863805 ], [ 10166034.4757448900491, 2715157.023372153751552 ], [ 10166059.943964637815952, 2715134.83608327480033 ], [ 10166076.916850283741951, 2715112.275306468829513 ], [ 10166080.115015670657158, 2715110.75020747911185 ], [ 10166087.700564967468381, 2715108.677448841743171 ], [ 10166103.988520741462708, 2715101.249734736979008 ], [ 10166116.934828763827682, 2715095.14890136802569 ], [ 10166140.995879167690873, 2715085.912358863279223 ], [ 10166151.533082718029618, 2715081.079518694896251 ], [ 10166170.154426500201225, 2715069.956145683769137 ], [ 10166191.811477217823267, 2715055.178443287033588 ], [ 10166230.904038617387414, 2715026.412864680401981 ], [ 10166240.110587360337377, 2715018.219453852623701 ], [ 10166253.57194965146482, 2715009.269187511876225 ], [ 10166260.941608428955078, 2715005.409443413838744 ], [ 10166277.984562901780009, 2715000.174571664538234 ], [ 10166307.066494595259428, 2714989.725361722055823 ], [ 10166315.862618839368224, 2714988.54141646809876 ], [ 10166320.258045766502619, 2714988.803055036347359 ], [ 10166330.428384223952889, 2714989.40838166186586 ], [ 10166337.092732839286327, 2714990.208567042369395 ], [ 10166350.666165502741933, 2714971.492668627295643 ], [ 10166354.552595881745219, 2714966.13386548217386 ], [ 10166371.120716709643602, 2714944.027053496334702 ], [ 10166376.571469366550446, 2714935.176030765753239 ], [ 10166406.172907838597894, 2714939.148255627136678 ], [ 10166403.989004230126739, 2714942.898202652577311 ], [ 10166396.386961415410042, 2714955.951915016397834 ], [ 10166390.383878648281097, 2714963.911412077024579 ], [ 10166381.152555452659726, 2714976.795084317680448 ], [ 10166372.116176942363381, 2714989.037934616673738 ], [ 10166390.648894645273685, 2714988.542236668523401 ], [ 10166420.707641765475273, 2714991.618675938807428 ], [ 10166456.304321579635143, 2714996.426837763749063 ], [ 10166476.041118029505014, 2714995.208710757084191 ], [ 10166493.251197779551148, 2714990.601907114498317 ], [ 10166500.633098429068923, 2714987.08408839488402 ], [ 10166510.46933146007359, 2714979.925430098548532 ], [ 10166520.981315299868584, 2714974.330926449969411 ], [ 10166527.246168019250035, 2714968.665814813226461 ], [ 10166536.246231062337756, 2714955.628484583925456 ], [ 10166541.002106515690684, 2714951.304804131388664 ], [ 10166548.78945442661643, 2714939.585756275802851 ], [ 10166552.210600569844246, 2714930.875482271425426 ], [ 10166552.924250956624746, 2714925.575353241991252 ], [ 10166557.775092588737607, 2714898.848725934978575 ], [ 10166560.536347948014736, 2714888.183754826895893 ], [ 10166562.712076196447015, 2714879.780623115599155 ], [ 10166569.704766469076276, 2714856.223561875056475 ], [ 10166572.633061787113547, 2714847.758149681612849 ], [ 10166577.39243015833199, 2714820.127108478918672 ], [ 10166578.968542536720634, 2714815.246975477319211 ], [ 10166578.205188909545541, 2714813.928094727452844 ], [ 10166572.940830379724503, 2714808.148807131685317 ], [ 10166576.515260089188814, 2714803.633739916142076 ], [ 10166577.869226966053247, 2714801.923412509728223 ], [ 10166586.2731500454247, 2714798.570741296280175 ], [ 10166583.318200366571546, 2714792.65719002764672 ], [ 10166581.279893459752202, 2714786.335888589266688 ], [ 10166581.146977184340358, 2714785.923586989287287 ], [ 10166580.221146572381258, 2714780.66373448073864 ], [ 10166580.46445338614285, 2714779.054919216316193 ], [ 10166580.606363316997886, 2714778.116727183107287 ], [ 10166581.508135516196489, 2714772.153415964450687 ], [ 10166581.849166272208095, 2714769.898113630246371 ], [ 10166582.651818573474884, 2714763.94252246292308 ], [ 10166582.455479834228754, 2714756.783695336896926 ], [ 10166582.232010075822473, 2714751.575989892706275 ], [ 10166587.818614087998867, 2714740.630316563416272 ], [ 10166595.091154281049967, 2714726.381585414055735 ], [ 10166608.224891209974885, 2714720.620180064346641 ], [ 10166613.61309590190649, 2714718.495682214386761 ], [ 10166619.206495467573404, 2714716.290246109478176 ], [ 10166625.275735495612025, 2714715.122074890881777 ], [ 10166637.556339383125305, 2714709.43274504179135 ], [ 10166640.779044819995761, 2714708.387592940125614 ], [ 10166641.342724854126573, 2714704.750946389045566 ], [ 10166640.103471599519253, 2714694.725914440117776 ], [ 10166638.50202077627182, 2714687.44100697292015 ], [ 10166637.690829068422318, 2714679.115467407274991 ], [ 10166644.091648884117603, 2714679.196828138548881 ], [ 10166653.956354478374124, 2714677.677082178648561 ], [ 10166667.479942893609405, 2714674.453415199648589 ], [ 10166681.772030746564269, 2714675.181263578590006 ], [ 10166683.756125286221504, 2714675.219092476647347 ], [ 10166694.191584024578333, 2714675.417773856315762 ], [ 10166701.154722044244409, 2714676.226138681638986 ], [ 10166714.027017410844564, 2714677.191749797668308 ], [ 10166718.561012983322144, 2714678.480313119478524 ], [ 10166719.528790293261409, 2714678.755371925421059 ], [ 10166720.583585806190968, 2714679.055163773242384 ], [ 10166720.823350265622139, 2714684.527068586088717 ], [ 10166720.900340475142002, 2714686.296188580803573 ], [ 10166720.983984414488077, 2714688.21536108572036 ], [ 10166721.227270388975739, 2714693.863433361053467 ], [ 10166721.296526564285159, 2714695.441560813225806 ], [ 10166721.446410566568375, 2714698.850940913893282 ], [ 10166732.352945346385241, 2714695.542184060439467 ], [ 10166735.290344517678022, 2714694.651029062457383 ], [ 10166747.010454, 2714691.650667559821159 ], [ 10166746.50817116163671, 2714687.308000861667097 ], [ 10166746.003834567964077, 2714682.921427970286459 ], [ 10166745.833131806924939, 2714681.437059445306659 ], [ 10166764.197411043569446, 2714678.634295844472945 ], [ 10166769.798036536201835, 2714678.048130101989955 ], [ 10166772.654768571257591, 2714677.458441274240613 ], [ 10166776.458632482215762, 2714676.405436972156167 ], [ 10166786.157289439812303, 2714673.147944695316255 ], [ 10166801.389818208292127, 2714667.686093250755221 ], [ 10166809.592558637261391, 2714665.240830271039158 ], [ 10166811.755155017599463, 2714663.877186502795666 ], [ 10166814.423220263794065, 2714662.194889534730464 ], [ 10166815.025453388690948, 2714661.815280838869512 ], [ 10166827.716688293963671, 2714656.404162451159209 ], [ 10166844.768438275903463, 2714650.398894203361124 ], [ 10166860.057794746011496, 2714645.045926574617624 ], [ 10166866.903847403824329, 2714643.420978095848113 ], [ 10166867.561302686110139, 2714643.264878218527883 ], [ 10166863.076118942350149, 2714637.263607474043965 ], [ 10166877.841940013691783, 2714629.891931699588895 ], [ 10166883.226160960271955, 2714627.203760667238384 ], [ 10166916.679257687181234, 2714612.597182263620198 ], [ 10166926.666647447273135, 2714607.611754660960287 ], [ 10166954.79446380212903, 2714602.926052675582469 ], [ 10166967.148893037810922, 2714602.499468024820089 ], [ 10166970.49090376868844, 2714579.961988117080182 ], [ 10167004.782206494361162, 2714582.423689510673285 ], [ 10167014.748369932174683, 2714582.944982279092073 ], [ 10167033.833608837798238, 2714585.216585707850754 ], [ 10167037.145272796973586, 2714585.610696993768215 ], [ 10167046.249829774722457, 2714587.4377910066396 ], [ 10167044.666213160380721, 2714578.615940249525011 ], [ 10167041.487476706504822, 2714566.159005409106612 ], [ 10167035.501809453591704, 2714551.595016289036721 ], [ 10167033.400878693908453, 2714547.612611123360693 ], [ 10167022.849460404366255, 2714527.612327224574983 ], [ 10167019.817680517211556, 2714516.192249215207994 ], [ 10167015.259137462824583, 2714491.094456588849425 ], [ 10167011.814899727702141, 2714475.460475344676524 ], [ 10167010.773722652345896, 2714451.771678059827536 ], [ 10167011.033650010824203, 2714451.333218455314636 ], [ 10167015.546957546845078, 2714443.718021044973284 ], [ 10167016.110923882573843, 2714442.64642318803817 ], [ 10167019.161760576069355, 2714436.849999779369682 ], [ 10167021.693171318620443, 2714430.659575754776597 ], [ 10167022.486415538936853, 2714426.109643674921244 ], [ 10167019.713380156084895, 2714424.212100093718618 ], [ 10167018.082598105072975, 2714422.596691634505987 ], [ 10167016.460383893921971, 2714420.363298401702195 ], [ 10167016.45084485039115, 2714418.05695498874411 ], [ 10167016.715596439316869, 2714415.738359973300248 ], [ 10167017.649863544851542, 2714413.428104287479073 ], [ 10167022.006396466866136, 2714405.453354450408369 ], [ 10167026.49618891812861, 2714400.54599824687466 ], [ 10167027.297079285606742, 2714397.827954530715942 ], [ 10167027.475534716621041, 2714390.55482925940305 ], [ 10167027.493416044861078, 2714385.99120913958177 ], [ 10167027.507643576711416, 2714382.344440386630595 ], [ 10167027.649358475580812, 2714368.803441048134118 ], [ 10167026.831332551315427, 2714364.668575446587056 ], [ 10167025.792002012953162, 2714360.115236734040082 ], [ 10167023.279072420671582, 2714354.762520668562502 ], [ 10167020.889547107741237, 2714350.093478798866272 ], [ 10167020.443462925031781, 2714348.351734367664903 ], [ 10167020.544033782556653, 2714346.122222094796598 ], [ 10167021.563598323613405, 2714343.22670666128397 ], [ 10167022.473558707162738, 2714340.342611994128674 ], [ 10167024.129523707553744, 2714334.77390679391101 ], [ 10167024.435612220317125, 2714331.826244171243161 ], [ 10167024.372049225494266, 2714329.707647474948317 ], [ 10167023.601193567737937, 2714326.389256753027439 ], [ 10167022.516222693026066, 2714324.054295158479363 ], [ 10167021.309830751270056, 2714321.554240162018687 ], [ 10167021.455083139240742, 2714316.874679242726415 ], [ 10167021.666693842038512, 2714314.964653492439538 ], [ 10167022.577293546870351, 2714312.23509463807568 ], [ 10167025.900647941976786, 2714303.878599100280553 ], [ 10167026.219803683459759, 2714301.427382399793714 ], [ 10167026.314756827428937, 2714297.829490126576275 ], [ 10167026.297842686995864, 2714293.74650094518438 ], [ 10167025.344722524285316, 2714288.784505992662162 ], [ 10167025.826841328293085, 2714275.275318364612758 ], [ 10167026.543035965412855, 2714262.669967046007514 ], [ 10167026.195115936920047, 2714244.805332988034934 ], [ 10167017.32181722857058, 2714237.801706125494093 ], [ 10167010.00257902033627, 2714232.446934557519853 ], [ 10166993.867403635755181, 2714226.025407140143216 ], [ 10166983.721056001260877, 2714221.653442935086787 ], [ 10166973.132030522450805, 2714219.015973517671227 ], [ 10166971.494646793231368, 2714218.662247614469379 ], [ 10166934.241214727982879, 2714210.614409919362515 ], [ 10166906.856094766408205, 2714206.292022969108075 ], [ 10166900.03823627345264, 2714208.119080112781376 ], [ 10166885.782608112320304, 2714205.09954601759091 ], [ 10166873.5642224047333, 2714201.166538317687809 ], [ 10166870.579075109213591, 2714195.727509106509387 ], [ 10166862.759178070351481, 2714185.902850956190377 ], [ 10166857.254658278077841, 2714178.987154544796795 ], [ 10166850.067682053893805, 2714176.423765052109957 ], [ 10166845.648077921941876, 2714174.389541173819453 ], [ 10166836.270958464592695, 2714167.597707500681281 ], [ 10166824.136424964293838, 2714157.363207191228867 ], [ 10166819.989220507442951, 2714152.16076653636992 ], [ 10166826.400524500757456, 2714147.543482447974384 ], [ 10166829.234202204272151, 2714148.160758406855166 ], [ 10166843.269278498366475, 2714156.268546922598034 ], [ 10166851.406487517058849, 2714160.428091406356543 ], [ 10166853.51359542645514, 2714160.474492045585066 ], [ 10166871.821199983358383, 2714158.85363109363243 ], [ 10166881.593092452734709, 2714160.258559273555875 ], [ 10166894.060654575005174, 2714160.736490863375366 ], [ 10166896.227270677685738, 2714161.930274312384427 ], [ 10166898.773184902966022, 2714164.634455185383558 ], [ 10166899.655939191579819, 2714165.687367537990212 ], [ 10166900.460390904918313, 2714166.64687110716477 ], [ 10166904.641676995903254, 2714174.762482407968491 ], [ 10166919.994263421744108, 2714185.711799300741404 ], [ 10166930.851797400042415, 2714189.595202851109207 ], [ 10166945.576940156519413, 2714194.698472570162266 ], [ 10166952.439851131290197, 2714195.82862975075841 ], [ 10166953.975263321772218, 2714195.634623885620385 ], [ 10166961.682604134082794, 2714191.916875195223838 ], [ 10166965.605779450386763, 2714190.024511645082384 ], [ 10166966.759620234370232, 2714190.406004228629172 ], [ 10166970.465424239635468, 2714192.321755750570446 ], [ 10166983.587040234357119, 2714202.419586558360606 ], [ 10166988.150302434340119, 2714204.673808938357979 ], [ 10166999.037273071706295, 2714205.058868695981801 ], [ 10167000.915530182421207, 2714205.481456323992461 ], [ 10167002.787065643817186, 2714206.974414920900017 ], [ 10167010.180508088320494, 2714214.348360447678715 ], [ 10167010.521045353263617, 2714214.446273511275649 ], [ 10167011.718562616035342, 2714214.783333691302687 ], [ 10167014.30757218785584, 2714214.61810890538618 ], [ 10167027.222304292023182, 2714209.101834521628916 ], [ 10167028.750009691342711, 2714207.020867865066975 ], [ 10167029.947892161086202, 2714204.797791094053537 ], [ 10167030.126220753416419, 2714202.810745703987777 ], [ 10167030.214240761473775, 2714200.205981591250747 ], [ 10167030.308583106845617, 2714188.464013981167227 ], [ 10167030.448489833623171, 2714187.790342932567 ], [ 10167030.971965743228793, 2714187.01562503259629 ], [ 10167038.417524399235845, 2714183.056168518029153 ], [ 10167040.275138, 2714181.161323789972812 ], [ 10167042.241301909089088, 2714178.979254503268749 ], [ 10167044.195115253329277, 2714176.46614369796589 ], [ 10167046.003955533728004, 2714173.368627842981368 ], [ 10167056.681509047746658, 2714149.532275666948408 ], [ 10167060.397875014692545, 2714140.549356424249709 ], [ 10167062.494222639128566, 2714135.48225035564974 ], [ 10167065.809274315834045, 2714125.084254659712315 ], [ 10167066.671312181279063, 2714123.922022559680045 ], [ 10167069.160908283665776, 2714122.69972020201385 ], [ 10167078.618855142965913, 2714118.056629262398928 ], [ 10167078.946109656244516, 2714117.580731660593301 ], [ 10167078.995549291372299, 2714116.267397282179445 ], [ 10167078.346059650182724, 2714110.43242014804855 ], [ 10167076.942264266312122, 2714107.966392537113279 ], [ 10167076.940935879945755, 2714107.635384851135314 ], [ 10167077.463476438075304, 2714106.617901089135557 ], [ 10167085.974544862285256, 2714094.97342651989311 ], [ 10167088.914208626374602, 2714086.695797336287796 ], [ 10167098.290426420047879, 2714053.341469910461456 ], [ 10167100.988262848928571, 2714042.31712275929749 ], [ 10167108.211619531735778, 2714043.059530959930271 ], [ 10167111.005436185747385, 2714023.383211565669626 ], [ 10167111.314273288473487, 2714015.767672396730632 ], [ 10167116.354815991595387, 2714016.717774828895926 ], [ 10167118.799737578257918, 2714002.891593092121184 ], [ 10167120.131806418299675, 2713987.988590928725898 ], [ 10167114.801433246582747, 2713975.287316585425287 ], [ 10167112.95840865559876, 2713970.075324970763177 ], [ 10167112.709090579301119, 2713968.145216211676598 ], [ 10167112.74577727355063, 2713966.412617824506015 ], [ 10167113.210667461156845, 2713962.062794713303447 ], [ 10167112.816067852079868, 2713959.504280114546418 ], [ 10167111.796028876677155, 2713956.948426100425422 ], [ 10167107.824188876897097, 2713951.734349028207362 ], [ 10167103.075898565351963, 2713947.152552539017051 ], [ 10167098.853610169142485, 2713945.051404343452305 ], [ 10167097.260120572522283, 2713944.473172469530255 ], [ 10167095.28944388218224, 2713942.892269133124501 ], [ 10167089.499556032940745, 2713935.853987767361104 ], [ 10167088.579217990860343, 2713933.540423951577395 ], [ 10167088.28592293523252, 2713931.610519059468061 ], [ 10167088.764585547149181, 2713930.593246060889214 ], [ 10167104.578325022011995, 2713920.319944821763784 ], [ 10167105.543562913313508, 2713920.216548026539385 ], [ 10167107.08697172999382, 2713921.953679462894797 ], [ 10167107.764671932905912, 2713923.981291795149446 ], [ 10167109.029319167137146, 2713927.308620725292712 ], [ 10167110.628015367314219, 2713931.837466808967292 ], [ 10167111.645792817696929, 2713933.819437525700778 ], [ 10167113.863418772816658, 2713936.7565629449673 ], [ 10167120.249744521453977, 2713942.059935165569186 ], [ 10167122.901305539533496, 2713946.451841542497277 ], [ 10167126.386709079146385, 2713953.444598914589733 ], [ 10167134.446355238556862, 2713970.725112656131387 ], [ 10167136.947401029989123, 2713973.175462898332626 ], [ 10167138.485724952071905, 2713973.698765267152339 ], [ 10167139.934135349467397, 2713973.692706388421357 ], [ 10167142.138578407466412, 2713973.396609673742205 ], [ 10167163.547692934051156, 2713965.571689440403134 ], [ 10167175.135054426267743, 2713962.863885598722845 ], [ 10167175.493965139612556, 2713962.796456836629659 ], [ 10167184.871609536930919, 2713961.035539172589779 ], [ 10167202.910572722554207, 2713952.882514214608818 ], [ 10167213.484828997403383, 2713946.647695971652865 ], [ 10167215.162882810458541, 2713946.442013674881309 ], [ 10167217.3698611240834, 2713946.774881132878363 ], [ 10167221.457137323915958, 2713948.059953361283988 ], [ 10167222.807256352156401, 2713948.153579062782228 ], [ 10167223.575331473723054, 2713948.150454983115196 ], [ 10167224.770949371159077, 2713948.046080464497209 ], [ 10167225.580921329557896, 2713947.557223987299949 ], [ 10167226.301343524828553, 2713946.638330881018192 ], [ 10167226.823103755712509, 2713945.433290225453675 ], [ 10167227.922939334064722, 2713943.398164286278188 ], [ 10167229.92288082651794, 2713941.403542228974402 ], [ 10167237.563564972952008, 2713934.265000296290964 ], [ 10167247.126403300091624, 2713927.604011239018291 ], [ 10167249.519193526357412, 2713925.089017981663346 ], [ 10167250.659678773954511, 2713922.281386117450893 ], [ 10167250.985254855826497, 2713921.40260073216632 ], [ 10167254.392811793833971, 2713912.201773731969297 ], [ 10167255.78575667925179, 2713912.052539986092597 ], [ 10167257.508520465344191, 2713912.045299204997718 ], [ 10167258.329879239201546, 2713911.655577885452658 ], [ 10167258.939976261928678, 2713910.582714736927301 ], [ 10167259.176718419417739, 2713909.478247119579464 ], [ 10167259.263765530660748, 2713906.63076332770288 ], [ 10167259.679878257215023, 2713903.770965262316167 ], [ 10167261.25806731171906, 2713900.630437253974378 ], [ 10167266.931457187980413, 2713887.452855703420937 ], [ 10167268.322823006659746, 2713886.906329460907727 ], [ 10167274.600878918543458, 2713884.617941775824875 ], [ 10167276.033541027456522, 2713883.453217127360404 ], [ 10167277.318572053685784, 2713881.075347235426307 ], [ 10167286.302107425406575, 2713864.352858467493206 ], [ 10167291.101655008271337, 2713852.116895124316216 ], [ 10167291.333429845049977, 2713849.787633999250829 ], [ 10167291.222742293030024, 2713846.896889402065426 ], [ 10167289.127529706805944, 2713839.103838086128235 ], [ 10167289.411467745900154, 2713838.771586452610791 ], [ 10167290.233021238818765, 2713838.426093972753733 ], [ 10167292.198110369965434, 2713838.660674436483532 ], [ 10167305.783746276050806, 2713844.209572474006563 ], [ 10167320.118120139464736, 2713853.043860419187695 ], [ 10167325.349962236359715, 2713855.151843963190913 ], [ 10167326.406724508851767, 2713855.963996682316065 ], [ 10167326.652955342084169, 2713857.12167642917484 ], [ 10167326.417796924710274, 2713858.623432441614568 ], [ 10167325.707930477336049, 2713859.442924805451185 ], [ 10167323.833968326449394, 2713860.035672840196639 ], [ 10167313.443726643919945, 2713862.981276725884527 ], [ 10167305.824385672807693, 2713864.657417620066553 ], [ 10167304.391528107225895, 2713865.777914793230593 ], [ 10167302.665029285475612, 2713867.528710563201457 ], [ 10167294.241029711440206, 2713884.248900368344039 ], [ 10167288.150548120960593, 2713894.757736377883703 ], [ 10167281.029441921040416, 2713897.502077207434922 ], [ 10167279.741223474964499, 2713899.096560223028064 ], [ 10167277.799646813422441, 2713904.566960311029106 ], [ 10167273.915677886456251, 2713915.298254014924169 ], [ 10167262.701943378895521, 2713926.093342246022075 ], [ 10167261.98673501983285, 2713926.833471581339836 ], [ 10167249.38279121555388, 2713939.876623571850359 ], [ 10167241.173497818410397, 2713950.151536135002971 ], [ 10167239.162080455571413, 2713954.67329942015931 ], [ 10167239.014854473993182, 2713956.218781284056604 ], [ 10167239.223333260044456, 2713958.877385713625699 ], [ 10167239.758814007043839, 2713960.993915210943669 ], [ 10167239.806268583983183, 2713961.865455747582018 ], [ 10167239.57947257347405, 2713962.738167406991124 ], [ 10167238.661153355613351, 2713963.558586091734469 ], [ 10167236.898372059687972, 2713964.492970751132816 ], [ 10167234.300479259341955, 2713965.176984162069857 ], [ 10167217.722218327224255, 2713968.335959138348699 ], [ 10167204.681061400100589, 2713969.747790053021163 ], [ 10167204.299196373671293, 2713970.27905833395198 ], [ 10167203.16896703466773, 2713975.602706412784755 ], [ 10167187.588926332071424, 2713981.388995221350342 ], [ 10167178.166716268286109, 2713984.88831052230671 ], [ 10167168.929157944396138, 2713987.972545941825956 ], [ 10167163.566235477104783, 2713988.679155578371137 ], [ 10167160.098756013438106, 2713988.693661556579173 ], [ 10167157.520408343523741, 2713988.770592227578163 ], [ 10167154.744851225987077, 2713988.925632620230317 ], [ 10167154.47249561175704, 2713989.40125038754195 ], [ 10167152.859033038839698, 2713994.605501328594983 ], [ 10167149.289050342515111, 2713999.023472535889596 ], [ 10167143.216228544712067, 2714003.220078331418335 ], [ 10167140.652844551950693, 2714004.268105517141521 ], [ 10167139.569026991724968, 2714004.879511716775596 ], [ 10167131.687630172818899, 2714017.536587567999959 ], [ 10167123.185992805287242, 2714031.443200608249754 ], [ 10167120.263461833819747, 2714049.188890461344272 ], [ 10167115.602339446544647, 2714068.39858611067757 ], [ 10167110.572468020021915, 2714083.361135096289217 ], [ 10167106.05072577483952, 2714096.478770554997027 ], [ 10167102.929341914132237, 2714105.926897895988077 ], [ 10167101.646338297054172, 2714114.120406751986593 ], [ 10167101.049889832735062, 2714115.822290595155209 ], [ 10167096.362505432218313, 2714126.038346580695361 ], [ 10167095.217939944937825, 2714128.320949032902718 ], [ 10167087.035174272954464, 2714144.638564424123615 ], [ 10167084.421502113342285, 2714149.345163449179381 ], [ 10167079.682791600003839, 2714157.87829365581274 ], [ 10167075.763438258320093, 2714162.739201117306948 ], [ 10167070.677583314478397, 2714172.129227089695632 ], [ 10167066.247716328129172, 2714180.920747258234769 ], [ 10167056.004654405638576, 2714195.673445826862007 ], [ 10167052.358978474512696, 2714203.049205495975912 ], [ 10167049.504516445100307, 2714210.686417687684298 ], [ 10167048.868368534371257, 2714213.42576892580837 ], [ 10167049.671149510890245, 2714237.821510649286211 ], [ 10167049.653924211859703, 2714246.958820276428014 ], [ 10167048.661457005888224, 2714256.442268458195031 ], [ 10167046.741132961586118, 2714267.088318184483796 ], [ 10167046.928258720785379, 2714272.572107045445591 ], [ 10167049.36217082105577, 2714293.363486665301025 ], [ 10167049.540628856047988, 2714299.38810965558514 ], [ 10167049.562571017071605, 2714304.707016526721418 ], [ 10167049.577290838584304, 2714308.271430387627333 ], [ 10167048.189548514783382, 2714315.052895860280842 ], [ 10167047.766321105882525, 2714318.839693926274776 ], [ 10167047.781649788841605, 2714322.569616765715182 ], [ 10167048.508682802319527, 2714325.910265658516437 ], [ 10167054.296351222321391, 2714343.046241686213762 ], [ 10167056.485244760289788, 2714354.966367561835796 ], [ 10167057.261070543900132, 2714370.147762980312109 ], [ 10167057.039346007630229, 2714385.576138249598444 ], [ 10167054.841997031122446, 2714392.934958201833069 ], [ 10167054.820785347372293, 2714392.986039789393544 ], [ 10167051.115065176039934, 2714401.889120021369308 ], [ 10167047.707664204761386, 2714411.184126922860742 ], [ 10167044.685986807569861, 2714418.215225800406188 ], [ 10167044.312641618773341, 2714420.799100145697594 ], [ 10167044.541105346754193, 2714422.994142484851182 ], [ 10167046.407329689711332, 2714425.833531095646322 ], [ 10167046.525117766112089, 2714427.808415954466909 ], [ 10167043.219496853649616, 2714450.303115204907954 ], [ 10167042.703761400654912, 2714453.812768943607807 ], [ 10167042.728310720995069, 2714459.771805939730257 ], [ 10167044.615318143740296, 2714467.654242713935673 ], [ 10167044.844058213755488, 2714469.904497354291379 ], [ 10167045.018543923273683, 2714472.309561925474554 ], [ 10167045.081988541409373, 2714474.394922162871808 ], [ 10167045.034756861627102, 2714476.260123861953616 ], [ 10167043.537302121520042, 2714483.009069024119526 ], [ 10167040.0801449585706, 2714490.869626986794174 ], [ 10167037.524216743186116, 2714493.749558495357633 ], [ 10167042.931452605873346, 2714511.75899064168334 ], [ 10167058.173348331823945, 2714530.356595128308982 ], [ 10167064.847756845876575, 2714538.96951520210132 ], [ 10167067.603851687163115, 2714544.70757403364405 ], [ 10167072.492490073665977, 2714556.693855131044984 ], [ 10167087.501642825081944, 2714558.727957109920681 ], [ 10167097.089341055601835, 2714560.289852217771113 ], [ 10167109.23276531137526, 2714562.268087996169925 ], [ 10167110.761194052174687, 2714563.023180710151792 ], [ 10167111.796851094812155, 2714564.012023040093482 ], [ 10167117.825009845197201, 2714562.26537608448416 ], [ 10167151.208818648010492, 2714546.897129214368761 ], [ 10167152.205736408010125, 2714546.495732029899955 ], [ 10167153.202731367200613, 2714546.1053102533333 ], [ 10167150.460332330316305, 2714538.347755525726825 ], [ 10167150.168163383379579, 2714534.034075194969773 ], [ 10167150.38249820843339, 2714532.797249590512365 ], [ 10167157.242568787187338, 2714530.528420690447092 ], [ 10167171.746915744617581, 2714524.574951796792448 ], [ 10167181.600472250953317, 2714519.104330127127469 ], [ 10167190.180687611922622, 2714513.53974855132401 ], [ 10167202.266458421945572, 2714503.866355183534324 ], [ 10167213.824955860152841, 2714498.48918566852808 ], [ 10167217.106930732727051, 2714496.9624013742432 ], [ 10167237.657410100102425, 2714490.972629784140736 ], [ 10167252.544573921710253, 2714490.049602259881794 ], [ 10167254.431732796132565, 2714489.975566563662142 ], [ 10167256.277882304042578, 2714490.607883189339191 ], [ 10167257.02710996568203, 2714491.35518578113988 ], [ 10167257.898528892546892, 2714492.455040501430631 ], [ 10167262.851200664415956, 2714501.295812281314284 ], [ 10167264.13371005654335, 2714503.607985590584576 ], [ 10167265.579388778656721, 2714505.577223567292094 ], [ 10167266.789944658055902, 2714506.432996922638267 ], [ 10167267.591282954439521, 2714506.484734686091542 ], [ 10167279.777315691113472, 2714505.164800372440368 ], [ 10167283.444864667952061, 2714505.74538186006248 ], [ 10167283.978364216163754, 2714504.749958451837301 ], [ 10167281.371057569980621, 2714495.170959734823555 ], [ 10167276.522775029763579, 2714485.027638843748719 ], [ 10167275.75801089592278, 2714480.528316109906882 ], [ 10167281.290759136900306, 2714457.165219244081527 ], [ 10167286.514010109007359, 2714430.592113694176078 ], [ 10167287.724666222929955, 2714423.502315690740943 ], [ 10167298.422361707314849, 2714417.851611203979701 ], [ 10167301.559893039986491, 2714414.98026844765991 ], [ 10167304.389851970598102, 2714412.044039549771696 ], [ 10167307.067987367510796, 2714406.8903892734088 ], [ 10167326.888562707230449, 2714404.887305583804846 ], [ 10167330.855764718726277, 2714403.623720483854413 ], [ 10167332.671719873324037, 2714402.28085211198777 ], [ 10167334.158630618825555, 2714400.939325135201216 ], [ 10167347.880516862496734, 2714354.445015823002905 ], [ 10167337.412610955536366, 2714351.950578349176794 ], [ 10167341.756257388740778, 2714335.622153826989233 ], [ 10167342.664130007848144, 2714329.593016289174557 ], [ 10167346.107093269005418, 2714328.9496368044056 ], [ 10167351.145172504708171, 2714329.281670196913183 ], [ 10167363.379145067185163, 2714283.875215436797589 ], [ 10167329.672490362077951, 2714279.381393558345735 ], [ 10167332.629068432375789, 2714264.625876808073372 ], [ 10167342.381738241761923, 2714234.811795366927981 ], [ 10167335.238104570657015, 2714226.852111019659787 ], [ 10167339.033671418204904, 2714221.263443126808852 ], [ 10167354.291139962151647, 2714227.677220444660634 ], [ 10167368.533125381916761, 2714232.660824531223625 ], [ 10167373.043524483218789, 2714232.763354019261897 ], [ 10167366.865202128887177, 2714206.149993060622364 ], [ 10167359.216345708817244, 2714198.093153890687972 ], [ 10167357.211986046284437, 2714193.687416828703135 ], [ 10167353.628726407885551, 2714184.064383438322693 ], [ 10167352.440443553030491, 2714180.873333510477096 ], [ 10167343.563225040212274, 2714170.283613290637732 ], [ 10167336.008170729503036, 2714163.649850205983967 ], [ 10167333.173207608982921, 2714160.075236789882183 ], [ 10167330.739806177094579, 2714152.74704590626061 ], [ 10167327.643170963972807, 2714144.262899963650852 ], [ 10167324.806879917159677, 2714140.357171262614429 ], [ 10167314.681401388719678, 2714133.06111937109381 ], [ 10167314.00729869864881, 2714131.927299218717963 ], [ 10167312.664139607921243, 2714128.18091011652723 ], [ 10167311.482928434386849, 2714115.881569600664079 ], [ 10167312.24526097252965, 2714106.520540338475257 ], [ 10167301.317879859358072, 2714099.007148322183639 ], [ 10167293.794904662296176, 2714102.790554635692388 ], [ 10167283.859585218131542, 2714109.651831823866814 ], [ 10167273.852508317679167, 2714099.132999694440514 ], [ 10167295.45997161231935, 2714086.164589474909008 ], [ 10167295.938214728608727, 2714079.751155045814812 ], [ 10167295.831079434603453, 2714077.743201236706227 ], [ 10167295.085764588788152, 2714075.274407483171672 ], [ 10167288.602804515510798, 2714065.204378409311175 ], [ 10167270.191718995571136, 2714039.09482677699998 ], [ 10167272.485761482268572, 2714033.942808846011758 ], [ 10167272.413595283403993, 2714032.409297254867852 ], [ 10167268.217141047120094, 2714028.608579626306891 ], [ 10167263.674973433837295, 2714023.485254363156855 ], [ 10167267.049361862242222, 2714019.520597438793629 ], [ 10167280.728624084964395, 2714010.546924137976021 ], [ 10167289.283541079610586, 2714006.902766718529165 ], [ 10167294.744675312191248, 2714011.360183 ], [ 10167301.127886218950152, 2714018.561491999775171 ], [ 10167292.225304396823049, 2714036.32118194270879 ], [ 10167313.137656731531024, 2714049.001467818394303 ], [ 10167317.112882738932967, 2714052.361547343898565 ], [ 10167321.043440097942948, 2714055.545348790474236 ], [ 10167315.548313612118363, 2714074.692310031503439 ], [ 10167328.191259702667594, 2714080.465912019368261 ], [ 10167353.066088646650314, 2714061.56892323680222 ], [ 10167358.207715034484863, 2714068.367222581524402 ], [ 10167361.298507263883948, 2714075.438835073262453 ], [ 10167353.531063001602888, 2714081.121416050940752 ], [ 10167342.364331735298038, 2714095.337251556571573 ], [ 10167336.146461574360728, 2714106.895073016639799 ], [ 10167335.761350382119417, 2714109.302393816877156 ], [ 10167336.432129573076963, 2714112.301171697210521 ], [ 10167348.510322421789169, 2714140.677330391481519 ], [ 10167364.8090945109725, 2714173.339640953578055 ], [ 10167375.270253712311387, 2714188.732575349044055 ], [ 10167378.554386815056205, 2714193.565027515869588 ], [ 10167384.581505885347724, 2714204.839919976890087 ], [ 10167385.120514301583171, 2714207.784002151340246 ], [ 10167386.214574759826064, 2714222.91986287292093 ], [ 10167386.554284285753965, 2714225.456521977670491 ], [ 10167387.352689947932959, 2714227.4615761754103 ], [ 10167398.554701991379261, 2714237.644457725808024 ], [ 10167400.159545028582215, 2714238.310942518524826 ], [ 10167402.552157185971737, 2714238.43328370153904 ], [ 10167421.911803890019655, 2714233.805722889024764 ], [ 10167426.798394743353128, 2714226.689424373675138 ], [ 10167429.896732797846198, 2714222.328556603286415 ], [ 10167438.79122119396925, 2714229.122166720218956 ], [ 10167444.071491498500109, 2714234.915712982416153 ], [ 10167434.283019861206412, 2714245.451238458510488 ], [ 10167430.539405344054103, 2714247.685024503618479 ], [ 10167413.886834353208542, 2714251.506822268478572 ], [ 10167397.453509693965316, 2714257.931972539518028 ], [ 10167393.4999486990273, 2714265.09940319461748 ], [ 10167390.792714964598417, 2714268.520638363435864 ], [ 10167389.935785951092839, 2714270.940982440020889 ], [ 10167386.987562775611877, 2714287.693890155293047 ], [ 10167386.058132257312536, 2714288.503326241392642 ], [ 10167382.102624271064997, 2714295.207394881173968 ], [ 10167379.157340977340937, 2714307.391634363215417 ], [ 10167375.037896260619164, 2714330.174810765776783 ], [ 10167368.934917679056525, 2714348.320506971795112 ], [ 10167360.332422386854887, 2714372.314346837345511 ], [ 10167356.129214676097035, 2714388.123552708886564 ], [ 10167353.404475329443812, 2714403.242483353707939 ], [ 10167353.288790199905634, 2714423.007376728113741 ], [ 10167369.528913581743836, 2714422.884228087961674 ], [ 10167370.64919475466013, 2714436.386936228722334 ], [ 10167369.532234510406852, 2714455.504918889608234 ], [ 10167380.256925785914063, 2714459.046585135627538 ], [ 10167381.236100319772959, 2714465.23000569595024 ], [ 10167385.262246822938323, 2714463.324527257587761 ], [ 10167401.929189337417483, 2714455.138150257524103 ], [ 10167411.080028453841805, 2714448.37928384821862 ], [ 10167418.034764345735312, 2714441.915046098642051 ], [ 10167425.579201560467482, 2714436.792596815619618 ], [ 10167431.541347607970238, 2714431.801724788732827 ], [ 10167435.224905628710985, 2714427.516044150106609 ], [ 10167437.569195542484522, 2714424.27688291342929 ], [ 10167440.521371128037572, 2714421.261963601689786 ], [ 10167442.412299212068319, 2714418.670438752975315 ], [ 10167445.319508092477918, 2714414.748951574321836 ], [ 10167449.062903832644224, 2714410.82749213045463 ], [ 10167457.408582219853997, 2714399.731967623345554 ], [ 10167460.102245250716805, 2714396.289032721426338 ], [ 10167462.164316197857261, 2714395.01162167172879 ], [ 10167468.350379273295403, 2714391.98682682402432 ], [ 10167475.550294598564506, 2714389.114470187574625 ], [ 10167482.215865090489388, 2714387.42180355405435 ], [ 10167494.422492098063231, 2714383.011508193332702 ], [ 10167507.569064754992723, 2714378.986977352295071 ], [ 10167509.875076090916991, 2714377.850095752626657 ], [ 10167512.230002561584115, 2714375.418293326627463 ], [ 10167516.382381726056337, 2714371.657268632203341 ], [ 10167518.100934175774455, 2714369.380554667674005 ], [ 10167519.106736976653337, 2714368.048036315478384 ], [ 10167526.628936329856515, 2714357.063036454841495 ], [ 10167531.660130746662617, 2714348.201922938693315 ], [ 10167535.520607965067029, 2714348.023306329268962 ], [ 10167537.136771336197853, 2714347.948557145427912 ], [ 10167538.376808458939195, 2714347.89125950075686 ], [ 10167544.239787355065346, 2714347.901651198044419 ], [ 10167553.971846658736467, 2714348.535284955985844 ], [ 10167564.530269250273705, 2714350.950053453911096 ], [ 10167565.549271404743195, 2714348.973663283977658 ], [ 10167570.772573305293918, 2714338.842624866869301 ], [ 10167574.207137698307633, 2714332.358889092691243 ], [ 10167577.731530167162418, 2714325.188157312106341 ], [ 10167578.882661508396268, 2714324.055588810238987 ], [ 10167580.42667912133038, 2714321.026244441978633 ], [ 10167583.271062307059765, 2714314.83800017926842 ], [ 10167585.541598405689001, 2714310.17285312525928 ], [ 10167588.378459645435214, 2714305.079791789874434 ], [ 10167589.918003872036934, 2714301.707576040178537 ], [ 10167591.861011933535337, 2714297.729724291712046 ], [ 10167592.754208380356431, 2714295.249217388220131 ], [ 10167593.978230137377977, 2714292.261418986134231 ], [ 10167594.658090814948082, 2714289.963136210571975 ], [ 10167595.527212029322982, 2714286.633091218303889 ], [ 10167595.907555440440774, 2714285.642821907997131 ], [ 10167597.803116142749786, 2714280.706823266111314 ], [ 10167598.633797265589237, 2714276.967957413289696 ], [ 10167598.72652498818934, 2714273.150448459200561 ], [ 10167598.148388784378767, 2714267.671452043578029 ], [ 10167597.604474648833275, 2714265.621268233284354 ], [ 10167597.590931810438633, 2714263.311751799657941 ], [ 10167597.586832435801625, 2714262.612630082294345 ], [ 10167598.822510220110416, 2714255.383899290114641 ], [ 10167599.995413986966014, 2714250.058607249520719 ], [ 10167600.622209278866649, 2714249.209647445008159 ], [ 10167601.578291095793247, 2714248.311929136980325 ], [ 10167606.03653321787715, 2714246.062292542308569 ], [ 10167611.639776857569814, 2714243.896982358768582 ], [ 10167618.119562076404691, 2714242.306238768622279 ], [ 10167629.629460973665118, 2714240.128692963626236 ], [ 10167631.712736025452614, 2714239.625291800126433 ], [ 10167636.411501463502645, 2714237.261768103577197 ], [ 10167640.586465306580067, 2714235.226080456282943 ], [ 10167644.799791116267443, 2714231.917840670328587 ], [ 10167649.626446695998311, 2714227.583683396689594 ], [ 10167655.000344386324286, 2714222.206734766252339 ], [ 10167655.17233676277101, 2714221.789635659661144 ], [ 10167658.037214735522866, 2714218.972118605393916 ], [ 10167661.588847124949098, 2714215.477903339546174 ], [ 10167665.870795197784901, 2714209.060094812419266 ], [ 10167667.048412274569273, 2714207.440424609929323 ], [ 10167667.947526501491666, 2714206.388669495936483 ], [ 10167670.116523873060942, 2714204.877459859009832 ], [ 10167674.572492573410273, 2714202.461970900651067 ], [ 10167681.75896623544395, 2714199.401621493976563 ], [ 10167684.914496548473835, 2714197.634047254454345 ], [ 10167688.897924888879061, 2714194.417215463705361 ], [ 10167694.014718180522323, 2714189.559292810037732 ], [ 10167699.063337346538901, 2714184.536437436006963 ], [ 10167704.486397942528129, 2714178.712069011293352 ], [ 10167709.776941813528538, 2714171.185975376516581 ], [ 10167712.952520087361336, 2714165.092891070060432 ], [ 10167715.970185518264771, 2714161.203233087901026 ], [ 10167720.583233557641506, 2714155.688314555212855 ], [ 10167725.129214819520712, 2714150.915438453666866 ], [ 10167729.860420374199748, 2714146.018424449022859 ], [ 10167730.967439487576485, 2714142.37542743049562 ], [ 10167731.965026821941137, 2714133.77824022108689 ], [ 10167730.885728254914284, 2714127.000712282955647 ], [ 10167729.579559773206711, 2714122.195274307392538 ], [ 10167728.384781938046217, 2714114.169346183072776 ], [ 10167728.509016450494528, 2714111.911065081134439 ], [ 10167728.97580867446959, 2714109.770003013778478 ], [ 10167730.526051638647914, 2714107.216135629918426 ], [ 10167732.891565505415201, 2714103.921412169467658 ], [ 10167736.182161370292306, 2714100.713990065734833 ], [ 10167739.571468090638518, 2714098.323717978782952 ], [ 10167743.401868043467402, 2714096.016049419529736 ], [ 10167746.179447032511234, 2714093.943701251875609 ], [ 10167750.869701696559787, 2714088.438897892832756 ], [ 10167755.364913968369365, 2714080.657880800310522 ], [ 10167756.04106087423861, 2714079.034347611479461 ], [ 10167756.143147971481085, 2714078.789134931284934 ], [ 10167756.573833040893078, 2714075.575503412168473 ], [ 10167756.410147180780768, 2714072.33666230738163 ], [ 10167755.984196618199348, 2714070.89332406129688 ], [ 10167755.441951610147953, 2714069.816429978702217 ], [ 10167753.775232955813408, 2714067.703755300026387 ], [ 10167752.716632010415196, 2714066.112286850810051 ], [ 10167749.712953571230173, 2714061.596620741300285 ], [ 10167748.345955589786172, 2714058.860454044304788 ], [ 10167747.308053344488144, 2714053.553604818414897 ], [ 10167747.173393908888102, 2714051.686055414378643 ], [ 10167747.836990097537637, 2714049.453821547329426 ], [ 10167753.639041051268578, 2714039.011692799627781 ], [ 10167754.334243450313807, 2714036.679461123421788 ], [ 10167754.655083332210779, 2714032.648768781218678 ], [ 10167754.487067054957151, 2714024.907919417135417 ], [ 10167754.023190967738628, 2714018.918682998977602 ], [ 10167753.993999812752008, 2714009.195962679572403 ], [ 10167755.004707060754299, 2713994.913028759416193 ], [ 10167756.726527692750096, 2713985.343891178723425 ], [ 10167759.131234021857381, 2713969.172958886716515 ], [ 10167759.972219513729215, 2713959.538176266942173 ], [ 10167759.676520960405469, 2713954.612254260573536 ], [ 10167759.464777618646622, 2713951.082904189825058 ], [ 10167759.083075754344463, 2713949.660996391903609 ], [ 10167757.914684355258942, 2713947.807142822537571 ], [ 10167755.449400028213859, 2713944.461012956686318 ], [ 10167752.225226188078523, 2713940.084561264142394 ], [ 10167744.666329652070999, 2713929.898090662434697 ], [ 10167741.806040558964014, 2713923.188684280030429 ], [ 10167737.917202873155475, 2713912.709963947534561 ], [ 10167736.990045309066772, 2713909.127294764388353 ], [ 10167738.653133867308497, 2713904.282248441129923 ], [ 10167742.62229111418128, 2713896.652236634399742 ], [ 10167747.664405992254615, 2713886.972506815101951 ], [ 10167754.271358445286751, 2713877.515388570260257 ], [ 10167758.563085190951824, 2713869.316949723754078 ], [ 10167763.216767594218254, 2713859.376990433316678 ], [ 10167764.68265120126307, 2713852.930715648457408 ], [ 10167763.081305343657732, 2713845.762080503161997 ], [ 10167760.041541634127498, 2713830.43811362516135 ], [ 10167759.577406205236912, 2713826.937910085078329 ], [ 10167757.051516318693757, 2713820.566882516723126 ], [ 10167753.513400543481112, 2713813.335684980265796 ], [ 10167751.827244391664863, 2713807.241136445663869 ], [ 10167749.345351887866855, 2713800.028920840471983 ], [ 10167748.245734430849552, 2713791.703271957114339 ], [ 10167749.519469821825624, 2713771.510207513812929 ], [ 10167755.892669577151537, 2713751.835476966109127 ], [ 10167756.847082728520036, 2713746.634925707709044 ], [ 10167751.923822622746229, 2713735.285116953309625 ], [ 10167744.318035701289773, 2713720.668166153132915 ], [ 10167740.514550186693668, 2713713.358650086447597 ], [ 10167737.444958297535777, 2713709.665440731681883 ], [ 10167731.685221966356039, 2713702.735681782942265 ], [ 10167726.525073081254959, 2713694.276151187717915 ], [ 10167721.421974904835224, 2713650.91723661404103 ], [ 10167722.744112331420183, 2713647.748311051633209 ], [ 10167724.002295956015587, 2713644.732735283207148 ], [ 10167712.38682870939374, 2713638.029419651255012 ], [ 10167708.877603400498629, 2713636.607787871267647 ], [ 10167702.469729982316494, 2713639.467276461888105 ], [ 10167700.597549615427852, 2713640.479406777303666 ], [ 10167699.810267919674516, 2713641.13373201712966 ], [ 10167697.227960491552949, 2713645.53649291722104 ], [ 10167686.289414310827851, 2713645.869412716943771 ], [ 10167684.722724558785558, 2713646.44980937615037 ], [ 10167677.883363792672753, 2713650.936669989023358 ], [ 10167662.038774758577347, 2713664.190013598650694 ], [ 10167656.062510326504707, 2713667.80151681182906 ], [ 10167626.491782946512103, 2713662.805605322588235 ], [ 10167599.484574230387807, 2713656.805788542144001 ], [ 10167568.056138224899769, 2713648.374687280040234 ], [ 10167567.975235927850008, 2713642.096093391999602 ], [ 10167568.599178491160274, 2713628.509588090702891 ], [ 10167568.746664, 2713595.327017621602863 ], [ 10167580.831661198288202, 2713590.983783971518278 ], [ 10167601.641215473413467, 2713584.275448852684349 ], [ 10167597.791809344664216, 2713571.568425406701863 ], [ 10167593.130368931218982, 2713553.55702053476125 ], [ 10167572.60959585942328, 2713561.102763541508466 ], [ 10167571.611657358705997, 2713561.239344597328454 ], [ 10167570.93084898032248, 2713561.109837933909148 ], [ 10167570.621831307187676, 2713560.680820640176535 ], [ 10167573.614603564143181, 2713546.797395389061421 ], [ 10167573.331558965146542, 2713546.140841994434595 ], [ 10167568.280518788844347, 2713541.145995365455747 ], [ 10167566.727933317422867, 2713538.876657681539655 ], [ 10167564.66008884832263, 2713535.0376674705185 ], [ 10167561.047077674418688, 2713526.316106163430959 ], [ 10167554.169909780845046, 2713506.234638852998614 ], [ 10167552.644574273377657, 2713501.780686611309648 ], [ 10167550.393681455403566, 2713502.429308845661581 ], [ 10167546.004390681162477, 2713503.694176100660115 ], [ 10167543.511740606278181, 2713488.142063475679606 ], [ 10167535.452799700200558, 2713444.031077444087714 ], [ 10167534.242453346028924, 2713437.405990379396826 ], [ 10167518.316546937450767, 2713433.282010674942285 ], [ 10167512.211068641394377, 2713432.674883604049683 ], [ 10167503.404360828921199, 2713431.79923443030566 ], [ 10167489.015192907303572, 2713431.614822888746858 ], [ 10167488.609512489289045, 2713431.708678525406867 ], [ 10167488.160378575325012, 2713411.793436289764941 ], [ 10167487.540877804160118, 2713360.555264467839152 ], [ 10167486.600760148838162, 2713342.61549814324826 ], [ 10167487.485406724736094, 2713310.393731805961579 ], [ 10167487.511229138821363, 2713309.840259007178247 ], [ 10167488.395895440131426, 2713285.14017042517662 ], [ 10167487.957693824544549, 2713275.246268396731466 ], [ 10167466.988296194002032, 2713295.722970264963806 ], [ 10167412.249644154682755, 2713359.477936832234263 ], [ 10167392.154043888673186, 2713384.522342186421156 ], [ 10167379.300445176661015, 2713434.999742765445262 ], [ 10167376.164607202634215, 2713461.665805232245475 ], [ 10167363.978117767721415, 2713459.195368230808526 ], [ 10167367.41053805872798, 2713447.829695415217429 ], [ 10167386.04393800906837, 2713386.128589271567762 ], [ 10167389.189413089305162, 2713375.712838899344206 ], [ 10167426.584043007344007, 2713335.450397959910333 ], [ 10167476.236036164686084, 2713275.86164857307449 ], [ 10167480.65864679031074, 2713270.553960034158081 ], [ 10167482.476051511242986, 2713267.41060797451064 ], [ 10167485.119608459994197, 2713223.418663335032761 ], [ 10167488.597733251750469, 2713167.624661836307496 ], [ 10167489.546314295381308, 2713162.041844488121569 ], [ 10167490.057516004890203, 2713159.032978950999677 ], [ 10167491.870114175602794, 2713157.778417261783034 ], [ 10167499.867104927077889, 2713152.243592030368745 ], [ 10167538.166865978389978, 2713098.313999850302935 ], [ 10167575.200185135006905, 2713046.167406301945448 ], [ 10167576.029514284804463, 2713044.999750247690827 ], [ 10167579.361241867765784, 2713028.458484712056816 ], [ 10167582.574728267267346, 2713012.504010152537376 ], [ 10167588.901551367715001, 2712975.951975462492555 ], [ 10167600.134622482582927, 2712920.265644453000277 ], [ 10167607.153048686683178, 2712877.77598233288154 ], [ 10167609.730087896808982, 2712828.764354750048369 ], [ 10167614.866975704208016, 2712792.903260743711144 ], [ 10167618.865844268351793, 2712738.27612705854699 ], [ 10167620.677691988646984, 2712696.309849015902728 ], [ 10167620.832634791731834, 2712624.579200860112906 ], [ 10167604.443117771297693, 2712576.849692888557911 ], [ 10167604.367442291229963, 2712576.109613073058426 ], [ 10167612.7310681194067, 2712577.826550434343517 ], [ 10167615.677367983385921, 2712578.431439565028995 ], [ 10167618.483638359233737, 2712579.007498607505113 ], [ 10167636.702811168506742, 2712586.960681477561593 ], [ 10167658.848442364484072, 2712595.746432287152857 ], [ 10167682.992708619683981, 2712603.454726026393473 ], [ 10167700.965147791430354, 2712607.705849489197135 ], [ 10167721.864873312413692, 2712609.573023593518883 ], [ 10167745.947679908946157, 2712610.1147530823946 ], [ 10167769.511018443852663, 2712606.294346096459776 ], [ 10167789.860079605132341, 2712601.432936372235417 ], [ 10167807.616302061825991, 2712595.953405557200313 ], [ 10167834.358949119225144, 2712586.350086040329188 ], [ 10167840.174128144979477, 2712584.458553603850305 ], [ 10167841.274016188457608, 2712583.870023754891008 ], [ 10167845.163078583776951, 2712581.788554707076401 ], [ 10167855.540536059066653, 2712576.234730703756213 ], [ 10167872.491277718916535, 2712563.88622461212799 ], [ 10167889.304388402029872, 2712550.278608099557459 ], [ 10167904.700833853334188, 2712542.673657407052815 ], [ 10167929.279428984969854, 2712539.956638994626701 ], [ 10167950.844071257859468, 2712537.202460430562496 ], [ 10167975.507335694506764, 2712532.570675901137292 ], [ 10168000.156246840953827, 2712523.514920732472092 ], [ 10167997.867922144010663, 2712531.796769299544394 ], [ 10167974.255760373547673, 2712540.241309144999832 ], [ 10167952.131594380363822, 2712543.091572539880872 ], [ 10167903.695867538452148, 2712549.035818769130856 ], [ 10167876.611833525821567, 2712566.098622658289969 ], [ 10167857.381568811833858, 2712581.563492288347334 ], [ 10167834.364331271499395, 2712594.269417824689299 ], [ 10167811.371578754857183, 2712603.822804878465831 ], [ 10167798.728009529411793, 2712605.84950454486534 ], [ 10167776.91081016138196, 2712611.969441232271492 ], [ 10167759.157490126788616, 2712615.170326543040574 ], [ 10167729.073430312797427, 2712617.429531518835574 ], [ 10167716.370701326057315, 2712614.966455083806068 ], [ 10167684.036222891882062, 2712610.873486746568233 ], [ 10167673.999783793464303, 2712607.921330032870173 ], [ 10167650.169644456356764, 2712598.173774268012494 ], [ 10167620.087408678606153, 2712587.204174536280334 ], [ 10167613.025439221411943, 2712587.972882036585361 ], [ 10167622.722401648759842, 2712609.400962929707021 ], [ 10167625.650764025747776, 2712622.966544894967228 ], [ 10167623.904973514378071, 2712712.526041568722576 ], [ 10167623.70200183801353, 2712721.333062823396176 ], [ 10167617.905442919582129, 2712803.138147166464478 ], [ 10167611.378463692963123, 2712879.589011744130403 ], [ 10167608.912699533626437, 2712898.635406395886093 ], [ 10167596.639983600005507, 2712954.722603250294924 ], [ 10167593.302459521219134, 2712976.059268954209983 ], [ 10167586.3941242210567, 2713017.729291759431362 ], [ 10167584.896511940285563, 2713026.785995283164084 ], [ 10167583.628071228042245, 2713027.344840995967388 ], [ 10167580.092107558622956, 2713046.980897203553468 ], [ 10167578.841636314988136, 2713053.921629182063043 ], [ 10167554.057668063789606, 2713086.206864330451936 ], [ 10167525.086137276142836, 2713125.416751048061997 ], [ 10167509.912959551438689, 2713147.530674958601594 ], [ 10167544.149146070703864, 2713149.795666542835534 ], [ 10167552.490698665380478, 2713198.574370098765939 ], [ 10167556.638031741604209, 2713228.704818926285952 ], [ 10167558.89760348200798, 2713235.753739986103028 ], [ 10167560.454278031364083, 2713246.218905569519848 ], [ 10167569.110505035147071, 2713295.502532974351197 ], [ 10167573.764339366927743, 2713329.011017383541912 ], [ 10167576.191788289695978, 2713342.119329711422324 ], [ 10167576.310467969626188, 2713342.78143214341253 ], [ 10167582.692826503887773, 2713394.783463309053332 ], [ 10167565.802899993956089, 2713400.140853126067668 ], [ 10167536.987502954900265, 2713406.973239565268159 ], [ 10167537.049710055813193, 2713414.206465496215969 ], [ 10167566.135220523923635, 2713405.324066401459277 ], [ 10167583.367321228608489, 2713400.061721606645733 ], [ 10167587.20569128729403, 2713420.756891013123095 ], [ 10167591.311754563823342, 2713442.895570090040565 ], [ 10167607.709352012723684, 2713479.488887895829976 ], [ 10167615.717539155855775, 2713475.377979067154229 ], [ 10167631.215076887980103, 2713472.859736080281436 ], [ 10167632.94996258802712, 2713475.148464395664632 ], [ 10167641.842913081869483, 2713510.647238436155021 ], [ 10167645.042233845219016, 2713518.048871119040996 ], [ 10167658.34788716211915, 2713532.837429618928581 ], [ 10167669.808748088777065, 2713542.83902001939714 ], [ 10167658.469667468219995, 2713550.423286865931004 ], [ 10167658.141455153003335, 2713553.900937257800251 ], [ 10167668.291055744513869, 2713576.242264307104051 ], [ 10167689.097343793138862, 2713578.442745198961347 ], [ 10167688.623922104015946, 2713571.72372663859278 ], [ 10167689.438867257907987, 2713569.301482486072928 ], [ 10167686.725717997178435, 2713549.537970450241119 ], [ 10167690.050071688368917, 2713548.066719172522426 ], [ 10167697.454592069610953, 2713539.882331833709031 ], [ 10167692.912673823535442, 2713525.740080425515771 ], [ 10167682.061239553615451, 2713506.903599176090211 ], [ 10167673.935106724500656, 2713487.035215425305068 ], [ 10167672.758975706994534, 2713482.914053472690284 ], [ 10167664.100387003272772, 2713483.571401111781597 ], [ 10167663.263725640252233, 2713460.88786263205111 ], [ 10167662.457734934985638, 2713439.038615057244897 ], [ 10167664.297199564054608, 2713409.181997443083674 ], [ 10167667.377214228734374, 2713396.686106919776648 ], [ 10167672.74984884262085, 2713387.887260972056538 ], [ 10167671.309615628793836, 2713378.75881864875555 ], [ 10167668.612936351448298, 2713371.096207249909639 ], [ 10167667.732731869444251, 2713356.883304992690682 ], [ 10167670.163943605497479, 2713342.725799140054733 ], [ 10167671.065445575863123, 2713314.308778241742402 ], [ 10167677.830907143652439, 2713294.352854942902923 ], [ 10167681.477371593937278, 2713284.780621701851487 ], [ 10167681.189693512395024, 2713268.790133940521628 ], [ 10167677.068754408508539, 2713255.715497359633446 ], [ 10167672.132607636973262, 2713236.689860495738685 ], [ 10167673.845976760610938, 2713234.001296043861657 ], [ 10167673.781971447169781, 2713215.784598016645759 ], [ 10167668.165678571909666, 2713193.560324331745505 ], [ 10167664.61133723333478, 2713182.579861919861287 ], [ 10167662.437438609078526, 2713169.512484890874475 ], [ 10167662.307453043758869, 2713167.998861942440271 ], [ 10167670.477835124358535, 2713151.165764997713268 ], [ 10167647.12736433558166, 2713146.167610198259354 ], [ 10167645.618842113763094, 2713133.511754122562706 ], [ 10167651.064589319750667, 2713134.445798618718982 ], [ 10167652.95844841375947, 2713132.097760708071291 ], [ 10167658.30647406168282, 2713133.962136655580252 ], [ 10167659.2885473780334, 2713131.703632467892021 ], [ 10167656.961053494364023, 2713131.19271148648113 ], [ 10167664.322034919634461, 2713114.702224818523973 ], [ 10167670.090584438294172, 2713116.771169467363507 ], [ 10167669.789025694131851, 2713127.272112939041108 ], [ 10167670.824448464438319, 2713135.731013715267181 ], [ 10167679.868905629962683, 2713137.667905496433377 ], [ 10167684.787505801767111, 2713132.812906364910305 ], [ 10167689.644094048067927, 2713130.779320741072297 ], [ 10167689.53972864151001, 2713127.030976529698819 ], [ 10167687.872478414326906, 2713124.874191664624959 ], [ 10167685.036983845755458, 2713116.693754778243601 ], [ 10167685.99290918186307, 2713114.114836812019348 ], [ 10167695.581071268767118, 2713113.068956435192376 ], [ 10167698.23869108594954, 2713123.607900591101497 ], [ 10167699.511099761351943, 2713124.177098370622844 ], [ 10167700.952730257064104, 2713130.916190250776708 ], [ 10167706.561577996239066, 2713129.204463846050203 ], [ 10167744.806493481621146, 2713135.198516520671546 ], [ 10167752.996162196621299, 2713134.857152627781034 ], [ 10167776.27847857400775, 2713132.190738123375922 ], [ 10167788.471125490963459, 2713133.47713777422905 ], [ 10167820.968176778405905, 2713128.96240084245801 ], [ 10167831.038807913661003, 2713122.799766221549362 ], [ 10167836.630413621664047, 2713113.113388957455754 ], [ 10167841.946169275790453, 2713091.672579822130501 ], [ 10167858.614550448954105, 2713094.569394964724779 ], [ 10167858.306556245312095, 2713097.902918691281229 ], [ 10167851.879604626446962, 2713115.144189213868231 ], [ 10167849.483961584046483, 2713116.138438929338008 ], [ 10167839.318646341562271, 2713134.303474579472095 ], [ 10167840.525783490389585, 2713143.268889940809458 ], [ 10167840.885461796075106, 2713153.031004845164716 ], [ 10167853.271371716633439, 2713156.460645016282797 ], [ 10167873.098086707293987, 2713168.650955935940146 ], [ 10167884.674471819773316, 2713151.562127236276865 ], [ 10167903.021088447421789, 2713174.954738839529455 ], [ 10167908.517713049426675, 2713178.907655118964612 ], [ 10167916.68101798184216, 2713181.575063868425786 ], [ 10167920.209889099001884, 2713181.439521135762334 ], [ 10167926.592653514817357, 2713194.207363666966558 ], [ 10167941.925410447642207, 2713210.074421672616154 ], [ 10167953.287131872028112, 2713219.236332100816071 ], [ 10167965.465506162494421, 2713231.937845342326909 ], [ 10167970.592323675751686, 2713228.705994493328035 ], [ 10167975.5266656242311, 2713225.885892904829234 ], [ 10167980.461005534976721, 2713223.065899967215955 ], [ 10167991.535448279231787, 2713214.622265893034637 ], [ 10168001.492451302707195, 2713203.185013005044311 ], [ 10168009.64181144349277, 2713190.621413796208799 ], [ 10168013.881233278661966, 2713188.485416602343321 ], [ 10168039.646854734048247, 2713187.277556638699025 ], [ 10168046.868370482698083, 2713186.938956272788346 ], [ 10168058.901041105389595, 2713188.592440522741526 ], [ 10168066.534450391307473, 2713184.442103835288435 ], [ 10168081.156879955902696, 2713176.482075182721019 ], [ 10168097.279981652274728, 2713176.388453494757414 ], [ 10168106.511826403439045, 2713166.686304135713726 ], [ 10168132.464102637022734, 2713132.979696613736451 ], [ 10168138.399767147377133, 2713115.213953157886863 ], [ 10168141.511240234598517, 2713113.4579091030173 ], [ 10168143.051730398088694, 2713107.674514648970217 ], [ 10168151.367252355441451, 2713102.707768068648875 ], [ 10168152.196066094562411, 2713097.177262584213167 ], [ 10168149.686633115634322, 2713093.715465813409537 ], [ 10168150.742051348090172, 2713082.020945070777088 ], [ 10168153.206857245415449, 2713073.769698266405612 ], [ 10168160.86896962672472, 2713062.639598767738789 ], [ 10168169.0510587207973, 2713054.2345787496306 ], [ 10168169.617078157141805, 2713048.785091648343951 ], [ 10168167.902818568050861, 2713046.407760168425739 ], [ 10168165.575637813657522, 2713044.248700567986816 ], [ 10168165.21127319149673, 2713039.984062695875764 ], [ 10168174.954451477155089, 2713024.025714060757309 ], [ 10168183.99565021134913, 2712999.062136982101947 ], [ 10168186.752580849453807, 2712992.952828042209148 ], [ 10168187.379571640864015, 2712987.126463358756155 ], [ 10168186.598908487707376, 2712981.318774356972426 ], [ 10168188.61462302878499, 2712974.876581481657922 ], [ 10168194.656302243471146, 2712966.809924582019448 ], [ 10168199.976584793999791, 2712966.572905625682324 ], [ 10168202.694486774504185, 2712963.328956169541925 ], [ 10168202.319882126525044, 2712950.790897473227233 ], [ 10168204.978967230767012, 2712946.430601377505809 ], [ 10168207.297256775200367, 2712942.915434132795781 ], [ 10168207.348775299265981, 2712938.490368676837534 ], [ 10168198.86266740038991, 2712917.211960135027766 ], [ 10168182.456053964793682, 2712889.159554516896605 ], [ 10168166.426764018833637, 2712865.515459941700101 ], [ 10168168.209499023854733, 2712859.762148237787187 ], [ 10168170.34902667440474, 2712854.369045220315456 ], [ 10168171.500860564410686, 2712844.985235563945025 ], [ 10168175.015082916244864, 2712840.414313189219683 ], [ 10168182.960349313914776, 2712835.740123047493398 ], [ 10168184.565316163003445, 2712833.174715259578079 ], [ 10168185.377509044483304, 2712827.224165008403361 ], [ 10168187.497303621843457, 2712821.167741432785988 ], [ 10168194.414243333041668, 2712813.587191251572222 ], [ 10168201.678098099306226, 2712808.114545772783458 ], [ 10168204.976588966324925, 2712798.038425200618804 ], [ 10168206.825858661904931, 2712787.329008318018168 ], [ 10168205.473451882600784, 2712776.540612503886223 ], [ 10168202.026556916534901, 2712764.552566172089428 ], [ 10168192.259109610691667, 2712747.848623672500253 ], [ 10168194.992995135486126, 2712744.150989613961428 ], [ 10168198.364573670551181, 2712739.61523640435189 ], [ 10168197.851789765059948, 2712732.432595516555011 ], [ 10168193.067094672471285, 2712714.091517010238022 ], [ 10168186.61119806021452, 2712700.783153472933918 ], [ 10168180.292667763307691, 2712690.828070530667901 ], [ 10168178.995654853060842, 2712688.784503136295825 ], [ 10168176.518203964456916, 2712681.075087266974151 ], [ 10168176.407063852995634, 2712676.829270241782069 ], [ 10168181.827046353369951, 2712666.658369676675647 ], [ 10168183.156157970428467, 2712663.200782043393701 ], [ 10168180.314915040507913, 2712654.600346927065402 ], [ 10168176.385377913713455, 2712637.707843997981399 ], [ 10168188.495803521946073, 2712613.643988495692611 ], [ 10168189.43207224085927, 2712610.91548801632598 ], [ 10168193.68527296744287, 2712598.521141947712749 ], [ 10168198.98231247626245, 2712588.208258206956089 ], [ 10168206.795594053342938, 2712578.547428449615836 ], [ 10168211.16665381193161, 2712571.410263216588646 ], [ 10168214.189951632171869, 2712557.156947306822985 ], [ 10168213.030308989807963, 2712553.467163173016161 ], [ 10168201.150400834158063, 2712545.020707816351205 ], [ 10168183.705358790233731, 2712540.740956841968 ], [ 10168169.574879175052047, 2712535.930357075762004 ], [ 10168173.826426664367318, 2712525.576109620276839 ], [ 10168219.423899983987212, 2712532.919596073683351 ], [ 10168222.946851229295135, 2712534.011728583369404 ], [ 10168240.56178311444819, 2712527.793553112540394 ], [ 10168247.660215960815549, 2712510.183752668555826 ], [ 10168261.48897298052907, 2712502.408159844111651 ], [ 10168275.888778625056148, 2712491.464730869978666 ], [ 10168285.927159814164042, 2712481.422041553072631 ], [ 10168289.297114053741097, 2712475.851505033206195 ], [ 10168296.052000036463141, 2712462.117035650648177 ], [ 10168298.200830923393369, 2712454.098368998616934 ], [ 10168298.351711938157678, 2712448.639659299049526 ], [ 10168297.478057414293289, 2712440.48328903876245 ], [ 10168281.065106082707644, 2712402.605875129811466 ], [ 10168275.885360525920987, 2712384.006509695667773 ], [ 10168272.349025372415781, 2712369.742995779030025 ], [ 10168275.271351136267185, 2712355.430297277867794 ], [ 10168276.566209189593792, 2712341.478482007049024 ], [ 10168276.577258350327611, 2712326.527572732884437 ], [ 10168274.023061398416758, 2712311.093066238798201 ], [ 10168267.46028558537364, 2712278.776886865496635 ], [ 10168263.52421572804451, 2712266.189316912088543 ], [ 10168257.00318631529808, 2712250.916658324655145 ], [ 10168245.185654958710074, 2712229.662991921883076 ], [ 10168232.186164615675807, 2712208.565950305666775 ], [ 10168219.820735143497586, 2712212.568667091429234 ], [ 10168210.345726735889912, 2712218.931324314326048 ], [ 10168204.452819887548685, 2712224.203492938540876 ], [ 10168201.188143638893962, 2712228.445097479969263 ], [ 10168199.426524443551898, 2712235.092932564672083 ], [ 10168195.514872975647449, 2712255.556487390305847 ], [ 10168187.301732443273067, 2712274.087868920527399 ], [ 10168176.858679, 2712294.088167411740869 ], [ 10168166.698767185211182, 2712291.500135633163154 ], [ 10168172.388206606730819, 2712272.779552621301264 ], [ 10168178.772811032831669, 2712259.370051073376089 ], [ 10168185.379694813862443, 2712243.150400413200259 ], [ 10168187.012059960514307, 2712236.371057233307511 ], [ 10168191.889250135049224, 2712210.126749306917191 ], [ 10168192.739674139767885, 2712199.921069100499153 ], [ 10168192.738350627943873, 2712190.854646708350629 ], [ 10168184.538738965988159, 2712188.452678152825683 ], [ 10168157.608929436653852, 2712177.745610648300499 ], [ 10168143.502876311540604, 2712171.788975125644356 ], [ 10168134.36801022849977, 2712166.242987784557045 ], [ 10168141.534609956666827, 2712159.953979204408824 ], [ 10168143.146568527445197, 2712156.672564446926117 ], [ 10168134.252169108018279, 2712160.085469539277256 ], [ 10168112.254342086613178, 2712167.703637594822794 ], [ 10168099.967245625331998, 2712154.565581019967794 ], [ 10168080.254157120361924, 2712134.573115634266287 ], [ 10168062.65043655782938, 2712115.21419374179095 ], [ 10168051.387554617598653, 2712099.259871756192297 ], [ 10168041.194669298827648, 2712083.780393249355257 ], [ 10168027.839298183098435, 2712062.452348037622869 ], [ 10168013.773216033354402, 2712040.379144259728491 ], [ 10168007.352427985519171, 2712030.250617287121713 ], [ 10168001.218839069828391, 2712030.345194515772164 ], [ 10167993.827712696045637, 2712028.699802908115089 ], [ 10167992.899749090895057, 2712028.018634301610291 ], [ 10167992.440466756001115, 2712026.871784084942192 ], [ 10167992.489346208050847, 2712007.355530507396907 ], [ 10167993.549573754891753, 2711959.349564419128001 ], [ 10167994.350510088726878, 2711926.085929124616086 ], [ 10167995.820649452507496, 2711900.67194174323231 ], [ 10168001.525414196774364, 2711883.063525503966957 ], [ 10168007.702278006821871, 2711856.969104461371899 ], [ 10168010.161815842613578, 2711834.71040137251839 ], [ 10167997.841155106201768, 2711821.790265067480505 ], [ 10168004.014151301234961, 2711807.497351064346731 ], [ 10168020.453505210578442, 2711810.928699487354606 ], [ 10168030.080051550641656, 2711806.430578255094588 ], [ 10168040.277169203385711, 2711800.704529902897775 ], [ 10168042.683141881600022, 2711798.768186139408499 ], [ 10168043.091184476390481, 2711797.560974316205829 ], [ 10168042.771123563870788, 2711796.68734078342095 ], [ 10168042.773581087589264, 2711796.284186439588666 ], [ 10168042.842065881937742, 2711795.685347729362547 ], [ 10168044.243279702961445, 2711795.094188104383647 ], [ 10168048.586418429389596, 2711793.572510061319917 ], [ 10168060.474841490387917, 2711776.534502487629652 ], [ 10168070.756705902516842, 2711759.999176972080022 ], [ 10168073.320637619122863, 2711755.121665306854993 ], [ 10168074.018279977142811, 2711750.690774970222265 ], [ 10168076.162841282784939, 2711724.812519458122551 ], [ 10168076.00199506059289, 2711707.790806065313518 ], [ 10168074.329799152910709, 2711697.243723664432764 ], [ 10168076.798731721937656, 2711695.64554558089003 ], [ 10168074.849554009735584, 2711678.711330694612116 ], [ 10168070.721284352242947, 2711671.266257255803794 ], [ 10168067.812752284109592, 2711664.613017256371677 ], [ 10168066.493985321372747, 2711660.355431620497257 ], [ 10168065.825804626569152, 2711646.730525518301874 ], [ 10168072.272411605343223, 2711643.107274871785194 ], [ 10168068.586709450930357, 2711634.095742195378989 ], [ 10168063.272719979286194, 2711616.291822344996035 ], [ 10168057.837002547457814, 2711595.218206110410392 ], [ 10168049.68651277013123, 2711569.584561618976295 ], [ 10168044.655964830890298, 2711549.624850945081562 ], [ 10168040.933317229151726, 2711537.660153123084456 ], [ 10168009.414535637944937, 2711529.98819235060364 ], [ 10168002.096780838444829, 2711528.79000753397122 ], [ 10167994.89964896067977, 2711531.05760803911835 ], [ 10167984.835588958114386, 2711539.998842075001448 ], [ 10167971.585352353751659, 2711549.019438263960183 ], [ 10167965.118871215730906, 2711569.063969403970987 ], [ 10167962.686509817838669, 2711579.227145502809435 ], [ 10167962.496629623696208, 2711585.774865934159607 ], [ 10167954.097452361136675, 2711595.347155240830034 ], [ 10167935.028258891776204, 2711619.27280721347779 ], [ 10167922.777357859537005, 2711616.737841750960797 ], [ 10167901.701448015868664, 2711624.317310167942196 ], [ 10167875.349513212218881, 2711634.777893864084035 ], [ 10167874.734385440126061, 2711635.022136116400361 ], [ 10167870.299324665218592, 2711637.447682260535657 ], [ 10167870.367319678887725, 2711625.799443436786532 ], [ 10167868.878938969224691, 2711609.783315345644951 ], [ 10167865.227533267810941, 2711589.352127503138036 ], [ 10167859.509489580988884, 2711555.451416501775384 ], [ 10167851.781987151131034, 2711524.230319587513804 ], [ 10167842.315808806568384, 2711466.062429401557893 ], [ 10167838.292577181011438, 2711440.682231897022575 ], [ 10167843.887168621644378, 2711406.69603902939707 ], [ 10167848.225874474272132, 2711396.620582387316972 ], [ 10167854.673746744170785, 2711398.336766173131764 ], [ 10167864.539212262257934, 2711399.277703455649316 ], [ 10167872.251210123300552, 2711399.759111551567912 ], [ 10167878.287279391661286, 2711395.904592546168715 ], [ 10167899.080935027450323, 2711384.662286058068275 ], [ 10167912.772683532908559, 2711376.0912567791529 ], [ 10167929.853075040504336, 2711377.260048729367554 ], [ 10167927.859618412330747, 2711367.95340483263135 ], [ 10167924.565672228112817, 2711353.092835295945406 ], [ 10167941.06989673897624, 2711345.322940496727824 ], [ 10167949.970961399376392, 2711342.564214704092592 ], [ 10167954.693227363750339, 2711337.307263215072453 ], [ 10167970.518724113702774, 2711327.016194599214941 ], [ 10167980.332967828959227, 2711321.876524119172245 ], [ 10167999.947875155135989, 2711315.781149252783507 ], [ 10168008.944234678521752, 2711313.382475492078811 ], [ 10168016.824605664238334, 2711312.851484004408121 ], [ 10168028.888808522373438, 2711312.439089118968695 ], [ 10168029.330978823825717, 2711312.42401299579069 ], [ 10168036.423789836466312, 2711311.310818211641163 ], [ 10168048.066997522488236, 2711306.541450527962297 ], [ 10168065.261776084080338, 2711302.95975548774004 ], [ 10168071.107252804562449, 2711302.057149037253112 ], [ 10168077.472223980352283, 2711303.108027506154031 ], [ 10168081.416167495772243, 2711303.131226516328752 ], [ 10168083.856050161644816, 2711302.786012180615216 ], [ 10168086.081491401419044, 2711302.069072691258043 ], [ 10168087.736331364139915, 2711300.716798981186002 ], [ 10168088.893216077238321, 2711299.274430673569441 ], [ 10168089.476655943319201, 2711297.697748865466565 ], [ 10168089.769417343661189, 2711295.814412796404213 ], [ 10168090.15765761397779, 2711290.553635746706277 ], [ 10168096.514993041753769, 2711287.343988958280534 ], [ 10168097.463961867615581, 2711284.385759109165519 ], [ 10168098.632852109149098, 2711266.865441077388823 ], [ 10168099.18549769744277, 2711258.582084239926189 ], [ 10168099.910707635805011, 2711243.832514458801597 ], [ 10168096.844308966770768, 2711230.825754892081022 ], [ 10168095.901447517797351, 2711221.547365293838084 ], [ 10168098.577137684449553, 2711204.924209421966225 ], [ 10168100.699855668470263, 2711197.657874641008675 ], [ 10168107.585124472156167, 2711187.510243974626064 ], [ 10168113.754988791421056, 2711173.697132763918489 ], [ 10168116.541741931810975, 2711162.174232087563723 ], [ 10168116.935584524646401, 2711159.659490059129894 ], [ 10168105.452369686216116, 2711159.319450677372515 ], [ 10168120.473734598606825, 2711140.055884630884975 ], [ 10168129.792327055707574, 2711130.696326596196741 ], [ 10168139.005632502958179, 2711118.949748944025487 ], [ 10168159.820752963423729, 2711100.188828782644123 ], [ 10168170.716337667778134, 2711089.81430741911754 ], [ 10168179.368219491094351, 2711081.254512751009315 ], [ 10168187.215752873569727, 2711073.490575953852385 ], [ 10168199.484276916831732, 2711061.761990055907518 ], [ 10168215.444485468789935, 2711033.830504064448178 ], [ 10168225.096160111948848, 2711017.477378355804831 ], [ 10168231.389349352568388, 2711004.787567657418549 ], [ 10168232.681415390223265, 2710987.55713728023693 ], [ 10168234.992074595764279, 2710970.310991901438683 ], [ 10168236.697233693674207, 2710956.580787137616426 ], [ 10168238.267210397869349, 2710928.837195377331227 ], [ 10168240.552519416436553, 2710906.633105274755508 ], [ 10168228.066974610090256, 2710886.782924476545304 ], [ 10168216.666770283132792, 2710868.475456206593663 ], [ 10168198.913813261315227, 2710841.457293979357928 ], [ 10168190.695198971778154, 2710836.843383560888469 ], [ 10168173.963483732193708, 2710826.121103623416275 ], [ 10168163.183117661625147, 2710818.615543962456286 ], [ 10168147.708818342536688, 2710824.528181194793433 ], [ 10168134.277787663042545, 2710829.374204037711024 ], [ 10168126.154099157080054, 2710830.797281543724239 ], [ 10168123.128586858510971, 2710833.100426449906081 ], [ 10168112.506318541243672, 2710843.105866943486035 ], [ 10168106.631472600623965, 2710849.064171376172453 ], [ 10168103.493755843490362, 2710852.031281154137105 ], [ 10168097.327160686254501, 2710857.868046412244439 ], [ 10168092.376474410295486, 2710863.286955581046641 ], [ 10168092.973373638466001, 2710864.990323643200099 ], [ 10168090.166591728106141, 2710868.798348299227655 ], [ 10168082.437665356323123, 2710876.848759304732084 ], [ 10168076.557744670659304, 2710883.700451007112861 ], [ 10168062.638090223073959, 2710898.00145120266825 ], [ 10168053.697711737826467, 2710905.696040337439626 ], [ 10168045.762788048014045, 2710911.892777808941901 ], [ 10168035.967647915706038, 2710919.38618550170213 ], [ 10168028.340505549684167, 2710926.696225438266993 ], [ 10168024.239154437556863, 2710929.526799697428942 ], [ 10168017.879567930474877, 2710936.866056791506708 ], [ 10168010.401193123310804, 2710944.689063199330121 ], [ 10168002.396807227283716, 2710953.500628862995654 ], [ 10167999.832451950758696, 2710956.612693793140352 ], [ 10167993.027575412765145, 2710965.976028930395842 ], [ 10167989.63194721378386, 2710972.286794405430555 ], [ 10167985.462926052510738, 2710979.290349647868425 ], [ 10167982.692942012101412, 2710984.220896650571376 ], [ 10167984.693082008510828, 2710986.815150042530149 ], [ 10167993.622876193374395, 2710997.676989645231515 ], [ 10167991.590636197477579, 2711000.563348260242492 ], [ 10167985.713138893246651, 2711008.83176651597023 ], [ 10167975.832861447706819, 2711001.18956311326474 ], [ 10167969.519393315538764, 2710996.891845545731485 ], [ 10167965.14613039791584, 2710999.906085379887372 ], [ 10167958.050419166684151, 2711005.257912736386061 ], [ 10167952.436522800475359, 2711009.201920421328396 ], [ 10167947.240565743297338, 2711013.933007247745991 ], [ 10167943.133309299126267, 2711017.787872392684221 ], [ 10167938.407228149473667, 2711023.68749553989619 ], [ 10167935.097235897555947, 2711028.309907766059041 ], [ 10167930.290298448875546, 2711038.796497929375619 ], [ 10167933.797206733375788, 2711043.132118218112737 ], [ 10167935.175286034122109, 2711046.496312675997615 ], [ 10167934.069566452875733, 2711048.440254436340183 ], [ 10167919.676148507744074, 2711054.773276066407561 ], [ 10167919.020159749314189, 2711052.445355334784836 ], [ 10167916.640214458107948, 2711044.000577038619667 ], [ 10167914.059791078791022, 2711036.870100260246545 ], [ 10167911.312504092231393, 2711028.60532053373754 ], [ 10167908.083402615040541, 2711019.378810509108007 ], [ 10167905.884234867990017, 2711010.027665681671351 ], [ 10167917.373125810176134, 2711003.83014138834551 ], [ 10167931.397213669493794, 2710995.795178266242146 ], [ 10167943.860262019559741, 2710987.903505818918347 ], [ 10167949.232900843024254, 2710984.459280196577311 ], [ 10167949.738270303234458, 2710981.411284242291003 ], [ 10167958.147424997761846, 2710970.063437318429351 ], [ 10167967.896416509523988, 2710957.503013957757503 ], [ 10167975.236619284376502, 2710949.24334524711594 ], [ 10167981.314075134694576, 2710941.978669587522745 ], [ 10167985.769700484350324, 2710937.85345969768241 ], [ 10167988.004784496501088, 2710941.048374272417277 ], [ 10167989.830608088523149, 2710941.941774798557162 ], [ 10167994.397434394806623, 2710935.474523526616395 ], [ 10167998.125467201694846, 2710929.754186833743006 ], [ 10167997.130375515669584, 2710923.897014695685357 ], [ 10167996.167819166556001, 2710919.870635114610195 ], [ 10167985.189282070845366, 2710907.329597354400903 ], [ 10167978.8953169118613, 2710901.5610670321621 ], [ 10167983.843712344765663, 2710892.829610501416028 ], [ 10167993.77664072625339, 2710898.859352519270033 ], [ 10168001.07548601552844, 2710903.260932879522443 ], [ 10168010.527975914999843, 2710908.078329825308174 ], [ 10168013.403939984738827, 2710909.141318077687174 ], [ 10168018.476122826337814, 2710908.887976209633052 ], [ 10168021.390473295003176, 2710907.085427190177143 ], [ 10168031.12991451844573, 2710898.00093403365463 ], [ 10168039.625977577641606, 2710890.314738010521978 ], [ 10168046.479621201753616, 2710883.730194317642599 ], [ 10168051.752771079540253, 2710876.885764883365482 ], [ 10168062.223613271489739, 2710865.016080789268017 ], [ 10168065.99004758708179, 2710861.123810023535043 ], [ 10168071.827043261379004, 2710855.091780583839864 ], [ 10168079.393827766180038, 2710846.964219757821411 ], [ 10168087.124854758381844, 2710838.554255139548331 ], [ 10168102.009696334600449, 2710824.073803837411106 ], [ 10168120.29099483974278, 2710806.867401785217226 ], [ 10168127.689071578904986, 2710799.806670004501939 ], [ 10168127.728686057031155, 2710793.007668329868466 ], [ 10168128.278414253145456, 2710776.753773188218474 ], [ 10168127.043406713753939, 2710771.145932131446898 ], [ 10168123.103524697944522, 2710757.415266829077154 ], [ 10168117.691479021683335, 2710739.753379279281944 ], [ 10168111.405342282727361, 2710721.487147420179099 ], [ 10168108.274263942614198, 2710708.42598171858117 ], [ 10168099.220176147297025, 2710691.036873787641525 ], [ 10168096.869531068950891, 2710685.357053933665156 ], [ 10168093.923192989081144, 2710679.662904136348516 ], [ 10168096.817140454426408, 2710668.326103303115815 ], [ 10168097.419784972444177, 2710654.153877468314022 ], [ 10168099.594391465187073, 2710639.816548125818372 ], [ 10168099.744200939312577, 2710625.271184637211263 ], [ 10168096.884099641814828, 2710619.642810848541558 ], [ 10168090.343378812074661, 2710604.17540300404653 ], [ 10168085.807861546054482, 2710595.998449529521167 ], [ 10168079.816877530887723, 2710586.58169391239062 ], [ 10168066.397554945200682, 2710565.287965536117554 ], [ 10168058.701602207496762, 2710554.706079469993711 ], [ 10168050.426150001585484, 2710543.140269139781594 ], [ 10168032.922591788694263, 2710542.219865225721151 ], [ 10168027.530734991654754, 2710547.145810092799366 ], [ 10168015.909681398421526, 2710559.346149891614914 ], [ 10168006.813815386965871, 2710571.430654247291386 ], [ 10168000.677627852186561, 2710581.364405081607401 ], [ 10167994.855244982987642, 2710593.206750971265137 ], [ 10167990.023242525756359, 2710606.155467895325273 ], [ 10167985.115769473835826, 2710622.764753358904272 ], [ 10167982.456618659198284, 2710634.691185674164444 ], [ 10167977.87119279243052, 2710655.519289351534098 ], [ 10167974.968521719798446, 2710673.905599465128034 ], [ 10167974.517946984618902, 2710682.423760043922812 ], [ 10167972.589082730934024, 2710689.898007318377495 ], [ 10167969.352299788966775, 2710700.557129262946546 ], [ 10167966.309925535693765, 2710709.463063231203705 ], [ 10167962.973520921543241, 2710718.62886318936944 ], [ 10167955.602309992536902, 2710737.795235728845 ], [ 10167952.978836761787534, 2710745.461498741060495 ], [ 10167952.184571482241154, 2710775.737277376465499 ], [ 10167951.571908600628376, 2710795.325031426269561 ], [ 10167951.468504004180431, 2710797.60891697416082 ], [ 10167950.489803211763501, 2710819.213959840126336 ], [ 10167950.020642487332225, 2710823.49338651727885 ], [ 10167943.176078604534268, 2710821.690134709235281 ], [ 10167919.22088, 2710815.379172940738499 ], [ 10167919.209517195820808, 2710808.04597819224 ], [ 10167921.077982477843761, 2710801.639151471666992 ], [ 10167926.868564026430249, 2710776.710137661546469 ], [ 10167930.42936953343451, 2710762.522552895359695 ], [ 10167932.095990447327495, 2710751.712491672951728 ], [ 10167934.476857820525765, 2710742.922478492837399 ], [ 10167936.584802037104964, 2710732.616250486113131 ], [ 10167938.291974572464824, 2710724.149092880543321 ], [ 10167942.424780255183578, 2710708.483104370068759 ], [ 10167946.592333136126399, 2710694.288109188433737 ], [ 10167950.297865778207779, 2710685.004777541384101 ], [ 10167954.39815254509449, 2710674.917419447097927 ], [ 10167954.225821234285831, 2710665.447678698692471 ], [ 10167953.39138406701386, 2710658.055229690857232 ], [ 10167933.417041219770908, 2710657.174542570486665 ], [ 10167931.006932700052857, 2710659.851702134124935 ], [ 10167918.239864997565746, 2710669.757227936759591 ], [ 10167901.84330990165472, 2710681.48260814929381 ], [ 10167882.783225672319531, 2710694.750495319254696 ], [ 10167861.716465098783374, 2710706.535544781479985 ], [ 10167847.069048335775733, 2710713.727670191787183 ], [ 10167839.404692478477955, 2710716.275625702925026 ], [ 10167838.896815435960889, 2710717.906994043849409 ], [ 10167822.050769368186593, 2710726.796792811248451 ], [ 10167812.844635423272848, 2710731.76555924070999 ], [ 10167801.96616936288774, 2710741.082768612541258 ], [ 10167792.772750474512577, 2710749.418522253632545 ], [ 10167780.75403730198741, 2710759.164858315140009 ], [ 10167767.891719767823815, 2710768.666580710560083 ], [ 10167747.142869748175144, 2710781.61928403377533 ], [ 10167731.576346660032868, 2710792.183647527359426 ], [ 10167712.733518714085221, 2710803.447775651700795 ], [ 10167699.668405087664723, 2710810.551016797777265 ], [ 10167686.874803369864821, 2710815.694656004197896 ], [ 10167667.530544515699148, 2710827.456987794023007 ], [ 10167654.668280815705657, 2710835.073545361403376 ], [ 10167640.314075296744704, 2710843.96704616677016 ], [ 10167643.481477197259665, 2710850.752337920013815 ], [ 10167645.319959610700607, 2710858.739345491398126 ], [ 10167646.039190711453557, 2710872.843257318250835 ], [ 10167645.580922631546855, 2710882.647164757829159 ], [ 10167646.309996722266078, 2710893.210000341758132 ], [ 10167647.969108045101166, 2710898.537151339929551 ], [ 10167655.262105289846659, 2710915.011870646383613 ], [ 10167656.008060114458203, 2710917.151970058213919 ], [ 10167658.757444692775607, 2710925.013601841405034 ], [ 10167658.050037203356624, 2710927.384738633409142 ], [ 10167658.00207120552659, 2710935.578518564812839 ], [ 10167658.261825062334538, 2710955.999733537435532 ], [ 10167657.906904371455312, 2710974.691082548815757 ], [ 10167657.901495391502976, 2710974.978883489966393 ], [ 10167662.432331994175911, 2710987.634579454548657 ], [ 10167663.394118513911963, 2710993.611411025747657 ], [ 10167665.321174493059516, 2711004.998673548921943 ], [ 10167665.803912689909339, 2711018.78534975182265 ], [ 10167666.799568397924304, 2711030.068975619971752 ], [ 10167668.580007458105683, 2711044.299232460558414 ], [ 10167669.129285331815481, 2711050.415339669212699 ], [ 10167669.281616982072592, 2711052.159697860945016 ], [ 10167670.941117201000452, 2711066.672613047529012 ], [ 10167672.385525764897466, 2711075.343726717401296 ], [ 10167673.889079254120588, 2711085.039554249960929 ], [ 10167673.97586415335536, 2711090.575404924340546 ], [ 10167680.079137820750475, 2711090.04491519369185 ], [ 10167681.995539190247655, 2711103.251737653743476 ], [ 10167682.810669949278235, 2711113.913283010013402 ], [ 10167682.85287450812757, 2711127.076389921829104 ], [ 10167680.699555017054081, 2711132.130516649223864 ], [ 10167679.625641183927655, 2711136.057786983903497 ], [ 10167680.122303433716297, 2711147.469196995254606 ], [ 10167679.445230295881629, 2711155.768358411733061 ], [ 10167663.95736538246274, 2711202.792821242939681 ], [ 10167663.925263188779354, 2711208.273611980956048 ], [ 10167666.437484109774232, 2711223.358311880379915 ], [ 10167671.00980338640511, 2711240.024287873879075 ], [ 10167677.038499865680933, 2711244.854430573061109 ], [ 10167692.246328264474869, 2711260.482850883621722 ], [ 10167708.953722968697548, 2711275.390086702536792 ], [ 10167715.796200545504689, 2711281.859539981931448 ], [ 10167719.683592079207301, 2711278.580885987263173 ], [ 10167740.701846532523632, 2711288.207003098912537 ], [ 10167745.437716227024794, 2711297.33360442891717 ], [ 10167736.829478111118078, 2711303.755193938035518 ], [ 10167741.288460619747639, 2711312.030263310763985 ], [ 10167746.332685491070151, 2711327.707580357324332 ], [ 10167749.733787659555674, 2711340.86896565137431 ], [ 10167751.393885696306825, 2711338.644930589012802 ], [ 10167751.819361047819257, 2711338.135368143673986 ], [ 10167752.415329098701477, 2711338.138851013965905 ], [ 10167752.779821550473571, 2711338.805642360355705 ], [ 10167758.646518582478166, 2711354.651277935132384 ], [ 10167769.310764653608203, 2711380.20147944195196 ], [ 10167768.852938154712319, 2711382.519752581138164 ], [ 10167768.401038451120257, 2711383.835542386863381 ], [ 10167765.24292211048305, 2711386.551887024659663 ], [ 10167761.255465295165777, 2711403.232817023992538 ], [ 10167755.76193043589592, 2711425.462120732292533 ], [ 10167751.767687017098069, 2711435.89914410142228 ], [ 10167748.273968301713467, 2711436.695761782582849 ], [ 10167734.97596581839025, 2711439.068884762469679 ], [ 10167739.03498612344265, 2711423.12936580600217 ], [ 10167740.327863659709692, 2711413.27553441002965 ], [ 10167741.904949540272355, 2711393.7255016611889 ], [ 10167742.620000826194882, 2711377.079761487897485 ], [ 10167736.05572478286922, 2711356.370130102615803 ], [ 10167727.041404685005546, 2711334.033247937448323 ], [ 10167720.263464657589793, 2711320.23079184256494 ], [ 10167711.926990380510688, 2711306.114055536221713 ], [ 10167705.38928353600204, 2711297.543372735381126 ], [ 10167702.073825009167194, 2711297.523768730461597 ], [ 10167698.210774460807443, 2711296.650958929676563 ], [ 10167693.751429161056876, 2711292.124377237632871 ], [ 10167652.269095463678241, 2711252.269930797629058 ], [ 10167650.529370585456491, 2711253.305666275788099 ], [ 10167649.218401016667485, 2711253.297908298671246 ], [ 10167643.946677699685097, 2711252.438552982639521 ], [ 10167643.290804944932461, 2711251.563087882008404 ], [ 10167642.935055015608668, 2711247.550987696740776 ], [ 10167638.030367797240615, 2711226.56802997039631 ], [ 10167633.202327055856586, 2711212.864345260430127 ], [ 10167625.374962696805596, 2711200.657554386183619 ], [ 10167620.029519425705075, 2711203.132003196049482 ], [ 10167614.439777750521898, 2711204.465320778079331 ], [ 10167611.783247109502554, 2711205.098968334961683 ], [ 10167609.604693504050374, 2711205.21684935875237 ], [ 10167606.279155796393752, 2711205.066398641094565 ], [ 10167602.827573334798217, 2711204.23964646877721 ], [ 10167601.494894962757826, 2711204.231711762957275 ], [ 10167592.997712165117264, 2711208.343809909187257 ], [ 10167576.015245262533426, 2711216.371943156700581 ], [ 10167566.579476607963443, 2711223.475055113434792 ], [ 10167558.636423543095589, 2711231.011881244368851 ], [ 10167553.366290748119354, 2711242.836059977300465 ], [ 10167550.528985254466534, 2711255.513674052897841 ], [ 10167549.702190885320306, 2711267.167992087081075 ], [ 10167547.762327140197158, 2711282.008493512868881 ], [ 10167541.361574295908213, 2711279.682235707528889 ], [ 10167533.916152285411954, 2711274.40777871850878 ], [ 10167535.325548954308033, 2711257.624618683941662 ], [ 10167537.069188695400953, 2711242.990081499796361 ], [ 10167540.66229160502553, 2711228.92220958834514 ], [ 10167543.466643633320928, 2711221.856098323129117 ], [ 10167550.262887367978692, 2711214.029112766962498 ], [ 10167561.700065126642585, 2711203.756264561321586 ], [ 10167570.484604131430387, 2711198.675998865161091 ], [ 10167586.242286594584584, 2711190.716958882287145 ], [ 10167610.904964679852128, 2711183.017628688365221 ], [ 10167616.887424295768142, 2711181.787942779716104 ], [ 10167619.149570131674409, 2711181.323010162916034 ], [ 10167626.814473213627934, 2711180.573009552434087 ], [ 10167627.855006316676736, 2711178.661364459898323 ], [ 10167635.167668925598264, 2711165.879498227499425 ], [ 10167641.139742201194167, 2711154.473699336405843 ], [ 10167643.249713970348239, 2711149.397499451879412 ], [ 10167645.215610390529037, 2711143.045609819237143 ], [ 10167647.372877724468708, 2711137.305140372365713 ], [ 10167645.601466376334429, 2711130.800300659611821 ], [ 10167644.144902434200048, 2711124.19937746366486 ], [ 10167640.173729125410318, 2711110.348381121177226 ], [ 10167635.241868698969483, 2711092.154828866478056 ], [ 10167633.233451474457979, 2711085.430737752001733 ], [ 10167631.776608979329467, 2711080.714971103239805 ], [ 10167631.975808830931783, 2711074.461560783907771 ], [ 10167632.547323729842901, 2711069.376418505329639 ], [ 10167633.438285293057561, 2711065.251892634667456 ], [ 10167632.462236322462559, 2711061.355665395967662 ], [ 10167631.267851399257779, 2711056.587340207304806 ], [ 10167628.14056595787406, 2711044.789786419831216 ], [ 10167627.466220857575536, 2711039.67546682106331 ], [ 10167627.437640147283673, 2711035.305886780843139 ], [ 10167631.642141981050372, 2711027.823213258292526 ], [ 10167637.184571947902441, 2711017.602537226397544 ], [ 10167641.25307116471231, 2711009.450241396203637 ], [ 10167643.148768354207277, 2711005.65190811175853 ], [ 10167642.872378600761294, 2711000.907005330082029 ], [ 10167642.607221396639943, 2710996.354160857386887 ], [ 10167641.152944959700108, 2710985.656270413659513 ], [ 10167644.206727487966418, 2710984.10524598043412 ], [ 10167638.61318196170032, 2710966.049599020276219 ], [ 10167636.703899340704083, 2710959.042860615998507 ], [ 10167633.932164968922734, 2710942.060894407331944 ], [ 10167630.670126715674996, 2710925.522905816789716 ], [ 10167627.339514531195164, 2710911.436048805247992 ], [ 10167624.359613701701164, 2710894.834280684124678 ], [ 10167621.202174805104733, 2710878.961480835452676 ], [ 10167618.398135114461184, 2710863.777383874636143 ], [ 10167617.061634154990315, 2710855.161446805577725 ], [ 10167611.457441998645663, 2710853.744381349999458 ], [ 10167608.409884989261627, 2710850.555519220419228 ], [ 10167605.751172706484795, 2710847.565186665859073 ], [ 10167599.585921632125974, 2710840.195435395464301 ], [ 10167596.463242346420884, 2710836.875450876541436 ], [ 10167591.809331526979804, 2710834.15648804185912 ], [ 10167580.506468299776316, 2710828.935612940695137 ], [ 10167572.025869235396385, 2710826.553569528739899 ], [ 10167562.917888233438134, 2710823.982612006366253 ], [ 10167555.89077547006309, 2710821.325753966812044 ], [ 10167549.938932631164789, 2710818.217753124423325 ], [ 10167543.194604758173227, 2710813.52518146391958 ], [ 10167539.014979580417275, 2710811.233986570965499 ], [ 10167535.901509154587984, 2710810.027802076656371 ], [ 10167530.105779878795147, 2710815.419807147234678 ], [ 10167522.953186670318246, 2710821.217690847814083 ], [ 10167516.246041912585497, 2710830.515956098679453 ], [ 10167508.815630611032248, 2710841.204663668759167 ], [ 10167499.517702491953969, 2710856.240811760071665 ], [ 10167492.023530734702945, 2710868.563620740547776 ], [ 10167491.757801113650203, 2710882.476603406481445 ], [ 10167492.028962658718228, 2710897.198976433835924 ], [ 10167492.32928698323667, 2710918.045346139464527 ], [ 10167485.333244232460856, 2710917.469954803586006 ], [ 10167474.436603840440512, 2710915.040753095876426 ], [ 10167475.169317957013845, 2710912.037779199425131 ], [ 10167475.782693214714527, 2710899.826671086717397 ], [ 10167476.222326157614589, 2710885.849441698752344 ], [ 10167476.492183703929186, 2710871.228288469836116 ], [ 10167476.518981633707881, 2710866.662942685186863 ], [ 10167481.347076008096337, 2710860.012182142585516 ], [ 10167484.130527101457119, 2710854.656828274950385 ], [ 10167491.14922421425581, 2710842.135029496159405 ], [ 10167497.020854990929365, 2710831.197425795253366 ], [ 10167502.038234213367105, 2710823.676102148834616 ], [ 10167510.665151428431273, 2710812.188242171891034 ], [ 10167512.547544691711664, 2710808.995844166260213 ], [ 10167520.282528080046177, 2710796.23870480293408 ], [ 10167522.127840310335159, 2710791.978339655790478 ], [ 10167523.066210184246302, 2710787.156934903003275 ], [ 10167524.834820481017232, 2710779.333083235658705 ], [ 10167525.06243797019124, 2710777.471135437954217 ], [ 10167524.972747109830379, 2710774.288910387083888 ], [ 10167523.917886108160019, 2710771.253542566671968 ], [ 10167519.342707691714168, 2710762.498628837987781 ], [ 10167517.964974882081151, 2710759.090788423549384 ], [ 10167517.025671916082501, 2710752.983416725881398 ], [ 10167515.975942922756076, 2710749.076290354598314 ], [ 10167514.907719040289521, 2710746.476721337530762 ], [ 10167512.036091856658459, 2710742.831254278775305 ], [ 10167509.359659168869257, 2710739.187014479655772 ], [ 10167508.256582032889128, 2710735.127106128726155 ], [ 10167508.096333095803857, 2710725.493871470913291 ], [ 10167506.001399353146553, 2710724.293836710974574 ], [ 10167498.691085884347558, 2710723.760117524303496 ], [ 10167497.40611133351922, 2710723.000688501633704 ], [ 10167497.195632947608829, 2710721.94253305811435 ], [ 10167495.440171511843801, 2710707.211386361159384 ], [ 10167493.450897376984358, 2710700.923436705488712 ], [ 10167491.295848526060581, 2710695.17935749143362 ], [ 10167489.823525674641132, 2710691.280667928047478 ], [ 10167484.285929134115577, 2710682.225845156703144 ], [ 10167481.152792483568192, 2710676.988049337640405 ], [ 10167481.204021345824003, 2710668.260594880208373 ], [ 10167481.415364762768149, 2710663.641859091352671 ], [ 10167481.180336499586701, 2710661.22149848099798 ], [ 10167477.475274100899696, 2710655.598988886456937 ], [ 10167470.746885575354099, 2710644.499481806065887 ], [ 10167465.172408487647772, 2710632.50249595567584 ], [ 10167460.541895432397723, 2710622.11289712227881 ], [ 10167456.502803487703204, 2710609.512302936054766 ], [ 10167455.306930545717478, 2710605.781329677440226 ], [ 10167455.226599775254726, 2710597.314676844514906 ], [ 10167454.833747714757919, 2710577.470572070218623 ], [ 10167454.924935922026634, 2710573.014673768542707 ], [ 10167456.685350097715855, 2710564.744108368642628 ], [ 10167457.833988340571523, 2710553.637013260275126 ], [ 10167461.865347480401397, 2710549.803669637534767 ], [ 10167459.959279296919703, 2710534.87571979034692 ], [ 10167459.664858635514975, 2710525.961021368857473 ], [ 10167459.461300427094102, 2710523.715345276985317 ], [ 10167470.129493020474911, 2710520.705860311631113 ], [ 10167480.795960795134306, 2710517.990645864978433 ], [ 10167484.993566365912557, 2710517.231074059382081 ], [ 10167491.944248527288437, 2710516.258976195473224 ], [ 10167495.687221309170127, 2710511.704887360334396 ], [ 10167508.61479652300477, 2710494.794670031871647 ], [ 10167512.101250048726797, 2710490.239616613369435 ], [ 10167516.999958327040076, 2710483.839376362971961 ], [ 10167524.590414406731725, 2710475.407413127366453 ], [ 10167529.898052878677845, 2710468.24753497261554 ], [ 10167533.877994555979967, 2710460.24077956750989 ], [ 10167537.679858759045601, 2710451.176093943417072 ], [ 10167541.791737234219909, 2710442.854161513969302 ], [ 10167543.97492347471416, 2710440.066822473891079 ], [ 10167544.80140551738441, 2710434.002676692791283 ], [ 10167546.983744729310274, 2710429.537431782111526 ], [ 10167550.589166142046452, 2710415.176128076855093 ], [ 10167553.807817656546831, 2710407.633396323304623 ], [ 10167564.320289509370923, 2710394.206535868812352 ], [ 10167569.880095658823848, 2710395.786716083995998 ], [ 10167583.515693878754973, 2710402.219887477811426 ], [ 10167586.926428379490972, 2710397.042706654407084 ], [ 10167588.047964956611395, 2710390.544486225116998 ], [ 10167590.550028430297971, 2710381.428536551073194 ], [ 10167592.523242434486747, 2710375.654452708549798 ], [ 10167598.206147514283657, 2710365.456882385537028 ], [ 10167602.343768484890461, 2710358.257417695596814 ], [ 10167604.74011566862464, 2710356.081536735873669 ], [ 10167608.074856659397483, 2710352.778117924928665 ], [ 10167611.99080510251224, 2710346.438026901800185 ], [ 10167619.25717538036406, 2710335.966589886229485 ], [ 10167624.627424428239465, 2710329.199294277466834 ], [ 10167628.634179154410958, 2710325.845380919054151 ], [ 10167637.124070392921567, 2710317.342322914861143 ], [ 10167643.719673356041312, 2710312.249457287602127 ], [ 10167646.890985133126378, 2710310.949774346780032 ], [ 10167651.364713134244084, 2710309.26567065436393 ], [ 10167653.235760984942317, 2710307.980205958709121 ], [ 10167655.791856246069074, 2710300.738635119050741 ], [ 10167659.574256133288145, 2710293.133931392338127 ], [ 10167663.375101536512375, 2710286.09589528106153 ], [ 10167664.579915760084987, 2710283.86937495553866 ], [ 10167673.078896513208747, 2710273.819247235544026 ], [ 10167674.88586444221437, 2710270.528513784520328 ], [ 10167675.473987845703959, 2710266.293586529325694 ], [ 10167676.316112145781517, 2710253.84453308628872 ], [ 10167658.721805557608604, 2710220.344730000477284 ], [ 10167648.775442462414503, 2710201.893824732396752 ], [ 10167644.520424276590347, 2710193.990976281929761 ], [ 10167643.105514777824283, 2710191.378429131116718 ], [ 10167632.197140175849199, 2710168.846803902182728 ], [ 10167629.885677611455321, 2710163.930005832575262 ], [ 10167615.866886388510466, 2710134.13431140454486 ], [ 10167615.085772616788745, 2710132.473479151725769 ], [ 10167609.834089422598481, 2710118.997051648795605 ], [ 10167603.048144547268748, 2710102.950981120113283 ], [ 10167594.488780181854963, 2710086.34973233519122 ], [ 10167592.028524458408356, 2710079.07865631300956 ], [ 10167589.333011332899332, 2710073.146274621132761 ], [ 10167585.290982464328408, 2710054.7848602226004 ], [ 10167579.508632101118565, 2710037.600766071118414 ], [ 10167565.962436767295003, 2710012.253538831602782 ], [ 10167560.893424762412906, 2710011.994663878343999 ], [ 10167552.088509295135736, 2710009.556382719893008 ], [ 10167538.824713597074151, 2710006.285282145254314 ], [ 10167533.220590356737375, 2710004.911936436314136 ], [ 10167516.165020601823926, 2710003.448852383997291 ], [ 10167516.854775592684746, 2710000.380306710954756 ], [ 10167541.525977410376072, 2710003.838894139043987 ], [ 10167559.086843265220523, 2710007.83271992392838 ], [ 10167564.442889094352722, 2710009.00849484372884 ], [ 10167562.602513115853071, 2710005.064250826835632 ], [ 10167551.451175766065717, 2709985.189904830418527 ], [ 10167548.548206688836217, 2709979.550561523996294 ], [ 10167536.582436865195632, 2709980.340405500493944 ], [ 10167520.219470711424947, 2709980.853559028357267 ], [ 10167520.343119958415627, 2709972.693400754593313 ], [ 10167522.315494693815708, 2709965.230640403460711 ], [ 10167524.424434008076787, 2709960.318419383373111 ], [ 10167526.771806804463267, 2709957.248782025650144 ], [ 10167518.907854031771421, 2709951.394869570154697 ], [ 10167518.553454782813787, 2709949.017498705070466 ], [ 10167517.447100715711713, 2709941.830731173977256 ], [ 10167517.081072522327304, 2709924.809640554245561 ], [ 10167512.979118103161454, 2709922.224851476494223 ], [ 10167511.489487987011671, 2709921.289861280005425 ], [ 10167503.587886225432158, 2709916.318219849374145 ], [ 10167502.074867352843285, 2709902.744203400798142 ], [ 10167499.618658469989896, 2709890.190157307777554 ], [ 10167498.077563205733895, 2709882.313102983869612 ], [ 10167495.42468592338264, 2709867.283314163796604 ], [ 10167496.037106551229954, 2709853.373311541043222 ], [ 10167496.572577692568302, 2709845.193899780046195 ], [ 10167497.963648423552513, 2709824.130229992326349 ], [ 10167498.16551611199975, 2709819.271968624088913 ], [ 10167498.932169882580638, 2709801.244442482013255 ], [ 10167517.881428992375731, 2709791.986587415449321 ], [ 10167528.025175327435136, 2709787.7757687731646 ], [ 10167533.198473479598761, 2709784.754984707571566 ], [ 10167536.189646195620298, 2709783.008280710317194 ], [ 10167540.250972798094153, 2709779.567652475554496 ], [ 10167551.583044389262795, 2709766.712708927225322 ], [ 10167559.799273392185569, 2709756.802908740472049 ], [ 10167564.263327483087778, 2709751.185514457523823 ], [ 10167551.684752063825727, 2709740.117488037329167 ], [ 10167540.281223546713591, 2709730.036953699309379 ], [ 10167537.54626596160233, 2709727.108918129932135 ], [ 10167532.841423692181706, 2709722.07182605471462 ], [ 10167522.453749548643827, 2709708.739529267884791 ], [ 10167507.564506065100431, 2709690.793597432319075 ], [ 10167495.390781423076987, 2709677.189270947594196 ], [ 10167489.472035139799118, 2709670.355505468789488 ], [ 10167486.819480918347836, 2709666.362887878436595 ], [ 10167475.235875179991126, 2709668.527799319010228 ], [ 10167446.623063469305634, 2709670.351972389034927 ], [ 10167418.048050738871098, 2709673.102343717124313 ], [ 10167396.485070353373885, 2709675.458504649344832 ], [ 10167384.143293814733624, 2709676.490371056832373 ], [ 10167379.206975622102618, 2709676.903094132430851 ], [ 10167352.69587491825223, 2709680.580906707327813 ], [ 10167349.822097254917026, 2709681.043205400463194 ], [ 10167343.284168362617493, 2709683.717378669884056 ], [ 10167303.629913713783026, 2709694.987343531567603 ], [ 10167277.125228744000196, 2709701.258158960845321 ], [ 10167254.596408931538463, 2709707.574367596767843 ], [ 10167238.760888829827309, 2709705.039666901342571 ], [ 10167212.595160320401192, 2709699.708654806483537 ], [ 10167202.093292271718383, 2709698.469534785021096 ], [ 10167186.816165206953883, 2709693.11619536858052 ], [ 10167168.680391734465957, 2709685.64291062252596 ], [ 10167142.305795855820179, 2709675.309627144597471 ], [ 10167127.676564268767834, 2709670.330527167301625 ], [ 10167104.78279784321785, 2709666.838411872740835 ], [ 10167086.610850756987929, 2709663.690394988283515 ], [ 10167077.874268412590027, 2709662.570600574370474 ], [ 10167081.385151213034987, 2709655.106308189220726 ], [ 10167082.489323887974024, 2709651.593716846778989 ], [ 10167083.979765065014362, 2709646.863063992466778 ], [ 10167087.413065627217293, 2709636.020852577872574 ], [ 10167092.288193913176656, 2709621.330107715912163 ], [ 10167097.364671694114804, 2709611.085988181643188 ], [ 10167098.96124173514545, 2709606.737368830479681 ], [ 10167097.505645705386996, 2709600.038936142344028 ], [ 10167095.447805298492312, 2709594.393791003618389 ], [ 10167089.6007319688797, 2709582.788024818059057 ], [ 10167084.20530173741281, 2709569.921171510126442 ], [ 10167083.957532536238432, 2709562.336595696397126 ], [ 10167083.462698142975569, 2709556.19947000220418 ], [ 10167083.280238639563322, 2709554.073798959609121 ], [ 10167083.178813070058823, 2709552.896552191581577 ], [ 10167075.35674443282187, 2709536.321682519745082 ], [ 10167074.627315910533071, 2709535.075333911459893 ], [ 10167072.836012691259384, 2709532.024839848745614 ], [ 10167065.585825307294726, 2709530.554369559045881 ], [ 10167057.124310776591301, 2709528.738891457207501 ], [ 10167049.590476309880614, 2709525.763234445359558 ], [ 10167044.689743272960186, 2709519.055137844290584 ], [ 10167038.236935697495937, 2709509.123788411729038 ], [ 10167030.616111805662513, 2709495.175962230190635 ], [ 10167027.36624750867486, 2709485.939124303869903 ], [ 10167021.694879671558738, 2709459.233694036025554 ], [ 10167017.448789218440652, 2709442.549493577331305 ], [ 10167015.780608052387834, 2709433.300331737846136 ], [ 10167014.12349147349596, 2709422.199067234061658 ], [ 10167012.601270774379373, 2709413.931439199950546 ], [ 10167009.154520412907004, 2709401.315978287253529 ], [ 10167003.553264060989022, 2709386.639400715474039 ], [ 10167000.304398445412517, 2709379.058693272527307 ], [ 10166995.637771010398865, 2709371.219051728025079 ], [ 10166992.2933918107301, 2709366.993545669130981 ], [ 10166993.077416988089681, 2709360.79881547531113 ], [ 10166992.781740700826049, 2709348.474532675929368 ], [ 10166993.350226761773229, 2709340.241183563135564 ], [ 10166994.842967333272099, 2709327.785913487896323 ], [ 10166995.553557448089123, 2709323.018067987635732 ], [ 10166993.990627367049456, 2709321.657806201372296 ], [ 10166992.779638240113854, 2709310.221538454759866 ], [ 10166992.635821063071489, 2709308.880596600472927 ], [ 10166992.19192629866302, 2709295.978039676789194 ], [ 10166992.451459933072329, 2709288.712494982406497 ], [ 10166992.646397104486823, 2709283.211553264409304 ], [ 10166994.075476450845599, 2709268.675038746092469 ], [ 10166995.112364264205098, 2709258.178344363812357 ], [ 10166996.587068751454353, 2709250.604031685274094 ], [ 10166998.429861564189196, 2709241.23431246727705 ], [ 10166999.313125763088465, 2709236.58735921792686 ], [ 10167000.967860940843821, 2709227.881205926183611 ], [ 10167001.531577797606587, 2709222.295352834276855 ], [ 10167002.164323361590505, 2709216.045264433138072 ], [ 10167004.333155523985624, 2709202.831527832429856 ], [ 10167007.053831331431866, 2709186.047516331542283 ], [ 10167001.823758278042078, 2709181.919753668364137 ], [ 10167001.487048922106624, 2709194.937427441123873 ], [ 10167001.431462448090315, 2709197.018026145175099 ], [ 10167000.604397282004356, 2709208.670937574468553 ], [ 10166998.200987020507455, 2709221.251364885829389 ], [ 10166996.557460026815534, 2709229.8922662101686 ], [ 10166993.594503158703446, 2709245.498242740519345 ], [ 10166991.005607221275568, 2709261.978018956258893 ], [ 10166989.69696625508368, 2709278.127713804598898 ], [ 10166989.551059732213616, 2709280.839804728981107 ], [ 10166988.675311036407948, 2709297.068362515885383 ], [ 10166988.722727740183473, 2709300.043029104359448 ], [ 10166988.888496933504939, 2709312.355591724161059 ], [ 10166989.373685494065285, 2709320.104886550456285 ], [ 10166971.427406370639801, 2709319.180774475913495 ], [ 10166954.980500375851989, 2709317.502917557954788 ], [ 10166955.179864535108209, 2709324.117450531106442 ], [ 10166961.140897665172815, 2709323.728074514772743 ], [ 10166972.78786020167172, 2709323.645097234286368 ], [ 10166989.45100356079638, 2709323.526521860156208 ], [ 10166989.734351770952344, 2709336.112094946671277 ], [ 10166989.467973291873932, 2709368.436673844698817 ], [ 10166996.416481036692858, 2709382.478432612027973 ], [ 10167001.515824098140001, 2709392.260031743906438 ], [ 10167006.899244302883744, 2709405.311937891412526 ], [ 10167009.688385671004653, 2709413.674356335774064 ], [ 10167012.318483477458358, 2709425.140985483769327 ], [ 10167013.847761088982224, 2709432.221057607326657 ], [ 10167014.558061780408025, 2709440.37494214810431 ], [ 10167014.974369125440717, 2709445.10598284797743 ], [ 10167018.850014626979828, 2709460.306261601857841 ], [ 10167021.089819164946675, 2709473.666271141264588 ], [ 10167024.291822159662843, 2709489.189358285628259 ], [ 10167024.413878548890352, 2709494.223795101977885 ], [ 10167024.735191393643618, 2709494.857593608554453 ], [ 10167027.595157317817211, 2709500.409508392680436 ], [ 10167037.017378177493811, 2709515.697250335477293 ], [ 10167046.447018640115857, 2709526.038598760031164 ], [ 10167053.725205501541495, 2709535.626331177540123 ], [ 10167057.540554590523243, 2709537.174373156856745 ], [ 10167062.475322760641575, 2709538.108101513702422 ], [ 10167071.074208691716194, 2709538.682300241664052 ], [ 10167075.309756452217698, 2709542.466424699872732 ], [ 10167078.03149875625968, 2709551.253314555156976 ], [ 10167079.191539598628879, 2709558.47300980752334 ], [ 10167081.010196866467595, 2709578.956205971073359 ], [ 10167082.00439515709877, 2709588.58276131330058 ], [ 10167087.542789347469807, 2709597.419206314254552 ], [ 10167090.086596939712763, 2709601.476506404578686 ], [ 10167093.653921715915203, 2709606.49871819652617 ], [ 10167091.373294917866588, 2709612.946111795026809 ], [ 10167086.864794170483947, 2709627.922207676805556 ], [ 10167080.702142285183072, 2709645.993673666846007 ], [ 10167076.245080847293139, 2709655.91464250953868 ], [ 10167071.446035094559193, 2709655.831632678397 ], [ 10167053.024734517559409, 2709656.386522120330483 ], [ 10167052.138279091566801, 2709667.080537859816104 ], [ 10167057.580402681604028, 2709668.355019262991846 ], [ 10167058.189096890389919, 2709669.851293325889856 ], [ 10167055.452297946438193, 2709685.676931307185441 ], [ 10167053.47507543861866, 2709693.956677221693099 ], [ 10167051.134092157706618, 2709703.2909672614187 ], [ 10167050.377225318923593, 2709710.390328460372984 ], [ 10167050.582639046013355, 2709721.504854013212025 ], [ 10167050.552473889663815, 2709726.625593796838075 ], [ 10167051.286470908671618, 2709736.283292264677584 ], [ 10167051.151911992579699, 2709744.399624162819237 ], [ 10167050.247657524421811, 2709752.620344029739499 ], [ 10167049.362922159954906, 2709763.020269493106753 ], [ 10167049.472127694636583, 2709772.064135033637285 ], [ 10167050.146622318774462, 2709782.636859331279993 ], [ 10167054.474220177158713, 2709783.67590620322153 ], [ 10167055.331404957920313, 2709790.817573555279523 ], [ 10167056.225030606612563, 2709804.638338214252144 ], [ 10167056.064078621566296, 2709817.254468297120184 ], [ 10167056.204936005175114, 2709822.768429834861308 ], [ 10167056.728305, 2709844.268443533685058 ], [ 10167057.377827880904078, 2709859.079311343375593 ], [ 10167058.391232714056969, 2709867.278847422450781 ], [ 10167052.798811, 2709867.616030595265329 ], [ 10167067.842155814170837, 2709886.925436228979379 ], [ 10167072.198381038382649, 2709894.153252145741135 ], [ 10167076.25251149199903, 2709902.991979389451444 ], [ 10167080.557353977113962, 2709902.374726167879999 ], [ 10167087.404893219470978, 2709904.147968652192503 ], [ 10167095.320017958059907, 2709906.820983162149787 ], [ 10167098.618045747280121, 2709908.384099691640586 ], [ 10167106.4483313113451, 2709912.095257541630417 ], [ 10167110.774098007008433, 2709915.280760344583541 ], [ 10167106.639912910759449, 2709931.065676567144692 ], [ 10167112.921474229544401, 2709931.473527429159731 ], [ 10167113.7885946854949, 2709924.047860530670732 ], [ 10167115.779364231973886, 2709915.310603021178395 ], [ 10167116.811065515503287, 2709914.891756603959948 ], [ 10167125.579013492912054, 2709916.229656083043665 ], [ 10167131.428802786394954, 2709916.35172525094822 ], [ 10167134.521409, 2709917.383402830921113 ], [ 10167144.676011499017477, 2709916.899059768766165 ], [ 10167146.69003807939589, 2709915.254879863932729 ], [ 10167152.178437093272805, 2709914.187055755872279 ], [ 10167163.33369193226099, 2709916.726799740921706 ], [ 10167172.013323972001672, 2709918.347384578082711 ], [ 10167175.518494410440326, 2709911.841786573175341 ], [ 10167175.5287872441113, 2709910.098573037888855 ], [ 10167176.823388306424022, 2709907.360558171290904 ], [ 10167193.926477991044521, 2709911.766080351080745 ], [ 10167208.430982857942581, 2709915.894604177214205 ], [ 10167206.740727346390486, 2709925.124085260089487 ], [ 10167206.036261741071939, 2709936.222485211677849 ], [ 10167221.8289580270648, 2709938.702491145581007 ], [ 10167230.200325310230255, 2709930.101198018994182 ], [ 10167236.817012552171946, 2709923.25457784999162 ], [ 10167245.312396716326475, 2709911.984579846262932 ], [ 10167251.385672276839614, 2709903.576579486485571 ], [ 10167258.199322260916233, 2709911.145868088118732 ], [ 10167268.475976262241602, 2709919.378682759124786 ], [ 10167266.001613831147552, 2709920.093951029703021 ], [ 10167252.63030818477273, 2709936.968058852013201 ], [ 10167246.551611021161079, 2709946.302106429357082 ], [ 10167244.018591212108731, 2709953.293025218881667 ], [ 10167241.707828648388386, 2709959.337155766319484 ], [ 10167227.398054465651512, 2709968.153790720272809 ], [ 10167203.875664928928018, 2709959.112187560182065 ], [ 10167196.482483251020312, 2709956.126397582702339 ], [ 10167186.508275521919131, 2709949.889242717064917 ], [ 10167174.498593596741557, 2709941.558891063090414 ], [ 10167138.883021462708712, 2709938.405124213546515 ], [ 10167114.155624566599727, 2709937.15751464990899 ], [ 10167102.143165642395616, 2709937.085910509340465 ], [ 10167100.353128839284182, 2709937.075275182723999 ], [ 10167089.389752490445971, 2709936.911944604944438 ], [ 10167089.090117825195193, 2709945.484990294557065 ], [ 10167084.503597931936383, 2709968.164135004393756 ], [ 10167082.449239576235414, 2709976.66137934429571 ], [ 10167074.844765488058329, 2709978.283199278172106 ], [ 10167074.023437138646841, 2709979.781881015747786 ], [ 10167071.929704267531633, 2709991.27517391834408 ], [ 10167070.348535222932696, 2710004.046370577998459 ], [ 10167070.23396529071033, 2710012.457059067673981 ], [ 10167070.531687712296844, 2710028.115962018724531 ], [ 10167071.362798817455769, 2710039.692169312853366 ], [ 10167074.992815770208836, 2710041.457070565316826 ], [ 10167077.616480315104127, 2710042.98717113956809 ], [ 10167079.247088260948658, 2710043.912090189289302 ], [ 10167085.726456006988883, 2710049.365869260393083 ], [ 10167104.986715124920011, 2710066.488697520922869 ], [ 10167119.978738278150558, 2710079.84901975421235 ], [ 10167120.175972627475858, 2710080.008695794735104 ], [ 10167135.668030101805925, 2710092.548775044735521 ], [ 10167143.097467668354511, 2710098.585546961519867 ], [ 10167160.217300985008478, 2710113.080706240143627 ], [ 10167169.052692400291562, 2710119.529107613023371 ], [ 10167157.763957722112536, 2710132.297058187425137 ], [ 10167151.450801150873303, 2710139.102050849236548 ], [ 10167139.85542262904346, 2710130.305482723284513 ], [ 10167124.39355050586164, 2710118.703810537233949 ], [ 10167123.944905694574118, 2710118.367182033602148 ], [ 10167106.458084501326084, 2710105.482389256358147 ], [ 10167091.074441257864237, 2710096.074934210628271 ], [ 10167080.636078920215368, 2710089.529730757232755 ], [ 10167070.636909922584891, 2710081.995793418493122 ], [ 10167058.590891668573022, 2710074.32965406216681 ], [ 10167051.60601438768208, 2710071.923758282326162 ], [ 10167049.554478036239743, 2710078.089360497426242 ], [ 10167046.242766942828894, 2710082.983530673198402 ], [ 10167044.101601803675294, 2710085.978017641697079 ], [ 10167038.843817381188273, 2710090.185090218670666 ], [ 10167031.626890042796731, 2710097.747292743530124 ], [ 10167029.869127742946148, 2710100.024997223634273 ], [ 10167028.07302194647491, 2710103.293818151578307 ], [ 10167022.335615323856473, 2710115.332101840525866 ], [ 10167018.400129606947303, 2710124.951383530162275 ], [ 10167013.684609247371554, 2710132.746435390319675 ], [ 10167007.751378683373332, 2710143.083791827782989 ], [ 10167006.378968805074692, 2710146.148246543481946 ], [ 10167006.035782927647233, 2710156.584359485190362 ], [ 10167005.281418273225427, 2710163.258859452791512 ], [ 10167003.56732833199203, 2710178.339343373198062 ], [ 10167003.196420896798372, 2710186.116706114728004 ], [ 10166999.41639282554388, 2710187.750318168196827 ], [ 10166995.658107444643974, 2710189.373130947817117 ], [ 10166995.105779649689794, 2710200.363742809742689 ], [ 10166994.838176477700472, 2710218.187640837393701 ], [ 10166996.226695956662297, 2710232.600211381912231 ], [ 10166997.100384943187237, 2710249.8098747828044 ], [ 10166997.905826319009066, 2710267.564021356403828 ], [ 10166997.893721828237176, 2710276.967045697383583 ], [ 10166997.890861261636019, 2710282.970545780379325 ], [ 10166998.137258738279343, 2710292.625826242379844 ], [ 10167000.072676971554756, 2710298.815205678343773 ], [ 10167004.633917221799493, 2710304.344871289562434 ], [ 10167007.237289302051067, 2710307.49841725686565 ], [ 10167011.394176740199327, 2710311.79436949454248 ], [ 10167031.895502293482423, 2710322.441934115253389 ], [ 10167033.726754093542695, 2710321.989226956386119 ], [ 10167037.016827246174216, 2710321.175871531013399 ], [ 10167042.404657563194633, 2710320.674047847744077 ], [ 10167057.136950526386499, 2710322.973738882690668 ], [ 10167064.787733476608992, 2710324.54465767974034 ], [ 10167068.45555030927062, 2710323.575062754098326 ], [ 10167069.684922456741333, 2710333.759052836801857 ], [ 10167070.488410733640194, 2710342.643985096365213 ], [ 10167067.278446102514863, 2710343.147834085393697 ], [ 10167059.741177663207054, 2710348.049740429501981 ], [ 10167051.040832351893187, 2710353.587474116589874 ], [ 10167048.317433603107929, 2710354.257665619719774 ], [ 10167049.899885360151529, 2710365.184777453076094 ], [ 10167052.524532910436392, 2710377.610828422009945 ], [ 10167050.60105686634779, 2710387.787115825805813 ], [ 10167048.084234921261668, 2710401.195890970062464 ], [ 10167045.864224614575505, 2710408.363013166002929 ], [ 10167045.468978306278586, 2710416.597965982742608 ], [ 10167044.280501198023558, 2710447.306520907208323 ], [ 10167043.241434840485454, 2710456.132989228703082 ], [ 10167043.0486796554178, 2710457.770279290154576 ], [ 10167040.863996164873242, 2710462.616856148466468 ], [ 10167046.213971374556422, 2710468.543456641025841 ], [ 10167046.886612428352237, 2710469.333477210719138 ], [ 10167051.873792195692658, 2710475.190981754567474 ], [ 10167062.133259426802397, 2710475.350193498190492 ], [ 10167068.08099721185863, 2710475.440102436579764 ], [ 10167082.082588896155357, 2710474.902471290901303 ], [ 10167089.123777074739337, 2710475.151395574677736 ], [ 10167092.206075305119157, 2710477.926502447575331 ], [ 10167094.050481984391809, 2710483.014916792977601 ], [ 10167096.015375625342131, 2710484.225248591508716 ], [ 10167100.667010674253106, 2710494.647622196469456 ], [ 10167105.17547351680696, 2710503.65281397011131 ], [ 10167106.910056194290519, 2710507.149902389850467 ], [ 10167105.636046411469579, 2710513.745230413042009 ], [ 10167105.155495766550303, 2710516.237535568419844 ], [ 10167104.605202734470367, 2710521.366325613111258 ], [ 10167105.103556673973799, 2710526.90440024388954 ], [ 10167105.428608084097505, 2710530.57828874932602 ], [ 10167106.110925808548927, 2710537.991668719798326 ], [ 10167106.983988143503666, 2710557.152125111781061 ], [ 10167104.695227842777967, 2710566.8031918364577 ], [ 10167107.310891864821315, 2710569.728032281156629 ], [ 10167111.0442781932652, 2710577.8678879593499 ], [ 10167119.754483908414841, 2710594.590602158103138 ], [ 10167124.271950259804726, 2710603.890045049134642 ], [ 10167126.808750968426466, 2710603.654563526622951 ], [ 10167129.415476392954588, 2710608.082949353847653 ], [ 10167131.91484783962369, 2710614.199696769937873 ], [ 10167134.627516420558095, 2710620.884244047570974 ], [ 10167136.376954115927219, 2710623.705817841459066 ], [ 10167141.811277551576495, 2710626.35321389650926 ], [ 10167144.952141299843788, 2710628.398613863158971 ], [ 10167147.730251273140311, 2710631.335237637162209 ], [ 10167152.253847576677799, 2710637.7799780247733 ], [ 10167153.709075963124633, 2710637.200289398897439 ], [ 10167174.66469831764698, 2710642.544202003162354 ], [ 10167189.96964524872601, 2710647.004572980571538 ], [ 10167189.326706405729055, 2710649.474150718189776 ], [ 10167185.887157402932644, 2710661.363169857300818 ], [ 10167167.59732948616147, 2710661.4830965497531 ], [ 10167155.687757357954979, 2710661.826259606983513 ], [ 10167152.992318606004119, 2710663.259487421717495 ], [ 10167150.705532087013125, 2710672.572893630247563 ], [ 10167145.189201230183244, 2710691.21604559617117 ], [ 10167144.645727256312966, 2710695.200688854791224 ], [ 10167141.903909092769027, 2710711.855432897806168 ], [ 10167139.493457598611712, 2710725.61384327057749 ], [ 10167141.221335925161839, 2710732.107363410759717 ], [ 10167139.87667204067111, 2710737.819829658139497 ], [ 10167138.33703150972724, 2710750.896893653087318 ], [ 10167137.406334856525064, 2710759.913350199349225 ], [ 10167136.785629374906421, 2710765.957021788228303 ], [ 10167135.3124247957021, 2710780.614477042574435 ], [ 10167133.324734313413501, 2710796.184239098336548 ], [ 10167126.776557382196188, 2710804.208421383518726 ], [ 10167120.528207622468472, 2710812.833691703621298 ], [ 10167120.11920864880085, 2710816.045623138081282 ], [ 10167117.147146593779325, 2710825.780096406117082 ], [ 10167114.850237147882581, 2710833.154025653842837 ], [ 10167114.146808341145515, 2710842.204551190603524 ], [ 10167114.762215748429298, 2710848.092231187969446 ], [ 10167116.829961851239204, 2710857.595082248095423 ], [ 10167120.801441013813019, 2710867.632416534703225 ], [ 10167125.825519872829318, 2710879.245021242182702 ], [ 10167126.189599208533764, 2710879.966340938117355 ], [ 10167130.485119264572859, 2710888.360263643786311 ], [ 10167136.223525324836373, 2710898.255548466928303 ], [ 10167142.899487767368555, 2710905.345114087220281 ], [ 10167150.002805704250932, 2710909.778552625793964 ], [ 10167164.360873620957136, 2710915.007081650197506 ], [ 10167174.530339824035764, 2710917.628251490648836 ], [ 10167178.699917159974575, 2710917.9581468985416 ], [ 10167181.481367530301213, 2710922.169753212016076 ], [ 10167183.85369873419404, 2710927.795427463483065 ], [ 10167183.041342278942466, 2710935.102006508037448 ], [ 10167181.76787981018424, 2710943.462817269843072 ], [ 10167182.206652229651809, 2710946.233085393439978 ], [ 10167187.811124265193939, 2710954.961697146296501 ], [ 10167198.678765919059515, 2710971.523315864149481 ], [ 10167193.957369741052389, 2710976.583839436993003 ], [ 10167189.261506801471114, 2710979.160085604991764 ], [ 10167185.063390299677849, 2710974.482354898937047 ], [ 10167172.208260862156749, 2710958.726110169664025 ], [ 10167158.793140413239598, 2710942.388974015600979 ], [ 10167151.156571913510561, 2710932.809270632453263 ], [ 10167147.269966596737504, 2710934.115470503456891 ], [ 10167137.203279921784997, 2710937.956447667442262 ], [ 10167126.320804132148623, 2710942.34827048284933 ], [ 10167117.734498661011457, 2710946.873568510636687 ], [ 10167109.49827902764082, 2710952.653971218504012 ], [ 10167101.247056787833571, 2710959.164456846192479 ], [ 10167093.875764051452279, 2710965.276910521090031 ], [ 10167091.365714205428958, 2710965.41097161732614 ], [ 10167090.570063186809421, 2710965.453401734586805 ], [ 10167084.056082379072905, 2710969.489796534646302 ], [ 10167078.18133669346571, 2710973.540907394140959 ], [ 10167071.801735788583755, 2710978.678705047816038 ], [ 10167068.212598381564021, 2710982.819709627889097 ], [ 10167064.43371163494885, 2710989.738142087589949 ], [ 10167059.420811612159014, 2710998.294479609467089 ], [ 10167057.878689836710691, 2711002.589421709533781 ], [ 10167055.785742491483688, 2711008.395567187108099 ], [ 10167052.599975923076272, 2711012.124854980502278 ], [ 10167049.644534589722753, 2711017.206782625056803 ], [ 10167047.834743417799473, 2711020.944289504550397 ], [ 10167046.734479771926999, 2711027.464729918166995 ], [ 10167046.251462576910853, 2711041.40912859654054 ], [ 10167046.119221543893218, 2711049.13384271832183 ], [ 10167044.756582679226995, 2711059.727852966170758 ], [ 10167044.155640080571175, 2711066.087818667758256 ], [ 10167044.241668686270714, 2711077.246157947462052 ], [ 10167043.797971326857805, 2711084.500553152523935 ], [ 10167042.936802756041288, 2711092.733052457682788 ], [ 10167042.996397688984871, 2711095.501136661041528 ], [ 10167044.938895728439093, 2711096.820306619629264 ], [ 10167044.368740819394588, 2711097.961015584878623 ], [ 10167042.886790880933404, 2711101.221087382175028 ], [ 10167041.038854138925672, 2711109.589388573076576 ], [ 10167039.624524278566241, 2711119.758195741102099 ], [ 10167036.259027317166328, 2711146.619620562065393 ], [ 10167037.771249499171972, 2711169.478365052957088 ], [ 10167038.072154687717557, 2711174.699184261728078 ], [ 10167039.904369121417403, 2711206.495392439421266 ], [ 10167040.457914106547832, 2711208.176871394272894 ], [ 10167053.888668479397893, 2711225.549613626208156 ], [ 10167071.02146521769464, 2711239.871571203693748 ], [ 10167085.459089767187834, 2711244.512254413682967 ], [ 10167092.607534799724817, 2711244.990734177641571 ], [ 10167093.3566375952214, 2711268.66233470197767 ], [ 10167082.416884733363986, 2711280.888441323768348 ], [ 10167077.388550003990531, 2711284.704990534577519 ], [ 10167075.802986467257142, 2711287.158172211609781 ], [ 10167072.868175376206636, 2711296.086731603369117 ], [ 10167071.617711892351508, 2711306.038655577693135 ], [ 10167069.070676989853382, 2711311.667897633742541 ], [ 10167066.686979165300727, 2711315.347604429349303 ], [ 10167069.434435747563839, 2711343.716822781134397 ], [ 10167072.411972783505917, 2711375.367276099510491 ], [ 10167072.535033887252212, 2711378.375466681551188 ], [ 10167075.666010605171323, 2711402.366672147996724 ], [ 10167078.762549571692944, 2711419.329319632146508 ], [ 10167083.361009323969483, 2711440.659530245698988 ], [ 10167087.275183593854308, 2711464.143317528534681 ], [ 10167090.213050413876772, 2711484.123504985123873 ], [ 10167091.346681978553534, 2711497.696563348174095 ], [ 10167092.454031845554709, 2711502.857311793603003 ], [ 10167097.502897104248405, 2711515.799855838529766 ], [ 10167104.188389398157597, 2711528.665030241478235 ], [ 10167114.847413862124085, 2711558.618257080204785 ], [ 10167123.741882055997849, 2711577.260977441910654 ], [ 10167126.747814990580082, 2711585.701953283511102 ], [ 10167128.684745410457253, 2711595.346298063639551 ], [ 10167132.491771429777145, 2711605.753514158539474 ], [ 10167141.318037830293179, 2711621.257623104844242 ], [ 10167145.718169966712594, 2711628.453848430421203 ], [ 10167153.848437355831265, 2711642.55914308084175 ], [ 10167161.232937972992659, 2711652.671610872726887 ], [ 10167169.934948848560452, 2711661.680636630393565 ], [ 10167156.028613552451134, 2711680.841501912567765 ], [ 10167152.702040052041411, 2711679.023777004797012 ], [ 10167146.755233787000179, 2711684.207867708057165 ], [ 10167141.031499970704317, 2711686.483924782369286 ], [ 10167131.180577453225851, 2711703.293498891871423 ], [ 10167130.852063417434692, 2711709.404659495688975 ], [ 10167125.565820453688502, 2711727.549068937078118 ], [ 10167121.368721485137939, 2711738.271929548121989 ], [ 10167118.536206193268299, 2711745.508740594610572 ], [ 10167104.716184705495834, 2711779.413691739086062 ], [ 10167108.332842562347651, 2711781.669030061457306 ], [ 10167101.732564002275467, 2711805.820747026707977 ], [ 10167091.89116133749485, 2711841.759573859162629 ], [ 10167088.598744673654437, 2711853.216866904404014 ], [ 10167078.795842658728361, 2711886.364704736042768 ], [ 10167056.464150285348296, 2711895.472237143665552 ], [ 10167049.33936913870275, 2711898.273963761981577 ], [ 10167055.338957807049155, 2711876.788219781592488 ], [ 10167064.873313998803496, 2711842.007664360105991 ], [ 10167067.008768202736974, 2711838.206511137075722 ], [ 10167075.936963994055986, 2711803.302443875931203 ], [ 10167082.788162831217051, 2711778.879889571573585 ], [ 10167097.327748086303473, 2711731.347337188664824 ], [ 10167104.262712793424726, 2711707.477742932736874 ], [ 10167106.540488665923476, 2711699.637984580360353 ], [ 10167109.530977256596088, 2711699.655772311147302 ], [ 10167115.129830276593566, 2711687.299516829196364 ], [ 10167131.983980037271976, 2711657.019680629484355 ], [ 10167132.048778533935547, 2711655.22212154045701 ], [ 10167130.572360128164291, 2711652.02050556242466 ], [ 10167124.269597053527832, 2711636.705821744166315 ], [ 10167120.501325869932771, 2711638.121710993815213 ], [ 10167117.745694598183036, 2711625.813703343272209 ], [ 10167111.012323167175055, 2711602.672545790206641 ], [ 10167106.114041350781918, 2711588.063547159079462 ], [ 10167102.050642594695091, 2711578.886118375696242 ], [ 10167091.988995296880603, 2711563.396502614952624 ], [ 10167071.726391974836588, 2711534.039930080063641 ], [ 10167065.892683494836092, 2711525.560257341712713 ], [ 10167064.87838926538825, 2711524.835019379854202 ], [ 10167064.408794349059463, 2711523.622638723347336 ], [ 10167063.087071262300014, 2711505.210388596169651 ], [ 10167061.809336494654417, 2711499.54733383608982 ], [ 10167057.789732694625854, 2711486.621756009291857 ], [ 10167055.767412366345525, 2711474.917558723594993 ], [ 10167055.173741238191724, 2711465.346799568273127 ], [ 10167055.353155774995685, 2711464.323644064366817 ], [ 10167055.900934185832739, 2711463.302560024894774 ], [ 10167056.739105340093374, 2711462.642907476518303 ], [ 10167057.576568907126784, 2711462.113942783325911 ], [ 10167058.358074655756354, 2711461.878893291112036 ], [ 10167060.213349021971226, 2711461.464958618860692 ], [ 10167060.453111635521054, 2711461.226669252850115 ], [ 10167059.305925009772182, 2711453.635816430207342 ], [ 10167051.856308914721012, 2711428.866889561526477 ], [ 10167047.886263582855463, 2711418.567813333123922 ], [ 10167040.102780006825924, 2711391.628574282862246 ], [ 10167036.952236872166395, 2711378.315981976687908 ], [ 10167034.398696472868323, 2711378.561833957675844 ], [ 10167026.934752656146884, 2711379.280544142704457 ], [ 10166994.125584192574024, 2711386.614446772262454 ], [ 10166971.68959211371839, 2711391.449567590840161 ], [ 10166926.93542342633009, 2711405.042944118380547 ], [ 10166906.780316550284624, 2711410.920567000750452 ], [ 10166898.118024747818708, 2711413.446679858025163 ], [ 10166891.293233, 2711380.160420490894467 ], [ 10166896.324645543470979, 2711378.4172796276398 ], [ 10166912.411068422719836, 2711372.844137478619814 ], [ 10166948.236575569957495, 2711362.967630438506603 ], [ 10166976.596518665552139, 2711354.953449861612171 ], [ 10166995.321636291220784, 2711349.137382736895233 ], [ 10167016.243506755679846, 2711343.813870241399854 ], [ 10167017.824934661388397, 2711343.910481081344187 ], [ 10167018.657676843926311, 2711344.176944660954177 ], [ 10167024.569121683016419, 2711348.636240696068853 ], [ 10167028.464470533654094, 2711347.700514829717577 ], [ 10167029.618860710412264, 2711347.486207851208746 ], [ 10167035.287316530942917, 2711346.433569913264364 ], [ 10167033.547624723985791, 2711327.234400469344109 ], [ 10167033.610769435763359, 2711316.523478747811168 ], [ 10167034.283021841198206, 2711314.609676291700453 ], [ 10167036.084912722930312, 2711312.212325791828334 ], [ 10167035.998757282271981, 2711306.61100107524544 ], [ 10167036.149140140041709, 2711301.316192605532706 ], [ 10167035.52254905179143, 2711293.652219467330724 ], [ 10167026.764131713658571, 2711295.343714474700391 ], [ 10167024.631625216454268, 2711295.755617984570563 ], [ 10167024.004179954528809, 2711293.746915933210403 ], [ 10167023.341022595763206, 2711284.927709667012095 ], [ 10167020.676656909286976, 2711277.371424476616085 ], [ 10167007.612542651593685, 2711251.109252907335758 ], [ 10167018.992137644439936, 2711245.151404204778373 ], [ 10167015.978069681674242, 2711239.957576846703887 ], [ 10167012.346043735742569, 2711236.656085854861885 ], [ 10167010.542350744828582, 2711235.664632911328226 ], [ 10167008.80559023655951, 2711234.357574756722897 ], [ 10167007.274029888212681, 2711231.341092771850526 ], [ 10167004.314952783286572, 2711224.164394883904606 ], [ 10166997.348260808736086, 2711205.718736604321748 ], [ 10166992.24117917381227, 2711189.823090842925012 ], [ 10166995.741962723433971, 2711180.451210303232074 ], [ 10166997.798212477937341, 2711173.511509190779179 ], [ 10166998.570197036489844, 2711165.714224349241704 ], [ 10166999.502524321898818, 2711156.436071061529219 ], [ 10167002.627188669517636, 2711146.538924194872379 ], [ 10167010.695201233029366, 2711130.711000797804445 ], [ 10167011.286930952221155, 2711125.909245600458235 ], [ 10167012.087208464741707, 2711118.80950350407511 ], [ 10167015.044267501682043, 2711109.772267739288509 ], [ 10167017.895713232457638, 2711102.11818671412766 ], [ 10167021.497404549270868, 2711095.852411762345582 ], [ 10167024.836696691811085, 2711091.829709523823112 ], [ 10167024.889948386698961, 2711090.141140499152243 ], [ 10167021.957102159038186, 2711087.715510980226099 ], [ 10167020.693109104409814, 2711085.256389643531293 ], [ 10167021.112994747236371, 2711074.678462775889784 ], [ 10167021.746834916993976, 2711062.718043898232281 ], [ 10167022.368195923045278, 2711058.417635633610189 ], [ 10167023.926913106814027, 2711047.639532563276589 ], [ 10167024.367804002016783, 2711040.864659533835948 ], [ 10167021.895345311611891, 2711037.526574604678899 ], [ 10167021.71269016712904, 2711033.591834988910705 ], [ 10167023.496447237208486, 2711025.08150775404647 ], [ 10167022.966316137462854, 2711019.444959723390639 ], [ 10167022.412457965314388, 2711010.452195977326483 ], [ 10167021.503940772265196, 2711000.98875657049939 ], [ 10167021.833721, 2710996.512380200438201 ], [ 10167023.391886821016669, 2710991.35678338073194 ], [ 10167026.482844749465585, 2710985.338629017584026 ], [ 10167029.773480512201786, 2710980.367759560700506 ], [ 10167035.948123754933476, 2710969.55183081002906 ], [ 10167039.361039057374001, 2710962.22809932148084 ], [ 10167043.26425196416676, 2710956.269291440956295 ], [ 10167046.403707543388009, 2710953.040899325162172 ], [ 10167050.390393223613501, 2710949.479781429283321 ], [ 10167055.356207463890314, 2710945.216213508974761 ], [ 10167058.956948403269053, 2710942.786021103151143 ], [ 10167065.385943068191409, 2710938.444020994007587 ], [ 10167068.511744743213058, 2710935.70585124893114 ], [ 10167071.742410013452172, 2710931.726201356388628 ], [ 10167076.061276229098439, 2710925.105205305851996 ], [ 10167077.665365789085627, 2710921.333755085244775 ], [ 10167079.928070038557053, 2710916.127907855436206 ], [ 10167077.33669849857688, 2710907.232026979327202 ], [ 10167072.678852558135986, 2710897.822584404610097 ], [ 10167071.09809709712863, 2710893.944995742756873 ], [ 10167068.150338415056467, 2710886.714178207330406 ], [ 10167065.74182434566319, 2710879.889623781200498 ], [ 10167060.751138804480433, 2710864.463527714367956 ], [ 10167060.582774996757507, 2710858.0882104402408 ], [ 10167073.851741474121809, 2710838.510437408927828 ], [ 10167087.855376869440079, 2710819.285852652974427 ], [ 10167090.775710005313158, 2710814.628738815896213 ], [ 10167090.440997021272779, 2710812.589138967916369 ], [ 10167091.306401811540127, 2710801.796206493861973 ], [ 10167092.72610922716558, 2710783.335561653133482 ], [ 10167094.850558431819081, 2710770.316484951879829 ], [ 10167094.916077708825469, 2710766.468566074501723 ], [ 10167094.966614209115505, 2710763.496112226508558 ], [ 10167095.27075488679111, 2710761.525768694002181 ], [ 10167096.003971312195063, 2710747.408647613134235 ], [ 10167095.778852455317974, 2710735.966374596580863 ], [ 10167095.011419646441936, 2710730.132383087649941 ], [ 10167092.417653860524297, 2710725.333560151513666 ], [ 10167087.377649310976267, 2710717.46036962326616 ], [ 10167083.238293534144759, 2710710.993995235767215 ], [ 10167079.971504554152489, 2710706.398165920283645 ], [ 10167077.658638462424278, 2710703.573159287218004 ], [ 10167067.608030643314123, 2710693.674180792178959 ], [ 10167059.654661156237125, 2710686.424451211001724 ], [ 10167055.112053398042917, 2710681.385089507326484 ], [ 10167053.561490746214986, 2710666.873222233727574 ], [ 10167052.923529105260968, 2710659.296639577951282 ], [ 10167051.264219077304006, 2710644.849429700523615 ], [ 10167050.172614306211472, 2710635.199901757761836 ], [ 10167049.867211442440748, 2710626.350397659465671 ], [ 10167051.046870330348611, 2710619.231469783000648 ], [ 10167052.310164032503963, 2710614.455540812574327 ], [ 10167055.274396799504757, 2710609.700746158603579 ], [ 10167064.83267910964787, 2710596.475449151359499 ], [ 10167067.2351358179003, 2710593.286322847474366 ], [ 10167068.538610056042671, 2710591.837830634787679 ], [ 10167073.691643476486206, 2710586.111603002995253 ], [ 10167073.289804771542549, 2710584.420321998652071 ], [ 10167070.212486250326037, 2710584.467343053780496 ], [ 10167067.916714493185282, 2710586.20160416001454 ], [ 10167066.033405324444175, 2710587.624141357839108 ], [ 10167059.775931440293789, 2710588.600179211702198 ], [ 10167051.240393556654453, 2710588.2224150467664 ], [ 10167041.681214889511466, 2710585.027398681268096 ], [ 10167033.706115314736962, 2710575.968820324167609 ], [ 10167028.204451637342572, 2710570.04129050206393 ], [ 10167026.867417691275477, 2710565.249934252351522 ], [ 10167024.339529953896999, 2710562.162178519647568 ], [ 10167021.52377238497138, 2710561.938390121329576 ], [ 10167009.082009389996529, 2710562.517978614661843 ], [ 10167006.411760745570064, 2710561.521492337808013 ], [ 10167000.257510686293244, 2710552.34296601684764 ], [ 10166998.577015457674861, 2710550.698614175897092 ], [ 10166997.105030538514256, 2710546.767218142747879 ], [ 10166991.353123895823956, 2710539.181991830002517 ], [ 10166991.126990472897887, 2710538.940918233245611 ], [ 10166983.723821321502328, 2710533.949994358699769 ], [ 10166972.83391984179616, 2710532.28333660075441 ], [ 10166963.25275930762291, 2710530.994910336099565 ], [ 10166951.945023626089096, 2710530.360945366788656 ], [ 10166937.948131918907166, 2710530.092217289842665 ], [ 10166927.608792053535581, 2710530.597073053475469 ], [ 10166911.19130870141089, 2710531.087500722147524 ], [ 10166902.351742940023541, 2710540.01311094686389 ], [ 10166901.338352557271719, 2710540.908877992071211 ], [ 10166895.642513267695904, 2710545.944028176832944 ], [ 10166892.999220725148916, 2710547.715198751538992 ], [ 10166885.035441998392344, 2710531.225586019922048 ], [ 10166891.193013709038496, 2710528.810721942223608 ], [ 10166894.009196951985359, 2710527.540080531034619 ], [ 10166899.677506307139993, 2710524.982443853281438 ], [ 10166907.08998779207468, 2710521.049613039009273 ], [ 10166915.113304601982236, 2710514.592605811543763 ], [ 10166920.433300079777837, 2710510.886982358060777 ], [ 10166926.17985481582582, 2710510.191270436625928 ], [ 10166942.631991589441895, 2710507.500069442670792 ], [ 10166953.423954613506794, 2710503.718181330710649 ], [ 10166959.277362734079361, 2710499.601664191577584 ], [ 10166973.377907060086727, 2710485.96778928488493 ], [ 10166972.963394574820995, 2710473.576573584694415 ], [ 10166971.272260518744588, 2710457.200691807083786 ], [ 10166971.047002589330077, 2710451.304643269162625 ], [ 10166969.835796669125557, 2710441.719940157141536 ], [ 10166967.387981589883566, 2710430.558700874913484 ], [ 10166962.128271469846368, 2710413.028470852412283 ], [ 10166957.956362156197429, 2710400.255369240883738 ], [ 10166952.631881427019835, 2710382.681198401376605 ], [ 10166946.951358072459698, 2710368.526307247579098 ], [ 10166944.813790880143642, 2710359.862136558163911 ], [ 10166941.505725793540478, 2710347.606333680916578 ], [ 10166939.725240645930171, 2710335.359652023762465 ], [ 10166938.700778124853969, 2710325.35115543147549 ], [ 10166937.644049828872085, 2710320.833902829792351 ], [ 10166932.088525518774986, 2710309.360192827880383 ], [ 10166924.344239328056574, 2710296.086385586764663 ], [ 10166907.72709596529603, 2710295.573235376272351 ], [ 10166891.770013399422169, 2710295.183808853849769 ], [ 10166878.256810979917645, 2710297.445695356465876 ], [ 10166869.198893694207072, 2710299.320237086620182 ], [ 10166855.198710514232516, 2710303.311662801075727 ], [ 10166837.606896804645658, 2710310.049265915993601 ], [ 10166836.328480897471309, 2710304.528264579363167 ], [ 10166836.603772951290011, 2710298.286584796849638 ], [ 10166843.847109934315085, 2710295.453314445447177 ], [ 10166858.030543241649866, 2710291.626478312071413 ], [ 10166865.565705204382539, 2710288.914756685495377 ], [ 10166872.664775356650352, 2710282.986303309909999 ], [ 10166880.100829977542162, 2710278.71588411135599 ], [ 10166884.770854827016592, 2710276.826081953942776 ], [ 10166892.023557242006063, 2710274.254400853067636 ], [ 10166900.548846652731299, 2710268.999022040516138 ], [ 10166907.814101632684469, 2710264.291720326524228 ], [ 10166915.741186561062932, 2710259.435938601382077 ], [ 10166923.785064402967691, 2710254.973087969701737 ], [ 10166925.726736754179001, 2710243.554889482446015 ], [ 10166925.718822807073593, 2710230.21836857823655 ], [ 10166926.084129437804222, 2710210.531873964704573 ], [ 10166927.121249897405505, 2710190.827634532470256 ], [ 10166927.606379959732294, 2710183.889876856934279 ], [ 10166923.713205778971314, 2710182.679017049260437 ], [ 10166920.565449362620711, 2710179.969020924065262 ], [ 10166916.270757066085935, 2710175.171022563241422 ], [ 10166913.056324237957597, 2710172.765638734679669 ], [ 10166907.000801587477326, 2710172.598770236596465 ], [ 10166887.954097727313638, 2710170.709099270403385 ], [ 10166865.113332929089665, 2710170.997714555356652 ], [ 10166861.768719678744674, 2710170.432092736009508 ], [ 10166854.560189742594957, 2710169.213180989492685 ], [ 10166847.015497259795666, 2710168.034967521205544 ], [ 10166841.051234237849712, 2710167.105881864205003 ], [ 10166827.111809195950627, 2710162.664380255620927 ], [ 10166809.059284489601851, 2710155.703111246228218 ], [ 10166804.456024862825871, 2710153.648993034847081 ], [ 10166794.02830308675766, 2710148.977777087129653 ], [ 10166779.079030610620975, 2710143.081076794769615 ], [ 10166773.545628609135747, 2710140.738043661694974 ], [ 10166767.450283348560333, 2710138.152066730894148 ], [ 10166744.784035896882415, 2710129.082045638468117 ], [ 10166733.978916557505727, 2710124.125280331354588 ], [ 10166722.965924844145775, 2710117.652740410994738 ], [ 10166707.491396250203252, 2710107.165741441771388 ], [ 10166703.60311683267355, 2710105.115803551860154 ], [ 10166693.712289974093437, 2710104.936830713879317 ], [ 10166682.487469481304288, 2710106.830935579258949 ], [ 10166672.367847964167595, 2710108.698904328979552 ], [ 10166671.86567847058177, 2710103.847371068783104 ], [ 10166670.097381483763456, 2710095.076655325945467 ], [ 10166669.140423992648721, 2710086.517699566669762 ], [ 10166668.225197285413742, 2710080.062020934186876 ], [ 10166675.151503182947636, 2710083.186920547857881 ], [ 10166685.833151575177908, 2710077.879301754757762 ], [ 10166694.166462820023298, 2710072.110798343084753 ], [ 10166702.885333886370063, 2710065.265967077109963 ], [ 10166705.194719621911645, 2710063.155070152599365 ], [ 10166711.288544112816453, 2710064.161279870197177 ], [ 10166722.092101473361254, 2710067.549015236087143 ], [ 10166723.858403135091066, 2710069.335580528713763 ], [ 10166723.687279207631946, 2710074.45557208545506 ], [ 10166723.939625898376107, 2710079.414650608319789 ], [ 10166731.092069271951914, 2710088.293793756049126 ], [ 10166736.761146953329444, 2710093.328825214877725 ], [ 10166743.304321365430951, 2710098.979241674765944 ], [ 10166756.448286997154355, 2710104.167845827527344 ], [ 10166763.09649327211082, 2710106.702681259717792 ], [ 10166776.073290001600981, 2710112.685713688377291 ], [ 10166781.564833724871278, 2710114.788765355944633 ], [ 10166782.022226043045521, 2710119.890662070829421 ], [ 10166803.244407270103693, 2710123.983524837531149 ], [ 10166805.359375361353159, 2710130.936730894260108 ], [ 10166810.868220914155245, 2710131.939311875961721 ], [ 10166819.540658129379153, 2710132.950035755056888 ], [ 10166829.120276691392064, 2710134.456308396998793 ], [ 10166836.876907, 2710136.431189097929746 ], [ 10166840.745468696579337, 2710138.143205303698778 ], [ 10166850.12020462565124, 2710143.156682782340795 ], [ 10166860.174032719805837, 2710146.932189618237317 ], [ 10166871.450886202976108, 2710149.080608339514583 ], [ 10166881.898501116782427, 2710151.429996731225401 ], [ 10166882.400819722563028, 2710151.542957517784089 ], [ 10166892.406507711857557, 2710152.452574184164405 ], [ 10166899.096864979714155, 2710151.511918229982257 ], [ 10166908.275471350178123, 2710149.37670196313411 ], [ 10166917.513319861143827, 2710146.38099319441244 ], [ 10166923.414245620369911, 2710145.195841391570866 ], [ 10166927.546674309298396, 2710144.425160021986812 ], [ 10166930.733442794531584, 2710144.19349786452949 ], [ 10166934.010795215144753, 2710141.445510813500732 ], [ 10166939.841578720137477, 2710131.94659854657948 ], [ 10166944.831477887928486, 2710119.903825480025262 ], [ 10166949.680569335818291, 2710106.008096917532384 ], [ 10166955.375602394342422, 2710090.145142962690443 ], [ 10166960.911635030061007, 2710071.818916937336326 ], [ 10166966.185678077861667, 2710055.670243222732097 ], [ 10166968.968298953026533, 2710044.954571838025004 ], [ 10166961.888139421120286, 2710044.029822212643921 ], [ 10166960.995286673307419, 2710033.749895385000855 ], [ 10166959.63518931902945, 2710020.045945290941745 ], [ 10166958.513181837275624, 2710008.2065460216254 ], [ 10166957.101719256490469, 2709990.340188046917319 ], [ 10166955.830898543819785, 2709976.179109898395836 ], [ 10166955.463005792349577, 2709970.598374344408512 ], [ 10166954.808108186349273, 2709960.396219437010586 ], [ 10166953.748348904773593, 2709949.025775225367397 ], [ 10166953.123478449881077, 2709933.724551841616631 ], [ 10166951.706643467769027, 2709931.482508352957666 ], [ 10166951.25739162042737, 2709926.827373003587127 ], [ 10166950.351138934493065, 2709916.994154104962945 ], [ 10166948.944001480937004, 2709898.397937459871173 ], [ 10166947.512062950059772, 2709884.007258134894073 ], [ 10166945.844115128740668, 2709869.212014755234122 ], [ 10166944.253662595525384, 2709854.144796968437731 ], [ 10166943.213650455698371, 2709841.281960003077984 ], [ 10166942.731943802908063, 2709829.272098072338849 ], [ 10166923.483647879213095, 2709828.558011571411043 ], [ 10166900.925160521641374, 2709826.985230254940689 ], [ 10166885.700171722099185, 2709825.630462240427732 ], [ 10166880.788631409406662, 2709826.244003591593355 ], [ 10166860.021180640906096, 2709831.437079736497253 ], [ 10166851.480511348694563, 2709833.031436255667359 ], [ 10166844.185714293271303, 2709834.393241106532514 ], [ 10166838.502359695732594, 2709835.459828545805067 ], [ 10166821.736547362059355, 2709838.159875311423093 ], [ 10166797.148309335112572, 2709842.741628899704665 ], [ 10166795.489426460117102, 2709833.77565092779696 ], [ 10166790.417625412344933, 2709811.997770380228758 ], [ 10166797.127451723441482, 2709809.575573496986181 ], [ 10166809.825465608388186, 2709805.859703814145178 ], [ 10166824.009384723380208, 2709801.869527318980545 ], [ 10166834.780616929754615, 2709797.858942397404462 ], [ 10166839.8585872258991, 2709814.929815717972815 ], [ 10166855.510899970307946, 2709810.350361201446503 ], [ 10166857.668400542810559, 2709809.719149596523494 ], [ 10166881.774503137916327, 2709802.388717284426093 ], [ 10166880.325734734535217, 2709794.535292282700539 ], [ 10166880.912045743316412, 2709788.818638883996755 ], [ 10166881.045264035463333, 2709782.761505933012813 ], [ 10166880.470709435641766, 2709777.310353479348123 ], [ 10166877.657550908625126, 2709769.329039426986128 ], [ 10166871.297470945864916, 2709762.056470566894859 ], [ 10166861.692273758351803, 2709753.541948778554797 ], [ 10166857.598864478990436, 2709749.913500461261719 ], [ 10166850.199359063059092, 2709742.53648153366521 ], [ 10166846.886936597526073, 2709734.715541141107678 ], [ 10166861.505606366321445, 2709723.122960521373898 ], [ 10166866.3623011354357, 2709729.961634549312294 ], [ 10166866.559008752927184, 2709729.925678745377809 ], [ 10166873.694188909605145, 2709728.621661605779082 ], [ 10166878.267697758972645, 2709735.709220109507442 ], [ 10166890.88799243606627, 2709754.339446619618684 ], [ 10166895.390302807092667, 2709760.631223710719496 ], [ 10166902.204928927123547, 2709771.676412315573543 ], [ 10166904.166393017396331, 2709775.261808414012194 ], [ 10166909.257005535066128, 2709786.52541722683236 ], [ 10166914.177271213382483, 2709786.282418245449662 ], [ 10166923.680544819682837, 2709785.990503114182502 ], [ 10166938.171331973746419, 2709783.233178108464926 ], [ 10166939.678038043901324, 2709783.122304339893162 ], [ 10166944.733866080641747, 2709767.212361173704267 ], [ 10166948.189327681437135, 2709750.791687877383083 ], [ 10166948.558121116831899, 2709745.204533481504768 ], [ 10166959.219148607924581, 2709745.180872934870422 ], [ 10166959.506291402503848, 2709742.415138698183 ], [ 10166960.305204603821039, 2709737.375328635796905 ], [ 10166960.541501518338919, 2709735.884058109018952 ], [ 10166961.160479009151459, 2709731.976244948804379 ], [ 10166962.891369985416532, 2709721.385293104685843 ], [ 10166963.644293898716569, 2709716.813746199477464 ], [ 10166964.986023401841521, 2709709.739699691068381 ], [ 10166965.92530969157815, 2709704.78786911489442 ], [ 10166967.181397104635835, 2709701.232493560761213 ], [ 10166968.62466412037611, 2709697.166268406901509 ], [ 10166966.624036321416497, 2709691.031015867833048 ], [ 10166964.0663186237216, 2709674.639987808652222 ], [ 10166963.843149617314339, 2709666.532403217162937 ], [ 10166962.801477026194334, 2709666.820418828167021 ], [ 10166959.7124457154423, 2709650.502458121627569 ], [ 10166956.741836355999112, 2709641.659462899900973 ], [ 10166956.600560946390033, 2709634.391375817824155 ], [ 10166944.159232975915074, 2709623.98836261080578 ], [ 10166935.410379217937589, 2709615.786438398994505 ], [ 10166929.900897672399879, 2709611.242870546411723 ], [ 10166927.022179458290339, 2709608.872248289640993 ], [ 10166914.750221075490117, 2709599.178400947712362 ], [ 10166908.47535277530551, 2709592.146130053792149 ], [ 10166905.846290128305554, 2709587.85945982625708 ], [ 10166903.812567567452788, 2709579.991798004135489 ], [ 10166897.916959328576922, 2709583.987908018752933 ], [ 10166897.330411387607455, 2709569.558964324649423 ], [ 10166896.153516706079245, 2709543.163401295430958 ], [ 10166890.03317779302597, 2709543.00698721036315 ], [ 10166878.501493088901043, 2709543.72265897737816 ], [ 10166875.772382093593478, 2709543.47936744755134 ], [ 10166871.690441170707345, 2709543.115451360587031 ], [ 10166871.644495265558362, 2709537.027928524650633 ], [ 10166871.562871316447854, 2709526.194224257022142 ], [ 10166872.249905904754996, 2709510.74871333502233 ], [ 10166865.899673461914062, 2709501.820205708965659 ], [ 10166856.33501835539937, 2709490.497380308341235 ], [ 10166843.091499859467149, 2709476.559538697823882 ], [ 10166835.072581270709634, 2709467.675591583363712 ], [ 10166826.766954714432359, 2709459.650655726436526 ], [ 10166821.339460587128997, 2709454.072480317205191 ], [ 10166814.657139951363206, 2709453.705694652628154 ], [ 10166813.14815960265696, 2709456.061041959095746 ], [ 10166809.032773161306977, 2709461.287896831519902 ], [ 10166803.047768983989954, 2709467.582374363671988 ], [ 10166801.37897976487875, 2709471.309490100014955 ], [ 10166796.590370146557689, 2709480.4765172181651 ], [ 10166787.115433238446712, 2709496.174472560174763 ], [ 10166779.432958485558629, 2709509.203033089637756 ], [ 10166770.969056898728013, 2709522.466499003581703 ], [ 10166761.990879654884338, 2709534.746361803729087 ], [ 10166758.560232739895582, 2709539.617902371566743 ], [ 10166748.266543705016375, 2709552.663441424723715 ], [ 10166741.237042769789696, 2709561.533768872730434 ], [ 10166732.527884270995855, 2709572.279040457680821 ], [ 10166725.750184338539839, 2709582.523792828898877 ], [ 10166709.061086965724826, 2709605.304276656825095 ], [ 10166696.440080786123872, 2709621.659079147037119 ], [ 10166690.712145863100886, 2709619.271411589346826 ], [ 10166686.982118744403124, 2709625.285124748479575 ], [ 10166678.332746049389243, 2709640.585016104858369 ], [ 10166671.300130516290665, 2709653.61743006715551 ], [ 10166666.610810048878193, 2709660.616875288076699 ], [ 10166660.707320433109999, 2709665.931276633404195 ], [ 10166654.338217590004206, 2709663.866565957665443 ], [ 10166644.965590041130781, 2709662.230722254607826 ], [ 10166642.679383052513003, 2709661.40389990247786 ], [ 10166639.268110569566488, 2709660.170083046890795 ], [ 10166644.704199619591236, 2709651.475289564114064 ], [ 10166646.632264588028193, 2709646.03916838997975 ], [ 10166649.559233356267214, 2709638.418985101860017 ], [ 10166652.344575934112072, 2709627.267852546647191 ], [ 10166652.231788352131844, 2709624.358104614540935 ], [ 10166667.231323514133692, 2709616.167425218038261 ], [ 10166667.715139815583825, 2709615.923857818823308 ], [ 10166680.195035168901086, 2709609.642265198286623 ], [ 10166685.487522790208459, 2709603.212968070525676 ], [ 10166689.639883030205965, 2709597.234527827706188 ], [ 10166698.538813997060061, 2709581.870786116924137 ], [ 10166708.983217777684331, 2709565.328648339491338 ], [ 10166717.629633538424969, 2709550.529994922224432 ], [ 10166728.973665662109852, 2709533.906166697386652 ], [ 10166733.039289597421885, 2709527.916292159818113 ], [ 10166744.865285711362958, 2709510.401894804090261 ], [ 10166750.572302347049117, 2709500.914026841986924 ], [ 10166754.745420176535845, 2709493.976294639054686 ], [ 10166761.783637305721641, 2709481.815695140045136 ], [ 10166767.104562927037477, 2709481.564165999181569 ], [ 10166769.458989672362804, 2709473.646434093359858 ], [ 10166774.292445158585906, 2709458.737915140576661 ], [ 10166778.825230296701193, 2709447.030736492015421 ], [ 10166780.790013331919909, 2709442.706214327830821 ], [ 10166784.157074067741632, 2709437.594667182769626 ], [ 10166784.643766487017274, 2709430.395785277243704 ], [ 10166785.493025610223413, 2709427.851425106171519 ], [ 10166785.572392098605633, 2709423.580907935742289 ], [ 10166790.600700132548809, 2709412.35610777232796 ], [ 10166795.595429122447968, 2709403.13585911039263 ], [ 10166801.692393634468317, 2709392.571215876378119 ], [ 10166808.256830526515841, 2709378.054411278571934 ], [ 10166813.394151519984007, 2709366.69961344031617 ], [ 10166817.571439113467932, 2709358.313449858687818 ], [ 10166819.503485009074211, 2709354.02132579497993 ], [ 10166820.744765205308795, 2709347.469845161307603 ], [ 10166820.954575095325708, 2709343.134891694411635 ], [ 10166821.286577727645636, 2709338.650207804050297 ], [ 10166822.532134126871824, 2709321.822342435829341 ], [ 10166823.721737829968333, 2709303.830674460623413 ], [ 10166823.425987813621759, 2709291.539128858130425 ], [ 10166822.061165349557996, 2709278.652842421084642 ], [ 10166820.462215865030885, 2709266.887395083904266 ], [ 10166826.477004833519459, 2709257.390127304010093 ], [ 10166835.907059470191598, 2709245.603409157134593 ], [ 10166848.325631208717823, 2709234.08510831836611 ], [ 10166851.789717564359307, 2709229.050480267032981 ], [ 10166857.721357865259051, 2709213.418643290642649 ], [ 10166862.874196518212557, 2709193.914510818198323 ], [ 10166863.912838526070118, 2709186.806123967282474 ], [ 10166837.752319535240531, 2709195.453257258050144 ], [ 10166820.984197376295924, 2709202.347747639287263 ], [ 10166794.750245394185185, 2709212.399843085091561 ], [ 10166772.895097278058529, 2709222.140204092953354 ], [ 10166753.309689735993743, 2709230.924498258158565 ], [ 10166733.296711064875126, 2709238.736518615856767 ], [ 10166732.622543442994356, 2709240.987764078192413 ], [ 10166703.586683293804526, 2709255.849515973590314 ], [ 10166691.388183763250709, 2709259.426441909279674 ], [ 10166666.348906589671969, 2709285.446846278849989 ], [ 10166657.96356993354857, 2709292.761798730585724 ], [ 10166637.085918687283993, 2709316.693474249914289 ], [ 10166626.025284104049206, 2709329.374742975924164 ], [ 10166599.253188485279679, 2709354.870499021373689 ], [ 10166596.069704245775938, 2709343.742663161363453 ], [ 10166592.126642893999815, 2709331.84445146471262 ], [ 10166585.575248762965202, 2709312.510571333579719 ], [ 10166581.161878446117043, 2709300.945399442687631 ], [ 10166576.123818779364228, 2709289.526167173404247 ], [ 10166572.097013141959906, 2709278.588089879136533 ], [ 10166562.597226429730654, 2709254.511686281766742 ], [ 10166556.58652351051569, 2709238.617559343576431 ], [ 10166551.237978167831898, 2709223.680492151994258 ], [ 10166546.203072449192405, 2709213.02241464657709 ], [ 10166541.890500785782933, 2709204.633988891728222 ], [ 10166536.258970176801085, 2709187.546993548981845 ], [ 10166532.847009882330894, 2709176.749813615810126 ], [ 10166524.880349561572075, 2709151.983269730582833 ], [ 10166520.545371297746897, 2709138.090047800447792 ], [ 10166513.601395580917597, 2709119.309595661703497 ], [ 10166509.708022294566035, 2709106.098605406936258 ], [ 10166507.844119375571609, 2709098.295818688347936 ], [ 10166506.557016918435693, 2709086.67359234392643 ], [ 10166506.036515887826681, 2709074.728349594864994 ], [ 10166508.002166379243135, 2709061.846194433048368 ], [ 10166511.829685805365443, 2709037.461159149650484 ], [ 10166515.083736205473542, 2709023.106433923821896 ], [ 10166517.871415158733726, 2709015.383789731189609 ], [ 10166530.404280154034495, 2709006.010065773967654 ], [ 10166538.300817511975765, 2709001.461296140216291 ], [ 10166543.482228239998221, 2708998.476443665567786 ], [ 10166554.158579038456082, 2708993.809978023637086 ], [ 10166562.992984050884843, 2708989.382807047106326 ], [ 10166568.479881977662444, 2708978.033350447658449 ], [ 10166570.357068683952093, 2708974.15064902510494 ], [ 10166578.753398206084967, 2708961.859606272075325 ], [ 10166587.493946563452482, 2708953.273871600627899 ], [ 10166598.732818514108658, 2708944.015874317381531 ], [ 10166611.702383860945702, 2708934.166056352201849 ], [ 10166622.174626087769866, 2708925.198055903427303 ], [ 10166630.458721483126283, 2708917.673212864436209 ], [ 10166639.37336703389883, 2708906.064053541049361 ], [ 10166647.679104341194034, 2708895.803230167366564 ], [ 10166658.998143436387181, 2708884.702597368974239 ], [ 10166666.689786460250616, 2708877.147142445202917 ], [ 10166672.804237853735685, 2708870.216001010965556 ], [ 10166683.365153256803751, 2708861.490285600535572 ], [ 10166685.360228350386024, 2708861.332175652496517 ], [ 10166686.742693284526467, 2708861.222608770709485 ], [ 10166686.761501958593726, 2708859.941538650542498 ], [ 10166686.854216836392879, 2708853.654456818476319 ], [ 10166683.061973121017218, 2708851.772713168524206 ], [ 10166694.992335554212332, 2708839.665519088506699 ], [ 10166689.615703256800771, 2708837.070884385611862 ], [ 10166678.721736181527376, 2708850.003556594252586 ], [ 10166672.825260473415256, 2708856.602905689738691 ], [ 10166665.108220897614956, 2708865.978647637180984 ], [ 10166657.424680938944221, 2708875.497776550706476 ], [ 10166651.997858935967088, 2708881.609745777677745 ], [ 10166642.967850403860211, 2708891.82935634534806 ], [ 10166638.729956539347768, 2708896.303753381129354 ], [ 10166632.748845770955086, 2708903.664488829672337 ], [ 10166626.3803835157305, 2708912.902378984261304 ], [ 10166621.394166817888618, 2708919.464827922638506 ], [ 10166614.772906860336661, 2708925.879577970597893 ], [ 10166604.581667054444551, 2708931.13974232506007 ], [ 10166594.172029888257384, 2708939.291208050213754 ], [ 10166582.095224024727941, 2708950.207345160655677 ], [ 10166570.866912476718426, 2708964.705319913569838 ], [ 10166563.05521284788847, 2708975.107499218080193 ], [ 10166554.324351502582431, 2708983.395385744050145 ], [ 10166545.311747683212161, 2708989.842083452735096 ], [ 10166533.365106042474508, 2708997.724008972290903 ], [ 10166522.038832738995552, 2709004.401023278478533 ], [ 10166511.89216073974967, 2709009.837486622855067 ], [ 10166501.477209381759167, 2709014.050596830435097 ], [ 10166502.460796596482396, 2709021.183988517150283 ], [ 10166506.852083466947079, 2709022.037356362678111 ], [ 10166504.271678019315004, 2709040.184180665761232 ], [ 10166499.823206465691328, 2709057.544516347814351 ], [ 10166497.999261977151036, 2709064.86607407219708 ], [ 10166498.199698833748698, 2709070.976918347645551 ], [ 10166499.014276856556535, 2709077.040988334920257 ], [ 10166501.321473380550742, 2709088.614786744583398 ], [ 10166502.709926968440413, 2709095.525925986468792 ], [ 10166505.796201508492231, 2709109.843510400038213 ], [ 10166512.810907114297152, 2709132.540018555242568 ], [ 10166519.742852903902531, 2709153.780603081919253 ], [ 10166526.310773715376854, 2709171.823562747333199 ], [ 10166530.208960745483637, 2709180.809462382923812 ], [ 10166532.625393414869905, 2709189.602798038627952 ], [ 10166537.296371683478355, 2709205.182625935878605 ], [ 10166542.594512498006225, 2709221.189920405857265 ], [ 10166548.744703577831388, 2709233.641557315830141 ], [ 10166557.288156179711223, 2709254.577758746687323 ], [ 10166567.046273898333311, 2709280.142468583304435 ], [ 10166574.913315886631608, 2709296.635713775176555 ], [ 10166583.822716252878308, 2709321.188894394319504 ], [ 10166590.730068514123559, 2709341.723925759084523 ], [ 10166592.849907955154777, 2709350.408278724178672 ], [ 10166593.530347596853971, 2709353.163426347076893 ], [ 10166575.986418010666966, 2709365.834541104268283 ], [ 10166564.228038491681218, 2709374.234435311052948 ], [ 10166554.249633047729731, 2709380.586039537098259 ], [ 10166540.36480032838881, 2709389.380839194171131 ], [ 10166531.000871082767844, 2709395.829166610725224 ], [ 10166520.653934553265572, 2709403.31863698316738 ], [ 10166510.730714043602347, 2709409.813350503798574 ], [ 10166500.27681060321629, 2709412.603520677424967 ], [ 10166491.160935547202826, 2709412.6412374204956 ], [ 10166474.570439232513309, 2709414.364668292924762 ], [ 10166466.825188115239143, 2709416.922928689979017 ], [ 10166455.604337140917778, 2709419.958967477083206 ], [ 10166441.510732943192124, 2709423.337865576613694 ], [ 10166428.78746810182929, 2709426.479457020759583 ], [ 10166426.408462982624769, 2709427.022161564324051 ], [ 10166416.720819907262921, 2709429.232072712853551 ], [ 10166404.993371900171041, 2709431.795879719778895 ], [ 10166399.375133460387588, 2709434.091643255203962 ], [ 10166384.590170035138726, 2709437.385046456940472 ], [ 10166374.297849895432591, 2709439.457408708520234 ], [ 10166356.05372511036694, 2709441.904637570958585 ], [ 10166339.184568203985691, 2709442.54780590813607 ], [ 10166326.677936213091016, 2709445.026503270957619 ], [ 10166310.355960289016366, 2709445.358580033294857 ], [ 10166308.669008906930685, 2709437.874755202326924 ], [ 10166307.858415752649307, 2709432.770361066330224 ], [ 10166305.611864663660526, 2709430.650381231680512 ], [ 10166300.292854495346546, 2709428.300469442736357 ], [ 10166295.805511521175504, 2709425.472698755096644 ], [ 10166282.297474483028054, 2709419.085723855998367 ], [ 10166280.596097461879253, 2709418.850012105423957 ], [ 10166281.263355497270823, 2709410.28637443901971 ], [ 10166283.425950717180967, 2709397.215638484340161 ], [ 10166283.968779362738132, 2709394.169975365046412 ], [ 10166285.710313441231847, 2709384.398064992856234 ], [ 10166293.961799897253513, 2709384.904603840317577 ], [ 10166308.69307954236865, 2709381.898374692536891 ], [ 10166317.809556346386671, 2709379.323446935974061 ], [ 10166318.652091849595308, 2709376.08755393885076 ], [ 10166321.21461296081543, 2709372.326097341254354 ], [ 10166323.408033851534128, 2709369.492951799184084 ], [ 10166329.585003672167659, 2709364.33758291695267 ], [ 10166331.146785816177726, 2709362.632197532337159 ], [ 10166331.939016431570053, 2709360.543906120583415 ], [ 10166332.102801598608494, 2709357.652804636396468 ], [ 10166331.354620741680264, 2709351.731780893169343 ], [ 10166330.311801936477423, 2709343.506264181807637 ], [ 10166329.906487816944718, 2709335.564846907742321 ], [ 10166323.619092443957925, 2709332.490896966774017 ], [ 10166318.959117919206619, 2709330.347815501503646 ], [ 10166318.064023351296782, 2709339.485977551434189 ], [ 10166317.221142712980509, 2709345.314361851196736 ], [ 10166318.370730368420482, 2709350.152579774614424 ], [ 10166318.693251229822636, 2709353.913212568499148 ], [ 10166317.725519493222237, 2709356.0242382385768 ], [ 10166315.790631674230099, 2709357.687034098897129 ], [ 10166314.16099170781672, 2709358.874131236225367 ], [ 10166311.572490140795708, 2709358.984125110320747 ], [ 10166310.030433533713222, 2709357.446004584431648 ], [ 10166305.753175271674991, 2709352.311749481596053 ], [ 10166300.557416876778007, 2709345.217511167284101 ], [ 10166291.485268607735634, 2709334.421584745403379 ], [ 10166286.105738585814834, 2709328.012091265525669 ], [ 10166282.87889420054853, 2709330.264915493316948 ], [ 10166275.428175717592239, 2709335.127672759350389 ], [ 10166266.877669358626008, 2709342.002637721132487 ], [ 10166263.271420922130346, 2709345.382214679382741 ], [ 10166258.210644965991378, 2709349.871068003121763 ], [ 10166253.395802039653063, 2709355.495129530783743 ], [ 10166249.447385473176837, 2709363.75224776333198 ], [ 10166242.756589306518435, 2709363.94530300796032 ], [ 10166240.254021979868412, 2709363.624683710746467 ], [ 10166235.890215918421745, 2709361.458322025369853 ], [ 10166237.938472518697381, 2709349.910379845649004 ], [ 10166241.738738741725683, 2709334.902391695883125 ], [ 10166241.825022066012025, 2709331.846159768290818 ], [ 10166241.142227906733751, 2709328.506313820369542 ], [ 10166235.416737811639905, 2709320.631052780896425 ], [ 10166229.617091650143266, 2709313.373824952635914 ], [ 10166225.04663659632206, 2709306.277062003966421 ], [ 10166219.417242720723152, 2709297.750487259123474 ], [ 10166216.275024749338627, 2709293.858104600105435 ], [ 10166212.923198610544205, 2709292.371616358403116 ], [ 10166208.489591745659709, 2709291.937581095378846 ], [ 10166208.73445638641715, 2709290.116252401843667 ], [ 10166209.245665978640318, 2709286.330260512884706 ], [ 10166210.586561599746346, 2709278.900218311697245 ], [ 10166202.029440144076943, 2709276.034041823353618 ], [ 10166190.957876501604915, 2709272.626670684665442 ], [ 10166184.042331447824836, 2709271.507807174231857 ], [ 10166178.535903841257095, 2709271.607721999753267 ], [ 10166171.54195960983634, 2709272.794856045860797 ], [ 10166156.875911360606551, 2709275.646214104257524 ], [ 10166150.888720942661166, 2709276.211411953438073 ], [ 10166146.993758894503117, 2709278.753715007565916 ], [ 10166143.604925302788615, 2709281.658062931615859 ], [ 10166138.120555877685547, 2709287.196564023848623 ], [ 10166136.963938819244504, 2709288.72375059640035 ], [ 10166128.549779534339905, 2709304.831786448601633 ], [ 10166122.419767001643777, 2709316.175764814019203 ], [ 10166116.932524161413312, 2709326.391813843976706 ], [ 10166111.396061174571514, 2709321.825363777112216 ], [ 10166105.047770837321877, 2709317.229048202279955 ], [ 10166097.86640071682632, 2709312.779555915854871 ], [ 10166090.811221245676279, 2709306.983778906986117 ], [ 10166092.371355371549726, 2709302.200539619196206 ], [ 10166094.213406663388014, 2709293.885934231802821 ], [ 10166095.817092724144459, 2709286.300341673195362 ], [ 10166097.580970451235771, 2709274.952290345449001 ], [ 10166097.904675887897611, 2709257.41028168424964 ], [ 10166092.297443069517612, 2709259.716916255187243 ], [ 10166075.355776419863105, 2709261.36414288263768 ], [ 10166070.208805149421096, 2709262.796725620515645 ], [ 10166066.907571537420154, 2709263.715561819262803 ], [ 10166056.33725611679256, 2709267.542870660778135 ], [ 10166057.476129904389381, 2709253.549786445684731 ], [ 10166059.453965405002236, 2709238.16320578660816 ], [ 10166066.145306814461946, 2709237.622211057227105 ], [ 10166079.291841253638268, 2709236.559362847357988 ], [ 10166098.843729129061103, 2709234.746944421436638 ], [ 10166099.327372184023261, 2709221.506765075493604 ], [ 10166094.875994911417365, 2709219.384885603096336 ], [ 10166084.445468185469508, 2709217.110986837651581 ], [ 10166078.151856465265155, 2709217.853962949942797 ], [ 10166068.091189447790384, 2709222.92588155111298 ], [ 10166064.28603801690042, 2709225.975203878711909 ], [ 10166064.17064280807972, 2709226.14831842109561 ], [ 10166060.938697718083858, 2709230.997388617601246 ], [ 10166060.669674633070827, 2709232.27828392572701 ], [ 10166056.444321867078543, 2709234.501937441527843 ], [ 10166044.899353099986911, 2709241.444327400997281 ], [ 10166034.102746581658721, 2709248.990314846392721 ], [ 10166029.284915531054139, 2709251.161384457722306 ], [ 10166016.389910051599145, 2709244.418641440104693 ], [ 10166019.043585574254394, 2709241.462197174318135 ], [ 10166020.55560439825058, 2709235.62018924811855 ], [ 10166023.978808172047138, 2709227.652144295629114 ], [ 10166028.578486528247595, 2709223.077094365376979 ], [ 10166034.060146292671561, 2709216.876728785224259 ], [ 10166024.790207980200648, 2709214.057588860858232 ], [ 10166008.838155495002866, 2709208.165840692352504 ], [ 10165995.415732363238931, 2709203.907455706503242 ], [ 10165978.730860820040107, 2709198.537260853219777 ], [ 10165970.361943466588855, 2709196.100419653579593 ], [ 10165958.168824365362525, 2709192.002488932106644 ], [ 10165949.380855107679963, 2709188.982663511298597 ], [ 10165951.159911056980491, 2709181.363432093057781 ], [ 10165954.267061987891793, 2709171.201371568255126 ], [ 10165956.71853488124907, 2709161.659869744908065 ], [ 10165940.873169347643852, 2709155.028472521807998 ], [ 10165929.675425162538886, 2709150.187352103181183 ], [ 10165929.304545911028981, 2709150.718355532735586 ], [ 10165922.442286035045981, 2709160.013198065105826 ], [ 10165915.119562171399593, 2709172.112084995489568 ], [ 10165904.318463345989585, 2709167.721531427465379 ], [ 10165888.231187513098121, 2709160.925654703285545 ], [ 10165879.35845715738833, 2709158.645353136118501 ], [ 10165874.124208278954029, 2709155.544811522122473 ], [ 10165873.200653737410903, 2709155.007931956090033 ], [ 10165875.076840549707413, 2709144.277377722319216 ], [ 10165876.115149889141321, 2709140.610635656863451 ], [ 10165868.774275913834572, 2709140.089079360477626 ], [ 10165857.493353370577097, 2709141.823126825969666 ], [ 10165856.806779824197292, 2709175.450960497837514 ], [ 10165845.580882284790277, 2709174.492965565994382 ], [ 10165837.775765545666218, 2709173.134947286453098 ], [ 10165830.760199248790741, 2709168.960493586491793 ], [ 10165832.135243125259876, 2709156.356566370930523 ], [ 10165834.016718259081244, 2709144.191831832751632 ], [ 10165836.187527, 2709135.754572158679366 ], [ 10165838.502848152071238, 2709133.218903310596943 ], [ 10165836.135511353611946, 2709125.616605287883431 ], [ 10165831.831826804205775, 2709113.907420825678855 ], [ 10165826.505339562892914, 2709115.109626087360084 ], [ 10165823.916788768023252, 2709115.175433280877769 ], [ 10165822.308360919356346, 2709116.196855747140944 ], [ 10165819.171094795688987, 2709116.209769115317613 ], [ 10165807.772046910598874, 2709110.40949497744441 ], [ 10165806.381572049111128, 2709109.392515946179628 ], [ 10165801.082572707906365, 2709105.516736339312047 ], [ 10165797.402169348672032, 2709101.416977604385465 ], [ 10165793.733109164983034, 2709094.724684771150351 ], [ 10165788.931058207526803, 2709084.52884220611304 ], [ 10165788.447727747261524, 2709081.65153178665787 ], [ 10165787.080939469859004, 2709077.343722558114678 ], [ 10165787.066444670781493, 2709073.758412266615778 ], [ 10165788.175757121294737, 2709071.382044798694551 ], [ 10165779.685719788074493, 2709071.50506549095735 ], [ 10165763.579624570906162, 2709070.875904690474272 ], [ 10165749.210294771939516, 2709071.111154919955879 ], [ 10165751.303510500118136, 2709059.773068598937243 ], [ 10165752.460543291643262, 2709047.489929767325521 ], [ 10165753.876661965623498, 2709034.190966638270766 ], [ 10165750.364780252799392, 2709031.061273361556232 ], [ 10165735.989379176869988, 2709037.937634232919663 ], [ 10165722.019065722823143, 2709044.624854767229408 ], [ 10165718.643794922158122, 2709045.466033388860524 ], [ 10165701.904852973297238, 2709053.80814202921465 ], [ 10165691.264042872935534, 2709059.191030586138368 ], [ 10165684.65394433028996, 2709063.046045619528741 ], [ 10165673.387603938579559, 2709068.376233786344528 ], [ 10165655.761843964457512, 2709077.163257197942585 ], [ 10165642.436441354453564, 2709083.30720186419785 ], [ 10165628.614983355626464, 2709088.82436817092821 ], [ 10165625.472986476495862, 2709090.381578200496733 ], [ 10165619.305224111303687, 2709092.425639457069337 ], [ 10165602.704266158863902, 2709094.192198517732322 ], [ 10165589.75253133289516, 2709095.083419253118336 ], [ 10165581.202549420297146, 2709096.673810673411936 ], [ 10165562.134531073272228, 2709098.737303671892732 ], [ 10165558.600723914802074, 2709101.06834010174498 ], [ 10165556.120771175250411, 2709106.318584143649787 ], [ 10165552.025859951972961, 2709116.396225720643997 ], [ 10165550.245049219578505, 2709115.487864246126264 ], [ 10165550.399968814104795, 2709121.267805302049965 ], [ 10165552.265839172527194, 2709129.677551477681845 ], [ 10165555.114086279645562, 2709136.869699553120881 ], [ 10165571.706091206520796, 2709143.741053197067231 ], [ 10165573.364648235961795, 2709146.999696510843933 ], [ 10165576.063503485172987, 2709157.954308637883514 ], [ 10165577.114645203575492, 2709168.364018945489079 ], [ 10165591.579855034127831, 2709170.092247233260423 ], [ 10165597.953155178576708, 2709172.791048843413591 ], [ 10165598.690566711127758, 2709176.097590943332762 ], [ 10165610.571208484470844, 2709178.928398036397994 ], [ 10165625.310888409614563, 2709183.435540066566318 ], [ 10165630.708009326830506, 2709191.588085144758224 ], [ 10165650.648249248042703, 2709190.877851561177522 ], [ 10165665.691739333793521, 2709189.827349456958473 ], [ 10165674.643302410840988, 2709189.202301515731961 ], [ 10165676.364688027650118, 2709188.974695908371359 ], [ 10165683.560077637434006, 2709188.790869490709156 ], [ 10165700.396309610456228, 2709196.334092105273157 ], [ 10165707.853755520656705, 2709201.256892634555697 ], [ 10165724.758182091638446, 2709203.989918966777623 ], [ 10165729.838378177955747, 2709204.278035541065037 ], [ 10165736.220684858039021, 2709206.458297608885914 ], [ 10165753.089247120544314, 2709213.857842804864049 ], [ 10165760.972339455038309, 2709218.260430486872792 ], [ 10165781.757937183603644, 2709223.128790047951043 ], [ 10165803.214827632531524, 2709225.843121279962361 ], [ 10165816.100726142525673, 2709227.632651342079043 ], [ 10165836.066106580197811, 2709230.430319272447377 ], [ 10165843.00463424436748, 2709231.802954683080316 ], [ 10165853.942898150533438, 2709237.582987273577601 ], [ 10165862.534295611083508, 2709240.780131957028061 ], [ 10165872.23980887979269, 2709240.100520817562938 ], [ 10165876.588870517909527, 2709241.32928706984967 ], [ 10165881.316991897299886, 2709244.078982809558511 ], [ 10165884.353930205106735, 2709249.074955958407372 ], [ 10165884.467185286805034, 2709258.07652474148199 ], [ 10165885.52449337951839, 2709261.80095773935318 ], [ 10165889.477385612204671, 2709265.458414535038173 ], [ 10165899.897503098472953, 2709270.567596647888422 ], [ 10165905.519918378442526, 2709272.000755706336349 ], [ 10165915.557368714362383, 2709272.003784560132772 ], [ 10165921.018839277327061, 2709271.650381173472852 ], [ 10165934.790105042979121, 2709272.641996421385556 ], [ 10165948.05252250470221, 2709275.323455358855426 ], [ 10165952.640883632004261, 2709276.065892952959985 ], [ 10165959.168729638680816, 2709278.96263238415122 ], [ 10165963.206149255856872, 2709281.792189840227365 ], [ 10165964.053559562191367, 2709285.153488570358604 ], [ 10165963.238210950046778, 2709289.679910394363105 ], [ 10165961.586662515997887, 2709296.316847052890807 ], [ 10165958.992774056270719, 2709303.189364331308752 ], [ 10165957.631392253562808, 2709305.621962205972522 ], [ 10165948.432298555970192, 2709304.060107041615993 ], [ 10165935.434782663360238, 2709301.807664630003273 ], [ 10165928.497750543057919, 2709300.799107285682112 ], [ 10165925.167708674445748, 2709301.97116460185498 ], [ 10165916.062953444197774, 2709304.744366037659347 ], [ 10165910.300596449524164, 2709306.665479572489858 ], [ 10165904.984590951353312, 2709307.735328521579504 ], [ 10165906.911648713052273, 2709314.975408391561359 ], [ 10165907.867651047185063, 2709320.77428990136832 ], [ 10165906.60972804389894, 2709324.364818355068564 ], [ 10165906.458707327023149, 2709324.593561526853591 ], [ 10165902.826319670304656, 2709330.094784657470882 ], [ 10165900.532297965139151, 2709335.17894877679646 ], [ 10165899.609513230621815, 2709337.56557998014614 ], [ 10165900.057798178866506, 2709345.330272508319467 ], [ 10165900.232187541201711, 2709366.698384474031627 ], [ 10165900.088444935157895, 2709374.55379847669974 ], [ 10165899.028790216892958, 2709383.769800811074674 ], [ 10165897.044366138055921, 2709394.865109707228839 ], [ 10165895.015965938568115, 2709400.543773470912129 ], [ 10165893.923548037186265, 2709404.387386351823807 ], [ 10165897.536390449851751, 2709416.143727510236204 ], [ 10165902.933142630383372, 2709443.094844392500818 ], [ 10165905.706695877015591, 2709456.167488319333643 ], [ 10165907.271629016846418, 2709466.056773339863867 ], [ 10165908.336969958618283, 2709479.908660695422441 ], [ 10165910.61792328953743, 2709498.66477030236274 ], [ 10165913.064070727676153, 2709512.180061351507902 ], [ 10165915.81485410220921, 2709522.318281924817711 ], [ 10165919.670454148203135, 2709534.415671451482922 ], [ 10165927.568655855953693, 2709553.303307595662773 ], [ 10165929.449060520157218, 2709557.13484646147117 ], [ 10165929.384789865463972, 2709562.926900879479945 ], [ 10165929.85003250092268, 2709572.14782450767234 ], [ 10165929.370612693950534, 2709581.096878799144179 ], [ 10165927.53330209851265, 2709587.889061941765249 ], [ 10165925.104747282341123, 2709594.981631728354841 ], [ 10165923.434135586023331, 2709602.324890090152621 ], [ 10165921.354962857440114, 2709611.710759613662958 ], [ 10165921.128762397915125, 2709620.879377301316708 ], [ 10165920.318301724269986, 2709629.322206106968224 ], [ 10165918.728820765390992, 2709632.318445813842118 ], [ 10165916.502549316734076, 2709632.482022773474455 ], [ 10165913.036801224574447, 2709632.672805909067392 ], [ 10165910.578200943768024, 2709632.340850374195725 ], [ 10165904.961372198536992, 2709626.902941833250225 ], [ 10165900.51107538305223, 2709622.375922304578125 ], [ 10165897.099553197622299, 2709614.292321048676968 ], [ 10165896.897841623052955, 2709607.806244720239192 ], [ 10165898.55256618000567, 2709596.535673239734024 ], [ 10165900.867387965321541, 2709583.056052396539599 ], [ 10165900.905848337337375, 2709573.590322044678032 ], [ 10165898.389365317299962, 2709561.674897444434464 ], [ 10165896.390798509120941, 2709550.342109821271151 ], [ 10165894.906753847375512, 2709538.753481850028038 ], [ 10165893.76994626224041, 2709531.642515959218144 ], [ 10165893.755428733304143, 2709528.057104709558189 ], [ 10165896.52572231926024, 2709521.393389598000795 ], [ 10165897.516302702948451, 2709514.053058824967593 ], [ 10165896.455205015838146, 2709506.688005987089127 ], [ 10165893.559311496093869, 2709501.316157400608063 ], [ 10165888.283985856920481, 2709496.219003342557698 ], [ 10165881.711532115936279, 2709493.145853464491665 ], [ 10165879.328995319083333, 2709489.923170682042837 ], [ 10165876.929134026169777, 2709485.156158169731498 ], [ 10165875.968002621084452, 2709478.077562489081174 ], [ 10165876.126946339383721, 2709473.984034847002476 ], [ 10165879.842191440984607, 2709470.383439023979008 ], [ 10165884.220326757058501, 2709465.246599926613271 ], [ 10165885.734761882573366, 2709462.680919685866684 ], [ 10165885.288390873000026, 2709458.082406288944185 ], [ 10165884.586377235129476, 2709449.976770075969398 ], [ 10165883.280638480558991, 2709436.368632847908884 ], [ 10165882.339263157919049, 2709434.155098389834166 ], [ 10165879.53014269284904, 2709431.265121360775083 ], [ 10165875.800757799297571, 2709428.632729222998023 ], [ 10165875.682598726823926, 2709421.131435351911932 ], [ 10165874.989644583314657, 2709401.718055680859834 ], [ 10165872.276043841615319, 2709400.714190426748246 ], [ 10165872.361066618934274, 2709381.087915958836675 ], [ 10165870.723987136036158, 2709358.776966122444719 ], [ 10165872.184077978134155, 2709342.818881048355252 ], [ 10165872.309145560488105, 2709330.363222975283861 ], [ 10165872.444540474563837, 2709320.445022631902248 ], [ 10165873.50465764850378, 2709308.625485015101731 ], [ 10165871.048405172303319, 2709298.044915426988155 ], [ 10165867.314954144880176, 2709294.408625278621912 ], [ 10165853.371136199682951, 2709283.301451173610985 ], [ 10165846.472596757113934, 2709278.244001794606447 ], [ 10165839.178388558328152, 2709275.736481739208102 ], [ 10165827.893133081495762, 2709273.697692084591836 ], [ 10165816.605317322537303, 2709271.01902134809643 ], [ 10165812.332657838240266, 2709269.668572118040174 ], [ 10165802.515284219756722, 2709269.841139798983932 ], [ 10165791.693811969831586, 2709271.275368932168931 ], [ 10165784.930457880720496, 2709272.505488261580467 ], [ 10165775.552991595119238, 2709275.665846663527191 ], [ 10165762.331350641325116, 2709280.342384157236665 ], [ 10165748.738618595525622, 2709285.5056989970617 ], [ 10165744.176879892125726, 2709291.371173787862062 ], [ 10165737.632278364151716, 2709303.323431563563645 ], [ 10165731.871298113837838, 2709313.717017067596316 ], [ 10165725.841728134080768, 2709330.962480120826513 ], [ 10165724.998959895223379, 2709334.164098679088056 ], [ 10165723.821378171443939, 2709338.637968273367733 ], [ 10165723.457713603973389, 2709346.383861699607223 ], [ 10165719.78073601052165, 2709345.869359593838453 ], [ 10165704.132903376594186, 2709341.961745780427009 ], [ 10165703.762811800464988, 2709336.719016854651272 ], [ 10165703.67908313497901, 2709335.532067127525806 ], [ 10165702.350320525467396, 2709332.481541982851923 ], [ 10165701.644306065514684, 2709323.339017496444285 ], [ 10165698.976189121603966, 2709306.448959345929325 ], [ 10165697.346898475661874, 2709299.593768008984625 ], [ 10165696.929860608652234, 2709291.409851253032684 ], [ 10165691.770396441221237, 2709287.77930028969422 ], [ 10165684.187009125947952, 2709284.280093250796199 ], [ 10165678.606377862393856, 2709282.306079324800521 ], [ 10165672.744127487763762, 2709283.951741970144212 ], [ 10165667.608510281890631, 2709283.509395705070347 ], [ 10165660.558878375217319, 2709281.784043103922158 ], [ 10165652.214411500841379, 2709279.964798268396407 ], [ 10165646.894174670800567, 2709277.272700927685946 ], [ 10165639.809333812445402, 2709277.687689281534404 ], [ 10165624.910607777535915, 2709279.987950290553272 ], [ 10165617.294117141515017, 2709281.861422825139016 ], [ 10165605.208668833598495, 2709285.418875207193196 ], [ 10165595.57114983163774, 2709289.352389772888273 ], [ 10165588.324906185269356, 2709296.001064156647772 ], [ 10165575.895988948643208, 2709309.598931239452213 ], [ 10165564.569751420989633, 2709324.60440931469202 ], [ 10165559.522681435570121, 2709332.534885444212705 ], [ 10165554.632054204121232, 2709341.192821950186044 ], [ 10165553.599495127797127, 2709343.568896347191185 ], [ 10165552.502911191433668, 2709346.375524880364537 ], [ 10165552.847932372242212, 2709353.048342872876674 ], [ 10165552.98245981708169, 2709359.2257014894858 ], [ 10165555.086637709289789, 2709372.323074460029602 ], [ 10165555.994787614792585, 2709385.337063486222178 ], [ 10165555.67798880673945, 2709391.10809873836115 ], [ 10165556.12827099300921, 2709399.424378836527467 ], [ 10165555.278630189597607, 2709403.631099758204073 ], [ 10165552.446432335302234, 2709405.871047715190798 ], [ 10165548.73814694955945, 2709408.478631694801152 ], [ 10165541.539404598996043, 2709410.582000559661537 ], [ 10165537.115120017901063, 2709412.45340028218925 ], [ 10165533.084418354555964, 2709414.014287343248725 ], [ 10165532.814452782273293, 2709417.810453400015831 ], [ 10165531.000220809131861, 2709424.933497579302639 ], [ 10165529.218080755323172, 2709429.143865195568651 ], [ 10165526.909642640501261, 2709433.389610110782087 ], [ 10165521.250048631802201, 2709441.785991929937154 ], [ 10165517.284377099946141, 2709448.608796414919198 ], [ 10165515.504263648763299, 2709453.304674783721566 ], [ 10165512.974841840565205, 2709462.614974215626717 ], [ 10165510.281725667417049, 2709469.43276432948187 ], [ 10165507.845125090330839, 2709474.572545972187072 ], [ 10165502.348972940817475, 2709482.70348288398236 ], [ 10165497.929835841059685, 2709488.590455377008766 ], [ 10165496.775883138179779, 2709493.52655298775062 ], [ 10165497.306733950972557, 2709505.483131936751306 ], [ 10165497.823524724692106, 2709524.842239952180535 ], [ 10165499.911153871566057, 2709525.683208881877363 ], [ 10165501.442389100790024, 2709532.726493816822767 ], [ 10165504.309553019702435, 2709539.157444617245346 ], [ 10165511.425838619470596, 2709549.233856302686036 ], [ 10165517.778402369469404, 2709554.922623154241592 ], [ 10165521.012998130172491, 2709557.259242941159755 ], [ 10165525.333169531077147, 2709556.756250203121454 ], [ 10165538.747123954817653, 2709556.149977024644613 ], [ 10165553.189071856439114, 2709557.492226923350245 ], [ 10165555.863373106345534, 2709559.632608808577061 ], [ 10165557.150192212313414, 2709563.168674770276994 ], [ 10165556.059131760150194, 2709567.365269677713513 ], [ 10165554.572012033313513, 2709568.551748048979789 ], [ 10165545.727593753486872, 2709570.628748325165361 ], [ 10165538.600060287863016, 2709574.099881646689028 ], [ 10165533.122249027714133, 2709578.623284224420786 ], [ 10165528.142514996230602, 2709584.225743388291448 ], [ 10165529.702207460999489, 2709598.329412896186113 ], [ 10165530.710781095549464, 2709609.070630467031151 ], [ 10165532.546838112175465, 2709615.505936277098954 ], [ 10165538.758016223087907, 2709621.493272462394089 ], [ 10165547.483646877110004, 2709630.757640802301466 ], [ 10165554.965327728539705, 2709636.199142389930785 ], [ 10165580.185161210596561, 2709649.732030036859214 ], [ 10165586.282555919140577, 2709654.671638744883239 ], [ 10165594.253016497939825, 2709658.919663870241493 ], [ 10165603.148808756843209, 2709661.409722341690212 ], [ 10165611.489147601649165, 2709662.15904666017741 ], [ 10165617.947613658383489, 2709660.898096640594304 ], [ 10165619.107390897348523, 2709660.671641493216157 ], [ 10165623.513455236330628, 2709659.693906120955944 ], [ 10165628.106697401031852, 2709661.605746353976429 ], [ 10165633.134578581899405, 2709665.236882332246751 ], [ 10165628.862575767561793, 2709674.013525117188692 ], [ 10165627.215907882899046, 2709677.396439113654196 ], [ 10165625.533374449238181, 2709684.519020290113986 ], [ 10165626.611721893772483, 2709688.056012406945229 ], [ 10165631.786732651293278, 2709695.492661600466818 ], [ 10165637.253804732114077, 2709701.913100346457213 ], [ 10165644.208549810573459, 2709707.257422226946801 ], [ 10165651.600791394710541, 2709712.313080097548664 ], [ 10165662.891619492322206, 2709718.378770705778152 ], [ 10165675.108797762542963, 2709722.929402670823038 ], [ 10165681.555282136425376, 2709724.65714167105034 ], [ 10165686.684899799525738, 2709724.636243897955865 ], [ 10165689.102637078613043, 2709724.626336664427072 ], [ 10165692.627025805413723, 2709725.373112027067691 ], [ 10165701.083788752555847, 2709733.204584928695112 ], [ 10165711.01985345967114, 2709740.643787420354784 ], [ 10165727.355802059173584, 2709751.8299580658786 ], [ 10165736.009570863097906, 2709757.749169506132603 ], [ 10165741.68950866535306, 2709761.634181411005557 ], [ 10165742.598943708464503, 2709761.685427342075855 ], [ 10165743.148946061730385, 2709761.716495227534324 ], [ 10165756.588859591633081, 2709756.64188825013116 ], [ 10165772.209391932934523, 2709750.984666731208563 ], [ 10165779.108528761193156, 2709742.571920234709978 ], [ 10165782.560004979372025, 2709738.839925437234342 ], [ 10165792.64397556334734, 2709744.844395072665066 ], [ 10165786.076855039224029, 2709751.281004874035716 ], [ 10165779.163617838174105, 2709756.196513187605888 ], [ 10165776.133397227153182, 2709761.018970864824951 ], [ 10165766.7278439886868, 2709776.29293455556035 ], [ 10165766.802868861705065, 2709776.634170264005661 ], [ 10165767.733739709481597, 2709780.867228790652007 ], [ 10165769.40747962705791, 2709785.140825562179089 ], [ 10165773.680940557271242, 2709792.073659133166075 ], [ 10165779.357902888208628, 2709798.824321032036096 ], [ 10165785.259275650605559, 2709803.901225770823658 ], [ 10165788.406878814101219, 2709806.609186641406268 ], [ 10165796.658457197248936, 2709812.521794375963509 ], [ 10165804.043349895626307, 2709818.426955117378384 ], [ 10165811.849110914394259, 2709825.301226200535893 ], [ 10165818.450231395661831, 2709829.9960000612773 ], [ 10165831.129379099234939, 2709832.095365023240447 ], [ 10165842.98881570994854, 2709834.970382045488805 ], [ 10165857.851617719978094, 2709839.940340800210834 ], [ 10165856.593781834468246, 2709840.850076803006232 ], [ 10165842.811366042122245, 2709850.74728233134374 ], [ 10165831.619675610214472, 2709855.680435214191675 ], [ 10165823.774322051554918, 2709849.854418101720512 ], [ 10165814.921647693961859, 2709844.495838264934719 ], [ 10165802.841687805950642, 2709835.929057037923485 ], [ 10165784.454024586826563, 2709824.707191451918334 ], [ 10165781.283997135236859, 2709822.638607458211482 ], [ 10165768.241181535646319, 2709814.127383499406278 ], [ 10165765.154331931844354, 2709810.366947528440505 ], [ 10165764.549180632457137, 2709804.511339611839503 ], [ 10165762.20997211150825, 2709801.167028432711959 ], [ 10165754.020773818716407, 2709794.393623889889568 ], [ 10165743.481939239427447, 2709787.111365042626858 ], [ 10165735.100584480911493, 2709784.365408368874341 ], [ 10165731.33443477936089, 2709794.409072679933161 ], [ 10165724.85020717792213, 2709818.640420678537339 ], [ 10165720.333117075264454, 2709832.868422111961991 ], [ 10165691.121359258890152, 2709825.1989153791219 ], [ 10165692.826438629999757, 2709807.330797085538507 ], [ 10165694.007280547171831, 2709787.346481489017606 ], [ 10165695.673798946663737, 2709773.538355815224349 ], [ 10165680.656014636158943, 2709765.491038212552667 ], [ 10165674.261402485892177, 2709763.012859225273132 ], [ 10165662.494451588019729, 2709761.306743133347481 ], [ 10165646.19142783805728, 2709758.262231007218361 ], [ 10165633.203650444746017, 2709753.05277894390747 ], [ 10165624.398679830133915, 2709748.598688763100654 ], [ 10165610.68874241784215, 2709741.141623018309474 ], [ 10165607.590461492538452, 2709739.97381043061614 ], [ 10165607.679801117628813, 2709734.920731915161014 ], [ 10165606.473909100517631, 2709726.982386311981827 ], [ 10165600.608204206451774, 2709714.187012629583478 ], [ 10165595.886109206825495, 2709707.542794255074114 ], [ 10165587.534104902297258, 2709698.453226593788713 ], [ 10165580.749593252316117, 2709694.487252761144191 ], [ 10165575.946196019649506, 2709692.14597472269088 ], [ 10165572.842311793938279, 2709689.577028566971421 ], [ 10165569.565847681835294, 2709679.584184036590159 ], [ 10165561.565338985994458, 2709678.767403418198228 ], [ 10165548.599316082894802, 2709676.227658265270293 ], [ 10165536.961265806108713, 2709673.803848900832236 ], [ 10165526.354310533031821, 2709674.078739965334535 ], [ 10165515.833230232819915, 2709679.361900947056711 ], [ 10165513.799268646165729, 2709681.096195369958878 ], [ 10165504.769437545910478, 2709688.795288375113159 ], [ 10165494.282563887536526, 2709699.82607310032472 ], [ 10165485.419684495776892, 2709697.346799943596125 ], [ 10165471.651307012885809, 2709694.413071706425399 ], [ 10165466.804845044389367, 2709692.248497064691037 ], [ 10165467.807073513045907, 2709690.501305125653744 ], [ 10165486.074793418869376, 2709661.028710645623505 ], [ 10165492.047185959294438, 2709651.392917405348271 ], [ 10165499.928612051531672, 2709639.004817926324904 ], [ 10165505.584924360737205, 2709624.320133726578206 ], [ 10165500.698497470468283, 2709606.776856766082346 ], [ 10165492.810321798548102, 2709584.822022342588753 ], [ 10165489.374271368607879, 2709573.318468760699034 ], [ 10165482.135593483224511, 2709562.801250986754894 ], [ 10165477.897048756480217, 2709553.606704470235854 ], [ 10165466.74618629552424, 2709555.009120770264417 ], [ 10165448.999805385246873, 2709558.523292127065361 ], [ 10165424.395508540794253, 2709567.085008793976158 ], [ 10165413.565906427800655, 2709569.258259709924459 ], [ 10165389.201772801578045, 2709569.357314804568887 ], [ 10165363.202581290155649, 2709569.297524605877697 ], [ 10165347.624013433232903, 2709566.293901819270104 ], [ 10165333.389990484341979, 2709562.104250441771001 ], [ 10165311.865898296236992, 2709556.410933937411755 ], [ 10165295.383426193147898, 2709549.582801294513047 ], [ 10165291.498301958665252, 2709550.172529141418636 ], [ 10165273.950076822191477, 2709552.836023392155766 ], [ 10165276.533378286287189, 2709529.558875741902739 ], [ 10165279.41778826713562, 2709521.17381562711671 ], [ 10165290.287942601367831, 2709523.633957089390606 ], [ 10165315.314579181373119, 2709528.308162131346762 ], [ 10165318.326360220089555, 2709528.870657140389085 ], [ 10165348.684437492862344, 2709532.60861009825021 ], [ 10165361.042950395494699, 2709534.169055281206965 ], [ 10165383.742156242951751, 2709532.002820660825819 ], [ 10165410.11297832429409, 2709526.269278726540506 ], [ 10165419.901184821501374, 2709524.276753148529679 ], [ 10165433.371347127482295, 2709521.29852865356952 ], [ 10165440.393539614975452, 2709518.898090617265552 ], [ 10165449.087736573070288, 2709509.485396811272949 ], [ 10165455.448087522760034, 2709492.547411281149834 ], [ 10165459.63542864471674, 2709472.683793662115932 ], [ 10165461.46543781645596, 2709464.027152457740158 ], [ 10165466.504698053002357, 2709429.586798906791955 ], [ 10165455.152031477540731, 2709427.161861658096313 ], [ 10165445.516559140756726, 2709423.483244067523628 ], [ 10165448.660954721271992, 2709406.139268779195845 ], [ 10165459.514023495838046, 2709409.801834299229085 ], [ 10165469.809125332161784, 2709411.116832273546606 ], [ 10165472.287469327449799, 2709405.447379229590297 ], [ 10165479.773229537531734, 2709398.345432822592556 ], [ 10165480.787710661068559, 2709396.907052828464657 ], [ 10165491.280596451833844, 2709381.960149076301605 ], [ 10165492.995121015235782, 2709374.583818134386092 ], [ 10165493.599007368087769, 2709371.99995318101719 ], [ 10165496.05303948558867, 2709354.846258469857275 ], [ 10165497.605761181563139, 2709339.990932116750628 ], [ 10165497.637218043208122, 2709339.615796397440135 ], [ 10165494.353681558743119, 2709316.947458624374121 ], [ 10165494.286103926599026, 2709313.803653454873711 ], [ 10165493.953634787350893, 2709299.331142127979547 ], [ 10165494.286217283457518, 2709294.740518629550934 ], [ 10165495.201628068462014, 2709282.336897874251008 ], [ 10165495.726903667673469, 2709276.576191443018615 ], [ 10165497.092807957902551, 2709261.622392616700381 ], [ 10165496.888163993135095, 2709257.111227530520409 ], [ 10165496.406192822381854, 2709246.390164850279689 ], [ 10165477.091963969171047, 2709244.571286770515144 ], [ 10165460.957041246816516, 2709242.265149649698287 ], [ 10165445.327130982652307, 2709242.792085431050509 ], [ 10165434.019890194758773, 2709243.444837237708271 ], [ 10165432.890208190307021, 2709243.504596428945661 ], [ 10165421.377995884045959, 2709245.018645272124559 ], [ 10165411.916631681844592, 2709243.667109739501029 ], [ 10165405.271493650972843, 2709236.137363526970148 ], [ 10165386.126312037929893, 2709235.431959668640047 ], [ 10165380.336773730814457, 2709241.511905285529792 ], [ 10165371.413516538217664, 2709251.23420559708029 ], [ 10165368.826154770329595, 2709254.048331898171455 ], [ 10165364.510781874880195, 2709258.741897687781602 ], [ 10165359.881991310045123, 2709264.331767873372883 ], [ 10165358.060568334534764, 2709266.942730174865574 ], [ 10165346.27439402602613, 2709276.742762673646212 ], [ 10165341.037326483055949, 2709278.363655745051801 ], [ 10165339.444398816674948, 2709277.774450351949781 ], [ 10165338.322206920012832, 2709274.226753378286958 ], [ 10165339.314008759334683, 2709255.666777257807553 ], [ 10165339.770945779979229, 2709247.115467653144151 ], [ 10165340.237647926434875, 2709243.14209547964856 ], [ 10165318.822923773899674, 2709239.996736768633127 ], [ 10165317.403014415875077, 2709244.260800436139107 ], [ 10165296.589624973013997, 2709240.6166110932827 ], [ 10165278.990577891469002, 2709239.772396185435355 ], [ 10165266.871952477842569, 2709235.044709875714034 ], [ 10165238.094720266759396, 2709228.718916970305145 ], [ 10165208.211804307997227, 2709220.224231229163706 ], [ 10165188.790846321731806, 2709213.63960771355778 ], [ 10165187.969552461057901, 2709222.225766794290394 ], [ 10165185.522053493186831, 2709227.37657708954066 ], [ 10165176.861020972952247, 2709225.933323938399553 ], [ 10165154.678141228854656, 2709219.955713890492916 ], [ 10165148.486921621486545, 2709210.680914332624525 ], [ 10165147.406345952302217, 2709209.295297041535378 ], [ 10165125.532588021829724, 2709209.295587581116706 ], [ 10165095.020283272489905, 2709207.962885032407939 ], [ 10165074.442996814846992, 2709205.751585827209055 ], [ 10165058.92917468957603, 2709213.338050626218319 ], [ 10165040.912266476079822, 2709223.196173784788698 ], [ 10165031.779971474781632, 2709216.349204762838781 ], [ 10165026.026607235893607, 2709209.565814001951367 ], [ 10165023.376435240730643, 2709205.196917014196515 ], [ 10165022.945777822285891, 2709204.49253664072603 ], [ 10165019.382871627807617, 2709199.553718723822385 ], [ 10165012.266278119757771, 2709189.300775984767824 ], [ 10165010.158904124051332, 2709186.253537550568581 ], [ 10165003.247928068041801, 2709175.260650138370693 ], [ 10164995.607935171574354, 2709176.747759234160185 ], [ 10164964.377599755302072, 2709187.883651189971715 ], [ 10164941.897792337462306, 2709192.707012735307217 ], [ 10164928.827350024133921, 2709196.830544100143015 ], [ 10164897.078786324709654, 2709204.570664280559868 ], [ 10164900.18341033346951, 2709210.129202240612358 ], [ 10164902.849312286823988, 2709237.686961050610989 ], [ 10164906.150253918021917, 2709264.933370442129672 ], [ 10164905.354682561010122, 2709282.731069524772465 ], [ 10164893.639475667849183, 2709277.394743004348129 ], [ 10164882.858814744278789, 2709272.562140441033989 ], [ 10164862.951980676501989, 2709267.920759822241962 ], [ 10164849.880913082510233, 2709263.660058272071183 ], [ 10164826.350618448108435, 2709258.150701731909066 ], [ 10164806.49780061841011, 2709253.266290162689984 ], [ 10164794.35082845389843, 2709249.685782379470766 ], [ 10164771.960442189127207, 2709241.171121788211167 ], [ 10164755.314394364133477, 2709234.431480579078197 ], [ 10164736.992575878277421, 2709225.591517044231296 ], [ 10164723.410560870543122, 2709219.722027651965618 ], [ 10164715.284595021978021, 2709217.636581815779209 ], [ 10164697.356334049254656, 2709216.726850409060717 ], [ 10164683.903613658621907, 2709215.788139903917909 ], [ 10164672.154343400150537, 2709212.85675786761567 ], [ 10164659.335409821942449, 2709205.770634730812162 ], [ 10164652.950119042769074, 2709200.04874545102939 ], [ 10164650.030915, 2709194.213595085777342 ], [ 10164651.351985542103648, 2709189.861748057417572 ], [ 10164635.524105062708259, 2709195.77222570637241 ], [ 10164632.175511075183749, 2709195.068574285600334 ], [ 10164630.274696515873075, 2709199.808886509388685 ], [ 10164628.020796470344067, 2709217.866070738527924 ], [ 10164621.559009365737438, 2709231.516351188533008 ], [ 10164610.905731055885553, 2709250.445603998377919 ], [ 10164601.31222677975893, 2709276.607573370914906 ], [ 10164597.483347462490201, 2709282.039622975979 ], [ 10164574.065345965325832, 2709290.970214382279664 ], [ 10164552.485229749232531, 2709298.646706718951464 ], [ 10164530.584718383848667, 2709305.772939291317016 ], [ 10164508.384617736563087, 2709312.039793550502509 ], [ 10164498.699110327288508, 2709315.024213940370828 ], [ 10164489.882422868162394, 2709318.556615496519953 ], [ 10164470.912821546196938, 2709326.178568901028484 ], [ 10164458.003827394917607, 2709329.595010057557374 ], [ 10164450.366531368345022, 2709331.798874742351472 ], [ 10164440.305586664006114, 2709334.144862830173224 ], [ 10164427.190479476004839, 2709338.168799629900604 ], [ 10164422.547146435827017, 2709340.140026899054646 ], [ 10164405.222257452085614, 2709344.820797822903842 ], [ 10164395.678341509774327, 2709347.550728779751807 ], [ 10164381.541577432304621, 2709351.192712821997702 ], [ 10164371.35239695943892, 2709354.432781524024904 ], [ 10164369.841166855767369, 2709355.100755031220615 ], [ 10164362.131851606070995, 2709358.507291055750102 ], [ 10164343.295334840193391, 2709366.525710242334753 ], [ 10164338.585970349609852, 2709368.464014971163124 ], [ 10164330.061838718131185, 2709373.870664405636489 ], [ 10164319.485142629593611, 2709381.77872076490894 ], [ 10164301.303167684003711, 2709394.405826517380774 ], [ 10164279.580293094739318, 2709404.917733942624182 ], [ 10164260.072385603561997, 2709415.167166692670435 ], [ 10164239.453761242330074, 2709424.725958980619907 ], [ 10164230.642032776027918, 2709429.548967606853694 ], [ 10164218.923130340874195, 2709434.328561978880316 ], [ 10164208.366418855264783, 2709438.981979902368039 ], [ 10164194.614655060693622, 2709445.70017501199618 ], [ 10164177.003702791407704, 2709452.974318542517722 ], [ 10164155.110494608059525, 2709462.030705416109413 ], [ 10164149.120103377848864, 2709464.613941749557853 ], [ 10164138.946817148476839, 2709469.133566847071052 ], [ 10164120.853189079090953, 2709476.431603918317705 ], [ 10164115.239230562001467, 2709477.093864121939987 ], [ 10164115.896654220297933, 2709482.463742472231388 ], [ 10164127.235257914289832, 2709478.57952474988997 ], [ 10164136.773233080282807, 2709474.316194515675306 ], [ 10164146.202128747478127, 2709470.185715842992067 ], [ 10164154.721452202647924, 2709466.301559713669121 ], [ 10164161.161212654784322, 2709463.617248396854848 ], [ 10164176.813293542712927, 2709457.542357517406344 ], [ 10164186.752757145091891, 2709454.932271056808531 ], [ 10164196.556074304506183, 2709451.186398135963827 ], [ 10164209.694064371287823, 2709444.602991797961295 ], [ 10164220.99359979107976, 2709439.18540351325646 ], [ 10164229.044705841690302, 2709436.196692579425871 ], [ 10164232.812272997573018, 2709434.637181984260678 ], [ 10164245.621116865426302, 2709428.077082835137844 ], [ 10164258.769704572856426, 2709421.405465037561953 ], [ 10164268.29400872439146, 2709416.458159899804741 ], [ 10164280.007148504257202, 2709410.211378407198936 ], [ 10164291.796778667718172, 2709403.887149093672633 ], [ 10164301.997972726821899, 2709398.142867996823043 ], [ 10164321.652443615719676, 2709386.127735829446465 ], [ 10164333.558238694444299, 2709378.666630110703409 ], [ 10164344.494649054482579, 2709372.985620968509465 ], [ 10164356.281954914331436, 2709366.08764088107273 ], [ 10164363.76169547624886, 2709362.869434180669487 ], [ 10164379.483238536864519, 2709357.742876392789185 ], [ 10164387.559443047270179, 2709355.58144131116569 ], [ 10164405.015999624505639, 2709350.911189986858517 ], [ 10164406.780585518106818, 2709350.518073024693877 ], [ 10164425.774953410029411, 2709346.360128570348024 ], [ 10164427.265525288879871, 2709346.023320590611547 ], [ 10164430.748987024649978, 2709344.773715847171843 ], [ 10164444.923733916133642, 2709339.664346548728645 ], [ 10164449.459651997312903, 2709338.245092833880335 ], [ 10164465.915965532884002, 2709333.071365215349942 ], [ 10164472.184748020023108, 2709331.567955404985696 ], [ 10164479.878160402178764, 2709329.705911796074361 ], [ 10164490.889183018356562, 2709326.241872293874621 ], [ 10164503.452695105224848, 2709321.458801176398993 ], [ 10164512.939113995060325, 2709318.078121560625732 ], [ 10164531.353465605527163, 2709311.528524333145469 ], [ 10164552.625680604949594, 2709303.654708657413721 ], [ 10164577.254299767315388, 2709295.679022832773626 ], [ 10164594.652301913127303, 2709290.10433388967067 ], [ 10164585.168554678559303, 2709310.761013099458069 ], [ 10164579.294983414933085, 2709323.405099202878773 ], [ 10164572.889058630913496, 2709342.86895883269608 ], [ 10164568.555304460227489, 2709367.58690479863435 ], [ 10164568.372949087992311, 2709379.678678892087191 ], [ 10164569.132266914471984, 2709399.632411513943225 ], [ 10164571.488595062866807, 2709418.410338696092367 ], [ 10164564.034546857699752, 2709422.577349684201181 ], [ 10164557.895630434155464, 2709429.187996380031109 ], [ 10164560.148742496967316, 2709433.007104289252311 ], [ 10164573.358254600316286, 2709447.262565069831908 ], [ 10164588.800196250900626, 2709462.910123690031469 ], [ 10164590.115030029788613, 2709465.276742157991976 ], [ 10164595.494434615597129, 2709466.314209105912596 ], [ 10164603.429492849856615, 2709467.25315927201882 ], [ 10164620.409019846469164, 2709469.534840159583837 ], [ 10164627.098278358578682, 2709471.681205690372735 ], [ 10164631.137277832254767, 2709463.909460805356503 ], [ 10164649.36581864580512, 2709468.535907703917474 ], [ 10164664.078640606254339, 2709471.830466629005969 ], [ 10164670.599357122555375, 2709472.973693754523993 ], [ 10164669.886259738355875, 2709484.008533940650523 ], [ 10164690.31043160147965, 2709489.0453782803379 ], [ 10164705.623220220208168, 2709494.234936345368624 ], [ 10164708.160704899579287, 2709495.08529686788097 ], [ 10164708.624446736648679, 2709495.24296733411029 ], [ 10164716.465226043015718, 2709497.909187310840935 ], [ 10164726.689546337351203, 2709506.252430857159197 ], [ 10164724.214447816833854, 2709512.804379240144044 ], [ 10164725.243882557377219, 2709517.06998771848157 ], [ 10164726.924808971583843, 2709524.035133883357048 ], [ 10164732.308115728199482, 2709531.559316239785403 ], [ 10164738.374465901404619, 2709531.984549010172486 ], [ 10164739.155243268236518, 2709532.03929468523711 ], [ 10164746.604636056348681, 2709534.976947175338864 ], [ 10164752.577826978638768, 2709541.869984999764711 ], [ 10164756.104891514405608, 2709555.477685941848904 ], [ 10164756.934010168537498, 2709558.676334622316062 ], [ 10164754.002249384298921, 2709571.761169750243425 ], [ 10164754.362456928938627, 2709579.570383583661169 ], [ 10164754.410193530842662, 2709580.552071001380682 ], [ 10164762.590586895123124, 2709593.503892793320119 ], [ 10164773.623146470636129, 2709609.202325485181063 ], [ 10164778.767228556796908, 2709617.268133260775357 ], [ 10164804.028876377269626, 2709633.174041796009988 ], [ 10164814.388600023463368, 2709639.696386536583304 ], [ 10164832.251081597059965, 2709645.989931558724493 ], [ 10164857.496600972488523, 2709652.319911883212626 ], [ 10164880.44987690448761, 2709656.044546849094331 ], [ 10164896.795062597841024, 2709658.736660866066813 ], [ 10164908.425265749916434, 2709659.219328243285418 ], [ 10164934.155562572181225, 2709657.802664421498775 ], [ 10164957.083548819646239, 2709651.511974597349763 ], [ 10164975.292207606136799, 2709646.516140358522534 ], [ 10164983.696991585195065, 2709644.2095563034527 ], [ 10164987.684309529140592, 2709659.988508755341172 ], [ 10164988.467629663646221, 2709663.088388677686453 ], [ 10164995.704031819477677, 2709662.512204970233142 ], [ 10165037.071698226034641, 2709659.218257177621126 ], [ 10165044.781174032017589, 2709658.602357980795205 ], [ 10165059.645931603386998, 2709655.916609873063862 ], [ 10165070.695741645991802, 2709653.908186179585755 ], [ 10165080.353387825191021, 2709652.159141828306019 ], [ 10165097.208273129537702, 2709689.004507202655077 ], [ 10165108.222320072352886, 2709716.419006719253957 ], [ 10165108.353944616392255, 2709719.176545958034694 ], [ 10165108.450033888220787, 2709721.239234114065766 ], [ 10165110.441423583775759, 2709734.042781119700521 ], [ 10165112.526027321815491, 2709747.446240622550249 ], [ 10165114.329117972403765, 2709781.318914448842406 ], [ 10165116.038525143638253, 2709789.067622010130435 ], [ 10165128.24264314584434, 2709812.307239945046604 ], [ 10165132.086471311748028, 2709827.108057974372059 ], [ 10165136.311523323878646, 2709838.409984204452485 ], [ 10165153.274425836279988, 2709850.090716686565429 ], [ 10165179.625977780669928, 2709861.314105070661753 ], [ 10165197.752010129392147, 2709873.056297860573977 ], [ 10165210.671444268897176, 2709866.715456420555711 ], [ 10165210.767291707918048, 2709860.525989266112447 ], [ 10165211.516648411750793, 2709839.473414104897529 ], [ 10165211.898115994408727, 2709837.22147782612592 ], [ 10165212.749139865860343, 2709832.198131486773491 ], [ 10165226.498827518895268, 2709835.95956288697198 ], [ 10165237.835123371332884, 2709839.69758982444182 ], [ 10165240.064644815400243, 2709845.800453687552363 ], [ 10165244.104730155318975, 2709860.247370063792914 ], [ 10165246.298150978982449, 2709866.853417626116425 ], [ 10165249.423782246187329, 2709876.266768055967987 ], [ 10165246.917573278769851, 2709880.491246314253658 ], [ 10165244.301454804837704, 2709892.891209480818361 ], [ 10165244.927568331360817, 2709909.51435843994841 ], [ 10165249.740604940801859, 2709919.721780757885426 ], [ 10165252.695502333343029, 2709923.427626632619649 ], [ 10165261.831225721165538, 2709928.255922773852944 ], [ 10165269.997727168723941, 2709932.128220941405743 ], [ 10165277.880334507673979, 2709933.618708253838122 ], [ 10165282.650421310216188, 2709933.124935390427709 ], [ 10165286.730179633945227, 2709932.821503981947899 ], [ 10165292.610172767192125, 2709931.570312539115548 ], [ 10165293.547866808250546, 2709931.370739835780114 ], [ 10165301.302455328404903, 2709928.283275093883276 ], [ 10165313.328499080613256, 2709923.479531719814986 ], [ 10165317.246616831049323, 2709921.168917682021856 ], [ 10165319.88685292750597, 2709917.539512327872217 ], [ 10165330.88302394375205, 2709915.784935391508043 ], [ 10165334.96396048553288, 2709918.526353396475315 ], [ 10165340.874013621360064, 2709917.796300097834319 ], [ 10165353.242542719468474, 2709929.958915913011879 ], [ 10165353.848987992852926, 2709930.739672241732478 ], [ 10165360.579586589708924, 2709932.190727757290006 ], [ 10165385.179048784077168, 2709941.368893114849925 ], [ 10165427.109409721568227, 2709955.496412036009133 ], [ 10165471.64950567483902, 2709972.018202048260719 ], [ 10165483.372481923550367, 2709976.383440452162176 ], [ 10165490.94454594142735, 2709979.750539090018719 ], [ 10165501.722184807062149, 2709983.667314935941249 ], [ 10165514.131621457636356, 2709989.607363267336041 ], [ 10165533.134127316996455, 2709998.234423296060413 ], [ 10165560.041497988626361, 2710011.14308765437454 ], [ 10165597.40020688995719, 2710028.609429351985455 ], [ 10165604.249745117500424, 2710032.332534289453179 ], [ 10165612.484879596158862, 2710034.174494305159897 ], [ 10165635.621204836294055, 2710039.574242694303393 ], [ 10165635.246099218726158, 2710041.760184994898736 ], [ 10165688.28512117639184, 2710060.111258106306195 ], [ 10165720.347447799518704, 2710072.667629767674953 ], [ 10165756.619186358526349, 2710081.687281546648592 ], [ 10165774.0896314997226, 2710080.358250335790217 ], [ 10165800.935938142240047, 2710078.09712564246729 ], [ 10165811.564656754955649, 2710096.67638717405498 ], [ 10165825.54199206456542, 2710121.342948447912931 ], [ 10165827.41983631439507, 2710127.215567998122424 ], [ 10165844.452152706682682, 2710139.601501415949315 ], [ 10165857.637144390493631, 2710147.369569079019129 ], [ 10165881.434890011325479, 2710156.175348448101431 ], [ 10165872.544784197583795, 2710174.1726367441006 ], [ 10165867.626872438937426, 2710186.935427514836192 ], [ 10165864.550898002460599, 2710194.019822774920613 ], [ 10165861.442741200327873, 2710193.127838627435267 ], [ 10165855.258301395922899, 2710191.156339229084551 ], [ 10165845.614779056981206, 2710185.602273040916771 ], [ 10165832.724309157580137, 2710180.149880823213607 ], [ 10165814.76789927110076, 2710172.566735479515046 ], [ 10165799.34554192610085, 2710164.962261070497334 ], [ 10165794.518977159634233, 2710162.356258796993643 ], [ 10165792.705901362001896, 2710158.910547161474824 ], [ 10165787.496849926188588, 2710151.25319976452738 ], [ 10165779.62487187422812, 2710141.587791203055531 ], [ 10165769.02737795561552, 2710128.006064098794013 ], [ 10165766.199412435293198, 2710123.174352112691849 ], [ 10165762.765057746320963, 2710120.30889290291816 ], [ 10165756.135052416473627, 2710116.629071265459061 ], [ 10165751.12393425963819, 2710114.487288400530815 ], [ 10165746.791296767070889, 2710114.659398959949613 ], [ 10165727.928056256845593, 2710107.973604294005781 ], [ 10165709.27632637321949, 2710102.037062986753881 ], [ 10165685.585333960130811, 2710092.436334676574916 ], [ 10165666.12955910153687, 2710082.994774126447737 ], [ 10165655.279303692281246, 2710077.423479880206287 ], [ 10165646.442265037447214, 2710078.695262810681015 ], [ 10165631.671818520873785, 2710080.355138196609914 ], [ 10165621.293213251978159, 2710085.637943374924362 ], [ 10165620.198494117707014, 2710107.972138851415366 ], [ 10165619.802108731120825, 2710123.915633288677782 ], [ 10165619.203673852607608, 2710152.337679869960994 ], [ 10165619.565486954525113, 2710165.906161936465651 ], [ 10165606.770815536379814, 2710167.83391940407455 ], [ 10165597.344565410166979, 2710169.902344286907464 ], [ 10165591.768797872588038, 2710171.955014533828944 ], [ 10165587.999952424317598, 2710170.470008955802768 ], [ 10165585.586114678531885, 2710167.666520141065121 ], [ 10165586.067345220595598, 2710153.67542009241879 ], [ 10165586.775286307558417, 2710136.086681071668863 ], [ 10165588.795451480895281, 2710114.708631944376975 ], [ 10165588.401801226660609, 2710095.977131276391447 ], [ 10165588.846361, 2710070.203510596416891 ], [ 10165585.633209858089685, 2710062.317390782758594 ], [ 10165581.722606698051095, 2710055.614590394776314 ], [ 10165580.111778166145086, 2710053.326396070886403 ], [ 10165569.327451191842556, 2710053.215877592097968 ], [ 10165561.632591377943754, 2710052.066778861451894 ], [ 10165551.023348977789283, 2710049.131229151505977 ], [ 10165544.420176869258285, 2710046.642774038948119 ], [ 10165532.947925619781017, 2710041.890456973109394 ], [ 10165524.710288623347878, 2710039.430605303030461 ], [ 10165511.337873712182045, 2710034.101292552426457 ], [ 10165501.028727922588587, 2710029.410423301625997 ], [ 10165492.800403255969286, 2710026.542311967350543 ], [ 10165476.676746532320976, 2710021.786792828701437 ], [ 10165470.269588241353631, 2710018.922453270759434 ], [ 10165460.034607782959938, 2710013.558208286762238 ], [ 10165447.076936945319176, 2710007.686552592553198 ], [ 10165435.891824347898364, 2710003.396319081541151 ], [ 10165398.495229061692953, 2709984.605725279077888 ], [ 10165382.333899240940809, 2709975.900708037428558 ], [ 10165371.71644726395607, 2709970.902053024619818 ], [ 10165357.285309968516231, 2709964.153787523042411 ], [ 10165354.403018396347761, 2709962.157625359948725 ], [ 10165354.242584567517042, 2709960.437150505837053 ], [ 10165341.965599188581109, 2709957.42002859339118 ], [ 10165333.660141026601195, 2709957.178002584259957 ], [ 10165329.441807677969337, 2709958.496929990593344 ], [ 10165317.37485701777041, 2709969.512095746584237 ], [ 10165319.63202360086143, 2709971.565937038045377 ], [ 10165325.654102558270097, 2709985.067161719780415 ], [ 10165332.675918197259307, 2709998.928477405570447 ], [ 10165337.235307125374675, 2710008.794911307282746 ], [ 10165337.681608881801367, 2710013.404676525387913 ], [ 10165336.067987421527505, 2710021.354552804958075 ], [ 10165334.050797533243895, 2710029.87989781005308 ], [ 10165338.637855719774961, 2710032.961259071249515 ], [ 10165346.546084085479379, 2710035.345152427908033 ], [ 10165357.808131963014603, 2710039.701415296178311 ], [ 10165354.495950434356928, 2710053.560560015495867 ], [ 10165351.840290788561106, 2710053.361658167093992 ], [ 10165341.28050098195672, 2710051.804879993200302 ], [ 10165332.236458735540509, 2710047.947138881310821 ], [ 10165328.891371555626392, 2710048.181505661923438 ], [ 10165311.872381009161472, 2710049.916402078233659 ], [ 10165307.304438680410385, 2710051.600843825843185 ], [ 10165303.508004855364561, 2710054.142699174117297 ], [ 10165298.481800492852926, 2710061.907828997354954 ], [ 10165292.922560036182404, 2710068.064459782559425 ], [ 10165286.98774048872292, 2710070.835578211583197 ], [ 10165283.877356395125389, 2710083.061153712682426 ], [ 10165282.342190751805902, 2710094.176992496009916 ], [ 10165280.921330958604813, 2710098.220623331610113 ], [ 10165280.87715501897037, 2710103.63778790878132 ], [ 10165284.777430191636086, 2710118.747439068742096 ], [ 10165288.177909128367901, 2710132.336694419384003 ], [ 10165291.374061670154333, 2710144.183606568723917 ], [ 10165294.152706231921911, 2710153.163745684083551 ], [ 10165289.932088086381555, 2710153.920124792028219 ], [ 10165278.197993747889996, 2710157.72973646922037 ], [ 10165260.839903680607677, 2710118.712194351945072 ], [ 10165256.343158405274153, 2710108.050927420612425 ], [ 10165252.470150217413902, 2710105.198285131715238 ], [ 10165251.765243953093886, 2710082.617678754497319 ], [ 10165251.645713338628411, 2710071.982972942758352 ], [ 10165265.15132699534297, 2710064.040000166278332 ], [ 10165276.701043708249927, 2710044.377393482252955 ], [ 10165282.656579991802573, 2710035.825231541413814 ], [ 10165298.09972888045013, 2710024.123402482364327 ], [ 10165314.517560448497534, 2710017.459322565235198 ], [ 10165314.834457205608487, 2710008.941088054794818 ], [ 10165311.538317050784826, 2709999.49972196156159 ], [ 10165305.756211800500751, 2709988.3694081264548 ], [ 10165301.216240864247084, 2709983.357098190113902 ], [ 10165300.840946361422539, 2709983.240855415351689 ], [ 10165294.571032356470823, 2709981.298966970294714 ], [ 10165288.875441821292043, 2709980.803526968229562 ], [ 10165270.718129275366664, 2709974.985978418495506 ], [ 10165252.849978653714061, 2709967.390936671756208 ], [ 10165241.775822291150689, 2709960.673011233098805 ], [ 10165223.64760609716177, 2709959.356476913206279 ], [ 10165210.005674934014678, 2709960.625278872903436 ], [ 10165204.983836332336068, 2709955.791419352870435 ], [ 10165199.939130946993828, 2709945.242898360360414 ], [ 10165200.017111152410507, 2709929.124275951646268 ], [ 10165197.743124751374125, 2709920.120114621706307 ], [ 10165193.526778779923916, 2709916.452424269169569 ], [ 10165174.060398034751415, 2709904.230235376860946 ], [ 10165166.585350032895803, 2709900.421234903857112 ], [ 10165132.34294319152832, 2709882.930322118103504 ], [ 10165127.677182758226991, 2709873.836562075186521 ], [ 10165124.117744956165552, 2709861.60512236924842 ], [ 10165116.541469465941191, 2709846.201665292028338 ], [ 10165115.512930024415255, 2709844.120634249877185 ], [ 10165105.536632694303989, 2709843.046740856487304 ], [ 10165069.675108663737774, 2709834.840462950058281 ], [ 10165067.888965915888548, 2709810.664987599011511 ], [ 10165063.878400444984436, 2709778.875309921335429 ], [ 10165062.964398585259914, 2709769.788376910611987 ], [ 10165058.604915149509907, 2709749.484677523374557 ], [ 10165057.231467084959149, 2709732.489641872234643 ], [ 10165053.378396596759558, 2709712.636183220893145 ], [ 10165050.51414711214602, 2709709.647094096522778 ], [ 10165042.971167245879769, 2709705.25361949019134 ], [ 10165031.015870137140155, 2709711.292420020792633 ], [ 10165017.188673462718725, 2709718.309649914503098 ], [ 10165003.335901109501719, 2709721.708358729723841 ], [ 10164986.709931015968323, 2709722.889779003802687 ], [ 10164982.282505223527551, 2709724.021868941374123 ], [ 10164961.772282356396317, 2709725.020498349796981 ], [ 10164957.352552324533463, 2709722.578169135842472 ], [ 10164946.89296311698854, 2709721.307508911937475 ], [ 10164934.529000768437982, 2709721.147819265723228 ], [ 10164914.182645082473755, 2709721.969035646878183 ], [ 10164889.418473690748215, 2709720.833391874562949 ], [ 10164873.067672027274966, 2709716.740126792807132 ], [ 10164870.681132294237614, 2709723.490389965008944 ], [ 10164851.462646028026938, 2709719.554936319123954 ], [ 10164840.30201374553144, 2709717.269447680562735 ], [ 10164818.938358368352056, 2709713.339745777193457 ], [ 10164803.321959640830755, 2709709.100114445667714 ], [ 10164809.594920424744487, 2709690.801403534132987 ], [ 10164811.422591622918844, 2709685.469753748737276 ], [ 10164805.242596726864576, 2709681.754707675427198 ], [ 10164787.946449354290962, 2709671.663735724519938 ], [ 10164775.472262933850288, 2709666.484380790032446 ], [ 10164768.552078517153859, 2709663.611109051387757 ], [ 10164759.94899439252913, 2709660.203687321860343 ], [ 10164753.222534531727433, 2709655.092962972354144 ], [ 10164753.203921156004071, 2709655.078861530870199 ], [ 10164753.199756238609552, 2709655.085102643352002 ], [ 10164749.169133713468909, 2709661.151745752431452 ], [ 10164734.330197889357805, 2709675.840093813836575 ], [ 10164718.476272076368332, 2709641.934205559082329 ], [ 10164714.19331088475883, 2709632.774387629237026 ], [ 10164704.12675116956234, 2709608.941380331292748 ], [ 10164703.820971723645926, 2709590.000507966149598 ], [ 10164704.715606141835451, 2709566.67507524555549 ], [ 10164705.611942766234279, 2709565.866148668807 ], [ 10164712.748293291777372, 2709572.853873800486326 ], [ 10164712.112478416413069, 2709567.450699959415942 ], [ 10164709.274723950773478, 2709562.817641268018633 ], [ 10164701.490062503144145, 2709555.556692909449339 ], [ 10164697.29488630220294, 2709551.635133310686797 ], [ 10164689.355716720223427, 2709541.385206167120486 ], [ 10164686.843318823724985, 2709538.571074419189245 ], [ 10164684.364138416945934, 2709535.812014156021178 ], [ 10164678.749816376715899, 2709530.88116180896759 ], [ 10164671.018561355769634, 2709526.003013009205461 ], [ 10164657.195259805768728, 2709520.222577549982816 ], [ 10164650.844109088182449, 2709517.56729482114315 ], [ 10164644.216863272711635, 2709514.471845728345215 ], [ 10164639.004953529685736, 2709525.226951059419662 ], [ 10164629.484556926414371, 2709522.849206712562591 ], [ 10164615.884968234226108, 2709520.90703144762665 ], [ 10164615.042117707431316, 2709518.60473589412868 ], [ 10164615.789560416713357, 2709510.691782752517611 ], [ 10164602.764271648600698, 2709509.718098856974393 ], [ 10164598.305785501375794, 2709508.533498105127364 ], [ 10164592.987852597609162, 2709509.150654541794211 ], [ 10164585.981198683381081, 2709512.708942967932671 ], [ 10164582.560633193701506, 2709515.999212469439954 ], [ 10164580.672322573140264, 2709526.685813672840595 ], [ 10164554.877503383904696, 2709528.355909842066467 ], [ 10164554.255961081013083, 2709526.538042227737606 ], [ 10164545.366008019074798, 2709528.239538656547666 ], [ 10164537.407272946089506, 2709529.606424267869443 ], [ 10164535.285210844129324, 2709528.412369065918028 ], [ 10164531.85050343722105, 2709519.832203568890691 ], [ 10164521.5202671661973, 2709517.954063494224101 ], [ 10164508.053942443802953, 2709513.617397860158235 ], [ 10164492.918607454746962, 2709508.923240205273032 ], [ 10164474.300269210711122, 2709502.797853715252131 ], [ 10164472.729632237926126, 2709502.307697298936546 ], [ 10164461.735067082569003, 2709498.876598165836185 ], [ 10164449.222297713160515, 2709499.875568812247366 ], [ 10164447.929077180102468, 2709500.211678098887205 ], [ 10164435.534971006214619, 2709503.460549801122397 ], [ 10164428.877608524635434, 2709506.598316090647131 ], [ 10164424.574455758556724, 2709508.623285141307861 ], [ 10164413.369169263169169, 2709515.684579480439425 ], [ 10164398.782196069136262, 2709527.569309560582042 ], [ 10164397.940224789083004, 2709528.256708454806358 ], [ 10164393.428334731608629, 2709531.352199151646346 ], [ 10164384.822742955759168, 2709537.256139778532088 ], [ 10164371.682618191465735, 2709546.057124383281916 ], [ 10164364.98433025740087, 2709549.934134480077773 ], [ 10164351.448435304686427, 2709555.769074492156506 ], [ 10164333.450715266168118, 2709565.118983265478164 ], [ 10164329.516739998012781, 2709568.98494703695178 ], [ 10164320.217368211597204, 2709578.101560710463673 ], [ 10164306.555866699665785, 2709591.019606048706919 ], [ 10164297.675995321944356, 2709598.071417620405555 ], [ 10164282.508164694532752, 2709607.354839480016381 ], [ 10164265.98211, 2709619.931279967539012 ], [ 10164265.031360417604446, 2709620.333397434558719 ], [ 10164263.638391576707363, 2709620.922523200046271 ], [ 10164264.265108866617084, 2709621.193287156987935 ], [ 10164272.341613326221704, 2709624.682823401875794 ], [ 10164252.822216251865029, 2709643.206451863516122 ], [ 10164247.331123227253556, 2709649.224519198294729 ], [ 10164237.74863076582551, 2709659.726542728953063 ], [ 10164235.561258774250746, 2709664.181217565201223 ], [ 10164230.421510636806488, 2709668.27262174198404 ], [ 10164199.377091061323881, 2709685.220483313314617 ], [ 10164188.88019111379981, 2709691.153578298166394 ], [ 10164184.57861016690731, 2709693.597855156287551 ], [ 10164180.228639138862491, 2709697.686010546050966 ], [ 10164164.506415616720915, 2709713.855701844207942 ], [ 10164161.053809026256204, 2709717.410791165195405 ], [ 10164149.707456903532147, 2709730.496011212933809 ], [ 10164147.915820950642228, 2709732.389764081221074 ], [ 10164144.288771009072661, 2709736.221240234095603 ], [ 10164133.059030150994658, 2709748.28007334517315 ], [ 10164127.739105259999633, 2709753.99387153191492 ], [ 10164125.995802661404014, 2709759.803773293271661 ], [ 10164125.514066249132156, 2709765.608623556792736 ], [ 10164123.798553558066487, 2709775.69888652022928 ], [ 10164122.329525787383318, 2709784.298836000729352 ], [ 10164127.111530197784305, 2709786.828229928389192 ], [ 10164133.938260620459914, 2709790.441680377349257 ], [ 10164132.227891625836492, 2709801.833800863940269 ], [ 10164146.689692664891481, 2709805.394746170379221 ], [ 10164162.515767376869917, 2709809.965193701442331 ], [ 10164165.184005355462432, 2709810.594432573765516 ], [ 10164178.926536267623305, 2709815.382734382990748 ], [ 10164182.490458330139518, 2709817.795630726031959 ], [ 10164191.657018907368183, 2709822.227089601103216 ], [ 10164207.140088845044374, 2709828.817797492258251 ], [ 10164217.944177744910121, 2709831.201713244896382 ], [ 10164230.420245176181197, 2709834.726439570076764 ], [ 10164231.669176604598761, 2709831.533094866666943 ], [ 10164249.465554961934686, 2709832.223326856736094 ], [ 10164260.911359004676342, 2709833.203591915313154 ], [ 10164266.753456251695752, 2709834.702694022096694 ], [ 10164273.342655595391989, 2709836.496745876502246 ], [ 10164284.079274889081717, 2709838.439662115648389 ], [ 10164292.648953460156918, 2709833.385777381714433 ], [ 10164298.474092017859221, 2709830.615390573628247 ], [ 10164313.237781966105103, 2709824.48863813187927 ], [ 10164320.235095271840692, 2709824.063537713140249 ], [ 10164334.653778120875359, 2709825.06496465858072 ], [ 10164340.795738929882646, 2709830.236641133204103 ], [ 10164350.00619139149785, 2709840.206048012245446 ], [ 10164357.237675722688437, 2709840.728763063438237 ], [ 10164363.136478640139103, 2709842.70199753344059 ], [ 10164378.389179360121489, 2709849.304448436480016 ], [ 10164389.125896167010069, 2709851.258377209305763 ], [ 10164397.433167537674308, 2709851.986194596160203 ], [ 10164417.475432138890028, 2709851.906072947196662 ], [ 10164429.356419546529651, 2709851.092877675779164 ], [ 10164438.532608404755592, 2709850.464818339329213 ], [ 10164449.463962431997061, 2709851.711835528258234 ], [ 10164459.085498003289104, 2709851.904976131860167 ], [ 10164462.469284923747182, 2709872.532787195872515 ], [ 10164462.601534251123667, 2709878.213856523390859 ], [ 10164459.779891898855567, 2709881.629906189162284 ], [ 10164454.39121506549418, 2709888.153824144043028 ], [ 10164452.349739013239741, 2709890.655254005920142 ], [ 10164448.817591954022646, 2709887.96644904371351 ], [ 10164437.228200787678361, 2709881.216993140522391 ], [ 10164427.20201613754034, 2709878.598420584574342 ], [ 10164396.903921280056238, 2709873.490368071943521 ], [ 10164362.150358872488141, 2709867.969894837588072 ], [ 10164361.323739774525166, 2709858.694978129584342 ], [ 10164354.007341871038079, 2709856.0875363657251 ], [ 10164342.141856035217643, 2709854.413916140794754 ], [ 10164331.305692182853818, 2709855.0309370290488 ], [ 10164320.505247080698609, 2709856.342809735797346 ], [ 10164297.814558800309896, 2709858.033260002732277 ], [ 10164274.664963921532035, 2709860.188668077811599 ], [ 10164266.282389080151916, 2709859.858177041634917 ], [ 10164248.019656363874674, 2709857.75770124560222 ], [ 10164241.745578922331333, 2709858.003439064137638 ], [ 10164214.905672257766128, 2709870.201900274958462 ], [ 10164215.007915236055851, 2709876.633362776599824 ], [ 10164215.098298013210297, 2709899.568162932991982 ], [ 10164215.103210989385843, 2709900.804727667011321 ], [ 10164197.868975320830941, 2709903.576352051459253 ], [ 10164197.536102738231421, 2709898.839010353665799 ], [ 10164197.299382505938411, 2709895.469854466151446 ], [ 10164195.056563515216112, 2709871.958015496842563 ], [ 10164192.852291056886315, 2709872.154336313251406 ], [ 10164179.32290237210691, 2709854.677995292469859 ], [ 10164172.451817121356726, 2709848.174273975659162 ], [ 10164157.959743557497859, 2709845.286489964928478 ], [ 10164155.511927084997296, 2709856.052698686253279 ], [ 10164138.357784390449524, 2709854.10214641597122 ], [ 10164127.670523714274168, 2709850.735775092151016 ], [ 10164120.102233480662107, 2709848.239573471713811 ], [ 10164102.013592069968581, 2709845.774217183701694 ], [ 10164102.171724256128073, 2709849.71212645759806 ], [ 10164098.672201031818986, 2709849.726087814662606 ], [ 10164096.704703336581588, 2709848.752093038521707 ], [ 10164095.283458789810538, 2709844.399989816360176 ], [ 10164091.507058765739202, 2709846.52212256193161 ], [ 10164082.691006951034069, 2709847.539186902344227 ], [ 10164068.96536848321557, 2709849.84435675246641 ], [ 10164064.061208944767714, 2709849.731466840952635 ], [ 10164060.489261938259006, 2709848.046726197935641 ], [ 10164052.586720852181315, 2709852.590403742622584 ], [ 10164047.490344068035483, 2709856.593386324588209 ], [ 10164048.382089944556355, 2709860.208384951576591 ], [ 10164039.721387686207891, 2709864.468253318686038 ], [ 10164028.543376225978136, 2709867.414124208968133 ], [ 10164020.239833569154143, 2709867.634765010792762 ], [ 10164015.912874050438404, 2709866.449397661257535 ], [ 10164015.001328177750111, 2709866.199342196807265 ], [ 10164009.222578141838312, 2709864.04893409833312 ], [ 10164003.428557019680738, 2709860.806431571952999 ], [ 10163996.247745366767049, 2709859.213283154182136 ], [ 10164003.756613343954086, 2709871.727142563089728 ], [ 10164016.188427660614252, 2709889.108704460319132 ], [ 10164026.140792313963175, 2709900.851546072866768 ], [ 10164040.500089542940259, 2709911.815679610241205 ], [ 10164047.545450132340193, 2709906.845128737855703 ], [ 10164063.987471356987953, 2709926.754811568185687 ], [ 10164065.071716208010912, 2709928.06772073591128 ], [ 10164075.533281959593296, 2709935.417730933520943 ], [ 10164091.172353729605675, 2709945.383877635467798 ], [ 10164114.153181102126837, 2709961.620148374233395 ], [ 10164127.748491240665317, 2709967.97577263507992 ], [ 10164134.956927860155702, 2709973.7832300956361 ], [ 10164137.721608204767108, 2709982.189803902059793 ], [ 10164145.176944019272923, 2709994.957640242762864 ], [ 10164161.720346555113792, 2710028.385967465117574 ], [ 10164168.82270348072052, 2710040.680815256200731 ], [ 10164173.846929574385285, 2710057.330827888567001 ], [ 10164196.439859939739108, 2710061.355736915022135 ], [ 10164214.344613319262862, 2710067.208759301807731 ], [ 10164204.313911572098732, 2710077.376516721677035 ], [ 10164189.37676790356636, 2710072.945849535986781 ], [ 10164176.54350602440536, 2710067.911139571107924 ], [ 10164167.494832675904036, 2710065.608349758666009 ], [ 10164165.417579943314195, 2710061.832487083040178 ], [ 10164162.846446920186281, 2710049.674006818793714 ], [ 10164158.033689433708787, 2710039.377965150866657 ], [ 10164149.10351251065731, 2710022.600115626119077 ], [ 10164144.124815508723259, 2710011.918556989636272 ], [ 10164127.406599126756191, 2709989.777028640266508 ], [ 10164105.694891184568405, 2709969.917124219704419 ], [ 10164077.135423896834254, 2709949.466557414736599 ], [ 10164059.333081288263202, 2709936.77606088295579 ], [ 10164044.077078955247998, 2709925.900735992006958 ], [ 10164017.056543871760368, 2709903.414026890415698 ], [ 10164011.217574121430516, 2709911.082639397121966 ], [ 10164001.969041977077723, 2709924.865719371940941 ], [ 10164001.300147725269198, 2709930.527949657291174 ], [ 10164002.485016657039523, 2709941.687950769905001 ], [ 10164001.233102979138494, 2709952.515659100841731 ], [ 10163998.994051584973931, 2709963.402382779400796 ], [ 10163999.039854858070612, 2709977.843552596401423 ], [ 10163998.029375704005361, 2709980.329844429623336 ], [ 10163996.700516991317272, 2709985.531391609460115 ], [ 10163997.836874267086387, 2710003.895786069799215 ], [ 10164003.335994105786085, 2710010.250624038744718 ], [ 10164013.584569526836276, 2710021.981433839537203 ], [ 10164016.949356071650982, 2710026.767045852262527 ], [ 10164027.2164376527071, 2710037.637262690812349 ], [ 10164034.573953356593847, 2710047.868128058034927 ], [ 10164050.769756933674216, 2710068.301917303819209 ], [ 10164055.835265113040805, 2710075.949242572300136 ], [ 10164063.368061536923051, 2710086.102216982282698 ], [ 10164071.838549399748445, 2710092.047995839267969 ], [ 10164086.242934940382838, 2710097.672421162948012 ], [ 10164091.669252408668399, 2710099.438033803366125 ], [ 10164094.315373567864299, 2710100.001174806151539 ], [ 10164108.086594395339489, 2710103.664299924392253 ], [ 10164113.421895947307348, 2710104.591785324271768 ], [ 10164118.727496391162276, 2710109.12704966776073 ], [ 10164144.644160330295563, 2710132.566984360106289 ], [ 10164155.787588775157928, 2710143.058645278215408 ], [ 10164163.629161968827248, 2710148.04708122368902 ], [ 10164167.511157657951117, 2710153.227888518478721 ], [ 10164176.441507248207927, 2710164.467524520121515 ], [ 10164180.582595534622669, 2710168.566074673086405 ], [ 10164190.888899194076657, 2710175.420349262654781 ], [ 10164202.761981694027781, 2710181.73868937138468 ], [ 10164204.609086891636252, 2710182.779356216080487 ], [ 10164215.000312928110361, 2710183.333736736793071 ], [ 10164236.919814107939601, 2710180.708770881872624 ], [ 10164245.440622955560684, 2710179.89136328920722 ], [ 10164247.776976568624377, 2710168.684152156114578 ], [ 10164250.764922823756933, 2710166.918054177425802 ], [ 10164260.168889125809073, 2710161.937898228410631 ], [ 10164265.679264856502414, 2710159.98523463588208 ], [ 10164273.731933733448386, 2710160.074414268601686 ], [ 10164282.453978128731251, 2710160.194093919824809 ], [ 10164286.521326804533601, 2710159.51584812020883 ], [ 10164290.789741342887282, 2710154.203233350533992 ], [ 10164294.717254692688584, 2710148.660237749107182 ], [ 10164298.062038615345955, 2710142.832783468998969 ], [ 10164301.453074218705297, 2710140.336965858470649 ], [ 10164305.697589887306094, 2710140.088281121570617 ], [ 10164319.129785424098372, 2710141.204075317364186 ], [ 10164326.207857957109809, 2710141.738407759461552 ], [ 10164332.839621199294925, 2710143.146161923650652 ], [ 10164347.495095856487751, 2710148.449335496407002 ], [ 10164354.896219778805971, 2710150.229019709397107 ], [ 10164371.723424645140767, 2710149.863881078548729 ], [ 10164389.811501923948526, 2710149.33915939880535 ], [ 10164403.249144278466702, 2710149.042666044551879 ], [ 10164413.811519902199507, 2710151.273123451508582 ], [ 10164424.299286911264062, 2710154.066436545923352 ], [ 10164432.396702295169234, 2710157.134193111676723 ], [ 10164434.431707812473178, 2710158.527184897102416 ], [ 10164434.857435189187527, 2710160.765085342805833 ], [ 10164454.850148569792509, 2710164.689737673383206 ], [ 10164455.749690705910325, 2710164.664113122038543 ], [ 10164471.727141134440899, 2710168.582858797628433 ], [ 10164483.969654150307178, 2710171.203613424673676 ], [ 10164490.260207735002041, 2710172.347899399697781 ], [ 10164496.730161862447858, 2710171.70415612636134 ], [ 10164501.404026120901108, 2710171.806764826644212 ], [ 10164506.535410726442933, 2710171.113220013212413 ], [ 10164518.383297830820084, 2710171.065703887492418 ], [ 10164532.123482095077634, 2710172.378568270243704 ], [ 10164540.095507493242621, 2710174.255287682171911 ], [ 10164547.329418394714594, 2710178.131709489971399 ], [ 10164553.327920844778419, 2710180.303164310287684 ], [ 10164559.369400918483734, 2710182.264741708058864 ], [ 10164569.514066049829125, 2710184.242980389390141 ], [ 10164576.089953251183033, 2710185.41916877636686 ], [ 10164583.061505801975727, 2710183.979042223654687 ], [ 10164586.425786409527063, 2710183.082935981918126 ], [ 10164594.17583436332643, 2710178.782229848671705 ], [ 10164604.454992832615972, 2710175.960837830789387 ], [ 10164608.418027183040977, 2710173.892881207633764 ], [ 10164612.107803100720048, 2710172.057676777709275 ], [ 10164614.311309259384871, 2710168.915577047504485 ], [ 10164614.800722127780318, 2710167.821405095979571 ], [ 10164613.901687484234571, 2710162.441133388318121 ], [ 10164613.891711099073291, 2710159.925829637795687 ], [ 10164614.752737859264016, 2710158.510225222446024 ], [ 10164626.324193956330419, 2710152.384807716589421 ], [ 10164633.212271803990006, 2710149.301204088144004 ], [ 10164639.246899595484138, 2710146.761483661364764 ], [ 10164650.858134910464287, 2710142.35705722682178 ], [ 10164656.348542796447873, 2710140.922853797208518 ], [ 10164660.441781735047698, 2710138.479273455683142 ], [ 10164672.992690363898873, 2710130.375058128498495 ], [ 10164673.197251081466675, 2710130.057496619876474 ], [ 10164675.358620040118694, 2710126.702844209503382 ], [ 10164679.603559168055654, 2710118.245867902413011 ], [ 10164680.585215037688613, 2710105.775275320280343 ], [ 10164680.409185582771897, 2710100.149510768707842 ], [ 10164675.967435408383608, 2710086.652616961859167 ], [ 10164673.651645075529814, 2710078.100768874399364 ], [ 10164665.718482047319412, 2710058.384610590524971 ], [ 10164659.193229261785746, 2710053.402056632097811 ], [ 10164651.005390904843807, 2710046.903823637869209 ], [ 10164650.935880020260811, 2710045.944313796237111 ], [ 10164651.163610832765698, 2710045.29239485040307 ], [ 10164654.755422225221992, 2710043.656255495734513 ], [ 10164665.050106501206756, 2710036.510005013085902 ], [ 10164670.096034104004502, 2710033.632363033946604 ], [ 10164677.462156997993588, 2710026.619252930395305 ], [ 10164680.045203007757664, 2710025.119447032921016 ], [ 10164684.198137199506164, 2710026.658288103993982 ], [ 10164686.858818093314767, 2710028.136997216381133 ], [ 10164690.316620953381062, 2710039.718134040478617 ], [ 10164692.143285665661097, 2710052.166414051316679 ], [ 10164691.15997807122767, 2710064.217714856844395 ], [ 10164691.101011447608471, 2710068.697136992588639 ], [ 10164693.267356654629111, 2710075.528518723323941 ], [ 10164699.460803139954805, 2710085.34459918551147 ], [ 10164706.747495025396347, 2710094.229450536891818 ], [ 10164719.988043138757348, 2710110.581493963487446 ], [ 10164727.741942133754492, 2710121.075219925958663 ], [ 10164745.343065092340112, 2710124.976090291514993 ], [ 10164742.195238552987576, 2710136.175687147770077 ], [ 10164750.748858831822872, 2710143.610310487449169 ], [ 10164767.309615831822157, 2710161.76920610293746 ], [ 10164778.521516306325793, 2710172.811799357179552 ], [ 10164776.723025968298316, 2710184.00594353210181 ], [ 10164789.931569224223495, 2710195.051522098947316 ], [ 10164794.328955052420497, 2710191.867442147806287 ], [ 10164804.550190886482596, 2710185.526720527093858 ], [ 10164814.554548554122448, 2710174.343606891110539 ], [ 10164818.632871925830841, 2710170.918138874229044 ], [ 10164829.059069592505693, 2710180.231689358130097 ], [ 10164833.573182970285416, 2710184.317618777509779 ], [ 10164839.743554472923279, 2710191.077759982086718 ], [ 10164843.362348183989525, 2710196.204282039310783 ], [ 10164843.809175502508879, 2710198.232453010976315 ], [ 10164842.762365393340588, 2710199.825361432041973 ], [ 10164837.698593052104115, 2710203.718185895122588 ], [ 10164832.448745461180806, 2710210.491202951874584 ], [ 10164828.23899077065289, 2710213.97245574509725 ], [ 10164835.377617413178086, 2710221.434748143423349 ], [ 10164843.704585153609514, 2710224.291689790319651 ], [ 10164846.602968756109476, 2710224.831677247770131 ], [ 10164848.342608375474811, 2710223.666185689158738 ], [ 10164849.902962390333414, 2710221.54171407641843 ], [ 10164851.947406, 2710219.779282486531883 ], [ 10164853.262884182855487, 2710219.531301731709391 ], [ 10164855.249646628275514, 2710222.557209118735045 ], [ 10164858.694341531023383, 2710228.070632480550557 ], [ 10164864.455364247784019, 2710233.93879242008552 ], [ 10164875.397823678329587, 2710243.426752896048129 ], [ 10164879.696780867874622, 2710248.561631952878088 ], [ 10164883.836960474029183, 2710257.900495153386146 ], [ 10164887.204244203865528, 2710268.74293175060302 ], [ 10164889.346276266500354, 2710274.923640036489815 ], [ 10164896.460434215143323, 2710284.493200361263007 ], [ 10164900.287821413949132, 2710289.674145849887282 ], [ 10164901.11945541203022, 2710291.888285065535456 ], [ 10164900.997892601415515, 2710294.404302194248885 ], [ 10164899.397327361628413, 2710297.444743643980473 ], [ 10164896.450333628803492, 2710298.46048864396289 ], [ 10164889.1430908087641, 2710300.994438536930829 ], [ 10164878.325503932312131, 2710303.5864841286093 ], [ 10164875.457239108160138, 2710316.120121309999377 ], [ 10164871.271882545202971, 2710322.977232053410262 ], [ 10164868.974127940833569, 2710329.992124449461699 ], [ 10164868.327644338831306, 2710335.698605190496892 ], [ 10164872.659612890332937, 2710338.097223463933915 ], [ 10164877.167329771444201, 2710340.539393647573888 ], [ 10164879.828785790130496, 2710342.216592098586261 ], [ 10164880.120395300909877, 2710343.804091830737889 ], [ 10164881.644477149471641, 2710346.35755178052932 ], [ 10164885.321500182151794, 2710349.575322886463255 ], [ 10164891.799087077379227, 2710356.301128710620105 ], [ 10164896.914189625531435, 2710362.513952905777842 ], [ 10164901.373918175697327, 2710369.435441302135587 ], [ 10164915.646497890353203, 2710383.168711281381547 ], [ 10164917.137993797659874, 2710388.546584241092205 ], [ 10164924.090924320742488, 2710393.428081044927239 ], [ 10164930.60094540566206, 2710397.285258322488517 ], [ 10164934.361791668459773, 2710399.531790818553418 ], [ 10164936.939184775575995, 2710402.09200493292883 ], [ 10164939.446473818272352, 2710406.28612206550315 ], [ 10164940.340856719762087, 2710407.782215292099863 ], [ 10164944.754504110664129, 2710414.152316179126501 ], [ 10164949.520887222141027, 2710418.193074151873589 ], [ 10164956.07519, 2710424.89651560690254 ], [ 10164964.259013095870614, 2710433.071757765486836 ], [ 10164972.456070743501186, 2710439.08459653891623 ], [ 10164981.18718783557415, 2710446.937723 ], [ 10164984.287658214569092, 2710448.635246433317661 ], [ 10164988.553613495081663, 2710450.979004818014801 ], [ 10164992.866381514817476, 2710454.039734873455018 ], [ 10164996.364997485652566, 2710453.793836364988238 ], [ 10165003.132077161222696, 2710456.083389268256724 ], [ 10165007.268569622188807, 2710456.22117810184136 ], [ 10165011.427068665623665, 2710456.369896138552576 ], [ 10165016.108821868896484, 2710455.700030595064163 ], [ 10165020.729109283536673, 2710453.353388057556003 ], [ 10165025.443277966231108, 2710449.803906284738332 ], [ 10165030.806630838662386, 2710443.99006281606853 ], [ 10165036.377636585384607, 2710437.98791183065623 ], [ 10165040.721448829397559, 2710432.365700457710773 ], [ 10165043.357046822085977, 2710427.544829966966063 ], [ 10165048.038445830345154, 2710421.270359025336802 ], [ 10165051.320916986092925, 2710416.347566560842097 ], [ 10165056.294458324089646, 2710409.079016708303243 ], [ 10165056.164168279618025, 2710406.674455245025456 ], [ 10165056.262925932183862, 2710401.201837949920446 ], [ 10165058.606061197817326, 2710394.561732745263726 ], [ 10165059.878948122262955, 2710389.15054562035948 ], [ 10165060.956333940848708, 2710384.236687138210982 ], [ 10165063.186815584078431, 2710376.857911442872137 ], [ 10165064.034607170149684, 2710374.868586902972311 ], [ 10165066.146101647987962, 2710365.206429411657155 ], [ 10165067.000766212120652, 2710360.446714708115906 ], [ 10165067.755880223587155, 2710356.241458619013429 ], [ 10165068.261369319632649, 2710348.218703507911414 ], [ 10165068.065447306260467, 2710340.364311545155942 ], [ 10165067.333399055525661, 2710332.898236294742674 ], [ 10165065.938614306971431, 2710327.023425508756191 ], [ 10165064.045212557539344, 2710319.926085732411593 ], [ 10165062.390501704066992, 2710314.890962855424732 ], [ 10165067.467021320015192, 2710314.164254586212337 ], [ 10165070.632960671558976, 2710313.048202609177679 ], [ 10165077.846850410103798, 2710311.860624308697879 ], [ 10165083.700579065829515, 2710310.722637170460075 ], [ 10165089.108075505122542, 2710310.480158290825784 ], [ 10165090.113227389752865, 2710314.92220627842471 ], [ 10165090.02336448431015, 2710319.876159641891718 ], [ 10165087.527446314692497, 2710326.715467376168817 ], [ 10165086.350393725559115, 2710334.134210801683366 ], [ 10165087.196433, 2710339.955879878718406 ], [ 10165090.719055276364088, 2710345.711692853365093 ], [ 10165096.097392363473773, 2710351.890254609752446 ], [ 10165100.264865661039948, 2710357.025693934876472 ], [ 10165102.617180084809661, 2710358.185659755021334 ], [ 10165104.219777109101415, 2710358.388732086867094 ], [ 10165107.825565040111542, 2710357.513654069509357 ], [ 10165110.205180648714304, 2710357.261339883785695 ], [ 10165113.206043725833297, 2710356.002459123730659 ], [ 10165116.82916365750134, 2710353.979833059478551 ], [ 10165119.133941585198045, 2710351.455132103990763 ], [ 10165121.578957272693515, 2710348.37807349069044 ], [ 10165124.305195378139615, 2710344.273986402433366 ], [ 10165126.066211337223649, 2710342.965002708137035 ], [ 10165128.297422878444195, 2710344.015088630374521 ], [ 10165129.867733465507627, 2710344.394933631643653 ], [ 10165129.869173849001527, 2710344.747918670531362 ], [ 10165133.450684824958444, 2710343.277181778103113 ], [ 10165137.437764888629317, 2710341.72747837100178 ], [ 10165143.414659589529037, 2710338.470754200126976 ], [ 10165150.640156978741288, 2710334.712464916054159 ], [ 10165154.910797649994493, 2710332.731315599288791 ], [ 10165158.710784170776606, 2710331.027970783412457 ], [ 10165160.987018134444952, 2710329.639695191755891 ], [ 10165166.998177384957671, 2710326.702693626284599 ], [ 10165170.261329278349876, 2710325.189061209559441 ], [ 10165173.63229620270431, 2710323.200546141248196 ], [ 10165179.565787920728326, 2710320.076334598939866 ], [ 10165181.379683708772063, 2710323.753887741826475 ], [ 10165184.221998700872064, 2710329.457229874096811 ], [ 10165185.646540643647313, 2710334.52653292985633 ], [ 10165187.576525148004293, 2710339.792252757120878 ], [ 10165183.876496119424701, 2710341.815206720028073 ], [ 10165179.902902057394385, 2710343.993679053615779 ], [ 10165176.502756467089057, 2710346.898080938495696 ], [ 10165173.38458164781332, 2710348.995779972989112 ], [ 10165169.827228570356965, 2710351.029153233859688 ], [ 10165165.724861299619079, 2710353.936342430301011 ], [ 10165163.73691675439477, 2710356.106845064554363 ], [ 10165163.644497230648994, 2710360.398841141257435 ], [ 10165163.308556947857141, 2710364.184376514516771 ], [ 10165160.147147497162223, 2710366.470009183976799 ], [ 10165155.859901327639818, 2710369.752984927501529 ], [ 10165149.807819485664368, 2710373.407238330226392 ], [ 10165145.521791541948915, 2710377.043307423591614 ], [ 10165140.871347757056355, 2710380.029902332928032 ], [ 10165137.586765447631478, 2710381.698068819474429 ], [ 10165135.821845972910523, 2710382.025126670952886 ], [ 10165131.141214078292251, 2710382.981846418697387 ], [ 10165127.269145227968693, 2710383.118881152942777 ], [ 10165124.089295534417033, 2710383.528943597339094 ], [ 10165120.93386921659112, 2710384.55671554338187 ], [ 10165115.938815142959356, 2710386.441499228123575 ], [ 10165115.021449841558933, 2710386.98017554031685 ], [ 10165111.757932664826512, 2710388.896597203798592 ], [ 10165108.975629821419716, 2710389.966986001934856 ], [ 10165106.006658427417278, 2710390.960873431991786 ], [ 10165103.155876809731126, 2710391.369636062998325 ], [ 10165101.201105559244752, 2710390.869997467380017 ], [ 10165096.919220482930541, 2710392.773968779947609 ], [ 10165093.495763424783945, 2710398.105492020957172 ], [ 10165091.357486214488745, 2710403.829049585387111 ], [ 10165089.849963247776031, 2710408.182005329988897 ], [ 10165090.202517230063677, 2710416.775023794732988 ], [ 10165090.401951886713505, 2710425.490029494278133 ], [ 10165092.992396311834455, 2710434.085089531727135 ], [ 10165094.126800967380404, 2710437.930887491442263 ], [ 10165099.299028560519218, 2710441.925888917874545 ], [ 10165101.37824060767889, 2710443.380291952285916 ], [ 10165106.449921464547515, 2710446.927858020178974 ], [ 10165111.82778212800622, 2710450.215876091271639 ], [ 10165110.996123941615224, 2710453.506920992862433 ], [ 10165108.93333562836051, 2710458.910336845554411 ], [ 10165107.496351895853877, 2710461.696332514751703 ], [ 10165104.315509466454387, 2710461.852597327437252 ], [ 10165101.372740020975471, 2710461.180514115840197 ], [ 10165098.805867621675134, 2710461.257134378887713 ], [ 10165095.467738199979067, 2710460.49836303666234 ], [ 10165094.397964961826801, 2710460.346517106518149 ], [ 10165089.650022223591805, 2710459.672409355640411 ], [ 10165083.911459481343627, 2710459.441840946208686 ], [ 10165077.901206782087684, 2710459.863297032192349 ], [ 10165074.963000401854515, 2710460.349582619965076 ], [ 10165069.092233408242464, 2710462.734321671072394 ], [ 10165062.417010048404336, 2710469.689793258905411 ], [ 10165058.167691009119153, 2710476.999655643943697 ], [ 10165055.57692669518292, 2710482.074144358281046 ], [ 10165052.252912005409598, 2710490.328944060020149 ], [ 10165049.490431200712919, 2710496.330959396902472 ], [ 10165048.761976299807429, 2710500.735921722371131 ], [ 10165049.158195262774825, 2710503.812498628161848 ], [ 10165048.759266316890717, 2710508.282333799172193 ], [ 10165048.138697925955057, 2710514.95958963688463 ], [ 10165044.133453916758299, 2710517.480294331908226 ], [ 10165049.188207587227225, 2710525.028297678101808 ], [ 10165056.922375338152051, 2710538.710679887793958 ], [ 10165064.838227417320013, 2710551.167780309449881 ], [ 10165070.257483180612326, 2710559.343221196439117 ], [ 10165074.545247038826346, 2710564.367841510567814 ], [ 10165083.321051793172956, 2710572.419384215958416 ], [ 10165083.5407401509583, 2710572.473603651393205 ], [ 10165086.556989632546902, 2710575.04306723549962 ], [ 10165091.542176969349384, 2710578.917492881417274 ], [ 10165096.298358097672462, 2710583.112820358015597 ], [ 10165099.637144602835178, 2710586.795226828660816 ], [ 10165100.188129918649793, 2710587.41082808515057 ], [ 10165103.843439318239689, 2710590.661777787376195 ], [ 10165110.988529480993748, 2710597.925101628061384 ], [ 10165111.378155335783958, 2710598.321087093558162 ], [ 10165117.971476316452026, 2710603.78882141970098 ], [ 10165123.525699224323034, 2710607.296749413944781 ], [ 10165124.724151536822319, 2710607.942862804979086 ], [ 10165128.921218521893024, 2710609.492533351294696 ], [ 10165133.997413350269198, 2710611.424874627962708 ], [ 10165136.158270504325628, 2710611.327802739106119 ], [ 10165140.672416865825653, 2710612.622452404815704 ], [ 10165143.635503955185413, 2710612.864144596736878 ], [ 10165148.135757688432932, 2710616.18899842351675 ], [ 10165151.95004354044795, 2710618.038029432762414 ], [ 10165160.325956210494041, 2710619.339011586271226 ], [ 10165167.102310745045543, 2710618.451009105425328 ], [ 10165175.081945296376944, 2710616.686578946653754 ], [ 10165184.493620406836271, 2710613.625513007864356 ], [ 10165187.658321822062135, 2710612.178372384980321 ], [ 10165190.976563982665539, 2710610.686603881418705 ], [ 10165195.879825040698051, 2710607.787079616915435 ], [ 10165198.612489243969321, 2710605.282619183883071 ], [ 10165203.148822635412216, 2710603.896180346142501 ], [ 10165210.227117018774152, 2710601.694025945849717 ], [ 10165215.136848511174321, 2710600.405393833294511 ], [ 10165220.781617490574718, 2710599.124713412486017 ], [ 10165222.846891179680824, 2710599.822516565211117 ], [ 10165228.611150955781341, 2710606.440884125884622 ], [ 10165236.89641504175961, 2710615.244567888788879 ], [ 10165240.539954094216228, 2710618.285880525130779 ], [ 10165241.153210997581482, 2710620.754711335059255 ], [ 10165251.511732514947653, 2710621.264330010861158 ], [ 10165259.033856919035316, 2710623.043248842004687 ], [ 10165263.632424896582961, 2710623.52099701622501 ], [ 10165271.04794367775321, 2710626.061628073453903 ], [ 10165290.517080659046769, 2710633.275293331593275 ], [ 10165292.653939425945282, 2710635.418063474819064 ], [ 10165295.410346485674381, 2710641.563209080602974 ], [ 10165298.853475088253617, 2710649.338342158589512 ], [ 10165304.483969960361719, 2710660.889012834057212 ], [ 10165310.056070489808917, 2710674.293328844942153 ], [ 10165313.777311349287629, 2710685.763354158960283 ], [ 10165313.692207731306553, 2710689.161853699479252 ], [ 10165314.7373226005584, 2710695.358083508443087 ], [ 10165313.358593871816993, 2710696.235304524190724 ], [ 10165306.109669629484415, 2710699.651772941928357 ], [ 10165308.371007574722171, 2710702.742852597031742 ], [ 10165312.370588228106499, 2710707.018353163264692 ], [ 10165315.564882948994637, 2710710.193916589487344 ], [ 10165327.221437685191631, 2710725.239573923870921 ], [ 10165336.537468813359737, 2710736.609730394557118 ], [ 10165343.377481544390321, 2710746.103370219934732 ], [ 10165351.955879839137197, 2710759.561789631377906 ], [ 10165361.089121736586094, 2710771.859465228393674 ], [ 10165361.243645468726754, 2710772.0684166084975 ], [ 10165373.96974659524858, 2710793.895060631912202 ], [ 10165374.102467125281692, 2710794.170330326538533 ], [ 10165375.818577298894525, 2710798.068990833126009 ], [ 10165386.590809678658843, 2710816.880448045674711 ], [ 10165388.401560947299004, 2710819.75268753990531 ], [ 10165392.225837368518114, 2710818.600797290913761 ], [ 10165405.130320888012648, 2710819.265443360898644 ], [ 10165415.718889044597745, 2710819.696879315655679 ], [ 10165427.63748312741518, 2710815.279361799824983 ], [ 10165434.374490596354008, 2710812.769573161844164 ], [ 10165442.315673850476742, 2710809.592907194048166 ], [ 10165450.467922952026129, 2710807.088297847658396 ], [ 10165461.338498532772064, 2710803.976937273982912 ], [ 10165460.028378354385495, 2710800.109694438055158 ], [ 10165469.545227250084281, 2710787.747220061719418 ], [ 10165475.021401382982731, 2710782.716016661841422 ], [ 10165484.070528736338019, 2710774.073497293982655 ], [ 10165498.68623985722661, 2710782.873455056454986 ], [ 10165504.079442195594311, 2710787.220538047142327 ], [ 10165496.464408909901977, 2710800.524125373922288 ], [ 10165487.694656016305089, 2710815.89563040388748 ], [ 10165484.754548689350486, 2710815.907537823077291 ], [ 10165476.436130812391639, 2710815.29048267705366 ], [ 10165476.717249682173133, 2710819.735601513180882 ], [ 10165473.864429282024503, 2710827.801282281521708 ], [ 10165469.918100034818053, 2710836.776019370183349 ], [ 10165466.417644998058677, 2710844.789262702688575 ], [ 10165465.939022917300463, 2710851.267514379229397 ], [ 10165466.120145117864013, 2710860.843395648989826 ], [ 10165467.872401900589466, 2710865.503239770885557 ], [ 10165468.582066938281059, 2710872.826173349283636 ], [ 10165469.875045772641897, 2710887.182973597664386 ], [ 10165470.62616796977818, 2710895.523763801902533 ], [ 10165464.70119209215045, 2710898.085428174119443 ], [ 10165467.93439674936235, 2710908.189633038360626 ], [ 10165470.461023902520537, 2710914.479104172904044 ], [ 10165473.501234315335751, 2710928.423523507080972 ], [ 10165473.606067296117544, 2710935.396041067317128 ], [ 10165474.451488167047501, 2710941.008326478302479 ], [ 10165476.004264853894711, 2710945.172495015431195 ], [ 10165479.500828292220831, 2710952.572520787362009 ], [ 10165481.314863387495279, 2710956.25007586972788 ], [ 10165484.269440200179815, 2710962.538012290839106 ], [ 10165486.76930014975369, 2710964.888851269613951 ], [ 10165491.012553378939629, 2710966.978901667986065 ], [ 10165493.788622342050076, 2710967.100033275783062 ], [ 10165495.540908113121986, 2710969.034705169964582 ], [ 10165498.32461753487587, 2710971.042409604415298 ], [ 10165501.328853918239474, 2710973.336076641920954 ], [ 10165504.046371268108487, 2710975.222659295424819 ], [ 10165511.628696326166391, 2710970.105616676155478 ], [ 10165524.267617272213101, 2710959.296887263190001 ], [ 10165534.849934425204992, 2710949.963998724706471 ], [ 10165542.970070239156485, 2710944.910907933022827 ], [ 10165550.009356424212456, 2710941.164131135679781 ], [ 10165554.357207616791129, 2710939.270817641634494 ], [ 10165560.343546841293573, 2710938.330634535290301 ], [ 10165564.173648601397872, 2710938.623934427276254 ], [ 10165572.271501922979951, 2710941.680182870943099 ], [ 10165583.334506435319781, 2710945.441539296880364 ], [ 10165598.5605478156358, 2710947.740450739860535 ], [ 10165608.706159820780158, 2710949.82851315708831 ], [ 10165622.891973871737719, 2710952.628225888125598 ], [ 10165632.317484356462955, 2710952.998058381956071 ], [ 10165639.762384871020913, 2710951.886372915003449 ], [ 10165652.013360798358917, 2710948.272755043581128 ], [ 10165660.222732039168477, 2710946.308488689363003 ], [ 10165664.846655681729317, 2710944.877385379746556 ], [ 10165681.387247243896127, 2710935.818012429401278 ], [ 10165691.67973493039608, 2710928.063790997490287 ], [ 10165698.045243700966239, 2710923.216429180465639 ], [ 10165708.680162755772471, 2710913.364591888617724 ], [ 10165716.465875804424286, 2710907.010908432304859 ], [ 10165725.265821535140276, 2710901.877717732451856 ], [ 10165733.784881139174104, 2710897.848957454320043 ], [ 10165735.230484874919057, 2710897.192113856784999 ], [ 10165743.698507379740477, 2710894.101363531313837 ], [ 10165762.389109360054135, 2710882.274860226083547 ], [ 10165772.461947904899716, 2710874.49953755363822 ], [ 10165781.680393630638719, 2710867.069794084876776 ], [ 10165786.922907514497638, 2710861.26713738637045 ], [ 10165793.854369420558214, 2710852.566864693071693 ], [ 10165803.197552941739559, 2710837.998219616245478 ], [ 10165807.931631626561284, 2710831.270788035355508 ], [ 10165812.228816255927086, 2710824.986541730351746 ], [ 10165818.111735686659813, 2710820.18521561473608 ], [ 10165820.789531368762255, 2710814.988740042317659 ], [ 10165821.671730095520616, 2710807.957150000613183 ], [ 10165822.795831887051463, 2710798.36494328500703 ], [ 10165825.80095961689949, 2710790.022721774876118 ], [ 10165829.09472150914371, 2710782.506848400458694 ], [ 10165840.096641886979342, 2710782.042671124916524 ], [ 10165852.316033679991961, 2710781.496134614106268 ], [ 10165852.695189245045185, 2710772.171730081550777 ], [ 10165852.211932310834527, 2710744.933542411308736 ], [ 10165849.791036576032639, 2710734.980755705852062 ], [ 10165851.070736767724156, 2710720.478264732751995 ], [ 10165865.149596197530627, 2710718.589125918690115 ], [ 10165865.217802217230201, 2710721.87672728439793 ], [ 10165871.11081257276237, 2710735.842242572456598 ], [ 10165878.041047334671021, 2710748.556833757087588 ], [ 10165879.886555708944798, 2710751.180031822994351 ], [ 10165882.421658640727401, 2710754.783520569559187 ], [ 10165886.512347381561995, 2710757.138844577595592 ], [ 10165901.9877012334764, 2710766.861730008386075 ], [ 10165900.084484143182635, 2710768.259613596368581 ], [ 10165896.824324550107121, 2710773.22675944538787 ], [ 10165890.223640911281109, 2710782.300774359609932 ], [ 10165882.657864751294255, 2710794.159047567285597 ], [ 10165873.962275387719274, 2710806.044092662632465 ], [ 10165868.603719782084227, 2710813.016754813026637 ], [ 10165866.519587337970734, 2710815.805538017768413 ], [ 10165858.662162015214562, 2710823.373281818814576 ], [ 10165849.949448062106967, 2710831.076809595804662 ], [ 10165840.247118754312396, 2710838.188663839828223 ], [ 10165831.721202190965414, 2710843.254586119670421 ], [ 10165824.648670505732298, 2710846.880228072870523 ], [ 10165821.90500894933939, 2710850.601345255039632 ], [ 10165812.45008173212409, 2710863.424465393647552 ], [ 10165805.972227249294519, 2710873.027531207539141 ], [ 10165803.739093387499452, 2710876.964490568265319 ], [ 10165809.303016219288111, 2710885.929225243628025 ], [ 10165810.972226703539491, 2710888.618745094630867 ], [ 10165812.971500100567937, 2710891.964663382153958 ], [ 10165810.183563355356455, 2710894.359161293134093 ], [ 10165805.02313013933599, 2710895.110018703620881 ], [ 10165799.416459476575255, 2710895.925801598466933 ], [ 10165776.036385307088494, 2710898.415526382625103 ], [ 10165764.359918052330613, 2710905.722964632324874 ], [ 10165754.012629518285394, 2710913.466304301749915 ], [ 10165743.318331502377987, 2710922.204039137344807 ], [ 10165726.954425333067775, 2710939.692071987316012 ], [ 10165720.517416298389435, 2710945.86375672603026 ], [ 10165705.272259855642915, 2710965.984036288224161 ], [ 10165689.459845293313265, 2710989.659329863730818 ], [ 10165685.706882989034057, 2710997.59644097276032 ], [ 10165683.04555032402277, 2711015.050617307890207 ], [ 10165680.455089198425412, 2711031.025999522767961 ], [ 10165675.576845960691571, 2711032.005800116341561 ], [ 10165676.358508983626962, 2711038.092820167075843 ], [ 10165676.10192497074604, 2711047.913386706728488 ], [ 10165679.189897356554866, 2711062.773383682593703 ], [ 10165674.570294545963407, 2711068.032941123005003 ], [ 10165685.352600026875734, 2711072.909784713294357 ], [ 10165688.232184115797281, 2711074.1778599540703 ], [ 10165693.564160689711571, 2711076.903314098250121 ], [ 10165694.975835189223289, 2711078.729082887992263 ], [ 10165697.468068484216928, 2711087.324757643975317 ], [ 10165700.858149453997612, 2711092.76121335150674 ], [ 10165707.061799328774214, 2711099.432954770512879 ], [ 10165718.577430626377463, 2711103.887464985717088 ], [ 10165719.881549336016178, 2711102.642698797397316 ], [ 10165720.632090678438544, 2711101.926247034221888 ], [ 10165724.684458632022142, 2711102.924752430059016 ], [ 10165730.143691318109632, 2711107.249551935587078 ], [ 10165743.049465687945485, 2711119.057340940926224 ], [ 10165753.437567187473178, 2711129.529574715998024 ], [ 10165759.950659031048417, 2711131.323368483688682 ], [ 10165768.909541431814432, 2711132.919690555892885 ], [ 10165781.876790121197701, 2711135.492531561758369 ], [ 10165797.454017702490091, 2711137.767873056232929 ], [ 10165806.506096770986915, 2711140.676705232821405 ], [ 10165809.637505710124969, 2711141.844464284367859 ], [ 10165814.301126059144735, 2711144.782281208783388 ], [ 10165827.574743263423443, 2711147.111206697300076 ], [ 10165840.958300229161978, 2711146.82473207777366 ], [ 10165844.89499550126493, 2711154.487694894894958 ], [ 10165840.098395202308893, 2711162.065044223330915 ], [ 10165836.525868777185678, 2711168.489984451793134 ], [ 10165837.296916762366891, 2711169.237044383306056 ], [ 10165836.496992835775018, 2711177.614540715236217 ], [ 10165836.286691881716251, 2711188.00867127859965 ], [ 10165837.340854989364743, 2711193.664341719355434 ], [ 10165845.362214792519808, 2711215.720034021884203 ], [ 10165846.974907502532005, 2711219.299451128579676 ], [ 10165849.3366070818156, 2711224.541338050272316 ], [ 10165851.205112315714359, 2711233.514739576261491 ], [ 10165852.068573411554098, 2711243.551465719472617 ], [ 10165850.876803696155548, 2711249.99975712923333 ], [ 10165851.772002004086971, 2711251.595954567193985 ], [ 10165858.342084249481559, 2711262.028592218179256 ], [ 10165870.826659485697746, 2711288.986854443792254 ], [ 10165877.358655082061887, 2711300.820866494439542 ], [ 10165886.867901001125574, 2711316.394032584968954 ], [ 10165893.586458558216691, 2711325.535181669518352 ], [ 10165900.995273601263762, 2711326.332327859010547 ], [ 10165918.624637443572283, 2711328.698478653561324 ], [ 10165924.949177592992783, 2711329.941362042445689 ], [ 10165942.114875016734004, 2711331.592294221743941 ], [ 10165946.913289388641715, 2711332.565572689753026 ], [ 10165951.453446093946695, 2711332.105652302037925 ], [ 10165953.898589363321662, 2711331.731594345998019 ], [ 10165959.959866028279066, 2711327.58020725985989 ], [ 10165969.257314894348383, 2711323.360544708557427 ], [ 10165983.372629353776574, 2711314.089794613420963 ], [ 10165990.590429725125432, 2711311.059153791517019 ], [ 10165996.908982498571277, 2711305.439355013892055 ], [ 10166003.187140645459294, 2711300.669293710496277 ], [ 10166010.698061911389232, 2711296.887218567542732 ], [ 10166014.675226768478751, 2711295.568924569524825 ], [ 10166020.310651568695903, 2711291.915843185968697 ], [ 10166030.303147241473198, 2711294.070486960466951 ], [ 10166038.728651141747832, 2711296.672830849420279 ], [ 10166057.055054, 2711300.459289680700749 ], [ 10166075.275054628029466, 2711305.062568939290941 ], [ 10166081.407058944925666, 2711306.473903717473149 ], [ 10166091.099394023418427, 2711308.704749916214496 ], [ 10166095.252964762970805, 2711310.298544720746577 ], [ 10166112.257654698565602, 2711310.096341577358544 ], [ 10166136.954591322690248, 2711312.951789129059762 ], [ 10166146.673051871359348, 2711312.448423368856311 ], [ 10166150.881773194298148, 2711311.415977083612233 ], [ 10166155.753787850961089, 2711308.913488650228828 ], [ 10166156.224769303575158, 2711308.712997625116259 ], [ 10166158.966751294210553, 2711308.5030771009624 ], [ 10166165.655627110973001, 2711294.143331067170948 ], [ 10166170.737388337031007, 2711283.86150044715032 ], [ 10166172.011318638920784, 2711278.769897975493222 ], [ 10166185.459109123796225, 2711278.052633092273027 ], [ 10166194.898700956255198, 2711279.117102323565632 ], [ 10166202.631871551275253, 2711281.435385682154447 ], [ 10166201.844560544937849, 2711284.770684350747615 ], [ 10166194.679954895749688, 2711306.248852173797786 ], [ 10166191.40176142565906, 2711314.901349021587521 ], [ 10166199.42539587430656, 2711329.266809213440865 ], [ 10166203.405047710984945, 2711339.334861371666193 ], [ 10166212.746289642527699, 2711353.981792827602476 ], [ 10166218.567139528691769, 2711366.259968685917556 ], [ 10166223.074111403897405, 2711376.491361550521106 ], [ 10166226.025248667225242, 2711384.544554766267538 ], [ 10166229.840948009863496, 2711395.970940182451159 ], [ 10166232.589271238073707, 2711404.201079121790826 ], [ 10166253.654741439968348, 2711420.476879723370075 ], [ 10166272.919520938768983, 2711436.428952233865857 ], [ 10166278.076796822249889, 2711440.376154587604105 ], [ 10166284.519475871697068, 2711445.307209540624171 ], [ 10166287.102183723822236, 2711446.422011573333293 ], [ 10166296.675690557807684, 2711450.685495666693896 ], [ 10166309.360641757026315, 2711453.899151782505214 ], [ 10166319.125476002693176, 2711456.672388312872499 ], [ 10166332.506871066987514, 2711458.459847294725478 ], [ 10166342.659518897533417, 2711472.937836462631822 ], [ 10166343.910018594935536, 2711475.580719985067844 ], [ 10166339.710247237235308, 2711489.56638470897451 ], [ 10166339.604418590664864, 2711493.218918099999428 ], [ 10166343.349378518760204, 2711502.217662441078573 ], [ 10166350.255812603980303, 2711516.985116664785892 ], [ 10166354.886840745806694, 2711525.340308515354991 ], [ 10166360.637225428596139, 2711531.053982788696885 ], [ 10166377.874842658638954, 2711547.577174937818199 ], [ 10166387.79413441196084, 2711555.899657672736794 ], [ 10166398.388135781511664, 2711565.576378544792533 ], [ 10166415.970927903428674, 2711580.630734611302614 ], [ 10166424.866427881643176, 2711588.140883523970842 ], [ 10166426.511248944327235, 2711595.978906497359276 ], [ 10166426.965660858899355, 2711607.83803152712062 ], [ 10166430.655212668702006, 2711624.737161966972053 ], [ 10166434.824817465618253, 2711635.587971984408796 ], [ 10166443.423660507425666, 2711664.4603121727705 ], [ 10166445.661061914637685, 2711669.647788886446506 ], [ 10166448.084706407040358, 2711672.065181852318347 ], [ 10166462.213623940944672, 2711684.927145853638649 ], [ 10166465.821134518831968, 2711689.767015751451254 ], [ 10166466.487862437963486, 2711699.904035587795079 ], [ 10166469.266073724254966, 2711730.047288604080677 ], [ 10166473.691466178745031, 2711763.207025174517184 ], [ 10166475.271428987383842, 2711787.408269367646426 ], [ 10166456.654563, 2711790.541427731979638 ], [ 10166453.945434195920825, 2711774.653171914163977 ], [ 10166450.027763571590185, 2711752.944260356016457 ], [ 10166447.644493969157338, 2711741.60051180748269 ], [ 10166442.485290868207812, 2711722.158537094946951 ], [ 10166440.004734709858894, 2711705.80608958657831 ], [ 10166439.209479032084346, 2711701.815147816203535 ], [ 10166432.540727131068707, 2711688.834171168040484 ], [ 10166424.914022129029036, 2711675.051710829138756 ], [ 10166419.320626605302095, 2711659.407126443926245 ], [ 10166416.836684051901102, 2711642.216153608635068 ], [ 10166408.315177520737052, 2711610.783687472809106 ], [ 10166405.146941902115941, 2711608.70051526138559 ], [ 10166399.558859813958406, 2711605.137625677045435 ], [ 10166388.563951283693314, 2711597.269716769922525 ], [ 10166384.704079907387495, 2711594.507540442980826 ], [ 10166372.180379377678037, 2711579.763201957102865 ], [ 10166360.341119745746255, 2711568.734459752216935 ], [ 10166347.368965696543455, 2711554.334112554322928 ], [ 10166332.018798775970936, 2711532.507041324395686 ], [ 10166319.818359516561031, 2711513.601894945837557 ], [ 10166309.320841778069735, 2711500.658844944555312 ], [ 10166294.751558408141136, 2711484.676353092771024 ], [ 10166285.964811081066728, 2711476.922902246005833 ], [ 10166281.219187919050455, 2711470.068716375157237 ], [ 10166274.11152789928019, 2711465.11086371447891 ], [ 10166262.095705201849341, 2711459.191232547629625 ], [ 10166251.316412774845958, 2711455.175400646403432 ], [ 10166233.657201748341322, 2711448.230868969578296 ], [ 10166222.396060632541776, 2711444.404509572312236 ], [ 10166219.22163780964911, 2711435.403308887034655 ], [ 10166216.162352981045842, 2711427.758732433896512 ], [ 10166213.676947357133031, 2711423.598299432080239 ], [ 10166195.629828248172998, 2711402.201681542210281 ], [ 10166193.552764546126127, 2711398.657516769599169 ], [ 10166185.089613728225231, 2711389.512539089191705 ], [ 10166173.911703370511532, 2711376.472983507905155 ], [ 10166170.778998205438256, 2711375.018439003266394 ], [ 10166155.760880526155233, 2711364.620653061661869 ], [ 10166152.010151734575629, 2711362.285969178657979 ], [ 10166144.433539289981127, 2711358.014147439971566 ], [ 10166135.808403486385942, 2711357.586218579206616 ], [ 10166127.797663431614637, 2711351.760401509702206 ], [ 10166119.677964659407735, 2711348.825762157794088 ], [ 10166105.94122002273798, 2711343.244237889535725 ], [ 10166090.12478856369853, 2711338.873806767165661 ], [ 10166069.439437530934811, 2711335.041993342805654 ], [ 10166066.094678310677409, 2711335.408757493831217 ], [ 10166055.680056478828192, 2711334.701192492619157 ], [ 10166037.444933099672198, 2711334.478161144070327 ], [ 10166030.527294414117932, 2711335.786415148060769 ], [ 10166020.139891745522618, 2711339.061791243031621 ], [ 10166009.099455647170544, 2711343.652839147951454 ], [ 10165998.254179604351521, 2711350.383552904240787 ], [ 10165993.372057048603892, 2711350.403536318801343 ], [ 10165986.49581235088408, 2711351.071619607508183 ], [ 10165980.448247084394097, 2711353.181748275179416 ], [ 10165974.665868245065212, 2711355.754199620801955 ], [ 10165957.506735442206264, 2711366.581982696428895 ], [ 10165951.89556335285306, 2711370.797719744034111 ], [ 10165943.05063939280808, 2711378.402839543763548 ], [ 10165938.784424614161253, 2711381.509628657717258 ], [ 10165928.85188671015203, 2711391.480335040949285 ], [ 10165923.019184546545148, 2711400.606729910708964 ], [ 10165921.550360701978207, 2711409.042247890029103 ], [ 10165918.585164910182357, 2711416.446727408096194 ], [ 10165915.312160696834326, 2711426.412170186638832 ], [ 10165913.545413065701723, 2711437.165967775974423 ], [ 10165911.412372268736362, 2711449.565183244179934 ], [ 10165909.281110802665353, 2711467.845128374174237 ], [ 10165909.381180735304952, 2711476.29638311592862 ], [ 10165910.519756587222219, 2711481.102206285577267 ], [ 10165912.366077415645123, 2711500.83341612201184 ], [ 10165914.007012804970145, 2711511.681370656006038 ], [ 10165921.429825047031045, 2711560.751948707271367 ], [ 10165922.669584974646568, 2711582.427633379586041 ], [ 10165927.541703725233674, 2711582.639396274928004 ], [ 10165935.441104855388403, 2711604.276801292318851 ], [ 10165940.469669591635466, 2711618.710107033140957 ], [ 10165944.705682054162025, 2711629.792444177903235 ], [ 10165947.632994988933206, 2711634.712334498763084 ], [ 10165950.076520828530192, 2711636.655264922883362 ], [ 10165954.098686225712299, 2711638.282860976178199 ], [ 10165956.931024663150311, 2711638.712545077782124 ], [ 10165959.313344677910209, 2711639.077886918094009 ], [ 10165966.081630175933242, 2711638.796396469231695 ], [ 10165980.011760367080569, 2711635.197528505232185 ], [ 10166001.010568438097835, 2711629.627730710897595 ], [ 10166018.998536879196763, 2711622.922777506057173 ], [ 10166037.088454604148865, 2711617.044945491012186 ], [ 10166037.15286235883832, 2711619.383753166999668 ], [ 10166038.993498811498284, 2711624.164836807642132 ], [ 10166039.550842374563217, 2711626.336139870807528 ], [ 10166039.462082769721746, 2711628.774893440306187 ], [ 10166037.766123447567225, 2711632.621509224642068 ], [ 10166037.832437613978982, 2711635.456863892730325 ], [ 10166041.319407228380442, 2711651.17631445499137 ], [ 10166043.961060658097267, 2711669.503228190355003 ], [ 10166045.532567728310823, 2711683.663795284926891 ], [ 10166045.741191707551479, 2711699.926379221491516 ], [ 10166032.240327028557658, 2711703.87665767967701 ], [ 10166033.586973637342453, 2711713.9888612809591 ], [ 10166036.09256305359304, 2711736.608414868824184 ], [ 10166047.282684894278646, 2711731.012645052745938 ], [ 10166052.695726556703448, 2711742.829392574727535 ], [ 10166059.133206985890865, 2711758.338346695527434 ], [ 10166051.946672532707453, 2711763.708048628643155 ], [ 10166043.570561178028584, 2711767.935250700917095 ], [ 10166049.114121407270432, 2711771.343882880173624 ], [ 10166054.764110401272774, 2711773.968789171427488 ], [ 10166055.799413779750466, 2711774.957525910343975 ], [ 10166057.374712482094765, 2711779.221121750771999 ], [ 10166059.554269732907414, 2711786.395018470939249 ], [ 10166061.333046168088913, 2711792.13624066254124 ], [ 10166062.908646568655968, 2711804.597702284343541 ], [ 10166064.37750636972487, 2711817.765866304282099 ], [ 10166064.259904174134135, 2711834.758211927954108 ], [ 10166064.39815360866487, 2711844.489269401878119 ], [ 10166066.020229514688253, 2711860.260704681742936 ], [ 10166067.863635689020157, 2711868.418049546424299 ], [ 10166068.508951315656304, 2711870.622130170464516 ], [ 10166072.320046851411462, 2711871.588487701956183 ], [ 10166073.213248141109943, 2711886.215536454226822 ], [ 10166077.896471440792084, 2711920.952363598626107 ], [ 10166079.115130478516221, 2711931.958979669492692 ], [ 10166078.640815673395991, 2711936.727490054443479 ], [ 10166074.200024027377367, 2711946.913416549563408 ], [ 10166072.00983901694417, 2711951.937175133265555 ], [ 10166068.393964659422636, 2711963.923589864745736 ], [ 10166070.877295423299074, 2711975.664320753887296 ], [ 10166075.273318709805608, 2711996.378664616495371 ], [ 10166078.041558064520359, 2712016.128839948680252 ], [ 10166078.449269527569413, 2712019.271777443122119 ], [ 10166083.432650929316878, 2712022.517238695640117 ], [ 10166089.048593048006296, 2712027.525627215392888 ], [ 10166108.576224448159337, 2712040.509423877578229 ], [ 10166129.43011418171227, 2712055.882063878234476 ], [ 10166137.258319037035108, 2712062.591508335899562 ], [ 10166138.908774971961975, 2712063.754388034343719 ], [ 10166144.503569301217794, 2712063.543804758228362 ], [ 10166152.703290604054928, 2712064.492048060055822 ], [ 10166171.517325719818473, 2712066.566291864495724 ], [ 10166184.973662892356515, 2712067.790902748238295 ], [ 10166198.458555215969682, 2712067.923062893562019 ], [ 10166210.218132257461548, 2712072.784683319274336 ], [ 10166223.100969880819321, 2712081.371118383016437 ], [ 10166239.925058957189322, 2712090.51517458865419 ], [ 10166259.646245798096061, 2712102.504883799236268 ], [ 10166275.05620738491416, 2712109.249372908845544 ], [ 10166285.790421696379781, 2712114.194463401567191 ], [ 10166294.996443586423993, 2712118.435631861910224 ], [ 10166313.69512957893312, 2712127.185690571554005 ], [ 10166318.438553124666214, 2712130.239333005156368 ], [ 10166325.905857352539897, 2712135.046574309002608 ], [ 10166326.888402620330453, 2712136.51009474368766 ], [ 10166327.687537414953113, 2712138.779735063202679 ], [ 10166331.93270817771554, 2712149.299522071145475 ], [ 10166337.419395543634892, 2712160.277661192696542 ], [ 10166349.287236221134663, 2712180.9062978210859 ], [ 10166350.411257963627577, 2712182.093269723001868 ], [ 10166351.54619169794023, 2712183.280274250078946 ], [ 10166357.190234929323196, 2712195.151494291611016 ], [ 10166360.63269504904747, 2712202.552183316554874 ], [ 10166369.979611545801163, 2712218.41340357484296 ], [ 10166375.484169142320752, 2712225.68418514309451 ], [ 10166384.147882837802172, 2712235.457612866535783 ], [ 10166417.440577639266849, 2712255.24744276329875 ], [ 10166431.331049349159002, 2712263.322149427141994 ], [ 10166436.110380409285426, 2712256.847565136384219 ], [ 10166437.925844620913267, 2712255.42771985149011 ], [ 10166439.328872470185161, 2712255.068785328418016 ], [ 10166446.789825165644288, 2712255.104200874920934 ], [ 10166447.155402334406972, 2712254.614109748508781 ], [ 10166455.508673902601004, 2712243.416362681891769 ], [ 10166456.768969913944602, 2712243.058098731562495 ], [ 10166458.382928181439638, 2712243.327265078667551 ], [ 10166469.525063807144761, 2712247.385830412153155 ], [ 10166491.094755586236715, 2712255.197061246726662 ], [ 10166486.969914881512523, 2712287.576644343789667 ], [ 10166480.700506201013923, 2712286.477167970966548 ], [ 10166468.540784103795886, 2712287.348238101694733 ], [ 10166464.028051547706127, 2712287.671461122576147 ], [ 10166451.068694997578859, 2712289.986905195750296 ], [ 10166440.690830061212182, 2712293.064148960635066 ], [ 10166420.511491881683469, 2712300.650538558140397 ], [ 10166427.56530080921948, 2712313.796013003215194 ], [ 10166440.047044776380062, 2712334.245545178186148 ], [ 10166447.865032153204083, 2712354.504841142334044 ], [ 10166450.187954412773252, 2712369.876642146147788 ], [ 10166451.633570892736316, 2712396.087472290266305 ], [ 10166458.182599976658821, 2712433.388626743108034 ], [ 10166461.6674934476614, 2712448.490937206894159 ], [ 10166466.064826922491193, 2712466.678961480502039 ], [ 10166467.05024615675211, 2712468.881707885768265 ], [ 10166471.604541026055813, 2712471.764822536613792 ], [ 10166476.245146373286843, 2712474.316674767993391 ], [ 10166491.123202014714479, 2712485.046536308247596 ], [ 10166503.339819179847836, 2712494.253638158086687 ], [ 10166515.704690307378769, 2712499.476799151394516 ], [ 10166522.84874559007585, 2712505.15189600456506 ], [ 10166525.784825, 2712509.432091683149338 ], [ 10166526.8341348413378, 2712511.138025435153395 ], [ 10166527.139918729662895, 2712513.464950295165181 ], [ 10166526.519761053845286, 2712525.483631829265505 ], [ 10166524.332591285929084, 2712543.368012347724289 ], [ 10166519.545963866636157, 2712564.165039990562946 ], [ 10166521.66687766648829, 2712573.016737250145525 ], [ 10166530.84343058988452, 2712614.224465512670577 ], [ 10166599.038312949240208, 2712639.06726059038192 ], [ 10166610.691802848130465, 2712642.895251022651792 ], [ 10166648.831141190603375, 2712655.423457678407431 ], [ 10166693.793122174218297, 2712670.994047184474766 ], [ 10166672.088035168126225, 2712741.22615878470242 ], [ 10166671.995052501559258, 2712741.527009235229343 ], [ 10166661.772771200165153, 2712766.57303320011124 ], [ 10166666.389363665133715, 2712763.25458821747452 ], [ 10166679.188642751425505, 2712767.306427650153637 ], [ 10166683.413519771769643, 2712786.179570567328483 ], [ 10166688.930696366354823, 2712788.40775459446013 ], [ 10166692.585397658869624, 2712788.613276060670614 ], [ 10166696.64662372879684, 2712786.312327863648534 ], [ 10166699.929247448220849, 2712785.353058301378042 ], [ 10166700.515196124091744, 2712785.181845634710044 ], [ 10166702.775494836270809, 2712785.172417772468179 ], [ 10166716.920273449271917, 2712788.225526180583984 ], [ 10166731.530802929773927, 2712789.786986529361457 ], [ 10166742.969764217734337, 2712791.240159412845969 ], [ 10166764.028496496379375, 2712789.265989596489817 ], [ 10166782.084398936480284, 2712788.175857746507972 ], [ 10166803.098913496360183, 2712788.816945011727512 ], [ 10166815.033850941807032, 2712788.105370147619396 ], [ 10166833.199647156521678, 2712784.399626478087157 ], [ 10166842.309468323364854, 2712779.738354768138379 ], [ 10166854.450625624507666, 2712765.144789926707745 ], [ 10166860.722056157886982, 2712755.993336974643171 ], [ 10166861.527831749990582, 2712751.808038565795869 ], [ 10166862.521003741770983, 2712750.523943128064275 ], [ 10166871.051039937883615, 2712740.965889213606715 ], [ 10166891.737474955618382, 2712715.192156920209527 ], [ 10166901.440328313037753, 2712699.99069547560066 ], [ 10166909.741492904722691, 2712688.149609595071524 ], [ 10166917.809433413669467, 2712678.295551469083875 ], [ 10166920.766317024827003, 2712671.607536272611469 ], [ 10166921.475601214915514, 2712667.985373995266855 ], [ 10166921.730638932436705, 2712663.305848983116448 ], [ 10166923.120486931875348, 2712649.076862801797688 ], [ 10166924.048121389001608, 2712647.848215893376619 ], [ 10166926.148273777216673, 2712646.283715907018632 ], [ 10166927.634059630334377, 2712644.721682330593467 ], [ 10166938.977966140955687, 2712625.728788934648037 ], [ 10166942.112520221620798, 2712622.206850984599441 ], [ 10166944.052106602117419, 2712621.591889111790806 ], [ 10166946.147715041413903, 2712621.583147463388741 ], [ 10166952.374504340812564, 2712622.94757782574743 ], [ 10166969.469668177887797, 2712612.404989703558385 ], [ 10166978.952570974826813, 2712605.116097929887474 ], [ 10166984.623516220599413, 2712572.740296489559114 ], [ 10166985.999345110729337, 2712571.123509782832116 ], [ 10166987.981111580505967, 2712570.111194725614041 ], [ 10166987.519440965726972, 2712561.903677604626864 ], [ 10166984.849871704354882, 2712545.098764728754759 ], [ 10166988.838889429345727, 2712543.912616122979671 ], [ 10167000.727981396019459, 2712542.803849624004215 ], [ 10167004.577989675104618, 2712553.148844985757023 ], [ 10167007.530540218576789, 2712569.389771318994462 ], [ 10167009.493439938873053, 2712585.116414379794151 ], [ 10167004.629388768225908, 2712586.968302803114057 ], [ 10167001.110612479969859, 2712614.391810420900583 ], [ 10166996.658101629465818, 2712625.587994219269603 ], [ 10166986.153285128995776, 2712643.16513239312917 ], [ 10166984.894615881145, 2712643.931682214140892 ], [ 10166983.33702215924859, 2712644.037488256115466 ], [ 10166967.79350102879107, 2712645.018050171434879 ], [ 10166966.084580665454268, 2712645.676165199838579 ], [ 10166958.695216380059719, 2712652.459856890607625 ], [ 10166952.829675022512674, 2712656.235916072037071 ], [ 10166951.066106932237744, 2712656.96048051957041 ], [ 10166949.202974621206522, 2712657.475807250477374 ], [ 10166948.305202923715115, 2712657.931979080662131 ], [ 10166944.013138957321644, 2712673.474883532617241 ], [ 10166944.145836075767875, 2712679.046641023363918 ], [ 10166943.947151679545641, 2712681.430914764292538 ], [ 10166942.500173950567842, 2712684.427144702523947 ], [ 10166928.364690992981195, 2712704.976538802497089 ], [ 10166914.538766318932176, 2712723.428194975014776 ], [ 10166900.872248131781816, 2712740.643341636750847 ], [ 10166877.785784149542451, 2712767.111164557747543 ], [ 10166864.334799775853753, 2712783.398559543769807 ], [ 10166855.908714530989528, 2712791.54370622895658 ], [ 10166853.827519239857793, 2712805.764621721580625 ], [ 10166852.235864812508225, 2712810.946357894688845 ], [ 10166852.087014522403479, 2712812.10554501786828 ], [ 10166852.247544707730412, 2712813.782085442915559 ], [ 10166852.917465548962355, 2712816.61515043862164 ], [ 10166863.850229872390628, 2712836.365319288801402 ], [ 10166866.655147194862366, 2712835.393626071047038 ], [ 10166876.067574856802821, 2712845.638514918275177 ], [ 10166882.076596349477768, 2712852.730704196263105 ], [ 10166887.32487940043211, 2712856.250889914575964 ], [ 10166893.244323946535587, 2712857.550477640703321 ], [ 10166896.01514202542603, 2712858.951382078230381 ], [ 10166903.449394507333636, 2712865.761684641707689 ], [ 10166918.248886061832309, 2712881.236595978494734 ], [ 10166922.593484565615654, 2712883.800569395069033 ], [ 10166931.569220796227455, 2712886.543920394498855 ], [ 10166950.664776990190148, 2712890.116809030994773 ], [ 10166971.897842394188046, 2712893.173282646108419 ], [ 10166990.902907321229577, 2712893.392062295228243 ], [ 10167001.645793935284019, 2712893.634209305047989 ], [ 10167003.053520198911428, 2712894.411812544800341 ], [ 10167006.319851610809565, 2712898.933330663014203 ], [ 10167034.383167371153831, 2712897.96687797550112 ], [ 10167035.879355439916253, 2712901.568815322592854 ], [ 10167052.285691555589437, 2712899.558379870373756 ], [ 10167057.848303256556392, 2712899.480048002675176 ], [ 10167061.454124003648758, 2712898.493993226904422 ], [ 10167068.626410121098161, 2712894.933154421392828 ], [ 10167073.199696240946651, 2712894.406466908752918 ], [ 10167085.50563413836062, 2712890.53731975145638 ], [ 10167107.142979839816689, 2712887.831972391810268 ], [ 10167117.157178148627281, 2712887.533728348091245 ], [ 10167133.857329860329628, 2712887.036413634195924 ], [ 10167139.614916868507862, 2712886.328164086211473 ], [ 10167141.641667502000928, 2712885.580418270081282 ], [ 10167142.767548725008965, 2712884.549527496099472 ], [ 10167143.041623432189226, 2712881.822940981015563 ], [ 10167161.525683855637908, 2712883.44510737573728 ], [ 10167168.857735337689519, 2712884.04343797499314 ], [ 10167169.826534928753972, 2712884.833893656730652 ], [ 10167172.162331888452172, 2712889.833747419063002 ], [ 10167181.184084467589855, 2712890.42496241396293 ], [ 10167191.75616791844368, 2712891.804273443762213 ], [ 10167202.433088460937142, 2712894.661767561454326 ], [ 10167222.498134106397629, 2712888.542104351799935 ], [ 10167234.884834427386522, 2712882.962107314262539 ], [ 10167244.188100272789598, 2712877.350895279087126 ], [ 10167249.086017971858382, 2712873.060118181630969 ], [ 10167256.880481502041221, 2712874.053732848260552 ], [ 10167262.527557913213968, 2712873.180503707379103 ], [ 10167270.705934213474393, 2712868.820869386661798 ], [ 10167277.040441630408168, 2712864.34751603147015 ], [ 10167285.037908330559731, 2712856.060382189694792 ], [ 10167292.986821629106998, 2712843.999672025442123 ], [ 10167297.631630979478359, 2712831.57768278894946 ], [ 10167302.649433370679617, 2712813.835586240980774 ], [ 10167305.038877407088876, 2712802.614597563631833 ], [ 10167314.556822219863534, 2712782.602776350919157 ], [ 10167313.413875721395016, 2712760.958223172929138 ], [ 10167312.482484543696046, 2712755.952554644551128 ], [ 10167310.888292955234647, 2712755.164782616775483 ], [ 10167313.549676148220897, 2712748.687483755405992 ], [ 10167308.139221316203475, 2712743.115836889017373 ], [ 10167307.570479173213243, 2712740.889193301554769 ], [ 10167308.281965021044016, 2712727.20374156627804 ], [ 10167312.005380928516388, 2712712.225714012049139 ], [ 10167314.841755233705044, 2712706.061812328640372 ], [ 10167327.262191252782941, 2712679.070160368457437 ], [ 10167338.399625420570374, 2712658.00335195986554 ], [ 10167344.341988759115338, 2712648.952529430855066 ], [ 10167355.806466856971383, 2712640.662001897580922 ], [ 10167367.00134078040719, 2712633.486949738115072 ], [ 10167381.178074868395925, 2712623.066511473618448 ], [ 10167390.514061462134123, 2712614.784784570336342 ], [ 10167397.493432035669684, 2712607.108954083174467 ], [ 10167409.175951220095158, 2712598.453285418916494 ], [ 10167418.198756923899055, 2712591.408824575599283 ], [ 10167432.224814048036933, 2712576.420812990982085 ], [ 10167438.860970869660378, 2712567.984916451852769 ], [ 10167440.581581313163042, 2712564.855030050966889 ], [ 10167442.302268210798502, 2712561.736227898392826 ], [ 10167445.286784803494811, 2712551.175011891871691 ], [ 10167445.994426, 2712544.562577303964645 ], [ 10167446.324078898876905, 2712534.089864272624254 ], [ 10167446.297634908929467, 2712527.712219697888941 ], [ 10167446.644678320735693, 2712524.069473837502301 ], [ 10167452.466885771602392, 2712515.173613531049341 ], [ 10167466.093409683555365, 2712493.809555047191679 ], [ 10167466.531933214515448, 2712491.060243302490562 ], [ 10167466.51922058314085, 2712488.014968327712268 ], [ 10167461.474671894684434, 2712464.820358291268349 ], [ 10167454.756038272753358, 2712445.395443135406822 ], [ 10167454.67247011885047, 2712443.762736862059683 ], [ 10167454.668720019981265, 2712442.868910008575767 ], [ 10167455.258794952183962, 2712442.281668060459197 ], [ 10167456.510232714936137, 2712442.419858391396701 ], [ 10167458.81129009090364, 2712444.3411710630171 ], [ 10167466.873868238180876, 2712451.810527734924108 ], [ 10167484.973111219704151, 2712463.927373452112079 ], [ 10167487.637890057638288, 2712466.222306190058589 ], [ 10167488.975653516128659, 2712468.666234794072807 ], [ 10167488.992259055376053, 2712472.671507167629898 ], [ 10167485.35192702896893, 2712499.709293452091515 ], [ 10167485.31844612210989, 2712510.147732698824257 ], [ 10167485.630427721887827, 2712513.931107591837645 ], [ 10167486.304321520030499, 2712515.042748152744025 ], [ 10167487.119947517290711, 2712515.933130309917033 ], [ 10167489.331747045740485, 2712517.479649691376835 ], [ 10167496.430998913943768, 2712520.197391648311168 ], [ 10167519.354841226711869, 2712523.598941611126065 ], [ 10167543.799884229898453, 2712528.69343694485724 ], [ 10167574.887610871344805, 2712540.159780875314027 ], [ 10167596.633687881752849, 2712549.386786111164838 ], [ 10167599.779786262661219, 2712553.215614162851125 ], [ 10167602.642689695581794, 2712561.644088238012046 ], [ 10167602.859808009117842, 2712563.477138421498239 ], [ 10167570.82405336946249, 2712557.743239561561495 ], [ 10167564.210348889231682, 2712553.059431831352413 ], [ 10167559.369274705648422, 2712549.83569963183254 ], [ 10167553.828257907181978, 2712547.155659090261906 ], [ 10167538.800621297210455, 2712545.541533817537129 ], [ 10167522.911947853863239, 2712545.277195398695767 ], [ 10167510.628795973956585, 2712546.630802123341709 ], [ 10167508.104601817205548, 2712546.475846553221345 ], [ 10167493.666157, 2712544.053743812721223 ], [ 10167481.846290891990066, 2712545.990184084977955 ], [ 10167475.052953822538257, 2712548.247558505274355 ], [ 10167470.075668521225452, 2712551.887668444309384 ], [ 10167468.088477762416005, 2712554.224135021213442 ], [ 10167467.023108292371035, 2712556.612014933489263 ], [ 10167466.013441544026136, 2712559.209219735115767 ], [ 10167464.894105385988951, 2712561.806982851587236 ], [ 10167463.990696733817458, 2712563.543158448766917 ], [ 10167462.277284597977996, 2712565.768161876592785 ], [ 10167454.323032369837165, 2712573.834461274556816 ], [ 10167430.938512155786157, 2712599.620045471936464 ], [ 10167403.980431547388434, 2712628.863284951075912 ], [ 10167395.855421010404825, 2712638.110869330819696 ], [ 10167391.433188449591398, 2712635.370816247072071 ], [ 10167379.360306154936552, 2712650.405816310551018 ], [ 10167379.860259909182787, 2712654.574741151649505 ], [ 10167379.424542674794793, 2712655.326828680932522 ], [ 10167378.201992619782686, 2712656.854668884538114 ], [ 10167376.853548001497984, 2712657.125185625161976 ], [ 10167375.673914026468992, 2712655.772930081002414 ], [ 10167356.075264509767294, 2712684.389466479886323 ], [ 10167349.97069314494729, 2712696.66300312243402 ], [ 10167344.856346175074577, 2712703.447626517619938 ], [ 10167339.865888550877571, 2712710.06778432847932 ], [ 10167339.131051013246179, 2712712.78531597321853 ], [ 10167339.094539411365986, 2712717.221222007181495 ], [ 10167339.048293432220817, 2712735.207346340175718 ], [ 10167338.63400742970407, 2712738.508210034109652 ], [ 10167337.785631949082017, 2712740.299428115133196 ], [ 10167336.82856653444469, 2712742.355789421591908 ], [ 10167336.29873351380229, 2712744.255814237520099 ], [ 10167336.143806984648108, 2712746.584702806547284 ], [ 10167336.163272775709629, 2712751.28525543725118 ], [ 10167336.688360849395394, 2712761.511825849767774 ], [ 10167337.444230319932103, 2712787.737232771702111 ], [ 10167329.287451503798366, 2712815.842686774209142 ], [ 10167325.97565264813602, 2712816.297856010030955 ], [ 10167324.795451477169991, 2712817.439434654079378 ], [ 10167323.564316585659981, 2712819.552067890763283 ], [ 10167323.091791220009327, 2712822.047830953262746 ], [ 10167322.511881837621331, 2712825.073656257707626 ], [ 10167320.108062768355012, 2712840.774564163293689 ], [ 10167309.320245960727334, 2712864.168356903363019 ], [ 10167302.769018743187189, 2712877.238409663084894 ], [ 10167299.452672487124801, 2712881.897736925631762 ], [ 10167289.220177300274372, 2712896.307272012345493 ], [ 10167278.125805163756013, 2712903.934371819254011 ], [ 10167277.436172969639301, 2712904.337515614461154 ], [ 10167269.45659339800477, 2712909.002276937011629 ], [ 10167269.086022935807705, 2712909.599609518889338 ], [ 10167269.470278158783913, 2712912.301465081516653 ], [ 10167273.874728355556726, 2712924.023646062705666 ], [ 10167280.460794677957892, 2712937.932566150091588 ], [ 10167287.978114619851112, 2712948.836211074609309 ], [ 10167294.327903609722853, 2712956.015217255800962 ], [ 10167303.343389401212335, 2712965.720926612149924 ], [ 10167308.84935050085187, 2712973.157112389802933 ], [ 10167316.244948379695415, 2712989.104028867091984 ], [ 10167315.824884794652462, 2712991.003744754008949 ], [ 10167310.172107389196754, 2713001.145988285541534 ], [ 10167314.222973642870784, 2713030.800661196000874 ], [ 10167312.916324073448777, 2713041.200706867966801 ], [ 10167307.172740366309881, 2713053.263311416842043 ], [ 10167279.172226253896952, 2713106.632935248780996 ], [ 10167270.352964019402862, 2713123.188533031381667 ], [ 10167267.324224313721061, 2713125.772216779645532 ], [ 10167250.568354312330484, 2713125.566392671316862 ], [ 10167229.798939865082502, 2713125.929099022876471 ], [ 10167224.395100960507989, 2713124.627505118027329 ], [ 10167213.799284996464849, 2713120.202768061310053 ], [ 10167199.299850575625896, 2713111.071565073449165 ], [ 10167194.108079833909869, 2713107.99253672035411 ], [ 10167188.864440998062491, 2713100.301319164223969 ], [ 10167179.458424625918269, 2713091.711603964678943 ], [ 10167171.631826911121607, 2713080.290455685928464 ], [ 10167156.225014686584473, 2713054.235975755844265 ], [ 10167154.604391232132912, 2713051.495234856847674 ], [ 10167149.272974673658609, 2713038.496759263798594 ], [ 10167149.154705829918385, 2713036.422836788464338 ], [ 10167154.608724953606725, 2713023.291115643456578 ], [ 10167167.755561226978898, 2712994.502532755024731 ], [ 10167172.000417711213231, 2712978.186866875272244 ], [ 10167172.957123329862952, 2712954.76787355914712 ], [ 10167169.156074790284038, 2712911.142670996487141 ], [ 10167157.176232500001788, 2712908.952610895968974 ], [ 10167147.400801427662373, 2712909.170044355560094 ], [ 10167145.681082243099809, 2712909.894441232085228 ], [ 10167144.415264427661896, 2712911.576894776895642 ], [ 10167143.872164284810424, 2712912.925334677100182 ], [ 10167143.208923403173685, 2712914.384699216112494 ], [ 10167142.488389765843749, 2712915.281472035683692 ], [ 10167141.601720670238137, 2712915.781700841151178 ], [ 10167126.177151383832097, 2712916.408866116311401 ], [ 10167110.649100435897708, 2712918.548055305145681 ], [ 10167097.222531007602811, 2712919.346556475386024 ], [ 10167088.501339508220553, 2712919.865220902953297 ], [ 10167075.353297268971801, 2712921.773786895908415 ], [ 10167053.879409957677126, 2712924.202590103261173 ], [ 10167042.829556679353118, 2712924.027942810207605 ], [ 10167039.273686375468969, 2712923.822132789064199 ], [ 10167032.600448498502374, 2712920.660919096320868 ], [ 10167030.438722005113959, 2712920.61482604406774 ], [ 10167022.357485730201006, 2712921.939522287808359 ], [ 10167004.15701481513679, 2712925.259341776836663 ], [ 10166983.909972779452801, 2712929.867834482807666 ], [ 10166969.333959857001901, 2712931.385045680683106 ], [ 10166956.341827809810638, 2712931.163237100467086 ], [ 10166937.180796317756176, 2712927.722939294297248 ], [ 10166922.527212167158723, 2712923.701128873974085 ], [ 10166899.246304450556636, 2712916.305623905267566 ], [ 10166900.939810467883945, 2712909.203461068216711 ], [ 10166887.907155878841877, 2712899.139129922259599 ], [ 10166880.45542973279953, 2712890.761872496921569 ], [ 10166874.254108771681786, 2712882.291190452873707 ], [ 10166867.61028453335166, 2712872.928545861504972 ], [ 10166855.233557935804129, 2712856.91392024513334 ], [ 10166851.427726041525602, 2712849.271957464050502 ], [ 10166847.793583342805505, 2712843.372637810651213 ], [ 10166845.679083339869976, 2712841.472481533885002 ], [ 10166838.51814317330718, 2712837.077373704407364 ], [ 10166820.433577869087458, 2712825.864362578373402 ], [ 10166805.129583856090903, 2712815.743255028501153 ], [ 10166801.732306659221649, 2712814.080180148594081 ], [ 10166799.736114943400025, 2712814.265000886749476 ], [ 10166797.400861153379083, 2712814.716035786084831 ], [ 10166795.571984224021435, 2712815.562208267860115 ], [ 10166785.609770035371184, 2712818.395296613220125 ], [ 10166766.40400617197156, 2712820.041814600117505 ], [ 10166763.628803163766861, 2712820.218836434651166 ], [ 10166762.509174155071378, 2712817.431843008380383 ], [ 10166759.840888986364007, 2712816.946348444093019 ], [ 10166736.593276472762227, 2712820.275798013899475 ], [ 10166718.341661555692554, 2712822.003879200667143 ], [ 10166714.898512067273259, 2712822.32991498010233 ], [ 10166709.807508597150445, 2712822.351032889448106 ], [ 10166708.588442962616682, 2712822.069115837104619 ], [ 10166688.725564580410719, 2712813.32402164908126 ], [ 10166682.120830401778221, 2712810.769421498291194 ], [ 10166668.84062871709466, 2712807.194174826145172 ], [ 10166648.107723020017147, 2712811.020617447793484 ], [ 10166633.747628320008516, 2712814.324175469577312 ], [ 10166617.955544248223305, 2712821.661147403065115 ], [ 10166611.254642631858587, 2712825.098500218708068 ], [ 10166611.628202635794878, 2712827.910723416600376 ], [ 10166610.610917994752526, 2712834.049988499842584 ], [ 10166607.341082580387592, 2712842.052431823220104 ], [ 10166600.750527476891875, 2712853.720992052927613 ], [ 10166597.717873942106962, 2712858.025884985458106 ], [ 10166596.878955021500587, 2712864.848497837781906 ], [ 10166597.8139279037714, 2712869.4150674873963 ], [ 10166599.12940907292068, 2712875.840462488587946 ], [ 10166602.025639990344644, 2712883.795298645272851 ], [ 10166602.035275092348456, 2712886.123480759561062 ], [ 10166601.98548274114728, 2712887.359564284794033 ], [ 10166601.680492861196399, 2712887.91252022748813 ], [ 10166597.609084744006395, 2712890.434226488228887 ], [ 10166596.955530241131783, 2712894.298896791879088 ], [ 10166597.324661331251264, 2712896.018757356796414 ], [ 10166598.250838827341795, 2712897.118371766060591 ], [ 10166600.989471746608615, 2712898.696028226055205 ], [ 10166603.620599940419197, 2712900.836775228846818 ], [ 10166610.274047994986176, 2712912.594014745671302 ], [ 10166621.3798134829849, 2712926.418295735493302 ], [ 10166626.153104638680816, 2712931.849523187149316 ], [ 10166649.318523269146681, 2712952.228151294402778 ], [ 10166649.961134154349566, 2712952.793471698183566 ], [ 10166667.830048637464643, 2712967.627045980188996 ], [ 10166671.064663322642446, 2712969.765302529558539 ], [ 10166689.004470966756344, 2712969.746109656989574 ], [ 10166690.838079854846001, 2712970.047522570937872 ], [ 10166692.969682171940804, 2712970.766946791671216 ], [ 10166697.234207874163985, 2712972.536888554692268 ], [ 10166710.064269039779902, 2712973.333366358652711 ], [ 10166714.092534340918064, 2712973.691875845193863 ], [ 10166716.772031765431166, 2712974.232396914158016 ], [ 10166721.046136479824781, 2712978.319553895387799 ], [ 10166727.803469019010663, 2712983.26808153046295 ], [ 10166731.400340894237161, 2712985.459968074224889 ], [ 10166735.686916872859001, 2712989.911173994187266 ], [ 10166746.060580380260944, 2713001.774265995249152 ], [ 10166749.796760627999902, 2713005.808469130191952 ], [ 10166761.502339398488402, 2713010.659167234785855 ], [ 10166761.933295598253608, 2713011.396701519843191 ], [ 10166762.062503039836884, 2713013.481739375274628 ], [ 10166765.408240914344788, 2713023.96157014137134 ], [ 10166768.959895368665457, 2713028.482042897026986 ], [ 10166785.779474072158337, 2713038.905977464281023 ], [ 10166796.287946470081806, 2713046.156246319413185 ], [ 10166797.873432610183954, 2713047.495841678697616 ], [ 10166800.906612303107977, 2713054.004622495733202 ], [ 10166803.444760467857122, 2713062.876883113291115 ], [ 10166803.637406539171934, 2713064.354692310560495 ], [ 10166804.00752248428762, 2713066.306235092226416 ], [ 10166805.601882657036185, 2713069.797572552226484 ], [ 10166821.374778106808662, 2713087.166621687822044 ], [ 10166838.070441663265228, 2713104.807601595763117 ], [ 10166845.10390111990273, 2713112.833675534464419 ], [ 10166858.796604625880718, 2713125.951959167607129 ], [ 10166860.634514519944787, 2713127.290545380674303 ], [ 10166862.887326050549746, 2713128.141893712803721 ], [ 10166866.597804542630911, 2713128.55682424036786 ], [ 10166876.836794251576066, 2713136.97778710257262 ], [ 10166892.771249696612358, 2713150.903369239997119 ], [ 10166912.451657081022859, 2713168.543062939308584 ], [ 10166914.090184316039085, 2713166.748667220585048 ], [ 10166923.718053765594959, 2713173.285176086239517 ], [ 10166952.157387863844633, 2713194.265051378402859 ], [ 10166957.770003110170364, 2713198.291402256116271 ], [ 10166959.054541099816561, 2713198.473634024616331 ], [ 10166959.725101504474878, 2713198.779710263945162 ], [ 10166960.022586826235056, 2713199.076455188449472 ], [ 10166960.026078093796968, 2713199.937180465087295 ], [ 10166959.97907355055213, 2713201.835268024355173 ], [ 10166959.437747716903687, 2713203.614143185783178 ], [ 10166958.226348346099257, 2713205.21918401774019 ], [ 10166965.26676176302135, 2713214.900313043501228 ], [ 10166983.04408398270607, 2713228.674815095961094 ], [ 10167000.560467371717095, 2713240.331590571906418 ], [ 10167018.572218162938952, 2713252.394768205005676 ], [ 10167020.341267913579941, 2713252.99424110725522 ], [ 10167026.02408711053431, 2713250.090600372292101 ], [ 10167027.175219966098666, 2713249.843008196912706 ], [ 10167028.097157491371036, 2713249.90531470021233 ], [ 10167029.008348735049367, 2713250.022900187876076 ], [ 10167029.559775363653898, 2713250.693739948794246 ], [ 10167029.925356699153781, 2713251.552900751587003 ], [ 10167030.357890194281936, 2713252.654572348110378 ], [ 10167030.671177629381418, 2713254.120899473316967 ], [ 10167031.039600012823939, 2713255.653235233854502 ], [ 10167049.203967968001962, 2713280.791691408492625 ], [ 10167057.86398764885962, 2713290.97144099092111 ], [ 10167069.745444437488914, 2713304.938165016938001 ], [ 10167091.140385990962386, 2713328.474239471368492 ], [ 10167108.027748866006732, 2713347.217928238678724 ], [ 10167126.353018702939153, 2713363.406613051425666 ], [ 10167136.921981001272798, 2713371.936491671483964 ], [ 10167159.800603967159986, 2713388.029019882436842 ], [ 10167167.504638066515326, 2713380.33870606822893 ], [ 10167170.108557237312198, 2713373.188391320873052 ], [ 10167171.074102325364947, 2713370.524989956058562 ], [ 10167172.039678949862719, 2713367.850614635739475 ], [ 10167174.556792717427015, 2713358.272947293706238 ], [ 10167184.554535491392016, 2713337.430839732754976 ], [ 10167186.973742052912712, 2713333.382022568024695 ], [ 10167194.861405253410339, 2713327.644166171085089 ], [ 10167219.853724863380194, 2713308.21809827722609 ], [ 10167240.341621233150363, 2713322.003089645877481 ], [ 10167219.327428819611669, 2713345.5285155903548 ], [ 10167199.805478151887655, 2713366.388468878343701 ], [ 10167187.828977329656482, 2713381.048402179963887 ], [ 10167187.123666331171989, 2713385.641766397748142 ], [ 10167187.418518679216504, 2713393.276561529841274 ], [ 10167187.849093217402697, 2713393.892723576165736 ], [ 10167196.775454808026552, 2713403.234913914930075 ], [ 10167199.653237860649824, 2713406.588482538238168 ], [ 10167203.007423650473356, 2713408.417342162691057 ], [ 10167212.652393110096455, 2713411.069527482613921 ], [ 10167228.976475866511464, 2713412.910314113367349 ], [ 10167231.416723961010575, 2713413.948412000201643 ], [ 10167235.263763003051281, 2713418.213833722751588 ], [ 10167244.757739007472992, 2713426.803401208948344 ], [ 10167246.366078622639179, 2713428.341469402424991 ], [ 10167273.578642621636391, 2713452.283584107644856 ], [ 10167294.158681841567159, 2713469.676546615548432 ], [ 10167310.730242623016238, 2713480.973060785792768 ], [ 10167326.0512421913445, 2713489.659569113049656 ], [ 10167341.05106845125556, 2713500.278507938608527 ], [ 10167344.284141896292567, 2713515.239216158632189 ], [ 10167348.095152396708727, 2713524.018027441110462 ], [ 10167346.52129627391696, 2713526.321147355251014 ], [ 10167336.206780875101686, 2713541.414427803829312 ], [ 10167330.670325137674809, 2713534.640211599878967 ], [ 10167319.698280917480588, 2713525.722341786138713 ], [ 10167307.505792574957013, 2713515.812420050613582 ], [ 10167292.521947639063001, 2713503.747812814079225 ], [ 10167278.983017662540078, 2713488.168129226192832 ], [ 10167267.836171675473452, 2713477.908214699476957 ], [ 10167247.901775391772389, 2713460.093157859519124 ], [ 10167241.543226238340139, 2713453.465787887573242 ], [ 10167236.569477466866374, 2713450.087742766365409 ], [ 10167223.217296443879604, 2713442.507466160692275 ], [ 10167204.16831517778337, 2713434.443500462919474 ], [ 10167178.977766500785947, 2713424.495934359263629 ], [ 10167162.118379125371575, 2713420.560692614410073 ], [ 10167149.649388764053583, 2713416.938156629446894 ], [ 10167144.971199352294207, 2713415.997727280948311 ], [ 10167133.809890992939472, 2713404.866022685542703 ], [ 10167126.931113831698895, 2713399.807763584889472 ], [ 10167123.218072965741158, 2713398.785992028657347 ], [ 10167119.156764889135957, 2713398.416723884176463 ], [ 10167109.626524623483419, 2713386.340301880147308 ], [ 10167095.821900859475136, 2713370.132717965170741 ], [ 10167086.062697943300009, 2713358.410432715434581 ], [ 10167079.058722790330648, 2713352.249090345110744 ], [ 10167075.852449769154191, 2713351.688739675562829 ], [ 10167061.349791826680303, 2713349.807072144467384 ], [ 10167049.716488726437092, 2713330.622047887649387 ], [ 10167042.223713839426637, 2713314.995056338608265 ], [ 10167036.679110985249281, 2713306.179356048349291 ], [ 10167028.228917, 2713297.883406140841544 ], [ 10167023.865617200732231, 2713294.015364334452897 ], [ 10167023.669585958123207, 2713293.841611207462847 ], [ 10167008.393518634140491, 2713279.968566831201315 ], [ 10167006.139530019834638, 2713278.874474511481822 ], [ 10167004.283867517486215, 2713278.562162299640477 ], [ 10167001.913934011012316, 2713278.572077764663845 ], [ 10166998.327759951353073, 2713279.039331103209406 ], [ 10166991.392022721469402, 2713281.462766321375966 ], [ 10166979.203827982768416, 2713274.031975709833205 ], [ 10166969.008237712085247, 2713268.192960507702082 ], [ 10166955.274017736315727, 2713258.385162989143282 ], [ 10166951.856462303549051, 2713254.471065524499863 ], [ 10166945.952726507559419, 2713246.352056151721627 ], [ 10166935.522553320974112, 2713231.498679105192423 ], [ 10166926.960626436397433, 2713222.706674534361809 ], [ 10166917.872274167835712, 2713216.609176659490913 ], [ 10166905.366614019498229, 2713212.015599932521582 ], [ 10166902.873933264985681, 2713210.938571111764759 ], [ 10166896.463001221418381, 2713208.168483403977007 ], [ 10166894.4137207493186, 2713206.113525446038693 ], [ 10166893.494871372357011, 2713204.584174524992704 ], [ 10166892.60176015086472, 2713203.097589799202979 ], [ 10166890.712760398164392, 2713194.663960753940046 ], [ 10166889.024794217199087, 2713189.771677887998521 ], [ 10166882.32381447404623, 2713179.86842624982819 ], [ 10166873.711366534233093, 2713172.102697524707764 ], [ 10166864.165653415024281, 2713164.197469629812986 ], [ 10166859.590448627248406, 2713158.930994930211455 ], [ 10166858.504196610301733, 2713158.93546558637172 ], [ 10166857.155106460675597, 2713159.0734842591919 ], [ 10166854.735749261453748, 2713160.429775857832283 ], [ 10166853.263775618746877, 2713162.697977886069566 ], [ 10166842.430210521444678, 2713151.123525787610561 ], [ 10166835.228900196030736, 2713144.963109461590648 ], [ 10166818.400094667449594, 2713129.661839182022959 ], [ 10166803.488089110702276, 2713116.195427299942821 ], [ 10166791.356881499290466, 2713103.909185140393674 ], [ 10166775.973049081861973, 2713085.081887465901673 ], [ 10166771.60468640550971, 2713079.406248737126589 ], [ 10166759.121270393952727, 2713066.823541366960853 ], [ 10166755.967488488182425, 2713060.326242388691753 ], [ 10166742.736085714772344, 2713052.645912739913911 ], [ 10166731.455682208761573, 2713044.427916894666851 ], [ 10166716.159385884180665, 2713030.885841603390872 ], [ 10166711.259354159235954, 2713023.99861525092274 ], [ 10166689.266079027205706, 2713014.853886421304196 ], [ 10166676.190443426370621, 2713009.227034453768283 ], [ 10166649.519768370315433, 2712997.74964477494359 ], [ 10166644.794083274900913, 2712995.904351941309869 ], [ 10166642.052515737712383, 2712993.609522888436913 ], [ 10166635.375743199139833, 2712978.8510652622208 ], [ 10166629.908758549019694, 2712972.81572190951556 ], [ 10166606.77758827060461, 2712951.030256785452366 ], [ 10166601.391944570466876, 2712943.42772073764354 ], [ 10166588.994767559692264, 2712925.051676798611879 ], [ 10166586.161032717674971, 2712916.29095516493544 ], [ 10166583.571656724438071, 2712900.246683417353779 ], [ 10166579.173697978258133, 2712879.255416696425527 ], [ 10166576.114522499963641, 2712871.720620967447758 ], [ 10166568.421220678836107, 2712857.904311722144485 ], [ 10166564.677906099706888, 2712852.093600055202842 ], [ 10166564.234502734616399, 2712850.992020978126675 ], [ 10166565.634785356000066, 2712844.608402147889137 ], [ 10166564.641734601929784, 2712843.244225368835032 ], [ 10166554.717318098992109, 2712825.82894117757678 ], [ 10166547.636869294568896, 2712816.953572488389909 ], [ 10166530.143731052055955, 2712797.373756106942892 ], [ 10166517.870660711079836, 2712782.462033954914659 ], [ 10166515.665010141208768, 2712777.031228096690029 ], [ 10166515.357905769720674, 2712768.999529766384512 ], [ 10166515.005935303866863, 2712766.05097211105749 ], [ 10166512.75619606859982, 2712747.206518004182726 ], [ 10166514.637141132727265, 2712726.862610256765038 ], [ 10166513.764364732429385, 2712714.673407567664981 ], [ 10166512.086706891655922, 2712704.186732781119645 ], [ 10166510.257121557369828, 2712696.823460143059492 ], [ 10166502.990956250578165, 2712682.784783435519785 ], [ 10166498.773780124261975, 2712676.457591400481761 ], [ 10166493.448225328698754, 2712670.101749105378985 ], [ 10166488.72305722348392, 2712662.971180329099298 ], [ 10166486.201017055660486, 2712660.675380452536047 ], [ 10166478.006101438775659, 2712644.875165513250977 ], [ 10166471.786273101344705, 2712629.088859516661614 ], [ 10166471.057569045573473, 2712625.307161573320627 ], [ 10166470.827978542074561, 2712622.825385305099189 ], [ 10166479.64303944632411, 2712602.397832137532532 ], [ 10166485.041171288117766, 2712591.628224260173738 ], [ 10166484.968886623159051, 2712587.347204255871475 ], [ 10166483.354714956134558, 2712578.990060887765139 ], [ 10166483.341268541291356, 2712575.701916724909097 ], [ 10166483.736082138493657, 2712564.919942421838641 ], [ 10166483.068551426753402, 2712562.671711573842913 ], [ 10166478.976052662357688, 2712554.6336685186252 ], [ 10166469.319294659420848, 2712543.573195707052946 ], [ 10166451.073015285655856, 2712524.824407871812582 ], [ 10166436.290717585012317, 2712508.003191316034645 ], [ 10166430.034740457311273, 2712502.136796181090176 ], [ 10166426.774207077920437, 2712496.324329371098429 ], [ 10166420.644805809482932, 2712481.177753939293325 ], [ 10166414.990908531472087, 2712461.538287973497063 ], [ 10166412.336113860830665, 2712453.582701881881803 ], [ 10166411.39382591843605, 2712451.225242713931948 ], [ 10166406.206007607281208, 2712440.9408163940534 ], [ 10166408.860964661464095, 2712411.303407097700983 ], [ 10166410.298210484907031, 2712397.835974706336856 ], [ 10166410.062869070097804, 2712393.942002726718783 ], [ 10166409.392375590279698, 2712390.965565570630133 ], [ 10166408.185027480125427, 2712388.167825650889426 ], [ 10166401.677872974425554, 2712374.512536950409412 ], [ 10166391.431762980297208, 2712358.809261649847031 ], [ 10166383.329804126173258, 2712346.903928065672517 ], [ 10166360.743391560390592, 2712318.507284151390195 ], [ 10166340.044901924207807, 2712287.576222062110901 ], [ 10166321.555211963132024, 2712262.837102350313216 ], [ 10166306.695545423775911, 2712243.081345917191356 ], [ 10166302.905669618397951, 2712236.564831977244467 ], [ 10166298.872755248099566, 2712226.959938975982368 ], [ 10166295.211901703849435, 2712217.110683379229158 ], [ 10166284.467536177486181, 2712205.613511531613767 ], [ 10166260.806489489972591, 2712185.353438306599855 ], [ 10166253.98142321407795, 2712179.820413827430457 ], [ 10166239.364260295405984, 2712171.086648716591299 ], [ 10166225.189797926694155, 2712163.277739098295569 ], [ 10166215.881991559639573, 2712162.378221886698157 ], [ 10166204.185120433568954, 2712159.458214145619422 ], [ 10166191.124621933326125, 2712153.068211410194635 ], [ 10166174.998602030798793, 2712142.906056294683367 ], [ 10166171.383993221446872, 2712141.70721675362438 ], [ 10166168.983021983876824, 2712142.158492615446448 ], [ 10166165.771833796054125, 2712143.054401900619268 ], [ 10166152.695209020748734, 2712148.878802197054029 ], [ 10166151.007173364982009, 2712149.271969368681312 ], [ 10166148.166173266246915, 2712149.449118684977293 ], [ 10166142.654204053804278, 2712148.434641717001796 ], [ 10166133.945186162367463, 2712149.066262854728848 ], [ 10166134.152484094724059, 2712146.09732274338603 ], [ 10166129.222651686519384, 2712145.234816835261881 ], [ 10166129.058168701827526, 2712150.653190036769956 ], [ 10166127.677274897694588, 2712159.143812021240592 ], [ 10166126.827822411432862, 2712163.395396114327013 ], [ 10166132.316831981763244, 2712169.573876985814422 ], [ 10166139.101495414972305, 2712181.352237859275192 ], [ 10166149.216212719678879, 2712202.639142957516015 ], [ 10166156.179673600941896, 2712212.530044090002775 ], [ 10166165.760523099452257, 2712221.229490113910288 ], [ 10166166.573756596073508, 2712221.535130830015987 ], [ 10166178.325247466564178, 2712229.784251687116921 ], [ 10166184.709284177049994, 2712234.789488053414971 ], [ 10166189.548804184421897, 2712243.122242378536612 ], [ 10166189.620576879009604, 2712244.567358352709562 ], [ 10166190.294804893434048, 2712253.888318061828613 ], [ 10166191.276001902297139, 2712279.328550874255598 ], [ 10166193.97505790553987, 2712298.185478605795652 ], [ 10166201.248691847547889, 2712335.77037283917889 ], [ 10166203.60269408673048, 2712361.525076006539166 ], [ 10166203.745246050879359, 2712366.04042661190033 ], [ 10166204.59765350073576, 2712393.045196979306638 ], [ 10166204.56526093184948, 2712394.586253962479532 ], [ 10166204.101204471662641, 2712416.631261536385864 ], [ 10166203.816082594916224, 2712430.1779705286026 ], [ 10166200.893796492367983, 2712431.955413919873536 ], [ 10166199.461418749764562, 2712433.152969025075436 ], [ 10166199.0926872510463, 2712434.224770394619554 ], [ 10166199.100058540701866, 2712436.045342995785177 ], [ 10166200.548594674095511, 2712454.98484876845032 ], [ 10166200.97331216186285, 2712483.881359301507473 ], [ 10166201.415466465055943, 2712498.16873315256089 ], [ 10166203.70791432633996, 2712511.488505796063691 ], [ 10166209.345543885603547, 2712529.870233881287277 ], [ 10166211.771113, 2712540.839172384701669 ], [ 10166216.524803332984447, 2712573.866865040268749 ], [ 10166217.330704571679235, 2712580.484004916623235 ], [ 10166231.312024751678109, 2712613.540080268867314 ], [ 10166233.866104494780302, 2712618.340474443044513 ], [ 10166244.950577557086945, 2712640.539773665834218 ], [ 10166249.906579252332449, 2712647.801904422231019 ], [ 10166252.940285611897707, 2712650.825416671577841 ], [ 10166263.358235551044345, 2712661.208317908924073 ], [ 10166271.189011488109827, 2712665.766298988368362 ], [ 10166276.320614302530885, 2712670.335404145531356 ], [ 10166285.963557992130518, 2712686.118679840583354 ], [ 10166293.177133409306407, 2712695.368811423890293 ], [ 10166302.128085421398282, 2712710.956341250799596 ], [ 10166308.944097703322768, 2712730.370708417147398 ], [ 10166317.677111966535449, 2712751.697011964395642 ], [ 10166321.165632406249642, 2712756.912850291468203 ], [ 10166323.150489050894976, 2712759.34327136259526 ], [ 10166327.278603795915842, 2712762.66965315118432 ], [ 10166337.614610778167844, 2712776.155126583762467 ], [ 10166344.937586717307568, 2712788.030929338186979 ], [ 10166346.678954515606165, 2712789.921690179035068 ], [ 10166347.035721406340599, 2712791.310531561262906 ], [ 10166347.352603713050485, 2712796.373907036613673 ], [ 10166346.85731971077621, 2712820.221094541251659 ], [ 10166344.755275636911392, 2712864.422277473378927 ], [ 10166345.319333678111434, 2712868.226809938903898 ], [ 10166347.022916091606021, 2712871.607308359351009 ], [ 10166349.95935145765543, 2712889.43777999933809 ], [ 10166352.914618719369173, 2712903.814447639975697 ], [ 10166356.835783917456865, 2712918.253273847512901 ], [ 10166358.482458762824535, 2712921.137471870984882 ], [ 10166362.264896767213941, 2712925.800480674020946 ], [ 10166362.766341157257557, 2712927.641240882221609 ], [ 10166368.125666201114655, 2712950.394103966187686 ], [ 10166376.19122058711946, 2712982.890251259319484 ], [ 10166379.478859372437, 2712998.02707335492596 ], [ 10166379.697313541546464, 2713003.168135780841112 ], [ 10166379.555069832131267, 2713003.851621239911765 ], [ 10166378.233799448236823, 2713010.203147525433451 ], [ 10166378.965774737298489, 2713030.944890575483441 ], [ 10166379.785200281068683, 2713048.938761814497411 ], [ 10166379.075987534597516, 2713055.297511171083897 ], [ 10166378.984410544857383, 2713057.041368172504008 ], [ 10166379.089049918577075, 2713058.48643500963226 ], [ 10166379.535194404423237, 2713060.283257618546486 ], [ 10166380.387595998123288, 2713062.122447037603706 ], [ 10166383.930896703153849, 2713067.294090871233493 ], [ 10166389.211080804467201, 2713073.264028726611286 ], [ 10166400.920511018484831, 2713092.537132897879928 ], [ 10166414.229354029521346, 2713113.867099188733846 ], [ 10166424.233968822285533, 2713132.143183986656368 ], [ 10166429.426147516816854, 2713143.432095763273537 ], [ 10166430.352450657635927, 2713149.927675079088658 ], [ 10166431.447979031130672, 2713162.943908679764718 ], [ 10166432.154378699138761, 2713166.670686767902225 ], [ 10166432.951341727748513, 2713168.366725297179073 ], [ 10166433.998415296897292, 2713169.509967274498194 ], [ 10166438.988867098465562, 2713174.388657431583852 ], [ 10166440.03467015735805, 2713175.222969465889037 ], [ 10166440.631088953465223, 2713176.169524910394102 ], [ 10166441.583622874692082, 2713178.36151721701026 ], [ 10166442.437232384458184, 2713180.498672483954579 ], [ 10166444.130952671170235, 2713184.133032414130867 ], [ 10166446.652349522337317, 2713188.96682803472504 ], [ 10166460.71437456458807, 2713206.60825072741136 ], [ 10166475.879597332328558, 2713225.690604935400188 ], [ 10166504.222424190491438, 2713233.915704722516239 ], [ 10166505.544699320569634, 2713235.289568942971528 ], [ 10166505.82306133210659, 2713236.259431360755116 ], [ 10166505.774971343576908, 2713237.914875473827124 ], [ 10166505.385743714869022, 2713239.350914383772761 ], [ 10166495.595679730176926, 2713249.465984319336712 ], [ 10166495.2048160135746, 2713250.493883465416729 ], [ 10166495.209828797727823, 2713251.718634638004005 ], [ 10166496.834060039371252, 2713259.833403114695102 ], [ 10166497.016646211966872, 2713264.235538005828857 ], [ 10166496.971747890114784, 2713266.696401962544769 ], [ 10166496.191598979756236, 2713269.105142384301871 ], [ 10166495.233680477365851, 2713270.996022464241832 ], [ 10166491.865098085254431, 2713276.350688806269318 ], [ 10166483.78166382946074, 2713287.937363580800593 ], [ 10166476.332962322980165, 2713315.201624898705631 ], [ 10166470.837364388629794, 2713339.809580956120044 ], [ 10166469.448743609711528, 2713346.39194771880284 ], [ 10166453.522134654223919, 2713353.144749715458602 ], [ 10166446.097170289605856, 2713340.584897607564926 ], [ 10166448.93702906370163, 2713323.954869804438204 ], [ 10166452.816234786063433, 2713293.141167852561921 ], [ 10166454.023034602403641, 2713274.277974773198366 ], [ 10166456.109837289899588, 2713266.699603611603379 ], [ 10166458.075596841052175, 2713256.35204799240455 ], [ 10166459.158146051689982, 2713239.321239979937673 ], [ 10166458.407445520162582, 2713232.813858574721962 ], [ 10166457.411124622449279, 2713230.666285018902272 ], [ 10166450.264792, 2713232.582710726186633 ], [ 10166449.03209731169045, 2713228.957397453486919 ], [ 10166444.445578288286924, 2713218.206553152762353 ], [ 10166440.30899022705853, 2713210.157395552843809 ], [ 10166430.195909494534135, 2713194.927263990510255 ], [ 10166418.812221117317677, 2713182.902341215871274 ], [ 10166411.109308695420623, 2713174.779667993541807 ], [ 10166404.006822183728218, 2713165.915060575120151 ], [ 10166400.677975324913859, 2713159.506679879967123 ], [ 10166395.508520131930709, 2713151.09757346753031 ], [ 10166391.149419881403446, 2713142.288024252280593 ], [ 10166388.361619524657726, 2713134.034627384040505 ], [ 10166383.146601721644402, 2713125.206397336907685 ], [ 10166380.628255913034081, 2713121.123039327096194 ], [ 10166377.080666936933994, 2713117.584551992826164 ], [ 10166373.096500650048256, 2713111.929145758040249 ], [ 10166365.160593839362264, 2713097.771497240755707 ], [ 10166360.884151739999652, 2713090.395999020431191 ], [ 10166359.725467313081026, 2713086.108418178744614 ], [ 10166359.113338755443692, 2713083.981211019214243 ], [ 10166359.062322100624442, 2713082.226938653737307 ], [ 10166360.702979492023587, 2713075.555344198830426 ], [ 10166363.038880793377757, 2713067.181643861345947 ], [ 10166363.061240846291184, 2713064.599478552117944 ], [ 10166362.226592965424061, 2713059.041510873939842 ], [ 10166360.888076355680823, 2713048.288388827815652 ], [ 10166357.761724427342415, 2713035.037912427447736 ], [ 10166355.523466827347875, 2713024.288482560310513 ], [ 10166354.214586136862636, 2713012.740831618662924 ], [ 10166352.763736438006163, 2713004.073703479021788 ], [ 10166348.743764471262693, 2712984.217330276500434 ], [ 10166347.073938343673944, 2712975.65041500562802 ], [ 10166343.03417694568634, 2712961.71950278012082 ], [ 10166339.082364486530423, 2712950.524935251567513 ], [ 10166336.632912976667285, 2712947.180489555932581 ], [ 10166331.396341048181057, 2712941.133124785963446 ], [ 10166328.548049880191684, 2712936.863575926516205 ], [ 10166327.052275029942393, 2712930.591124335769564 ], [ 10166324.270316207781434, 2712931.827381539158523 ], [ 10166323.106423942372203, 2712931.633610215503722 ], [ 10166321.787285406142473, 2712931.021150881890208 ], [ 10166320.467119043692946, 2712930.16583111975342 ], [ 10166318.809866210445762, 2712927.391995591577142 ], [ 10166315.273975720629096, 2712915.930811927188188 ], [ 10166313.361431827768683, 2712907.01192268775776 ], [ 10166313.411848448216915, 2712905.941330201923847 ], [ 10166313.816438181325793, 2712905.586650029290468 ], [ 10166316.449382893741131, 2712905.47644260386005 ], [ 10166317.304345829412341, 2712905.263248449191451 ], [ 10166317.707393473014235, 2712904.544333124067634 ], [ 10166317.758717425167561, 2712903.683458577375859 ], [ 10166316.425294915214181, 2712899.56209843698889 ], [ 10166312.863349953666329, 2712884.404453524854034 ], [ 10166312.743574947118759, 2712883.061415640637279 ], [ 10166312.276934273540974, 2712877.830429246649146 ], [ 10166309.893666306510568, 2712877.277560252230614 ], [ 10166309.43183508887887, 2712877.025640651583672 ], [ 10166309.224791456013918, 2712874.67612876649946 ], [ 10166309.412748128175735, 2712872.336138924583793 ], [ 10166309.718940280377865, 2712872.081029403489083 ], [ 10166315.315011890605092, 2712872.124212980736047 ], [ 10166315.798290923237801, 2712869.551248959265649 ], [ 10166315.516042435541749, 2712862.225648197811097 ], [ 10166314.36896588280797, 2712858.081371267326176 ], [ 10166311.131748246029019, 2712844.522449635900557 ], [ 10166309.140688192099333, 2712837.876969540026039 ], [ 10166306.951355310156941, 2712828.352405284531415 ], [ 10166305.278638761490583, 2712821.771752502303571 ], [ 10166303.327916380017996, 2712811.562033543828875 ], [ 10166300.67720802500844, 2712799.236518769990653 ], [ 10166293.395156538113952, 2712792.016978683881462 ], [ 10166283.509293904528022, 2712781.266218662727624 ], [ 10166273.702260376885533, 2712768.330221608746797 ], [ 10166267.415717722848058, 2712760.389378974679857 ], [ 10166263.217817224562168, 2712753.399981186725199 ], [ 10166262.919434934854507, 2712752.86048406502232 ], [ 10166260.450164938345551, 2712747.342499125283211 ], [ 10166255.311267690733075, 2712732.919800736941397 ], [ 10166252.97566176764667, 2712727.886723011732101 ], [ 10166250.276310354471207, 2712722.093377524986863 ], [ 10166247.197659909725189, 2712715.485945841297507 ], [ 10166246.049692733213305, 2712711.099064793437719 ], [ 10166245.254723535850644, 2712707.196206302382052 ], [ 10166244.511817831546068, 2712705.279353464022279 ], [ 10166241.577363817021251, 2712701.385232782922685 ], [ 10166240.176386876031756, 2712699.526217575650662 ], [ 10166236.566023323684931, 2712694.012950349133462 ], [ 10166231.459699818864465, 2712687.578877758700401 ], [ 10166222.320896577090025, 2712677.045806729700416 ], [ 10166218.454012099653482, 2712670.496273359283805 ], [ 10166213.766019536182284, 2712664.413636448327452 ], [ 10166207.391767811030149, 2712656.451159869320691 ], [ 10166204.471107672899961, 2712650.559830483980477 ], [ 10166199.725466476753354, 2712641.067865228746086 ], [ 10166198.629192756488919, 2712638.611797842662781 ], [ 10166198.185747688636184, 2712634.773657165467739 ], [ 10166198.399269005283713, 2712630.623961994890124 ], [ 10166199.467273375019431, 2712623.436287708114833 ], [ 10166199.917531026527286, 2712620.852513554040343 ], [ 10166199.826599380001426, 2712617.366050101816654 ], [ 10166197.218663711100817, 2712607.43497115932405 ], [ 10166194.175473120063543, 2712598.377431832719594 ], [ 10166189.737864833325148, 2712589.082850518636405 ], [ 10166188.47281794808805, 2712582.897907329257578 ], [ 10166186.574056500568986, 2712569.256402716971934 ], [ 10166185.122329782694578, 2712554.929066472221166 ], [ 10166185.076071133837104, 2712543.553095537237823 ], [ 10166185.61505139991641, 2712533.090484988410026 ], [ 10166185.59330310113728, 2712527.727939721662551 ], [ 10166185.27523735538125, 2712525.069998862221837 ], [ 10166183.930180624127388, 2712520.772340434603393 ], [ 10166181.869142485782504, 2712513.101044392678887 ], [ 10166181.30511867441237, 2712506.61535415565595 ], [ 10166182.031762907281518, 2712504.515825135633349 ], [ 10166182.070444606244564, 2712503.24670806992799 ], [ 10166181.681812766939402, 2712502.122920109890401 ], [ 10166179.871485035866499, 2712499.438012287020683 ], [ 10166172.138634361326694, 2712486.548894124571234 ], [ 10166165.389840049669147, 2712472.817092777229846 ], [ 10166165.241868751123548, 2712471.493646724149585 ], [ 10166166.046348048374057, 2712466.955318686086684 ], [ 10166166.837608983740211, 2712459.184070884715766 ], [ 10166167.447151511907578, 2712455.286579865030944 ], [ 10166168.351138101890683, 2712450.935438399203122 ], [ 10166170.381213679909706, 2712448.289929900318384 ], [ 10166172.742275031283498, 2712443.392166214529425 ], [ 10166174.830183869227767, 2712433.386605485342443 ], [ 10166175.77449294924736, 2712425.482391167897731 ], [ 10166175.752114180475473, 2712419.965478774160147 ], [ 10166174.48415139503777, 2712407.667764292564243 ], [ 10166173.427691791206598, 2712396.097375463694334 ], [ 10166171.369482893496752, 2712383.725650411564857 ], [ 10166169.881733510643244, 2712363.230581600219011 ], [ 10166168.865785639733076, 2712342.711494709830731 ], [ 10166160.134315945208073, 2712329.760463047772646 ], [ 10166157.148683864623308, 2712324.0571394036524 ], [ 10166153.357169659808278, 2712314.428959626704454 ], [ 10166150.055802598595619, 2712293.333323191851377 ], [ 10166149.279400957748294, 2712288.372534541878849 ], [ 10166144.58797026053071, 2712262.495155164040625 ], [ 10166141.44864952377975, 2712254.055987156461924 ], [ 10166132.74336895160377, 2712234.032136012800038 ], [ 10166122.650333009660244, 2712215.404155081138015 ], [ 10166117.820459570735693, 2712206.740349756553769 ], [ 10166108.421852858737111, 2712194.299645444843918 ], [ 10166098.828644981607795, 2712185.258204879239202 ], [ 10166081.214115450158715, 2712181.39141107769683 ], [ 10166077.083562351763248, 2712180.12844728725031 ], [ 10166075.53648435510695, 2712182.804980309680104 ], [ 10166060.765682838857174, 2712195.653925460763276 ], [ 10166054.947812084108591, 2712203.092572745867074 ], [ 10166047.417933689430356, 2712199.603695638012141 ], [ 10166040.70849034935236, 2712214.438737466465682 ], [ 10166036.794605489820242, 2712220.600623329170048 ], [ 10166034.133357459679246, 2712229.93524600379169 ], [ 10166028.666241619735956, 2712253.492944519035518 ], [ 10166025.64232075586915, 2712262.6635347828269 ], [ 10166024.036035884171724, 2712264.292132554575801 ], [ 10166023.673184506595135, 2712265.585604271385819 ], [ 10166022.954430777579546, 2712268.147439178079367 ], [ 10166017.934436393901706, 2712285.623713107779622 ], [ 10166007.171629326418042, 2712312.866539254784584 ], [ 10166001.958343829959631, 2712336.79854789795354 ], [ 10165991.176535660400987, 2712375.572154506109655 ], [ 10165988.361596023663878, 2712393.006339372135699 ], [ 10165989.03771423175931, 2712397.439247402362525 ], [ 10165990.536531800404191, 2712404.461806838866323 ], [ 10165990.339554632082582, 2712410.001756317447871 ], [ 10165988.887673556804657, 2712414.520551662426442 ], [ 10165985.895456964150071, 2712418.008443508762866 ], [ 10165975.408396065235138, 2712429.372468993999064 ], [ 10165971.322684973478317, 2712436.484121817164123 ], [ 10165967.186762414872646, 2712447.446876114234328 ], [ 10165965.226971736177802, 2712453.88774581393227 ], [ 10165961.883326388895512, 2712459.992272222414613 ], [ 10165953.620363751426339, 2712470.574763693381101 ], [ 10165950.083083903416991, 2712474.936618383042514 ], [ 10165943.10531860217452, 2712480.471191841177642 ], [ 10165939.003424694761634, 2712486.303043332416564 ], [ 10165930.284008208662271, 2712500.683081856463104 ], [ 10165919.31242635473609, 2712522.454130122438073 ], [ 10165912.574408991262317, 2712535.733671668451279 ], [ 10165907.512694949284196, 2712551.10287096304819 ], [ 10165901.855628181248903, 2712565.7683986723423 ], [ 10165896.339110108092427, 2712577.211224054917693 ], [ 10165892.546300891786814, 2712586.230625902302563 ], [ 10165889.687371175736189, 2712592.829815152101219 ], [ 10165878.851224966347218, 2712607.461308904923499 ], [ 10165867.911734430119395, 2712623.660118876956403 ], [ 10165863.344259966164827, 2712631.027602285612375 ], [ 10165860.564745128154755, 2712640.991757042706013 ], [ 10165856.362260503694415, 2712651.800344525836408 ], [ 10165856.175109185278416, 2712654.361094101332128 ], [ 10165856.054198184981942, 2712659.735211284365505 ], [ 10165856.642586894333363, 2712664.157617426011711 ], [ 10165857.362163484096527, 2712665.721490784082562 ], [ 10165860.601614244282246, 2712669.106744593009353 ], [ 10165862.641702756285667, 2712671.6141936047934 ], [ 10165863.492883397266269, 2712673.177586823236197 ], [ 10165863.929622745141387, 2712675.360524931922555 ], [ 10165863.848752472549677, 2712677.082202210556716 ], [ 10165863.615876952186227, 2712679.168633678462356 ], [ 10165860.219556402415037, 2712691.265060433652252 ], [ 10165860.129000613465905, 2712693.306710665114224 ], [ 10165860.137310968711972, 2712695.348001204431057 ], [ 10165859.858763130381703, 2712697.015311375260353 ], [ 10165857.528923600912094, 2712706.944649680517614 ], [ 10165857.048267202451825, 2712715.597488202620298 ], [ 10165856.005744384601712, 2712726.404253005050123 ], [ 10165855.396306375041604, 2712727.642582051455975 ], [ 10165854.119466682896018, 2712729.35812958329916 ], [ 10165847.890277778729796, 2712735.540715785231441 ], [ 10165833.662709912285209, 2712758.086715279147029 ], [ 10165816.506840795278549, 2712786.382608311250806 ], [ 10165812.006204513832927, 2712794.036664388142526 ], [ 10165810.615038936957717, 2712794.605084359180182 ], [ 10165804.702560128644109, 2712794.993471903260797 ], [ 10165803.937021179124713, 2712792.888974096626043 ], [ 10165799.188390986993909, 2712790.778800727799535 ], [ 10165791.072709077969193, 2712786.168551025446504 ], [ 10165775.158914340659976, 2712777.128319107927382 ], [ 10165775.83684191480279, 2712776.562793703284115 ], [ 10165791.289381891489029, 2712750.304292235989124 ], [ 10165801.090878799557686, 2712730.749199857003987 ], [ 10165802.173833956941962, 2712728.588514590170234 ], [ 10165807.163009470328689, 2712714.212546105496585 ], [ 10165807.146673871204257, 2712710.18516055168584 ], [ 10165806.855296228080988, 2712707.708992338273674 ], [ 10165806.260412894189358, 2712702.652367753908038 ], [ 10165804.873750982806087, 2712690.763162021059543 ], [ 10165801.829563369974494, 2712654.252331027761102 ], [ 10165800.861215112730861, 2712642.714493138249964 ], [ 10165801.700546506792307, 2712635.936136886943132 ], [ 10165814.744014026597142, 2712610.89030522108078 ], [ 10165826.408098479732871, 2712608.35996137233451 ], [ 10165830.935580804944038, 2712607.370405465364456 ], [ 10165834.875429743900895, 2712599.442804673220962 ], [ 10165837.305341778323054, 2712595.173290477599949 ], [ 10165838.841107176616788, 2712592.475060780066997 ], [ 10165845.148681120947003, 2712583.997142742853612 ], [ 10165843.68660344928503, 2712577.879179643001407 ], [ 10165843.983483925461769, 2712564.664242535829544 ], [ 10165843.984111120924354, 2712564.636919491458684 ], [ 10165847.793159758672118, 2712551.501844590064138 ], [ 10165853.420302823185921, 2712537.553729609120637 ], [ 10165855.701501738280058, 2712531.883846253156662 ], [ 10165870.146507192403078, 2712508.906865863595158 ], [ 10165890.814580382779241, 2712475.56559010501951 ], [ 10165905.086006201803684, 2712455.800271754618734 ], [ 10165909.655421499162912, 2712458.224227220285684 ], [ 10165919.039500150829554, 2712463.202146172057837 ], [ 10165922.477790908887982, 2712458.774489651899785 ], [ 10165930.260218499228358, 2712448.734654302708805 ], [ 10165939.1444057431072, 2712439.837988681625575 ], [ 10165955.155967056751251, 2712413.599548202008009 ], [ 10165961.200084445998073, 2712399.705003385897726 ], [ 10165965.731048833578825, 2712383.345047746784985 ], [ 10165971.033577470108867, 2712362.447049202397466 ], [ 10165975.630951290950179, 2712343.932967632077634 ], [ 10165978.471915878355503, 2712332.492317165713757 ], [ 10165984.171994414180517, 2712304.133684143424034 ], [ 10165988.779971649870276, 2712274.312092911452055 ], [ 10165994.369013246148825, 2712253.732996091712266 ], [ 10165983.211849557235837, 2712240.504906110931188 ], [ 10165982.152161920443177, 2712233.5138074378483 ], [ 10165982.805142672732472, 2712213.241760197095573 ], [ 10165985.984319917857647, 2712199.061227734200656 ], [ 10165989.327489987015724, 2712184.736568514723331 ], [ 10165990.059387719258666, 2712173.103895703330636 ], [ 10165990.239251095801592, 2712155.239312164951116 ], [ 10165989.603600796312094, 2712131.055683397687972 ], [ 10165989.448129523545504, 2712106.230156676378101 ], [ 10165989.441695913672447, 2712104.652359323110431 ], [ 10165994.025750525295734, 2712082.477642877027392 ], [ 10166000.775446457788348, 2712050.518128004856408 ], [ 10166003.289613710716367, 2712034.685426710173488 ], [ 10166002.982969399541616, 2712029.412501903716475 ], [ 10166002.51142668351531, 2712021.359824042301625 ], [ 10165993.522519489750266, 2712012.48143760394305 ], [ 10165991.704849481582642, 2712010.679276257753372 ], [ 10165987.273406544700265, 2712002.852482532151043 ], [ 10165985.221751783043146, 2712000.146609022747725 ], [ 10165981.195497933775187, 2711997.515006917528808 ], [ 10165970.026946751400828, 2711994.989957400597632 ], [ 10165966.435267062857747, 2711994.022692070808262 ], [ 10165938.671662667766213, 2712014.416457208804786 ], [ 10165928.884785026311874, 2712022.500216592103243 ], [ 10165921.3665437027812, 2712005.627314816229045 ], [ 10165903.111197045072913, 2711997.8790905601345 ], [ 10165898.551336845383048, 2711980.001067013014108 ], [ 10165905.168730989098549, 2711974.931528692133725 ], [ 10165905.645687250420451, 2711962.671109438873827 ], [ 10165904.15360452234745, 2711951.841954637784511 ], [ 10165901.629488157108426, 2711927.291358754970133 ], [ 10165900.182523963972926, 2711914.06785194715485 ], [ 10165898.881741343066096, 2711909.858363973442465 ], [ 10165894.40024652518332, 2711903.179262550547719 ], [ 10165888.877563869580626, 2711896.791328889317811 ], [ 10165872.054014367982745, 2711901.207409752067178 ], [ 10165859.091504050418735, 2711902.683827482163906 ], [ 10165858.18237610347569, 2711903.073712226934731 ], [ 10165857.64789973385632, 2711903.848248800262809 ], [ 10165854.483841190114617, 2711908.23058969900012 ], [ 10165845.225794993340969, 2711914.149467024952173 ], [ 10165842.189219696447253, 2711914.790693324524909 ], [ 10165829.184119708836079, 2711911.158719847444445 ], [ 10165806.783155877143145, 2711903.802609613165259 ], [ 10165783.270332291722298, 2711898.227386942133307 ], [ 10165770.400674261152744, 2711892.807222358882427 ], [ 10165766.758285850286484, 2711890.163027943111956 ], [ 10165764.644320949912071, 2711882.878413291182369 ], [ 10165762.323124464601278, 2711878.628965931478888 ], [ 10165761.854605240747333, 2711879.458345079328865 ], [ 10165760.628144675865769, 2711880.037103681825101 ], [ 10165750.182823544368148, 2711879.958431146573275 ], [ 10165750.016788018867373, 2711876.88076788559556 ], [ 10165747.473285643383861, 2711871.91496253060177 ], [ 10165745.172303697094321, 2711867.257037341129035 ], [ 10165742.146047862246633, 2711856.86475011985749 ], [ 10165742.194137448444963, 2711852.462044644635171 ], [ 10165743.398557456210256, 2711849.147009058389813 ], [ 10165744.227030612528324, 2711842.380038670264184 ], [ 10165744.932387664914131, 2711821.435328409075737 ], [ 10165744.766203984618187, 2711815.599192878697067 ], [ 10165754.296532724052668, 2711814.622426154557616 ], [ 10165755.818256860598922, 2711813.788664772175252 ], [ 10165757.591165613383055, 2711809.963777772616595 ], [ 10165763.525102131068707, 2711804.102751914411783 ], [ 10165767.955037234351039, 2711800.774544768501073 ], [ 10165770.905325030907989, 2711797.783463085070252 ], [ 10165775.135588232427835, 2711788.464852854143828 ], [ 10165778.349819796159863, 2711774.78105605719611 ], [ 10165781.271296193823218, 2711761.970190651249141 ], [ 10165783.442736504599452, 2711759.004302090033889 ], [ 10165793.65099292807281, 2711741.187393310945481 ], [ 10165797.325212324038148, 2711732.731715245638043 ], [ 10165802.656079487875104, 2711713.412219971418381 ], [ 10165806.688598608598113, 2711695.907533728051931 ], [ 10165806.338271394371986, 2711685.228492506314069 ], [ 10165805.801944386214018, 2711669.276244497392327 ], [ 10165806.244429932907224, 2711667.442852686159313 ], [ 10165814.680974254384637, 2711648.32034724066034 ], [ 10165820.606565620750189, 2711640.440256086643785 ], [ 10165822.69852252304554, 2711631.417356933932751 ], [ 10165826.260456807911396, 2711627.772712058853358 ], [ 10165829.933687062934041, 2711619.085437415633351 ], [ 10165828.789566865190864, 2711612.889243707060814 ], [ 10165828.074583750218153, 2711604.286056655924767 ], [ 10165825.91512112878263, 2711596.6376798376441 ], [ 10165823.973043195903301, 2711591.172972420230508 ], [ 10165820.190518563613296, 2711580.960419356822968 ], [ 10165810.082735970616341, 2711558.504522153642029 ], [ 10165790.811670616269112, 2711513.765522080473602 ], [ 10165782.007608557119966, 2711490.818972501438111 ], [ 10165772.47955671325326, 2711467.886392441112548 ], [ 10165767.356992384418845, 2711459.996373819187284 ], [ 10165764.726977808400989, 2711452.636763737071306 ], [ 10165736.316855169832706, 2711445.879067548550665 ], [ 10165707.644762283191085, 2711439.453454224392772 ], [ 10165686.136639775708318, 2711427.503799411002547 ], [ 10165671.585840193554759, 2711418.65930116083473 ], [ 10165664.054978679865599, 2711412.081051367335021 ], [ 10165662.098876049742103, 2711408.591499381233007 ], [ 10165657.960167253389955, 2711402.517976881470531 ], [ 10165656.821927584707737, 2711395.04197350051254 ], [ 10165655.492483055219054, 2711389.144528074655682 ], [ 10165652.640043277293444, 2711356.519569613970816 ], [ 10165648.364262649789453, 2711327.342914684209973 ], [ 10165647.609405437484384, 2711317.007880329154432 ], [ 10165664.047009998932481, 2711306.801220431458205 ], [ 10165672.051477501168847, 2711297.500610515009612 ], [ 10165675.120375080034137, 2711294.045620709657669 ], [ 10165675.850192362442613, 2711290.015582649968565 ], [ 10165678.467921540141106, 2711283.495236996095628 ], [ 10165682.16194387152791, 2711274.532164241187274 ], [ 10165685.836717214435339, 2711263.50600666180253 ], [ 10165690.832172118127346, 2711250.808391827624291 ], [ 10165683.378770859912038, 2711247.098570039495826 ], [ 10165665.778395200148225, 2711241.035904119722545 ], [ 10165656.389054263010621, 2711236.076201046817005 ], [ 10165655.321741443127394, 2711238.033396241720766 ], [ 10165640.501657821238041, 2711271.182605338282883 ], [ 10165634.608608027920127, 2711270.809433417860419 ], [ 10165634.164789138361812, 2711277.707025655545294 ], [ 10165633.303934955969453, 2711284.606319043785334 ], [ 10165630.124683517962694, 2711298.808032264467329 ], [ 10165626.024059599265456, 2711307.629308531992137 ], [ 10165621.820439048111439, 2711315.391818846575916 ], [ 10165612.011799957603216, 2711337.079219358973205 ], [ 10165604.390909876674414, 2711354.42148036789149 ], [ 10165599.241679197177291, 2711364.405594434589148 ], [ 10165589.686768341809511, 2711381.005496811121702 ], [ 10165585.875221060588956, 2711387.182955804280937 ], [ 10165579.756804455071688, 2711397.099510364700109 ], [ 10165571.063450084999204, 2711412.416114263236523 ], [ 10165560.284676240757108, 2711432.970985306892544 ], [ 10165554.518532201647758, 2711436.900277093052864 ], [ 10165554.349584024399519, 2711441.237101410981268 ], [ 10165552.680085256695747, 2711457.131953557021916 ], [ 10165553.207332380115986, 2711468.174265944864601 ], [ 10165555.259429069235921, 2711476.463012075051665 ], [ 10165558.382124664261937, 2711486.325159170664847 ], [ 10165535.247839031741023, 2711495.57710999250412 ], [ 10165531.544282453134656, 2711474.948658589739352 ], [ 10165527.612260831519961, 2711465.718739039730281 ], [ 10165524.956553563475609, 2711432.85005265660584 ], [ 10165537.018862321972847, 2711404.092230428475887 ], [ 10165551.587573932483792, 2711371.120398825034499 ], [ 10165566.209012031555176, 2711352.40275543089956 ], [ 10165580.872476911172271, 2711333.63126000855118 ], [ 10165585.13079284876585, 2711314.923549875151366 ], [ 10165576.40146903693676, 2711315.885940757580101 ], [ 10165556.894017666578293, 2711318.45891702035442 ], [ 10165549.118787551298738, 2711319.671851568389684 ], [ 10165536.050721930339932, 2711321.710442534647882 ], [ 10165535.015682823956013, 2711315.315294984262437 ], [ 10165533.672809857875109, 2711297.888159062247723 ], [ 10165533.521784285083413, 2711292.37212038366124 ], [ 10165533.377045692875981, 2711287.087852393276989 ], [ 10165530.669976579025388, 2711287.660976359155029 ], [ 10165518.392082998529077, 2711290.260256176814437 ], [ 10165503.524456892162561, 2711292.582595454063267 ], [ 10165486.828295439481735, 2711295.817032078281045 ], [ 10165486.11566492728889, 2711295.930300687905401 ], [ 10165468.956361940130591, 2711298.604016347322613 ], [ 10165464.045591481029987, 2711288.749145560432225 ], [ 10165460.653553400188684, 2711277.376617947593331 ], [ 10165460.464884653687477, 2711276.836831117980182 ], [ 10165458.323627039790154, 2711270.898537455126643 ], [ 10165451.785920845344663, 2711257.552943056914955 ], [ 10165446.206774035468698, 2711247.943498275242746 ], [ 10165440.502290008589625, 2711237.165274674538523 ], [ 10165433.302639158442616, 2711228.345895032864064 ], [ 10165428.079412864521146, 2711219.904628148302436 ], [ 10165424.601886762306094, 2711217.259762602392584 ], [ 10165407.301907997578382, 2711209.463352993596345 ], [ 10165403.46407369710505, 2711207.261352196801454 ], [ 10165398.910366427153349, 2711204.367081445641816 ], [ 10165393.558496693149209, 2711202.126998404040933 ], [ 10165391.954085774719715, 2711201.482606570236385 ], [ 10165389.344198476523161, 2711199.065874168649316 ], [ 10165382.028144784271717, 2711194.020277585368603 ], [ 10165378.782577265053988, 2711191.782770168036222 ], [ 10165376.101540936157107, 2711190.745446693152189 ], [ 10165372.857065126299858, 2711188.761635991279036 ], [ 10165370.214813297614455, 2711186.477466434240341 ], [ 10165367.327686991542578, 2711183.333699285984039 ], [ 10165364.544540567323565, 2711181.458390052430332 ], [ 10165362.25307259708643, 2711179.106599259190261 ], [ 10165360.183889659121633, 2711177.47103046765551 ], [ 10165358.45277695544064, 2711175.315498248208314 ], [ 10165355.720022540539503, 2711166.897301828023046 ], [ 10165353.387501377612352, 2711159.779302895069122 ], [ 10165352.783268198370934, 2711154.088666099123657 ], [ 10165331.528579531237483, 2711155.929276293609291 ], [ 10165328.419181236997247, 2711143.860569417010993 ], [ 10165327.408448753878474, 2711139.566314666066319 ], [ 10165321.141962243244052, 2711112.942113185767084 ], [ 10165329.035555701702833, 2711111.563975929282606 ], [ 10165337.099623914808035, 2711108.905381463002414 ], [ 10165342.016813891008496, 2711106.711871036794037 ], [ 10165342.006843337789178, 2711104.229447721038014 ], [ 10165339.655215665698051, 2711092.345352357253432 ], [ 10165337.985916094854474, 2711086.449369776062667 ], [ 10165336.225143492221832, 2711076.912865793332458 ], [ 10165335.243685839697719, 2711072.933858911506832 ], [ 10165333.962027683854103, 2711065.204844757448882 ], [ 10165332.513725453987718, 2711056.980121551081538 ], [ 10165333.036746054887772, 2711050.633930947631598 ], [ 10165333.870147904381156, 2711042.311605198308825 ], [ 10165332.979464372619987, 2711036.346253523603082 ], [ 10165334.129054265096784, 2711033.020605843514204 ], [ 10165333.832069749012589, 2711032.834368836600333 ], [ 10165335.106917601078749, 2711030.666626831516623 ], [ 10165323.961459577083588, 2711028.196326076053083 ], [ 10165305.708578435704112, 2711026.207207907456905 ], [ 10165296.400826159864664, 2711025.130669158417732 ], [ 10165282.230875736102462, 2711023.544292664155364 ], [ 10165279.215585105121136, 2711040.381986106280237 ], [ 10165278.234598556533456, 2711066.600557666271925 ], [ 10165279.32129212282598, 2711080.42067005392164 ], [ 10165276.545437481254339, 2711083.112940527498722 ], [ 10165273.775794424116611, 2711087.360852105543017 ], [ 10165272.527538841590285, 2711096.181414999533445 ], [ 10165272.549090238288045, 2711104.290649822447449 ], [ 10165272.999013608321548, 2711112.508511999156326 ], [ 10165277.705446066334844, 2711117.961924438830465 ], [ 10165280.304421227425337, 2711123.114827487617731 ], [ 10165285.405508453026414, 2711136.664915852248669 ], [ 10165286.8833211902529, 2711141.325996213126928 ], [ 10165289.99198966100812, 2711150.481949539389461 ], [ 10165293.635180739685893, 2711163.728594532702118 ], [ 10165295.202394217252731, 2711169.42678569117561 ], [ 10165299.189912144094706, 2711181.602332007139921 ], [ 10165304.179788772016764, 2711186.569098480977118 ], [ 10165304.250843033194542, 2711198.815545464400202 ], [ 10165305.206027284264565, 2711201.70247829053551 ], [ 10165305.874435905367136, 2711204.23740206938237 ], [ 10165304.659150324761868, 2711207.596349585335702 ], [ 10165301.717374796047807, 2711229.101041235029697 ], [ 10165300.925376215949655, 2711236.783315195702016 ], [ 10165287.584470899775624, 2711239.540574366692454 ], [ 10165283.643394351005554, 2711238.938741414342076 ], [ 10165276.795879732817411, 2711246.756034784484655 ], [ 10165273.782771229743958, 2711251.367218736559153 ], [ 10165269.097415259107947, 2711258.537569048814476 ], [ 10165265.168280242010951, 2711271.859600720461458 ], [ 10165262.65568289346993, 2711282.748649513814598 ], [ 10165262.434744317084551, 2711287.835822383407503 ], [ 10165265.992568086832762, 2711288.637846099678427 ], [ 10165267.448292499408126, 2711304.188841856084764 ], [ 10165270.042440447956324, 2711321.82052277168259 ], [ 10165270.917265126481652, 2711323.858141834847629 ], [ 10165272.198062691837549, 2711325.872092597186565 ], [ 10165272.199903149157763, 2711326.346461943350732 ], [ 10165275.262360461056232, 2711343.115690053906292 ], [ 10165277.815208274871111, 2711349.318644443526864 ], [ 10165278.231584157794714, 2711350.330423335544765 ], [ 10165280.557851780205965, 2711355.903932670131326 ], [ 10165289.112903838977218, 2711368.943655449897051 ], [ 10165291.33998953551054, 2711374.373997614253312 ], [ 10165301.277216885238886, 2711403.781648430041969 ], [ 10165305.959960097447038, 2711411.47501419018954 ], [ 10165314.228356741368771, 2711421.426615536678582 ], [ 10165324.150536557659507, 2711427.929155974183232 ], [ 10165327.649043012410402, 2711430.320225106086582 ], [ 10165329.682059505954385, 2711439.35926180286333 ], [ 10165333.94093612395227, 2711464.442954210098833 ], [ 10165335.604644954204559, 2711474.410305936355144 ], [ 10165341.154561512172222, 2711482.210476181469858 ], [ 10165341.944720873609185, 2711487.72403148189187 ], [ 10165342.644463980570436, 2711500.784746859222651 ], [ 10165343.310737393796444, 2711508.229533213656396 ], [ 10165344.057544760406017, 2711511.150339257437736 ], [ 10165339.182925015687943, 2711521.254688298795372 ], [ 10165332.774811081588268, 2711534.719392882660031 ], [ 10165329.134212488308549, 2711546.142763015814126 ], [ 10165328.556401224806905, 2711549.775095026008785 ], [ 10165327.474055239930749, 2711553.475677536800504 ], [ 10165328.060969032347202, 2711557.566732975188643 ], [ 10165329.627015782520175, 2711562.293710501398891 ], [ 10165330.090823350474238, 2711565.778453173115849 ], [ 10165326.941623454913497, 2711582.09859572397545 ], [ 10165325.558904701843858, 2711590.202801382634789 ], [ 10165322.49210087582469, 2711602.429333569481969 ], [ 10165322.481309309601784, 2711605.20980239380151 ], [ 10165319.487693540751934, 2711611.080771413166076 ], [ 10165315.427944870665669, 2711616.470494183711708 ], [ 10165311.646185925230384, 2711622.774916296359152 ], [ 10165306.236316433176398, 2711633.488350473344326 ], [ 10165303.647104715928435, 2711644.44413234712556 ], [ 10165301.460981220006943, 2711657.417376198805869 ], [ 10165300.669671528041363, 2711678.957981051877141 ], [ 10165301.973549386486411, 2711689.456573329400271 ], [ 10165302.476252289488912, 2711694.441728587727994 ], [ 10165295.321810832247138, 2711705.118166310712695 ], [ 10165289.54066182859242, 2711716.274384411051869 ], [ 10165281.802703337743878, 2711731.918304707854986 ], [ 10165279.610685329884291, 2711735.237285857088864 ], [ 10165279.354028191417456, 2711736.904333615675569 ], [ 10165272.9774105604738, 2711747.30180941009894 ], [ 10165273.516205342486501, 2711747.597540247254074 ], [ 10165262.811910070478916, 2711762.260401255451143 ], [ 10165261.160779753699899, 2711766.371556884143502 ], [ 10165258.073325315490365, 2711778.940293997526169 ], [ 10165253.916852209717035, 2711795.805455945897847 ], [ 10165250.007441891357303, 2711814.104070349596441 ], [ 10165248.427019231021404, 2711819.439641409553587 ], [ 10165240.408888908103108, 2711817.210251903627068 ], [ 10165235.816232595592737, 2711815.855045962147415 ], [ 10165224.437236635014415, 2711812.497406722977757 ], [ 10165217.481155700981617, 2711809.72313603758812 ], [ 10165202.5683569367975, 2711803.648864814545959 ], [ 10165196.658286379650235, 2711801.808107233606279 ], [ 10165184.576837114989758, 2711798.624195427633822 ], [ 10165177.634175745770335, 2711796.467640119604766 ], [ 10165173.262933688238263, 2711795.32685637101531 ], [ 10165158.565555937588215, 2711790.983923410065472 ], [ 10165157.598829327151179, 2711787.942555962130427 ], [ 10165156.533303206786513, 2711782.143178669735789 ], [ 10165140.722709909081459, 2711779.25024054851383 ], [ 10165140.717918440699577, 2711758.860149687156081 ], [ 10165141.984740791842341, 2711754.651156697422266 ], [ 10165146.1213303450495, 2711751.9864512369968 ], [ 10165153.764990195631981, 2711748.358496547210962 ], [ 10165156.399316318333149, 2711748.667782260105014 ], [ 10165161.117251429706812, 2711751.451235890388489 ], [ 10165172.477919148281217, 2711758.212992229964584 ], [ 10165185.049642205238342, 2711757.775894903577864 ], [ 10165188.154859092086554, 2711757.851568509824574 ], [ 10165196.239449391141534, 2711760.246217922307551 ], [ 10165198.812173143029213, 2711758.845556101761758 ], [ 10165205.400287656113505, 2711754.659204873256385 ], [ 10165211.066168900579214, 2711750.322110397741199 ], [ 10165218.225737500935793, 2711743.63987017609179 ], [ 10165221.204330870881677, 2711742.215538181830198 ], [ 10165227.319300400093198, 2711734.963770070578903 ], [ 10165235.223011709749699, 2711722.331451548263431 ], [ 10165246.52960404753685, 2711704.642958933021873 ], [ 10165252.365729784592986, 2711696.244845299515873 ], [ 10165252.522195797413588, 2711694.225034491159022 ], [ 10165259.757583333179355, 2711676.376527880784124 ], [ 10165264.751052452251315, 2711660.302583797834814 ], [ 10165270.791222497820854, 2711634.415526189375669 ], [ 10165272.321736164391041, 2711627.568518639076501 ], [ 10165269.83975332416594, 2711616.026542679872364 ], [ 10165270.398035321384668, 2711610.231647009495646 ], [ 10165270.982925424352288, 2711608.342639620881528 ], [ 10165271.890972960740328, 2711594.006393801886588 ], [ 10165272.542543495073915, 2711586.876133174169809 ], [ 10165273.631526725366712, 2711579.357992857228965 ], [ 10165261.375546185299754, 2711579.131805441342294 ], [ 10165260.684954484924674, 2711571.080201576463878 ], [ 10165262.540028577670455, 2711563.095526452176273 ], [ 10165264.400518696755171, 2711559.204196238424629 ], [ 10165265.992040254175663, 2711556.649016791023314 ], [ 10165274.015316845849156, 2711557.421901444438845 ], [ 10165274.099617604166269, 2711553.824712585657835 ], [ 10165280.921451782807708, 2711536.816508928779513 ], [ 10165284.278377, 2711528.538843467831612 ], [ 10165288.7459656316787, 2711512.676749617792666 ], [ 10165289.083241946995258, 2711511.085795431397855 ], [ 10165290.684171460568905, 2711503.533260643016547 ], [ 10165291.499299593269825, 2711493.401288440916687 ], [ 10165290.500577578321099, 2711489.389862361364067 ], [ 10165287.462585531175137, 2711477.187573222443461 ], [ 10165282.577776411548257, 2711462.875008394010365 ], [ 10165279.158411459997296, 2711455.59575500478968 ], [ 10165277.734752159565687, 2711453.516281557735056 ], [ 10165275.561384860426188, 2711453.238167608622462 ], [ 10165258.888454517349601, 2711459.583779646549374 ], [ 10165248.138236235827208, 2711462.749805669300258 ], [ 10165248.707423690706491, 2711465.152792160864919 ], [ 10165248.654335701838136, 2711465.605380649678409 ], [ 10165241.790584513917565, 2711469.406665227841586 ], [ 10165228.395058730617166, 2711477.746978702954948 ], [ 10165217.156858759000897, 2711485.063616436906159 ], [ 10165211.829982578754425, 2711489.112318702507764 ], [ 10165204.90510406345129, 2711494.105417148210108 ], [ 10165192.308298453688622, 2711501.890830076299608 ], [ 10165183.786684332415462, 2711505.423010321799666 ], [ 10165182.144666407257318, 2711506.345434433314949 ], [ 10165180.822054946795106, 2711510.322771987877786 ], [ 10165180.58294920809567, 2711510.875415835995227 ], [ 10165179.609235672280192, 2711511.55244118720293 ], [ 10165163.754222948104143, 2711516.714061112143099 ], [ 10165154.682190598919988, 2711519.751848788931966 ], [ 10165152.915822722017765, 2711519.759058120660484 ], [ 10165152.058274915441871, 2711519.332209635525942 ], [ 10165151.687147689983249, 2711517.071810958907008 ], [ 10165148.569713300094008, 2711489.26927297282964 ], [ 10165148.993807187303901, 2711488.307569996919483 ], [ 10165154.415209464728832, 2711485.946516746655107 ], [ 10165165.712544467300177, 2711482.42526977462694 ], [ 10165171.960372816771269, 2711480.965660110116005 ], [ 10165174.580140333622694, 2711485.853868869133294 ], [ 10165179.293271651491523, 2711484.720397558063269 ], [ 10165195.081136703491211, 2711479.272167759947479 ], [ 10165204.547031629830599, 2711475.912849544547498 ], [ 10165210.377325929701328, 2711471.586207633372396 ], [ 10165210.594337554648519, 2711470.97841201396659 ], [ 10165220.652070870622993, 2711462.022742090281099 ], [ 10165227.240661395713687, 2711455.254595472943038 ], [ 10165230.892275329679251, 2711446.55651722708717 ], [ 10165231.850113904103637, 2711439.182340407278389 ], [ 10165233.459106586873531, 2711435.501726122107357 ], [ 10165238.624598516151309, 2711429.533781451173127 ], [ 10165240.1344846598804, 2711425.754327315371484 ], [ 10165244.54691169038415, 2711412.551613773684949 ], [ 10165248.156749868765473, 2711407.163674113806337 ], [ 10165248.52748803421855, 2711403.852255393285304 ], [ 10165248.048657352104783, 2711399.352490516379476 ], [ 10165245.165541594848037, 2711388.992893088143319 ], [ 10165242.497405014932156, 2711377.507026102393866 ], [ 10165238.228736421093345, 2711363.622284114360809 ], [ 10165231.410557862371206, 2711337.710665652062744 ], [ 10165230.504173751920462, 2711333.30101675959304 ], [ 10165230.908305803313851, 2711330.132803942076862 ], [ 10165232.295457534492016, 2711328.582497030030936 ], [ 10165233.237056273967028, 2711328.093235888518393 ], [ 10165231.178049897775054, 2711323.522822165861726 ], [ 10165228.839006537571549, 2711320.233311292249709 ], [ 10165221.282330432906747, 2711315.376260891091079 ], [ 10165207.012163292616606, 2711305.283421221654862 ], [ 10165202.007535308599472, 2711296.642561842687428 ], [ 10165201.510782599449158, 2711295.872273652348667 ], [ 10165192.942752549424767, 2711276.808353009168059 ], [ 10165186.577692627906799, 2711265.436884853057563 ], [ 10165182.582008538767695, 2711259.406855974346399 ], [ 10165191.957873612642288, 2711255.540252714417875 ], [ 10165199.087794447317719, 2711252.455181308090687 ], [ 10165202.054222702980042, 2711250.766189764253795 ], [ 10165204.956947065889835, 2711246.870668330229819 ], [ 10165207.801117585971951, 2711242.059713226277381 ], [ 10165210.02078908123076, 2711240.186066282913089 ], [ 10165218.446415042504668, 2711234.646350870840251 ], [ 10165222.602098206058145, 2711231.319549642968923 ], [ 10165226.935541873797774, 2711225.785423509310931 ], [ 10165228.974845636636019, 2711222.720878459513187 ], [ 10165230.092668695375323, 2711222.407507202588022 ], [ 10165234.284567940980196, 2711222.65525441383943 ], [ 10165236.950473321601748, 2711214.40264009218663 ], [ 10165240.586008459329605, 2711199.018718925770372 ], [ 10165240.229715934023261, 2711184.015001290943474 ], [ 10165238.969240276142955, 2711165.175365828443319 ], [ 10165237.518364673480392, 2711161.750015914440155 ], [ 10165234.088277215138078, 2711157.251281185075641 ], [ 10165230.20103239826858, 2711153.648184136953205 ], [ 10165225.688592689111829, 2711147.333417481277138 ], [ 10165217.113228019326925, 2711134.680024936329573 ], [ 10165208.835442267358303, 2711116.861954793334007 ], [ 10165206.823098113760352, 2711112.964378082193434 ], [ 10165204.025576248764992, 2711099.294595487881452 ], [ 10165201.020495383068919, 2711088.593664023559541 ], [ 10165200.457359390333295, 2711079.471522404346615 ], [ 10165203.24446670524776, 2711074.109167002607137 ], [ 10165203.946709716692567, 2711071.403216110076755 ], [ 10165203.489773040637374, 2711064.145256158895791 ], [ 10165200.484714441001415, 2711056.180534561630338 ], [ 10165196.184404516592622, 2711048.033435315359384 ], [ 10165195.523983305320144, 2711028.331023633014411 ], [ 10165195.035304499790072, 2711021.360144256148487 ], [ 10165172.770583488047123, 2711020.258698619902134 ], [ 10165147.330709934234619, 2711018.011702182237059 ], [ 10165096.644226852804422, 2711015.171672706957906 ], [ 10165089.835450183600187, 2711013.489075012970716 ], [ 10165083.836901525035501, 2711019.625659226439893 ], [ 10165074.611546859145164, 2711028.191603703424335 ], [ 10165059.03270561248064, 2711041.91349746985361 ], [ 10165054.507213057950139, 2711046.047121326439083 ], [ 10165048.848902685567737, 2711052.237527611199766 ], [ 10165035.199382446706295, 2711068.312758791260421 ], [ 10165012.952374840155244, 2711088.129890399519354 ], [ 10165000.456225538626313, 2711101.828324368689209 ], [ 10164997.739995421841741, 2711105.744974929373711 ], [ 10164997.46344724856317, 2711107.919606561306864 ], [ 10164997.656500805169344, 2711120.551734614185989 ], [ 10164995.990272212773561, 2711134.625813634134829 ], [ 10164997.516448305919766, 2711154.19243205152452 ], [ 10164999.877813182771206, 2711168.537106378469616 ], [ 10165000.568675123155117, 2711170.668302992358804 ], [ 10165002.499325230717659, 2711176.624845929443836 ], [ 10165008.029969858005643, 2711185.18633795902133 ], [ 10165018.461725708097219, 2711201.186401793267578 ], [ 10165027.752611132338643, 2711219.993582504335791 ], [ 10165026.746965747326612, 2711220.91342942090705 ], [ 10165018.381672410294414, 2711225.106731621082872 ], [ 10165012.224457992240787, 2711227.261015023104846 ], [ 10165011.312272256240249, 2711226.867466548457742 ], [ 10165009.689843896776438, 2711224.435705557465553 ], [ 10165005.409988842904568, 2711218.660554718691856 ], [ 10164993.837288830429316, 2711205.412263769190758 ], [ 10164989.761780180037022, 2711201.33547576982528 ], [ 10164985.701332591474056, 2711195.570438920985907 ], [ 10164981.711091220378876, 2711188.139160645660013 ], [ 10164979.87890219129622, 2711185.258843157440424 ], [ 10164975.914808189496398, 2711179.027098315302283 ], [ 10164971.633230263367295, 2711172.821591863408685 ], [ 10164969.50212294049561, 2711169.387870954349637 ], [ 10164969.274512453004718, 2711164.578402905724943 ], [ 10164968.504316674545407, 2711150.282510847784579 ], [ 10164968.137754391878843, 2711132.675047401804477 ], [ 10164968.363347949460149, 2711112.229753255844116 ], [ 10164967.744323749095201, 2711094.579199945088476 ], [ 10164970.512159813195467, 2711092.604143983218819 ], [ 10164975.793662203475833, 2711088.202704590279609 ], [ 10164981.718399791046977, 2711080.058426044415683 ], [ 10164985.321400148794055, 2711072.938572377432138 ], [ 10164990.898844415321946, 2711071.216843186877668 ], [ 10164996.42347077652812, 2711070.03613064205274 ], [ 10164999.271148785948753, 2711068.821955380029976 ], [ 10165002.583754474297166, 2711065.917963564861566 ], [ 10165005.061864741146564, 2711060.071455448400229 ], [ 10165013.069114588201046, 2711045.949761582072824 ], [ 10165022.820363614708185, 2711034.458129402250051 ], [ 10165028.928245788440108, 2711028.221826662775129 ], [ 10165036.500433627516031, 2711009.534235010389239 ], [ 10165043.77183341793716, 2710995.217079364228994 ], [ 10165047.244215283542871, 2710988.373581215273589 ], [ 10165046.841461263597012, 2710980.938939941581339 ], [ 10165046.943416370078921, 2710976.249485141132027 ], [ 10165045.368532089516521, 2710960.997100800275803 ], [ 10165044.62228849157691, 2710941.736510637681931 ], [ 10165045.31243840791285, 2710938.743724256753922 ], [ 10165048.391240315511823, 2710937.727219923399389 ], [ 10165051.728995239362121, 2710938.353692271746695 ], [ 10165055.700340691953897, 2710938.337678011506796 ], [ 10165058.594074737280607, 2710937.685996632091701 ], [ 10165062.742965638637543, 2710935.39642182411626 ], [ 10165065.892043273895979, 2710932.757808302994817 ], [ 10165069.223148992285132, 2710928.993180650752038 ], [ 10165073.265428192913532, 2710921.992896416224539 ], [ 10165076.833688031882048, 2710911.695717486552894 ], [ 10165078.512046428397298, 2710900.677984693553299 ], [ 10165077.47219511307776, 2710895.794564554933459 ], [ 10165074.937003405764699, 2710890.078777367249131 ], [ 10165057.196804599836469, 2710892.765344432555139 ], [ 10165045.314416969195008, 2710892.570656389463693 ], [ 10165038.398294856771827, 2710891.440087545197457 ], [ 10165034.120484875515103, 2710891.667040140833706 ], [ 10165027.816955301910639, 2710890.125772749073803 ], [ 10165017.646807268261909, 2710887.353451365604997 ], [ 10165008.205039160326123, 2710880.176059113815427 ], [ 10165000.293390283361077, 2710874.272249097470194 ], [ 10164992.886432837694883, 2710873.882896909955889 ], [ 10164980.349866425618529, 2710874.683789659291506 ], [ 10164954.608095835894346, 2710876.431621219962835 ], [ 10164950.434916947036982, 2710872.642091973219067 ], [ 10164948.335914833471179, 2710868.998623353429139 ], [ 10164947.469716956838965, 2710863.607044171076268 ], [ 10164945.102561052888632, 2710847.751237001270056 ], [ 10164942.985665008425713, 2710834.134093576110899 ], [ 10164941.552285166457295, 2710824.088804333936423 ], [ 10164941.305442513898015, 2710819.974498557392508 ], [ 10164939.367811057716608, 2710818.27227370114997 ], [ 10164937.579458985477686, 2710815.488163544330746 ], [ 10164931.951184438541532, 2710809.950282322242856 ], [ 10164923.531157601624727, 2710803.110684002283961 ], [ 10164918.470412814989686, 2710799.567512615118176 ], [ 10164914.926638780161738, 2710794.01014896761626 ], [ 10164914.322751915082335, 2710793.89121252624318 ], [ 10164903.740995677188039, 2710784.169794884044677 ], [ 10164882.597129359841347, 2710764.164120626170188 ], [ 10164865.163108102977276, 2710747.320988957304507 ], [ 10164850.453546810895205, 2710736.898976265918463 ], [ 10164836.273128494620323, 2710727.103807039558887 ], [ 10164832.721006587147713, 2710724.944641531445086 ], [ 10164827.009202377870679, 2710714.938782147597522 ], [ 10164820.897952189669013, 2710706.545325560029596 ], [ 10164817.276647467166185, 2710700.811843015253544 ], [ 10164813.81560193747282, 2710695.945251505356282 ], [ 10164809.178714282810688, 2710689.425416365265846 ], [ 10164805.349637385457754, 2710683.847216959577054 ], [ 10164803.838065875694156, 2710678.222509932238609 ], [ 10164801.685985293239355, 2710670.214342135470361 ], [ 10164799.916713960468769, 2710652.921936554834247 ], [ 10164799.251801026985049, 2710637.467675379477441 ], [ 10164798.964390913024545, 2710625.917525996919721 ], [ 10164792.011486180126667, 2710626.552238263655454 ], [ 10164777.591013168916106, 2710630.824896880891174 ], [ 10164770.62335154786706, 2710633.291201498359442 ], [ 10164760.397450894117355, 2710635.770598721690476 ], [ 10164757.109387502074242, 2710636.940656590741128 ], [ 10164754.470678821206093, 2710637.879661483224481 ], [ 10164745.768779098987579, 2710631.824478358961642 ], [ 10164738.17030375264585, 2710627.375788640230894 ], [ 10164738.540872188284993, 2710626.756435706745833 ], [ 10164740.952700227499008, 2710623.580310293473303 ], [ 10164744.112656470388174, 2710618.161514026112854 ], [ 10164745.940172698348761, 2710614.496295093093067 ], [ 10164746.256779979914427, 2710613.86119486624375 ], [ 10164748.663757048547268, 2710609.449439067859203 ], [ 10164752.587835557758808, 2710605.803861083928496 ], [ 10164756.399016298353672, 2710601.397428687661886 ], [ 10164759.721892079338431, 2710598.328027341514826 ], [ 10164764.291385708376765, 2710594.238517816178501 ], [ 10164767.95528257265687, 2710591.399384481832385 ], [ 10164769.03650969453156, 2710590.159315520897508 ], [ 10164769.104604227468371, 2710587.974568409845233 ], [ 10164768.50246531330049, 2710582.780516418628395 ], [ 10164768.627399744465947, 2710578.344935245811939 ], [ 10164768.208856848999858, 2710572.4109185221605 ], [ 10164768.090868977829814, 2710570.31513516837731 ], [ 10164770.908546127378941, 2710569.862546511925757 ], [ 10164775.20402368158102, 2710568.609574574511498 ], [ 10164780.159809349104762, 2710567.861508632544428 ], [ 10164785.174003796651959, 2710567.995700819417834 ], [ 10164790.26712492108345, 2710565.934208052698523 ], [ 10164793.115112856030464, 2710564.80843638908118 ], [ 10164798.342331821098924, 2710563.35314672626555 ], [ 10164806.169121894985437, 2710561.765972575172782 ], [ 10164809.03962542116642, 2710560.805623287800699 ], [ 10164802.161473728716373, 2710541.658372979145497 ], [ 10164801.732284305617213, 2710535.812775817234069 ], [ 10164794.103506179526448, 2710526.498740680515766 ], [ 10164779.477611003443599, 2710514.984317615162581 ], [ 10164773.009616166353226, 2710510.652401063125581 ], [ 10164760.697348853573203, 2710501.577924399636686 ], [ 10164747.366621300578117, 2710490.201570792123675 ], [ 10164728.157133722677827, 2710504.036671439185739 ], [ 10164726.963406076654792, 2710506.102829218376428 ], [ 10164723.461087130010128, 2710512.164610845968127 ], [ 10164697.45724649168551, 2710541.693487825337797 ], [ 10164672.147425752133131, 2710516.739876964595169 ], [ 10164649.771926809102297, 2710493.065294130705297 ], [ 10164672.673366151750088, 2710480.682945188134909 ], [ 10164692.054114066064358, 2710471.293394803535193 ], [ 10164696.840143967419863, 2710477.529669073410332 ], [ 10164712.210315769538283, 2710494.138315386138856 ], [ 10164717.408888835459948, 2710482.73161857528612 ], [ 10164718.551632478833199, 2710481.28261664044112 ], [ 10164726.949088888242841, 2710470.634566132444888 ], [ 10164732.152355970814824, 2710465.902644276153296 ], [ 10164737.131268007680774, 2710462.71626413334161 ], [ 10164745.047841338440776, 2710458.867111396975815 ], [ 10164740.215176539495587, 2710449.210830031428486 ], [ 10164746.199844492599368, 2710445.126720098312944 ], [ 10164738.03001575730741, 2710412.856001984793693 ], [ 10164736.617373034358025, 2710402.468902932014316 ], [ 10164739.169223625212908, 2710401.37745894677937 ], [ 10164747.688053969293833, 2710397.272108171600848 ], [ 10164746.283933786675334, 2710394.563738590572029 ], [ 10164740.501640286296606, 2710386.080803090240806 ], [ 10164740.312523476779461, 2710382.661445748060942 ], [ 10164740.566734781488776, 2710380.376684814691544 ], [ 10164742.378681564703584, 2710378.085651740431786 ], [ 10164743.946043251082301, 2710372.209958230145276 ], [ 10164743.893039211630821, 2710369.915472304448485 ], [ 10164738.542864851653576, 2710368.02827420970425 ], [ 10164719.339052978903055, 2710352.902596967760473 ], [ 10164709.023341752588749, 2710343.764992480631918 ], [ 10164707.523469410836697, 2710341.796088439878076 ], [ 10164697.278193468227983, 2710328.322431329637766 ], [ 10164683.886102424934506, 2710312.489327695220709 ], [ 10164670.627210106700659, 2710297.063932860735804 ], [ 10164665.260921481996775, 2710307.665693625807762 ], [ 10164654.438339073210955, 2710306.241809827275574 ], [ 10164643.951825801283121, 2710303.812686781398952 ], [ 10164630.340280449017882, 2710304.562443532515317 ], [ 10164612.106570171192288, 2710307.162078147288412 ], [ 10164607.821123035624623, 2710333.028703879099339 ], [ 10164607.276037264615297, 2710339.440790091175586 ], [ 10164606.433970414102077, 2710351.160822180565447 ], [ 10164606.934090128168464, 2710358.296816111076623 ], [ 10164606.92506436444819, 2710369.941208063159138 ], [ 10164606.919782353565097, 2710376.79870285326615 ], [ 10164606.58972286991775, 2710390.381153116934001 ], [ 10164605.824056504294276, 2710396.496324659325182 ], [ 10164594.249575590714812, 2710393.608102761674672 ], [ 10164580.825781857594848, 2710389.138620292767882 ], [ 10164572.663430076092482, 2710386.313840496353805 ], [ 10164547.677224434912205, 2710370.935324052814394 ], [ 10164532.374888392165303, 2710363.042202664539218 ], [ 10164517.632148150354624, 2710355.157828548923135 ], [ 10164510.437322072684765, 2710350.111598779913038 ], [ 10164508.461378391832113, 2710349.799669474828988 ], [ 10164499.397134676575661, 2710351.89908601809293 ], [ 10164482.003064077347517, 2710356.017781493254006 ], [ 10164460.492364002391696, 2710359.435708849690855 ], [ 10164452.221287053078413, 2710356.854121210519224 ], [ 10164416.88240510225296, 2710345.080494196154177 ], [ 10164411.817178828641772, 2710343.114854366518557 ], [ 10164402.698900006711483, 2710339.89673782652244 ], [ 10164386.017200902104378, 2710329.956921504810452 ], [ 10164375.403440168127418, 2710328.965255756862462 ], [ 10164368.918823216110468, 2710328.359379416331649 ], [ 10164362.683147290721536, 2710327.270065871067345 ], [ 10164335.577824659645557, 2710325.227032956667244 ], [ 10164319.820924649015069, 2710324.407383552752435 ], [ 10164341.15294068865478, 2710334.052870831917971 ], [ 10164352.862538216635585, 2710336.72026484599337 ], [ 10164376.136626368388534, 2710342.021989093162119 ], [ 10164405.910860074684024, 2710347.606677698437124 ], [ 10164417.637546166777611, 2710352.921598295681179 ], [ 10164443.224290672689676, 2710359.328421206679195 ], [ 10164451.99821644090116, 2710361.455674189608544 ], [ 10164455.149793131276965, 2710362.226395473815501 ], [ 10164459.352670514956117, 2710365.287679371889681 ], [ 10164472.781246719881892, 2710376.498146544210613 ], [ 10164502.227622073143721, 2710401.744155102875084 ], [ 10164520.333481848239899, 2710419.456220458261669 ], [ 10164532.712806142866611, 2710434.422019509598613 ], [ 10164540.455034904181957, 2710447.486739445477724 ], [ 10164543.882752750068903, 2710454.247051063459367 ], [ 10164558.598202964290977, 2710471.818267673254013 ], [ 10164576.769371103495359, 2710489.342591396067291 ], [ 10164579.313309885561466, 2710491.803692607209086 ], [ 10164581.08042361214757, 2710500.313804752659053 ], [ 10164584.383034136146307, 2710511.48774406965822 ], [ 10164590.59362774156034, 2710522.826506668236107 ], [ 10164605.484034379944205, 2710548.50608618510887 ], [ 10164617.029358180239797, 2710571.650674628093839 ], [ 10164631.337638042867184, 2710597.156128071714193 ], [ 10164641.845614917576313, 2710615.990948156453669 ], [ 10164648.435558473691344, 2710615.09293592069298 ], [ 10164650.709358416497707, 2710615.811977966222912 ], [ 10164651.908535473048687, 2710616.678677468094975 ], [ 10164658.56920780800283, 2710633.609391811769456 ], [ 10164665.343220993876457, 2710654.191480990964919 ], [ 10164673.853455346077681, 2710683.780425848904997 ], [ 10164677.26870608702302, 2710703.967817994300276 ], [ 10164678.220430726185441, 2710708.796398477163166 ], [ 10164682.762997131794691, 2710728.273208890110254 ], [ 10164676.76001750305295, 2710727.778766452800483 ], [ 10164667.068343963474035, 2710732.186778837349266 ], [ 10164656.908920772373676, 2710734.666328842286021 ], [ 10164654.475061403587461, 2710735.260318713728338 ], [ 10164654.717960208654404, 2710735.645550539717078 ], [ 10164658.007510863244534, 2710740.740546664223075 ], [ 10164661.052101140841842, 2710745.696860193740577 ], [ 10164664.301562061533332, 2710750.986827495042235 ], [ 10164666.007585566490889, 2710752.381128643173724 ], [ 10164670.366641912609339, 2710758.828959065489471 ], [ 10164676.403259195387363, 2710767.774412530008703 ], [ 10164677.408588254824281, 2710769.524584469851106 ], [ 10164682.026182515546679, 2710777.526944340672344 ], [ 10164687.403267862275243, 2710786.144148113206029 ], [ 10164696.335970645770431, 2710800.561299794819206 ], [ 10164700.013148056343198, 2710806.570541400462389 ], [ 10164712.369824767112732, 2710826.744235814549029 ], [ 10164717.172451147809625, 2710834.370713154319674 ], [ 10164723.712181344628334, 2710829.114812991116196 ], [ 10164727.309458432719111, 2710826.066303594969213 ], [ 10164731.650048600509763, 2710822.319703978486359 ], [ 10164738.531094687059522, 2710814.624094878789037 ], [ 10164742.334984723478556, 2710811.122393274214119 ], [ 10164748.630823813378811, 2710805.227566872723401 ], [ 10164754.937845701351762, 2710799.420885030180216 ], [ 10164758.947250099852681, 2710795.146135061047971 ], [ 10164762.412079134956002, 2710797.415990716312081 ], [ 10164760.434157349169254, 2710799.376734425779432 ], [ 10164754.150433249771595, 2710805.558426287490875 ], [ 10164747.042726831510663, 2710811.412343929987401 ], [ 10164741.655474400147796, 2710816.796017760876566 ], [ 10164732.913577975705266, 2710825.558241643942893 ], [ 10164725.822498369961977, 2710832.857529696077108 ], [ 10164721.56045906431973, 2710837.034063094761223 ], [ 10164719.064616914838552, 2710838.412202561274171 ], [ 10164732.202131614089012, 2710861.837460531387478 ], [ 10164739.363966289907694, 2710875.070278640836477 ], [ 10164739.377987345680594, 2710878.58970951475203 ], [ 10164739.10697066038847, 2710879.40732722170651 ], [ 10164734.923485722392797, 2710884.046947912313044 ], [ 10164725.079404022544622, 2710894.280972073785961 ], [ 10164720.150258334353566, 2710898.989831710699946 ], [ 10164703.758320901542902, 2710917.977311238180846 ], [ 10164698.111900176852942, 2710921.640885068569332 ], [ 10164696.3005590159446, 2710922.783035145141184 ], [ 10164694.642704656347632, 2710923.828331300988793 ], [ 10164691.012685365974903, 2710929.690491402521729 ], [ 10164684.406963961198926, 2710940.418976090382785 ], [ 10164678.497649988159537, 2710952.479846377857029 ], [ 10164675.59884250164032, 2710957.390082432422787 ], [ 10164670.802063092589378, 2710962.296973496675491 ], [ 10164664.087811697274446, 2710967.796388782095164 ], [ 10164661.246397579088807, 2710970.599153590854257 ], [ 10164656.871206786483526, 2710979.432092119008303 ], [ 10164651.623539453372359, 2710986.845309254713356 ], [ 10164666.91704685986042, 2710992.344557630829513 ], [ 10164676.908927638083696, 2710997.18099259911105 ], [ 10164694.018775206059217, 2711015.261652582790703 ], [ 10164700.971498299390078, 2711025.560605543199927 ], [ 10164703.941257610917091, 2711032.995965884067118 ], [ 10164706.254270320758224, 2711035.292592906393111 ], [ 10164720.122344594448805, 2711043.743370781652629 ], [ 10164726.664455279707909, 2711041.808334510307759 ], [ 10164730.641060123220086, 2711040.793013649061322 ], [ 10164734.347294513136148, 2711039.846643902361393 ], [ 10164740.744334563612938, 2711040.074665423948318 ], [ 10164744.218760687857866, 2711047.508072406519204 ], [ 10164747.973811581730843, 2711056.51804746966809 ], [ 10164741.484169967472553, 2711063.351530602201819 ], [ 10164741.223630182445049, 2711063.73861581645906 ], [ 10164739.324660189449787, 2711066.559793476946652 ], [ 10164739.071633078157902, 2711069.131594680715352 ], [ 10164739.085385676473379, 2711072.595873543061316 ], [ 10164740.520793505012989, 2711077.654289942700416 ], [ 10164738.068627402186394, 2711092.801543497014791 ], [ 10164746.327485267072916, 2711108.744395028799772 ], [ 10164748.095528166741133, 2711111.925842254422605 ], [ 10164750.71650424413383, 2711117.178090952802449 ], [ 10164761.824029438197613, 2711137.677028783131391 ], [ 10164763.889601819217205, 2711141.188365810085088 ], [ 10164765.608998423442245, 2711142.292937700636685 ], [ 10164771.655038334429264, 2711146.17713064327836 ], [ 10164780.750230440869927, 2711151.701304523739964 ], [ 10164784.296955576166511, 2711155.228624443989247 ], [ 10164787.844447240233421, 2711161.724007646553218 ], [ 10164795.600654067471623, 2711175.395933171268553 ], [ 10164807.382196256890893, 2711197.061769866850227 ], [ 10164819.057001667097211, 2711216.742073103785515 ], [ 10164825.603477660566568, 2711229.679831380490214 ], [ 10164832.352548900991678, 2711243.918517899699509 ], [ 10164837.333663906902075, 2711254.975857945159078 ], [ 10164838.595062727108598, 2711260.399186747148633 ], [ 10164834.562896721065044, 2711261.728313422761858 ], [ 10164817.402351373806596, 2711266.828533698339015 ], [ 10164811.411113813519478, 2711269.357214801479131 ], [ 10164805.143403369933367, 2711257.532828118186444 ], [ 10164801.678576013073325, 2711249.79036791715771 ], [ 10164792.358628341928124, 2711240.162798214703798 ], [ 10164788.908888641744852, 2711236.204742839559913 ], [ 10164781.055483266711235, 2711223.01911255531013 ], [ 10164777.731380904093385, 2711217.438109435141087 ], [ 10164768.718655545264482, 2711202.292656109202653 ], [ 10164765.660915575921535, 2711194.813504895195365 ], [ 10164765.800138620659709, 2711180.193941511213779 ], [ 10164764.489188600331545, 2711170.567197307012975 ], [ 10164762.656538048759103, 2711167.672921289689839 ], [ 10164756.179570818319917, 2711161.156305874697864 ], [ 10164749.611708715558052, 2711153.856712863314897 ], [ 10164748.670394385233521, 2711151.642767023295164 ], [ 10164748.005545828491449, 2711147.221160368062556 ], [ 10164745.334046866744757, 2711140.325225761625916 ], [ 10164741.74237017147243, 2711133.763868117239326 ], [ 10164732.733173029497266, 2711119.490169884171337 ], [ 10164724.935936709865928, 2711106.52445855922997 ], [ 10164719.948409425094724, 2711096.570597254205495 ], [ 10164706.87021904066205, 2711085.347307153977454 ], [ 10164685.761917116120458, 2711068.794257781002671 ], [ 10164671.158546829596162, 2711054.774643996730447 ], [ 10164660.811556441709399, 2711043.419120683800429 ], [ 10164648.497941415756941, 2711031.321128208655864 ], [ 10164632.406305188313127, 2711020.9926582807675 ], [ 10164630.110127368941903, 2711025.712966909632087 ], [ 10164614.542283764109015, 2711022.96194944344461 ], [ 10164605.656694505363703, 2711020.438010967802256 ], [ 10164606.366230268031359, 2711016.772218426689506 ], [ 10164601.38178157992661, 2711018.601639751344919 ], [ 10164589.797475375235081, 2711021.66008942713961 ], [ 10164579.708072900772095, 2711022.660494339186698 ], [ 10164577.742382576689124, 2711027.699482573196292 ], [ 10164570.544963616877794, 2711044.189734113868326 ], [ 10164567.682740667834878, 2711047.25731447013095 ], [ 10164556.596771258860826, 2711045.955810351762921 ], [ 10164555.559958152472973, 2711050.097361890599132 ], [ 10164546.942764660343528, 2711070.995512455701828 ], [ 10164542.572622675448656, 2711081.141389925032854 ], [ 10164541.483698522672057, 2711085.978247225284576 ], [ 10164543.446914011612535, 2711088.585230247117579 ], [ 10164545.259992236271501, 2711089.306172568816692 ], [ 10164544.169370582327247, 2711104.767938861623406 ], [ 10164543.739325623959303, 2711118.053542892914265 ], [ 10164543.971981087699533, 2711124.164949097670615 ], [ 10164546.069515898823738, 2711130.224752008449286 ], [ 10164546.323054254055023, 2711130.521696240175515 ], [ 10164554.621695157140493, 2711139.94372693169862 ], [ 10164555.397921280935407, 2711140.974622239824384 ], [ 10164572.444924976676702, 2711163.615608884952962 ], [ 10164558.161284305155277, 2711177.640910484828055 ], [ 10164544.934767154976726, 2711173.280744867399335 ], [ 10164541.50854554399848, 2711169.719725624658167 ], [ 10164536.848035583272576, 2711162.925442827865481 ], [ 10164533.508317420259118, 2711158.056612911634147 ], [ 10164527.94531955383718, 2711152.374818563461304 ], [ 10164522.019119314849377, 2711151.913020289968699 ], [ 10164507.421442618593574, 2711144.844197824131697 ], [ 10164500.342248663306236, 2711141.364012140780687 ], [ 10164497.669904304668307, 2711145.302556924056262 ], [ 10164494.801226364448667, 2711152.275924840476364 ], [ 10164492.560798292979598, 2711157.22773281019181 ], [ 10164491.702692264690995, 2711162.185040026903152 ], [ 10164492.278797591105103, 2711171.891925198957324 ], [ 10164491.785026397556067, 2711182.960196754429489 ], [ 10164491.309613702818751, 2711187.585013267118484 ], [ 10164490.271954467520118, 2711199.813969433307648 ], [ 10164489.278890969231725, 2711212.230271494481713 ], [ 10164489.248001579195261, 2711218.27659425791353 ], [ 10164488.052963200956583, 2711229.557241524104029 ], [ 10164486.625188475474715, 2711237.49590908549726 ], [ 10164486.476642353460193, 2711238.754265265073627 ], [ 10164487.006057860329747, 2711253.327012217137963 ], [ 10164487.960242280736566, 2711264.312270239461213 ], [ 10164490.538793576881289, 2711269.928891599178314 ], [ 10164498.582325350493193, 2711281.426439702510834 ], [ 10164506.221802337095141, 2711290.6196169690229 ], [ 10164514.129896081984043, 2711298.399429619312286 ], [ 10164518.107064703479409, 2711305.334524737671018 ], [ 10164518.840963695198298, 2711310.561267630662769 ], [ 10164526.563680687919259, 2711318.628769669216126 ], [ 10164517.029968537390232, 2711335.294195559807122 ], [ 10164507.474812665954232, 2711352.11406634375453 ], [ 10164507.908439120277762, 2711353.568680503871292 ], [ 10164502.453669968992472, 2711361.346996057778597 ], [ 10164496.138896267861128, 2711356.992058428935707 ], [ 10164488.141262322664261, 2711351.573655749671161 ], [ 10164493.849674293771386, 2711341.322927014902234 ], [ 10164470.492477079853415, 2711327.635958323720843 ], [ 10164472.471178745850921, 2711320.301926021464169 ], [ 10164462.494120759889483, 2711319.227514949161559 ], [ 10164457.587464122101665, 2711318.607221413403749 ], [ 10164451.943911010399461, 2711336.900907704140991 ], [ 10164429.938057396560907, 2711331.968841644469649 ], [ 10164400.780078932642937, 2711324.549855829682201 ], [ 10164395.618686340749264, 2711323.312725725583732 ], [ 10164394.711905531585217, 2711271.603511206340045 ], [ 10164392.872213067486882, 2711255.833250381983817 ], [ 10164389.128094337880611, 2711235.657474957406521 ], [ 10164374.60212448053062, 2711230.066552617587149 ], [ 10164362.269905129447579, 2711227.158967868890613 ], [ 10164345.81035079434514, 2711226.430369929410517 ], [ 10164341.512949058786035, 2711224.483666322659701 ], [ 10164322.955118022859097, 2711220.299056978430599 ], [ 10164320.19583497941494, 2711218.897776170168072 ], [ 10164315.548677099868655, 2711218.775764328893274 ], [ 10164288.826047781854868, 2711218.074274900369346 ], [ 10164284.520559765398502, 2711216.877861232031137 ], [ 10164281.547878552228212, 2711214.230699896812439 ], [ 10164280.970626143738627, 2711212.511855259072036 ], [ 10164280.775958064943552, 2711210.427268613129854 ], [ 10164282.574686171486974, 2711204.76008977368474 ], [ 10164284.957564966753125, 2711199.741477973759174 ], [ 10164287.590835424140096, 2711196.99482369190082 ], [ 10164296.508162539452314, 2711193.660294379107654 ], [ 10164306.342040715739131, 2711191.844635388813913 ], [ 10164311.321892745792866, 2711191.570905338507146 ], [ 10164317.553798835724592, 2711192.752243135590106 ], [ 10164321.126447444781661, 2711193.429538500495255 ], [ 10164342.814009064808488, 2711198.362914367578924 ], [ 10164361.345578152686357, 2711201.466359754092991 ], [ 10164370.242689192295074, 2711201.3645687289536 ], [ 10164376.194456856697798, 2711199.939600288402289 ], [ 10164378.153705840930343, 2711198.795294731389731 ], [ 10164406.077692179009318, 2711185.532056309748441 ], [ 10164407.455504981800914, 2711184.379136811941862 ], [ 10164410.847952859476209, 2711176.664424170739949 ], [ 10164412.7901595775038, 2711171.195200152229518 ], [ 10164413.46875992231071, 2711168.025920316111296 ], [ 10164413.520524052903056, 2711164.462081652600318 ], [ 10164413.722500924021006, 2711148.948567040264606 ], [ 10164414.074906783178449, 2711143.739514266140759 ], [ 10164415.875081932172179, 2711135.66709095146507 ], [ 10164420.114038472995162, 2711122.829709728248417 ], [ 10164428.865406092256308, 2711110.845787549391389 ], [ 10164435.68598622828722, 2711112.760243932716548 ], [ 10164451.742099368944764, 2711086.404054451268166 ], [ 10164456.951081251725554, 2711077.523560273461044 ], [ 10164442.136046903207898, 2711076.49063569586724 ], [ 10164427.884784828871489, 2711073.756354637909681 ], [ 10164401.583854656666517, 2711072.923714295960963 ], [ 10164394.577020984143019, 2711071.087234435603023 ], [ 10164377.973068272694945, 2711064.324156801681966 ], [ 10164370.936029583215714, 2711060.39143314352259 ], [ 10164372.050858870148659, 2711034.348819186910987 ], [ 10164372.243762213736773, 2711024.881747968029231 ], [ 10164373.104949029162526, 2711006.839214541949332 ], [ 10164375.022956717759371, 2710984.158611970953643 ], [ 10164389.324282450601459, 2710982.931905824225396 ], [ 10164421.375287536531687, 2710984.12763857934624 ], [ 10164449.525207977741957, 2710983.706088996026665 ], [ 10164478.235272234305739, 2710983.43655555229634 ], [ 10164477.342352429404855, 2710974.039987445808947 ], [ 10164476.808948524296284, 2710958.496609480585903 ], [ 10164477.3924890011549, 2710947.935712191741914 ], [ 10164478.905699178576469, 2710942.19244210422039 ], [ 10164483.143090156838298, 2710940.068105389364064 ], [ 10164484.199271006509662, 2710938.044936505611986 ], [ 10164483.81887935847044, 2710933.434652203693986 ], [ 10164481.71150466054678, 2710922.10116566112265 ], [ 10164479.698938114568591, 2710918.09315954009071 ], [ 10164473.654774192720652, 2710904.480603686068207 ], [ 10164471.935139944776893, 2710902.402296356856823 ], [ 10164471.645028872415423, 2710901.189787062350661 ], [ 10164471.839037515223026, 2710897.526048122439533 ], [ 10164471.820290978997946, 2710892.793016107752919 ], [ 10164468.130836730822921, 2710883.661475806031376 ], [ 10164454.901463471353054, 2710856.374723528511822 ], [ 10164445.117432367056608, 2710843.030944239348173 ], [ 10164442.616355942562222, 2710840.31588304694742 ], [ 10164439.370955388993025, 2710840.825355976819992 ], [ 10164438.299356877803802, 2710841.723212902899832 ], [ 10164435.176207991316915, 2710842.607343168929219 ], [ 10164434.55687072686851, 2710841.374173593707383 ], [ 10164430.232924249023199, 2710840.994248750153929 ], [ 10164424.299219541251659, 2710841.415263188071549 ], [ 10164418.654380852356553, 2710842.706648932304233 ], [ 10164415.973048750311136, 2710844.361224416643381 ], [ 10164401.920004842802882, 2710863.956897442694753 ], [ 10164389.799855511635542, 2710875.733404878526926 ], [ 10164375.708268344402313, 2710885.56500884052366 ], [ 10164370.876268893480301, 2710878.809986192267388 ], [ 10164366.616705367341638, 2710872.538228583522141 ], [ 10164383.471922824159265, 2710856.892356620170176 ], [ 10164387.603315237909555, 2710852.937042752746493 ], [ 10164394.924837743863463, 2710851.153489836025983 ], [ 10164398.261616649106145, 2710834.943823328241706 ], [ 10164399.303454037755728, 2710809.872862341813743 ], [ 10164398.695747446268797, 2710789.387108089867979 ], [ 10164397.384501181542873, 2710782.386541597545147 ], [ 10164393.194989239796996, 2710774.415384695399553 ], [ 10164382.154765395447612, 2710762.422738720197231 ], [ 10164370.753346372395754, 2710747.860718459822237 ], [ 10164360.529928801581264, 2710731.584058644250035 ], [ 10164356.960315363481641, 2710724.989604386035353 ], [ 10164345.956314144656062, 2710727.692579456605017 ], [ 10164340.316476006060839, 2710730.241624506190419 ], [ 10164331.41413807310164, 2710734.535907496232539 ], [ 10164322.179937712848186, 2710721.487823113799095 ], [ 10164332.053972359746695, 2710707.668300840072334 ], [ 10164322.181179493665695, 2710688.488526525441557 ], [ 10164314.497283970937133, 2710676.27285483898595 ], [ 10164309.096311630681157, 2710667.093057771679014 ], [ 10164307.648740781471133, 2710664.268050466664135 ], [ 10164291.837854413315654, 2710633.412575946189463 ], [ 10164279.718139762058854, 2710606.386540510691702 ], [ 10164278.472212802618742, 2710599.242288405075669 ], [ 10164275.542014012113214, 2710582.318695739842951 ], [ 10164273.303865818306804, 2710571.17352993413806 ], [ 10164270.63233201391995, 2710566.969647144898772 ], [ 10164257.657919134944677, 2710551.277701737824827 ], [ 10164246.726596621796489, 2710536.250592169817537 ], [ 10164239.424094375222921, 2710523.3494235384278 ], [ 10164228.507015779614449, 2710506.369494424667209 ], [ 10164213.917225334793329, 2710489.977977067232132 ], [ 10164208.567523101344705, 2710477.906188285443932 ], [ 10164203.921686418354511, 2710467.422888091765344 ], [ 10164202.517414130270481, 2710464.615158658474684 ], [ 10164198.796722143888474, 2710458.650344103574753 ], [ 10164193.955780874937773, 2710452.347923018503934 ], [ 10164191.823900394141674, 2710451.440650407224894 ], [ 10164189.692019823938608, 2710450.533487267792225 ], [ 10164169.336971845477819, 2710438.246975092682987 ], [ 10164168.923370353877544, 2710439.087157118134201 ], [ 10164167.668428586795926, 2710440.780120028182864 ], [ 10164166.552482316270471, 2710441.55688196932897 ], [ 10164162.996099200099707, 2710441.074616009369493 ], [ 10164159.944070210680366, 2710440.501976314466447 ], [ 10164158.39404620975256, 2710445.285384187474847 ], [ 10164158.483379133045673, 2710445.682206342928112 ], [ 10164158.401569869369268, 2710447.193949434440583 ], [ 10164156.539279760792851, 2710456.215138828847557 ], [ 10164152.459957294166088, 2710467.804633921943605 ], [ 10164146.644756926223636, 2710478.750225029885769 ], [ 10164138.287246404215693, 2710490.434000781737268 ], [ 10164133.832148220390081, 2710495.736443625763059 ], [ 10164089.78224078938365, 2710483.908305606804788 ], [ 10164084.521671919152141, 2710482.483971228357404 ], [ 10164079.789642244577408, 2710509.400595862418413 ], [ 10164065.539564499631524, 2710506.820477695669979 ], [ 10164053.798086483031511, 2710503.325638533104211 ], [ 10164021.934988396242261, 2710496.63424685690552 ], [ 10163994.264253780245781, 2710490.367404167540371 ], [ 10163981.592157777398825, 2710484.537296077236533 ], [ 10163968.373801961541176, 2710476.480805709026754 ], [ 10163961.939381184056401, 2710475.050116049591452 ], [ 10163944.515198163688183, 2710474.336003686767071 ], [ 10163927.55412014387548, 2710474.237891810480505 ], [ 10163903.508623955771327, 2710474.763679824769497 ], [ 10163896.217190062627196, 2710474.732438954990357 ], [ 10163892.80108617991209, 2710474.717867717612535 ], [ 10163870.90974367596209, 2710456.689089550636709 ], [ 10163844.050012525171041, 2710433.406454004347324 ], [ 10163835.258665978908539, 2710424.019460929557681 ], [ 10163826.433526188135147, 2710415.678579674568027 ], [ 10163814.381012553349137, 2710404.287535436451435 ], [ 10163799.681710612028837, 2710387.807951812632382 ], [ 10163795.758095471188426, 2710383.189731381367892 ], [ 10163784.322095636278391, 2710370.812347654718906 ], [ 10163778.185440670698881, 2710361.370735843200237 ], [ 10163753.882522212341428, 2710368.969142680987716 ], [ 10163735.716115495190024, 2710374.800114485900849 ], [ 10163717.969950411468744, 2710381.47891012346372 ], [ 10163699.866140972822905, 2710386.4710948090069 ], [ 10163693.399430517107248, 2710387.997146676294506 ], [ 10163676.584466220811009, 2710391.561037726700306 ], [ 10163665.155706148594618, 2710395.004316088743508 ], [ 10163651.887472657486796, 2710399.403619216755033 ], [ 10163652.374791406095028, 2710403.373428140301257 ], [ 10163633.059202672913671, 2710404.310384667944163 ], [ 10163632.735711315646768, 2710408.57026847358793 ], [ 10163631.599290687590837, 2710415.337739445734769 ], [ 10163629.618237162008882, 2710430.53746555512771 ], [ 10163629.457925364375114, 2710437.25700634624809 ], [ 10163605.453843599185348, 2710439.944583515636623 ], [ 10163585.573041584342718, 2710442.240714956074953 ], [ 10163572.845363583415747, 2710444.618799108546227 ], [ 10163573.881392633542418, 2710454.268360095098615 ], [ 10163575.483579130843282, 2710462.80129783321172 ], [ 10163576.635871537029743, 2710485.380601346958429 ], [ 10163578.158891309052706, 2710493.30707764159888 ], [ 10163579.051523523405194, 2710502.758600322529674 ], [ 10163581.123187750577927, 2710524.771724120248109 ], [ 10163583.554822478443384, 2710543.46256226953119 ], [ 10163584.540294788777828, 2710559.831241836771369 ], [ 10163588.238206213340163, 2710579.68668376468122 ], [ 10163591.191298613324761, 2710602.667291013523936 ], [ 10163593.84821243211627, 2710628.46243636822328 ], [ 10163593.634153921157122, 2710629.820269188378006 ], [ 10163591.448332168161869, 2710634.760547872167081 ], [ 10163591.246894562616944, 2710636.548654303420335 ], [ 10163593.389284817501903, 2710657.028110009152442 ], [ 10163594.689257165417075, 2710664.028867930173874 ], [ 10163594.964519008994102, 2710678.315245219040662 ], [ 10163596.841499039903283, 2710686.979631814640015 ], [ 10163597.449855936691165, 2710696.697111935354769 ], [ 10163597.966177398338914, 2710702.487328799441457 ], [ 10163602.23565368168056, 2710719.792084900662303 ], [ 10163606.388992866501212, 2710746.717824487946928 ], [ 10163609.481463583186269, 2710757.61714983265847 ], [ 10163617.244544822722673, 2710793.013054638635367 ], [ 10163626.992910351604223, 2710833.928742129355669 ], [ 10163629.396012844517827, 2710845.261012109927833 ], [ 10163631.43005227856338, 2710854.829581334721297 ], [ 10163634.3181546125561, 2710866.755812860094011 ], [ 10163667.591436307877302, 2710861.480289020109922 ], [ 10163673.712256668135524, 2710860.509868465829641 ], [ 10163672.244984962046146, 2710847.209963250905275 ], [ 10163669.964564215391874, 2710839.176032471936196 ], [ 10163676.564600089564919, 2710832.43088936759159 ], [ 10163677.843884043395519, 2710831.355544281192124 ], [ 10163683.236381106078625, 2710832.834667003713548 ], [ 10163684.928398292511702, 2710858.700310244224966 ], [ 10163674.223587397485971, 2710865.042435943614691 ], [ 10163675.668061561882496, 2710883.726590057369322 ], [ 10163675.695790434256196, 2710890.820643754210323 ], [ 10163677.116085015237331, 2710903.337423052173108 ], [ 10163679.04710048623383, 2710920.199159187730402 ], [ 10163681.468079721555114, 2710936.099271317943931 ], [ 10163686.101258857175708, 2710961.93924669502303 ], [ 10163686.380523869767785, 2710963.496833270881325 ], [ 10163686.468257853761315, 2710963.493927968665957 ], [ 10163692.106689549982548, 2710963.308719714172184 ], [ 10163696.32411252707243, 2710964.472517319023609 ], [ 10163701.131036950275302, 2710967.708184979856014 ], [ 10163709.633379384875298, 2710987.302302182652056 ], [ 10163714.204213025048375, 2711003.061451787594706 ], [ 10163723.853645773604512, 2711035.405342570971698 ], [ 10163719.84635360725224, 2711037.495318545028567 ], [ 10163725.308200774714351, 2711048.253058904781938 ], [ 10163731.584723450243473, 2711073.769855530932546 ], [ 10163737.984683910384774, 2711102.783579421229661 ], [ 10163739.319520821794868, 2711118.654982961248606 ], [ 10163750.783006854355335, 2711143.555534485727549 ], [ 10163743.580612121149898, 2711156.205974773969501 ], [ 10163774.206623384729028, 2711154.826828761491925 ], [ 10163782.817065384238958, 2711151.537938076537102 ], [ 10163805.357805263251066, 2711139.102557104080915 ], [ 10163815.828575100749731, 2711134.625767392106354 ], [ 10163831.071318781003356, 2711124.403775088489056 ], [ 10163851.750985972583294, 2711110.210455902852118 ], [ 10163857.121453640982509, 2711128.426832691766322 ], [ 10163859.54483388364315, 2711147.692187717650086 ], [ 10163838.22116319835186, 2711157.143891287501901 ], [ 10163821.729411190375686, 2711167.779060726519674 ], [ 10163801.219765841960907, 2711186.208468946628273 ], [ 10163792.867340736091137, 2711193.744159003254026 ], [ 10163784.951128771528602, 2711197.813668555114418 ], [ 10163757.834763271734118, 2711210.112739437725395 ], [ 10163757.395337820053101, 2711215.971448733936995 ], [ 10163755.52004543505609, 2711240.970679064746946 ], [ 10163729.612976936623454, 2711239.93679620558396 ], [ 10163706.441096195951104, 2711242.522037108428776 ], [ 10163665.707464409992099, 2711245.937995559535921 ], [ 10163664.13416432030499, 2711233.564870699774474 ], [ 10163663.676304180175066, 2711223.085254802834243 ], [ 10163663.465616313740611, 2711222.523324022535235 ], [ 10163660.089761173352599, 2711209.318923540879041 ], [ 10163657.517418289557099, 2711188.388186816591769 ], [ 10163658.064882392063737, 2711185.296651168260723 ], [ 10163656.408517342060804, 2711168.532832599710673 ], [ 10163655.000113796442747, 2711161.852365548722446 ], [ 10163650.210621504113078, 2711157.491100064478815 ], [ 10163647.428815433755517, 2711153.121909152716398 ], [ 10163645.400844627991319, 2711147.955395441036671 ], [ 10163644.821817856281996, 2711142.94861514819786 ], [ 10163644.893722509965301, 2711141.690581834409386 ], [ 10163646.39986147172749, 2711139.676656859461218 ], [ 10163640.751246426254511, 2711126.05091774975881 ], [ 10163638.841805575415492, 2711117.485721467528492 ], [ 10163639.179814953356981, 2711101.348455725237727 ], [ 10163639.193143580108881, 2711100.714047416578978 ], [ 10163638.557776810601354, 2711092.540997742675245 ], [ 10163625.847296848893166, 2711071.363539426121861 ], [ 10163608.447127869352698, 2711074.146469120401889 ], [ 10163605.332482468336821, 2711074.445621659979224 ], [ 10163602.567894037812948, 2711074.456526215653867 ], [ 10163600.93263372592628, 2711074.319574396591634 ], [ 10163598.649956624954939, 2711071.338612102903426 ], [ 10163596.424581540748477, 2711063.359487817622721 ], [ 10163596.34893786534667, 2711060.855249586515129 ], [ 10163596.901275791227818, 2711058.999515453819185 ], [ 10163609.908021882176399, 2711049.316286241170019 ], [ 10163610.526219813153148, 2711044.67992019187659 ], [ 10163613.224337682127953, 2711038.876914332155138 ], [ 10163621.410890109837055, 2711031.000052049290389 ], [ 10163618.98795011267066, 2711025.802041596733034 ], [ 10163619.129913555458188, 2711008.788510187529027 ], [ 10163618.943078508600593, 2711005.342463908717036 ], [ 10163618.515144633129239, 2710997.44893556740135 ], [ 10163614.79110187292099, 2710984.974287400022149 ], [ 10163606.168110707774758, 2710970.996370743494481 ], [ 10163599.838994303718209, 2710955.263486916199327 ], [ 10163595.510598674416542, 2710944.504082200583071 ], [ 10163586.811817869544029, 2710930.769326273351908 ], [ 10163576.789888041093946, 2710912.52718679793179 ], [ 10163562.128137538209558, 2710914.151749026961625 ], [ 10163545.689446968957782, 2710913.080273247789592 ], [ 10163535.565846031531692, 2710916.540530859492719 ], [ 10163524.803964540362358, 2710919.506635539699346 ], [ 10163516.481592493131757, 2710920.686963271349669 ], [ 10163515.129325376823545, 2710919.975160795263946 ], [ 10163512.313062507659197, 2710906.735662024468184 ], [ 10163526.051022006198764, 2710896.100829431787133 ], [ 10163537.599929245188832, 2710889.567905315663666 ], [ 10163546.436164140701294, 2710879.537183320149779 ], [ 10163574.84377939812839, 2710877.703845287673175 ], [ 10163584.518158530816436, 2710876.367452585138381 ], [ 10163606.170781651511788, 2710873.376479568425566 ], [ 10163626.081991631537676, 2710870.318968748208135 ], [ 10163630.696642059832811, 2710869.285651575308293 ], [ 10163630.301791178062558, 2710866.484830930829048 ], [ 10163630.293762795627117, 2710864.44377477793023 ], [ 10163629.585148001089692, 2710859.989367025904357 ], [ 10163625.410038841888309, 2710847.174456926528364 ], [ 10163621.299421861767769, 2710831.215101710520685 ], [ 10163616.849652411416173, 2710812.686319587752223 ], [ 10163615.815912056714296, 2710806.445757275447249 ], [ 10163612.776559783145785, 2710795.093836531974375 ], [ 10163611.824099443852901, 2710792.802811296191067 ], [ 10163610.897644896060228, 2710783.130573313683271 ], [ 10163609.020024333149195, 2710771.487284744158387 ], [ 10163605.146961599588394, 2710757.347462796140462 ], [ 10163602.640736725181341, 2710747.670473161153495 ], [ 10163602.022782193496823, 2710732.712306154426187 ], [ 10163599.75338570587337, 2710721.864974019117653 ], [ 10163597.885635087266564, 2710712.759280605241656 ], [ 10163592.497470578178763, 2710695.52516990667209 ], [ 10163592.173399893566966, 2710691.201608737464994 ], [ 10163591.052121754735708, 2710665.356134357862175 ], [ 10163587.453390710055828, 2710634.357079211622477 ], [ 10163587.820731971412897, 2710632.899331897031516 ], [ 10163589.020184770226479, 2710631.041083906777203 ], [ 10163590.5263965241611, 2710629.060254856478423 ], [ 10163591.091719511896372, 2710627.723063465207815 ], [ 10163591.082019932568073, 2710625.240717036649585 ], [ 10163589.988879252225161, 2710615.006587469950318 ], [ 10163587.564010124653578, 2710600.883216527290642 ], [ 10163584.91060584411025, 2710587.235122469719499 ], [ 10163583.01244181394577, 2710567.516042106319219 ], [ 10163581.083023846149445, 2710556.645424632355571 ], [ 10163579.116914929822087, 2710539.188360852655023 ], [ 10163576.10273420996964, 2710517.399586806539446 ], [ 10163574.705084139481187, 2710502.246271578129381 ], [ 10163573.604456132277846, 2710484.465901433955878 ], [ 10163572.716019051149487, 2710478.908956682309508 ], [ 10163571.787770658731461, 2710465.949122075457126 ], [ 10163569.864837605506182, 2710456.744534118101001 ], [ 10163517.123738788068295, 2710466.617234442848712 ], [ 10163516.489020098000765, 2710461.401350702624768 ], [ 10163503.995079129934311, 2710457.69756171759218 ], [ 10163490.963745102286339, 2710453.8343884088099 ], [ 10163490.765675567090511, 2710445.240608212538064 ], [ 10163491.694729369133711, 2710433.112131881993264 ], [ 10163493.575039867311716, 2710417.339015529025346 ], [ 10163494.159179955720901, 2710401.140799875836819 ], [ 10163495.391029542312026, 2710390.710192152764648 ], [ 10163497.090372866019607, 2710376.350003072526306 ], [ 10163496.983404152095318, 2710368.627538104075938 ], [ 10163496.009532878175378, 2710358.029112522024661 ], [ 10163492.895734660327435, 2710347.229487961158156 ], [ 10163489.736211529001594, 2710327.548720793332905 ], [ 10163488.090535065159202, 2710315.327143779024482 ], [ 10163487.25074546970427, 2710309.090013658627868 ], [ 10163485.110772227868438, 2710303.295341351535171 ], [ 10163483.273014049977064, 2710301.824169027153403 ], [ 10163482.264580123126507, 2710301.569599568843842 ], [ 10163480.132369678467512, 2710301.031237974762917 ], [ 10163478.631980134174228, 2710296.072488718200475 ], [ 10163479.825658155605197, 2710295.810081357136369 ], [ 10163486.348578918725252, 2710294.376141523011029 ], [ 10163476.481524426490068, 2710287.913146101869643 ], [ 10163475.064090879634023, 2710286.984678890556097 ], [ 10163464.9949358291924, 2710279.003790234681219 ], [ 10163462.41717866435647, 2710279.080109789036214 ], [ 10163442.848148535937071, 2710279.675774751696736 ], [ 10163413.867016030475497, 2710283.254121761769056 ], [ 10163400.509175099432468, 2710284.332791835069656 ], [ 10163399.983714221045375, 2710281.830538486130536 ], [ 10163394.501179339364171, 2710282.514055342879146 ], [ 10163387.65297220274806, 2710287.472542927134782 ], [ 10163380.029929801821709, 2710290.679914191830903 ], [ 10163375.140037836506963, 2710291.438380991108716 ], [ 10163369.293398374691606, 2710291.604816161096096 ], [ 10163336.733633749186993, 2710294.601433248724788 ], [ 10163335.473247, 2710303.388332310598344 ], [ 10163333.180066848173738, 2710328.672900267411023 ], [ 10163333.070368269458413, 2710368.147960226517171 ], [ 10163333.814018703997135, 2710407.023992273490876 ], [ 10163336.236744863912463, 2710465.796461813617498 ], [ 10163338.384370651096106, 2710504.612012013792992 ], [ 10163338.940836338326335, 2710532.015073782764375 ], [ 10163340.94425730779767, 2710550.674529016483575 ], [ 10163345.900853805243969, 2710578.314166768919677 ], [ 10163349.706184083595872, 2710614.596977459266782 ], [ 10163349.363906517624855, 2710625.30002722190693 ], [ 10163353.596175529062748, 2710647.238679375965148 ], [ 10163364.193422216922045, 2710700.661960607860237 ], [ 10163370.416787821799517, 2710729.609744151588529 ], [ 10163371.019351562485099, 2710735.046496176626533 ], [ 10163370.730255402624607, 2710742.505962658673525 ], [ 10163366.996924201026559, 2710764.211220330093056 ], [ 10163358.484538197517395, 2710795.489882821682841 ], [ 10163351.142736231908202, 2710817.463221904356033 ], [ 10163343.64353315718472, 2710844.070945208426565 ], [ 10163337.801281752064824, 2710856.704655581619591 ], [ 10163328.152730276808143, 2710877.947966207750142 ], [ 10163318.137381680309772, 2710909.276803224813193 ], [ 10163312.758235333487391, 2710933.791107628960162 ], [ 10163311.467543633654714, 2710948.900421665515751 ], [ 10163312.726940440014005, 2710973.708668992388994 ], [ 10163317.137338347733021, 2710999.111379885114729 ], [ 10163319.384415065869689, 2711012.706342480145395 ], [ 10163332.831542320549488, 2711031.608240954577923 ], [ 10163348.896367082372308, 2711063.474733998999 ], [ 10163362.133930953219533, 2711090.519935445394367 ], [ 10163379.547162171453238, 2711119.258812131360173 ], [ 10163389.093819299712777, 2711139.444962033070624 ], [ 10163392.201518144458532, 2711151.44774613995105 ], [ 10163392.891290389001369, 2711165.192383319605142 ], [ 10163393.949853820726275, 2711172.194256888702512 ], [ 10163392.836712958291173, 2711187.799572048708797 ], [ 10163392.574765015393496, 2711202.254020505119115 ], [ 10163390.381332648918033, 2711250.356363203376532 ], [ 10163388.713448593392968, 2711286.92703513475135 ], [ 10163387.897823853418231, 2711325.414186519570649 ], [ 10163388.327494690194726, 2711354.065869322512299 ], [ 10163387.246190711855888, 2711394.771965699736029 ], [ 10163384.640406148508191, 2711418.702409716788679 ], [ 10163381.212202150374651, 2711431.481519129127264 ], [ 10163373.219558656215668, 2711455.411152755841613 ], [ 10163359.880128858610988, 2711484.05105193471536 ], [ 10163350.882537975907326, 2711495.075690545141697 ], [ 10163333.536208834499121, 2711514.628893019165844 ], [ 10163304.793930353596807, 2711526.613793872762471 ], [ 10163283.973108164966106, 2711547.096439686138183 ], [ 10163257.369213873520494, 2711575.777497847098857 ], [ 10163242.339965924620628, 2711590.301378139294684 ], [ 10163213.252492927014828, 2711615.16353712650016 ], [ 10163191.038613075390458, 2711632.970522908959538 ], [ 10163174.273360256105661, 2711644.025597876869142 ], [ 10163160.06518978998065, 2711652.488821058068424 ], [ 10163143.17099124006927, 2711667.119311807211488 ], [ 10163131.122769517824054, 2711678.023494818713516 ], [ 10163112.120052475482225, 2711692.143574533052742 ], [ 10163094.66881837323308, 2711707.438237237278372 ], [ 10163078.797907521948218, 2711722.825948203913867 ], [ 10163048.46799367852509, 2711755.626060750335455 ], [ 10163022.586870236322284, 2711784.171897704247385 ], [ 10163010.742614386603236, 2711796.807539537549019 ], [ 10162994.810599565505981, 2711813.486395088490099 ], [ 10162975.851757071912289, 2711836.16840758966282 ], [ 10162960.416430650278926, 2711850.793109106831253 ], [ 10162943.014761852100492, 2711864.807536451611668 ], [ 10162931.577615384012461, 2711872.101329722907394 ], [ 10162904.355821618810296, 2711883.120030242484063 ], [ 10162887.130706468597054, 2711891.738277912605554 ], [ 10162870.525213371962309, 2711898.853608074132353 ], [ 10162854.046489350497723, 2711904.699599211569875 ], [ 10162842.899005649611354, 2711907.446351061109453 ], [ 10162835.604908335953951, 2711907.982364222407341 ], [ 10162818.078903269022703, 2711906.836991290096194 ], [ 10162810.762646600604057, 2711907.306861985474825 ], [ 10162808.604460766538978, 2711908.153770995792001 ], [ 10162807.971085814759135, 2711908.928653242066503 ], [ 10162807.90750278159976, 2711909.50268679484725 ], [ 10162808.350807717069983, 2711910.64841612521559 ], [ 10162798.88251980021596, 2711913.56513131223619 ], [ 10162792.649501573294401, 2711907.565047611482441 ], [ 10162784.77121857367456, 2711901.703758263494819 ], [ 10162774.052796246483922, 2711899.086400731001049 ], [ 10162744.313302448019385, 2711891.71050911815837 ], [ 10162709.822260987013578, 2711881.274604188278317 ], [ 10162674.288405910134315, 2711870.677147396374494 ], [ 10162644.853446593508124, 2711862.582649887539446 ], [ 10162618.460160162299871, 2711852.29160413146019 ], [ 10162590.778471294790506, 2711843.605388026684523 ], [ 10162562.578928142786026, 2711837.216153260786086 ], [ 10162552.848814401775599, 2711834.782467612065375 ], [ 10162540.011131692677736, 2711828.807962824590504 ], [ 10162519.009156433865428, 2711822.456924919039011 ], [ 10162502.680815428495407, 2711818.923330581281334 ], [ 10162494.130773294717073, 2711818.073803128208965 ], [ 10162476.370444873347878, 2711815.891858836170286 ], [ 10162462.037994623184204, 2711814.943407254759222 ], [ 10162454.659860042855144, 2711816.450438941828907 ], [ 10162447.09403570368886, 2711820.485005823429674 ], [ 10162434.024125479161739, 2711831.21623949566856 ], [ 10162425.241832122206688, 2711838.499252874404192 ], [ 10162413.62423674762249, 2711858.879221846349537 ], [ 10162398.701893137767911, 2711881.511767092160881 ], [ 10162383.658809669315815, 2711901.320266614668071 ], [ 10162365.10764910839498, 2711933.301400003489107 ], [ 10162335.672404816374183, 2711979.613277371041477 ], [ 10162314.606245666742325, 2712011.008488923776895 ], [ 10162300.738622518256307, 2712031.2428068802692 ], [ 10162293.699156383052468, 2712046.739322255365551 ], [ 10162282.49523795209825, 2712074.97387031186372 ], [ 10162274.055865880101919, 2712094.514114777091891 ], [ 10162269.217010283842683, 2712103.050950380042195 ], [ 10162259.242356687784195, 2712117.03615360474214 ], [ 10162247.438333826139569, 2712140.42929570004344 ], [ 10162232.765099313110113, 2712170.994463094975799 ], [ 10162224.556435817852616, 2712193.513116576243192 ], [ 10162216.938838176429272, 2712211.347333521116525 ], [ 10162222.908906687051058, 2712221.655027022585273 ], [ 10162235.981970986351371, 2712232.306336363777518 ], [ 10162235.364934261888266, 2712237.834483242593706 ], [ 10162235.69174924120307, 2712251.2881018104963 ], [ 10162235.256479777395725, 2712261.410625231917948 ], [ 10162235.488055299967527, 2712271.357987011317164 ], [ 10162236.331905007362366, 2712280.998106406070292 ], [ 10162236.83779401704669, 2712289.692631938960403 ], [ 10162237.73579446785152, 2712299.970287947449833 ], [ 10162239.29870574735105, 2712312.205067968461663 ], [ 10162242.519343202933669, 2712340.587629283312708 ], [ 10162245.216309135779738, 2712368.057392883580178 ], [ 10162245.806672586128116, 2712380.181413414422423 ], [ 10162247.94861319847405, 2712392.680515516083688 ], [ 10162249.609232056885958, 2712405.585957416798919 ], [ 10162251.3589130602777, 2712416.820728133898228 ], [ 10162252.55447293817997, 2712420.105866932310164 ], [ 10162254.804221725091338, 2712426.287436310201883 ], [ 10162259.709913877770305, 2712440.404737103264779 ], [ 10162260.56538300216198, 2712442.829311683773994 ], [ 10162263.96174194663763, 2712452.455213301815093 ], [ 10162268.692958742380142, 2712466.132797752972692 ], [ 10162272.94610952027142, 2712476.721368818543851 ], [ 10162273.850802298635244, 2712479.653974356595427 ], [ 10162275.812359327450395, 2712486.011745139025152 ], [ 10162276.763462482020259, 2712490.430133691057563 ], [ 10162278.045083312317729, 2712489.479354734532535 ], [ 10162285.606086513027549, 2712489.814231794793159 ], [ 10162289.942026365548372, 2712490.555863908026367 ], [ 10162299.736254513263702, 2712492.231185827869922 ], [ 10162315.675383538007736, 2712491.397194336634129 ], [ 10162316.760952288284898, 2712491.216465217527002 ], [ 10162317.835499908775091, 2712491.035700283478945 ], [ 10162333.063935494050384, 2712490.844425481744111 ], [ 10162358.649970091879368, 2712490.66815786762163 ], [ 10162393.315444922074676, 2712491.946309605613351 ], [ 10162415.061324819922447, 2712491.795922693796456 ], [ 10162420.05608825199306, 2712492.111674172338098 ], [ 10162426.573762949556112, 2712492.523654554504901 ], [ 10162428.957352662459016, 2712493.220631840173155 ], [ 10162431.262217488139868, 2712493.421338820364326 ], [ 10162437.344885773956776, 2712491.632321197539568 ], [ 10162457.011039698496461, 2712487.043164699804038 ], [ 10162472.084863979369402, 2712483.740737115498632 ], [ 10162487.460663981735706, 2712481.926657986361533 ], [ 10162491.166194524616003, 2712481.139963482506573 ], [ 10162493.464893305674195, 2712479.718716674484313 ], [ 10162499.091364501044154, 2712476.309350561350584 ], [ 10162507.350084474310279, 2712466.876425156369805 ], [ 10162510.782173568382859, 2712463.453492562286556 ], [ 10162521.333151113241911, 2712453.823970732279122 ], [ 10162534.923600107431412, 2712441.380057756789029 ], [ 10162531.840316032990813, 2712438.501122675370425 ], [ 10162515.507789257913828, 2712428.291835194919258 ], [ 10162506.127399066463113, 2712422.745028355624527 ], [ 10162487.459299806505442, 2712412.908964139409363 ], [ 10162486.224954672157764, 2712408.599430484231561 ], [ 10162485.693778060376644, 2712407.43197413906455 ], [ 10162484.62607703357935, 2712406.53131072409451 ], [ 10162473.224540503695607, 2712397.516626622527838 ], [ 10162465.980249198153615, 2712393.903478945605457 ], [ 10162451.573303397744894, 2712382.274347236845642 ], [ 10162431.521494185552001, 2712369.210570449475199 ], [ 10162424.225862009450793, 2712363.677724474575371 ], [ 10162419.567555751651525, 2712350.609547700267285 ], [ 10162419.619175814092159, 2712346.890950879082084 ], [ 10162417.291873499751091, 2712347.365931406617165 ], [ 10162391.180306920781732, 2712352.694606776349247 ], [ 10162380.958991361781955, 2712348.144074147567153 ], [ 10162369.343480188399553, 2712340.520448172464967 ], [ 10162358.526647176593542, 2712329.451146920211613 ], [ 10162351.773521924391389, 2712319.41436028573662 ], [ 10162343.333661394193769, 2712301.572032876778394 ], [ 10162340.785094516351819, 2712297.885512420441955 ], [ 10162330.791423965245485, 2712292.594870184082538 ], [ 10162328.183770636096597, 2712290.696094800252467 ], [ 10162326.464125877246261, 2712288.595210750121623 ], [ 10162324.355896648019552, 2712282.413394844625145 ], [ 10162323.830393977463245, 2712279.855600320734084 ], [ 10162323.870079098269343, 2712273.02540658833459 ], [ 10162324.930229410529137, 2712269.060118961147964 ], [ 10162326.066800076514482, 2712267.908170779701322 ], [ 10162338.674037680029869, 2712265.178200676105917 ], [ 10162341.837339274585247, 2712263.190924283117056 ], [ 10162351.229885431006551, 2712251.888901612255722 ], [ 10162367.345788452774286, 2712222.774463890586048 ], [ 10162372.838415903970599, 2712207.338907137513161 ], [ 10162381.17659767717123, 2712181.454319688957185 ], [ 10162385.424945499747992, 2712173.438386149238795 ], [ 10162390.979099912568927, 2712165.494500449858606 ], [ 10162395.460418621078134, 2712161.019506756216288 ], [ 10162402.490570733323693, 2712157.417371549177915 ], [ 10162415.538607781752944, 2712155.248326162807643 ], [ 10162447.762666987255216, 2712152.376011637505144 ], [ 10162446.545426683500409, 2712138.224313257262111 ], [ 10162446.084859633818269, 2712121.090602139011025 ], [ 10162463.723768655210733, 2712117.29286427423358 ], [ 10162464.820967398583889, 2712117.288620819337666 ], [ 10162465.933073367923498, 2712118.321424359455705 ], [ 10162474.06767100840807, 2712139.541033257264644 ], [ 10162477.110342325642705, 2712146.160458257421851 ], [ 10162478.550062658265233, 2712146.805967824999243 ], [ 10162480.558094160631299, 2712146.864363730885088 ], [ 10162483.805271519348025, 2712146.719364517834038 ], [ 10162486.468112275004387, 2712145.85941458074376 ], [ 10162509.601415678858757, 2712135.695735307876021 ], [ 10162522.234108878299594, 2712128.198924412019551 ], [ 10162528.61224951595068, 2712123.396543062292039 ], [ 10162531.857968878000975, 2712122.920567528810352 ], [ 10162534.654304856434464, 2712122.523466557729989 ], [ 10162537.372736684978008, 2712121.85089726280421 ], [ 10162539.453511701896787, 2712120.860889309085906 ], [ 10162541.007523844018579, 2712119.817604832351208 ], [ 10162542.297596206888556, 2712118.632019263226539 ], [ 10162544.241086959838867, 2712116.14192460058257 ], [ 10162549.592186663299799, 2712098.18017305387184 ], [ 10162553.498118637129664, 2712083.9093237509951 ], [ 10162554.869081975892186, 2712083.771641882602125 ], [ 10162560.256652737036347, 2712083.883183091878891 ], [ 10162561.168490311130881, 2712084.210612606722862 ], [ 10162561.623066948726773, 2712085.444624476600438 ], [ 10162559.607771815732121, 2712100.623931922018528 ], [ 10162560.639412926509976, 2712115.007959096226841 ], [ 10162562.632407482713461, 2712122.547283680643886 ], [ 10162564.13677915930748, 2712125.741268292535096 ], [ 10162563.95504435710609, 2712126.988812228664756 ], [ 10162552.667337637394667, 2712136.135480898432434 ], [ 10162550.72440499253571, 2712138.758032196201384 ], [ 10162548.350748896598816, 2712146.347468699794263 ], [ 10162548.044452339410782, 2712152.295902653131634 ], [ 10162547.824776036664844, 2712153.806471874471754 ], [ 10162546.633452599868178, 2712162.000095589086413 ], [ 10162545.924993587657809, 2712163.249672673176974 ], [ 10162544.372772051021457, 2712164.756270105484873 ], [ 10162541.264436883851886, 2712166.73245024913922 ], [ 10162530.27028969116509, 2712170.1157654421404 ], [ 10162517.987816259264946, 2712173.895447599235922 ], [ 10162499.519031340256333, 2712178.744698662310839 ], [ 10162475.303483087569475, 2712187.147142428904772 ], [ 10162447.089434336870909, 2712194.263025654479861 ], [ 10162427.069492788985372, 2712200.949865027796477 ], [ 10162423.56612110324204, 2712202.92749124346301 ], [ 10162421.952041631564498, 2712205.482516398653388 ], [ 10162408.22646326571703, 2712234.168517169542611 ], [ 10162390.763732355087996, 2712269.699110035784543 ], [ 10162386.905469801276922, 2712279.280428867787123 ], [ 10162386.397277804091573, 2712284.12628040695563 ], [ 10162384.288897011429071, 2712295.124156561680138 ], [ 10162398.48986997269094, 2712307.44922625599429 ], [ 10162411.260105783119798, 2712318.64332420937717 ], [ 10162416.942104764282703, 2712326.852574317250401 ], [ 10162418.895849078893661, 2712330.992571841925383 ], [ 10162419.961922103539109, 2712333.25166175654158 ], [ 10162434.570730494335294, 2712334.5963543956168 ], [ 10162450.042625345289707, 2712337.868609191384166 ], [ 10162453.361465960741043, 2712339.246006399858743 ], [ 10162457.133055578917265, 2712341.405096279457211 ], [ 10162467.892582664266229, 2712348.954671692568809 ], [ 10162482.57990750670433, 2712356.500150988344103 ], [ 10162512.148704374209046, 2712373.510130370035768 ], [ 10162513.547869894653559, 2712383.578750296495855 ], [ 10162514.217301174998283, 2712392.193744422402233 ], [ 10162515.987239331007004, 2712393.1136829033494 ], [ 10162517.32583417929709, 2712393.108459995593876 ], [ 10162518.597471754997969, 2712392.816606598440558 ], [ 10162519.098347013816237, 2712391.821701060980558 ], [ 10162519.161193890497088, 2712391.037941556889564 ], [ 10162520.146205049008131, 2712390.394222655333579 ], [ 10162535.082060741260648, 2712394.043597520794719 ], [ 10162537.910878056660295, 2712393.536089483182877 ], [ 10162538.882667200639844, 2712392.86379492841661 ], [ 10162556.371469279751182, 2712380.764341955073178 ], [ 10162558.208430178463459, 2712379.113240889273584 ], [ 10162560.04098903387785, 2712379.183242369443178 ], [ 10162565.508184446021914, 2712382.858426199760288 ], [ 10162568.423070361837745, 2712387.624829230364412 ], [ 10162571.02984219416976, 2712400.723135686479509 ], [ 10162571.600078726187348, 2712403.501438529696316 ], [ 10162574.100374257192016, 2712408.898376257158816 ], [ 10162574.663016235455871, 2712409.679546236526221 ], [ 10162580.415341686457396, 2712414.967145131435245 ], [ 10162587.369491757825017, 2712421.359396674670279 ], [ 10162603.438973071053624, 2712431.635794958099723 ], [ 10162605.555134315043688, 2712431.263476422056556 ], [ 10162611.707938600331545, 2712430.59954290650785 ], [ 10162627.570093616843224, 2712424.038890820462257 ], [ 10162647.71984063833952, 2712419.690410328097641 ], [ 10162662.283022675663233, 2712417.713771107140929 ], [ 10162667.631260577589273, 2712418.973005962092429 ], [ 10162682.787148216739297, 2712422.764847667422146 ], [ 10162693.96605721116066, 2712422.368254333734512 ], [ 10162722.030436739325523, 2712416.190375059377402 ], [ 10162732.723919540643692, 2712412.242627654690295 ], [ 10162734.330249285325408, 2712410.537208976224065 ], [ 10162739.768808847293258, 2712406.797515363898128 ], [ 10162750.285046484321356, 2712399.562446827068925 ], [ 10162755.647111847996712, 2712395.889334190636873 ], [ 10162761.037444924935699, 2712393.82703444454819 ], [ 10162766.164544198662043, 2712391.809866794385016 ], [ 10162768.145159725099802, 2712390.444957400206476 ], [ 10162773.88156964816153, 2712384.243601940572262 ], [ 10162776.663951840251684, 2712380.249552716501057 ], [ 10162781.769961902871728, 2712375.595330833923072 ], [ 10162787.519113665446639, 2712369.879383982624859 ], [ 10162794.803145337849855, 2712360.968656221870333 ], [ 10162797.58668027818203, 2712357.261465117800981 ], [ 10162799.913711182773113, 2712354.670478881336749 ], [ 10162809.736427901312709, 2712346.886346273589879 ], [ 10162817.503115080296993, 2712337.962685327511281 ], [ 10162826.131944242864847, 2712325.019281955435872 ], [ 10162837.631683712825179, 2712305.411355183459818 ], [ 10162840.237106766551733, 2712301.053737077396363 ], [ 10162841.562582723796368, 2712297.650121529586613 ], [ 10162842.199968539178371, 2712295.065785974729806 ], [ 10162842.473901994526386, 2712292.129675928037614 ], [ 10162840.028659828007221, 2712278.302709440235049 ], [ 10162837.185105226933956, 2712255.306224947795272 ], [ 10162836.721677288413048, 2712251.558340508956462 ], [ 10162833.98160744458437, 2712238.074594218283892 ], [ 10162832.394115187227726, 2712233.270077052526176 ], [ 10162826.30506457388401, 2712224.808748059906065 ], [ 10162835.511268261820078, 2712210.804050871171057 ], [ 10162836.893627140671015, 2712213.645273793954402 ], [ 10162838.179723093286157, 2712214.258217501919717 ], [ 10162840.440086605027318, 2712214.304538902826607 ], [ 10162850.501636128872633, 2712211.550962635315955 ], [ 10162858.497173516079783, 2712207.955880152061582 ], [ 10162870.207709901034832, 2712214.5635643042624 ], [ 10162861.37577186152339, 2712223.215461750514805 ], [ 10162857.721270430833101, 2712228.647305147722363 ], [ 10162860.219421770423651, 2712241.999677415937185 ], [ 10162860.414033165201545, 2712244.081449213903397 ], [ 10162861.821693183854222, 2712259.14002703037113 ], [ 10162865.234595561400056, 2712273.526003208942711 ], [ 10162866.572576394304633, 2712284.753263361752033 ], [ 10162866.986893044784665, 2712295.454563476610929 ], [ 10162876.719515826553106, 2712298.439783438574523 ], [ 10162888.137675242498517, 2712300.370347635354847 ], [ 10162897.663012571632862, 2712303.654362239874899 ], [ 10162908.691909547895193, 2712309.900594778824598 ], [ 10162915.031366830691695, 2712314.98449516389519 ], [ 10162926.481030497699976, 2712319.375432403292507 ], [ 10162933.631639892235398, 2712321.41091634798795 ], [ 10162939.855576898902655, 2712325.00564143480733 ], [ 10162948.777880806475878, 2712331.238082720898092 ], [ 10162962.61478222720325, 2712342.935134927742183 ], [ 10162969.799047822132707, 2712347.993746399413794 ], [ 10162980.154887141659856, 2712353.260584226343781 ], [ 10162990.838145468384027, 2712358.062741050031036 ], [ 10162994.176636936143041, 2712358.833024763036519 ], [ 10162995.943094257265329, 2712358.82616763189435 ], [ 10162998.509110374376178, 2712358.463028771337122 ], [ 10163002.569612111896276, 2712355.865158604923636 ], [ 10163008.247730039060116, 2712351.639028209727257 ], [ 10163014.238597672432661, 2712348.857157611753792 ], [ 10163016.848177405074239, 2712348.416571317240596 ], [ 10163026.04484067671001, 2712346.129658928606659 ], [ 10163029.261996692046523, 2712345.690026112832129 ], [ 10163037.098669912666082, 2712344.618923224043101 ], [ 10163038.782054096460342, 2712360.01579455845058 ], [ 10163039.711194904521108, 2712367.614544806536287 ], [ 10163014.957721024751663, 2712375.931696243584156 ], [ 10163002.226612247526646, 2712378.812388063408434 ], [ 10162999.029501888900995, 2712379.53586061578244 ], [ 10162996.878667930141091, 2712379.456002811901271 ], [ 10162987.621921464800835, 2712377.550202215090394 ], [ 10162972.561363840475678, 2712372.864501115400344 ], [ 10162956.168845834210515, 2712367.091636019293219 ], [ 10162951.904309034347534, 2712365.166358249727637 ], [ 10162937.226229527965188, 2712354.421406957320869 ], [ 10162925.42809135094285, 2712347.869179175700992 ], [ 10162912.925888448953629, 2712340.845234229695052 ], [ 10162898.080061383545399, 2712332.087169247213751 ], [ 10162881.601910525932908, 2712326.844106157310307 ], [ 10162873.994542876258492, 2712325.836683346424252 ], [ 10162869.233575502410531, 2712326.064916562289 ], [ 10162865.429605012759566, 2712326.907233115751296 ], [ 10162863.708895560353994, 2712327.388395155780017 ], [ 10162856.315763298422098, 2712330.738531270064414 ], [ 10162851.607715515419841, 2712333.305749921593815 ], [ 10162847.802750578150153, 2712336.730057610664517 ], [ 10162837.678396545350552, 2712354.501058300491422 ], [ 10162829.485762476921082, 2712363.923003503121436 ], [ 10162816.252469232305884, 2712377.866282712202519 ], [ 10162810.909857286140323, 2712383.735205432865769 ], [ 10162804.282747521996498, 2712389.410376485437155 ], [ 10162797.532990641891956, 2712394.56752208666876 ], [ 10162791.35935184545815, 2712401.211921343579888 ], [ 10162789.059462456032634, 2712405.149038703646511 ], [ 10162788.473497183993459, 2712406.828441308345646 ], [ 10162788.216607620939612, 2712408.51768046291545 ], [ 10162788.138519268482924, 2712411.011649624444544 ], [ 10162788.233645247295499, 2712412.909094744827598 ], [ 10162790.480338281020522, 2712417.953918076585978 ], [ 10162791.124084122478962, 2712425.564850355032831 ], [ 10162791.777551162987947, 2712427.162313139531761 ], [ 10162793.454232443124056, 2712429.48392909578979 ], [ 10162798.191563040018082, 2712434.508007450494915 ], [ 10162808.929625287652016, 2712444.970531616359949 ], [ 10162815.157954670488834, 2712452.54860393377021 ], [ 10162822.479716669768095, 2712459.118407193105668 ], [ 10162829.888505129143596, 2712459.828824860975146 ], [ 10162837.661559550091624, 2712463.936241730116308 ], [ 10162852.521613193675876, 2712473.499957100022584 ], [ 10162865.443892568349838, 2712481.316785596311092 ], [ 10162870.19428607262671, 2712484.023676177486777 ], [ 10162872.342079866677523, 2712486.16694320878014 ], [ 10162880.179699756205082, 2712495.625593597535044 ], [ 10162882.161135932430625, 2712497.306111039128155 ], [ 10162887.831863425672054, 2712502.525109740905464 ], [ 10162892.901975745335221, 2712505.650026957504451 ], [ 10162905.508621586486697, 2712511.261298988945782 ], [ 10162922.005970681086183, 2712521.45858761202544 ], [ 10162925.772174196317792, 2712522.183187115006149 ], [ 10162928.08626689389348, 2712521.920317873824388 ], [ 10162930.573792198672891, 2712521.094059878494591 ], [ 10162933.064029578119516, 2712520.996032308787107 ], [ 10162936.191986367106438, 2712521.23760205693543 ], [ 10162946.121708244085312, 2712524.089793482795358 ], [ 10162948.707654103636742, 2712526.021676944568753 ], [ 10162952.276014052331448, 2712529.50555141735822 ], [ 10162961.085424622520804, 2712537.724624869879335 ], [ 10162964.481366518884897, 2712539.178886846639216 ], [ 10162966.280799068510532, 2712539.171809590887278 ], [ 10162968.506220849230886, 2712538.688625093083829 ], [ 10162976.793389018625021, 2712536.67007669666782 ], [ 10162982.659472737461329, 2712535.65413397969678 ], [ 10162983.462725169956684, 2712534.271699265576899 ], [ 10162998.376580270007253, 2712508.603290925268084 ], [ 10163012.278929945081472, 2712517.332114537712187 ], [ 10163019.661408144980669, 2712522.577509198803455 ], [ 10163020.346953531727195, 2712523.942978921812028 ], [ 10163020.615763954818249, 2712525.343329323921353 ], [ 10163020.46754339709878, 2712526.734115542843938 ], [ 10163019.994318032637239, 2712529.207636470440775 ], [ 10163017.272888381034136, 2712534.779447560198605 ], [ 10163011.185786595568061, 2712543.917411359492689 ], [ 10163007.901319190859795, 2712551.444497673772275 ], [ 10163007.615105893462896, 2712554.027590495534241 ], [ 10163007.686517145484686, 2712555.461769980378449 ], [ 10163008.283651256933808, 2712556.662133117672056 ], [ 10163009.240484049543738, 2712557.265243843663484 ], [ 10163010.61220096424222, 2712557.315064172726125 ], [ 10163019.445790003985167, 2712554.764691457618028 ], [ 10163040.242295285686851, 2712547.400928905699402 ], [ 10163056.261512652039528, 2712541.743885249830782 ], [ 10163064.913231862708926, 2712540.385982285719365 ], [ 10163068.018697815015912, 2712540.495110096875578 ], [ 10163080.063263071700931, 2712542.610722133889794 ], [ 10163080.782298494130373, 2712544.119506460148841 ], [ 10163080.969303026795387, 2712547.064931022934616 ], [ 10163080.330476302653551, 2712549.285200556740165 ], [ 10163079.259739672765136, 2712550.436994908377528 ], [ 10163048.871248992159963, 2712560.012213309761137 ], [ 10163022.857977701351047, 2712570.303041219245642 ], [ 10163022.44705767557025, 2712570.46556636877358 ], [ 10163009.470937870442867, 2712577.136758199892938 ], [ 10163007.933241212740541, 2712579.53719672607258 ], [ 10163006.86773663200438, 2712582.068198802415282 ], [ 10163006.520318986847997, 2712585.854164444841444 ], [ 10163006.529622426256537, 2712588.259663619566709 ], [ 10163006.951667854562402, 2712589.58204702893272 ], [ 10163009.059656755998731, 2712592.762651302851737 ], [ 10163015.619799541309476, 2712598.154796010348946 ], [ 10163032.510543158277869, 2712610.71167963091284 ], [ 10163046.38606895506382, 2712620.952315457165241 ], [ 10163046.537667889147997, 2712628.951443886384368 ], [ 10163048.341983646154404, 2712647.216890496667475 ], [ 10163049.747101750224829, 2712650.234815338160843 ], [ 10163053.992732997983694, 2712652.921520452946424 ], [ 10163058.850150752812624, 2712657.768637696281075 ], [ 10163060.290841847658157, 2712658.612526951823384 ], [ 10163067.402206156402826, 2712661.828772124834359 ], [ 10163069.561788413673639, 2712664.159618391189724 ], [ 10163072.160684851929545, 2712667.046929014381021 ], [ 10163075.291975133121014, 2712670.525898545980453 ], [ 10163078.946281397715211, 2712673.52390650799498 ], [ 10163079.676758704707026, 2712675.143137356266379 ], [ 10163079.255752330645919, 2712676.943270557560027 ], [ 10163077.423861647024751, 2712679.896644451655447 ], [ 10163071.055660603567958, 2712684.434533167164773 ], [ 10163069.377391807734966, 2712684.56250308547169 ], [ 10163066.993704713881016, 2712683.843555511441082 ], [ 10163066.836469750851393, 2712683.736715697683394 ], [ 10163055.387510867789388, 2712675.955387150868773 ], [ 10163053.053589764982462, 2712673.923238628543913 ], [ 10163050.838249854743481, 2712671.34990643337369 ], [ 10163048.857905780896544, 2712669.96733675757423 ], [ 10163046.825346430763602, 2712669.25806905515492 ], [ 10163044.740423059090972, 2712669.200045147910714 ], [ 10163034.29372469522059, 2712668.887793330010027 ], [ 10163029.149989582598209, 2712666.623885901179165 ], [ 10163026.751556027680635, 2712664.944998018909246 ], [ 10163025.187593435868621, 2712660.570624369662255 ], [ 10163025.05726039595902, 2712658.099432547576725 ], [ 10163025.137860238552094, 2712647.727048773318529 ], [ 10163023.776113456115127, 2712636.069295444525778 ], [ 10163012.508328057825565, 2712624.88059945916757 ], [ 10162993.171114968135953, 2712609.552522804588079 ], [ 10162983.058201039209962, 2712599.054484745021909 ], [ 10162975.866100009530783, 2712591.987667298875749 ], [ 10162960.296689607203007, 2712577.803487875498831 ], [ 10162950.830232549458742, 2712569.89592118980363 ], [ 10162935.007219249382615, 2712552.523903707973659 ], [ 10162920.880060395225883, 2712539.569898731540889 ], [ 10162902.627922441810369, 2712529.611248418688774 ], [ 10162878.698774915188551, 2712518.449861608445644 ], [ 10162868.837248504161835, 2712513.368519078474492 ], [ 10162848.718732288107276, 2712497.40358311496675 ], [ 10162828.551672592759132, 2712483.027595628984272 ], [ 10162822.692549716681242, 2712480.170522783417255 ], [ 10162824.048522628843784, 2712476.137842373456806 ], [ 10162815.214148906990886, 2712469.971179923042655 ], [ 10162801.705425560474396, 2712466.537112525198609 ], [ 10162771.365475155413151, 2712460.222537230234593 ], [ 10162766.292486827820539, 2712459.216066787950695 ], [ 10162764.257640641182661, 2712457.89991584001109 ], [ 10162753.846245225518942, 2712452.467568698339164 ], [ 10162745.905553927645087, 2712450.402120870072395 ], [ 10162740.473090453073382, 2712450.059057715348899 ], [ 10162735.876301728188992, 2712450.187370113562793 ], [ 10162738.126359881833196, 2712458.93960029585287 ], [ 10162744.716561634093523, 2712480.706099004484713 ], [ 10162755.742900099605322, 2712523.29881833633408 ], [ 10162757.596417766064405, 2712529.412802534177899 ], [ 10162762.010783324018121, 2712543.974330684635788 ], [ 10162763.294750200584531, 2712552.57590434094891 ], [ 10162763.495874542742968, 2712556.381837069988251 ], [ 10162777.154900617897511, 2712561.746408917475492 ], [ 10162793.516660569235682, 2712568.071416509803385 ], [ 10162819.177880341187119, 2712578.828875611536205 ], [ 10162847.486212771385908, 2712598.833690179511905 ], [ 10162862.25900143943727, 2712608.497060115449131 ], [ 10162887.981825774535537, 2712626.669245354831219 ], [ 10162903.273576635867357, 2712637.147094669751823 ], [ 10162923.285516794770956, 2712651.038132604211569 ], [ 10162924.178015267476439, 2712652.005708544980735 ], [ 10162925.143125921487808, 2712654.749423646368086 ], [ 10162928.480998327955604, 2712661.036864654626697 ], [ 10162931.820754628628492, 2712664.974140948615968 ], [ 10162925.208993641659617, 2712671.808025676757097 ], [ 10162923.837228080257773, 2712671.736139713320881 ], [ 10162913.763263482600451, 2712659.968899874482304 ], [ 10162913.75164158269763, 2712656.956635607406497 ], [ 10162912.795601285994053, 2712653.727353394962847 ], [ 10162912.067059848457575, 2712652.604692409746349 ], [ 10162908.363393208011985, 2712651.041329242754728 ], [ 10162895.835795560851693, 2712643.178748976439238 ], [ 10162882.366170380264521, 2712632.870244095101953 ], [ 10162875.43480958789587, 2712627.965070095844567 ], [ 10162860.398907607421279, 2712618.368784471880645 ], [ 10162834.948665110394359, 2712599.765288639348 ], [ 10162815.887025535106659, 2712587.580708378460258 ], [ 10162797.005584474653006, 2712579.411915003322065 ], [ 10162774.731424652040005, 2712570.638294226955622 ], [ 10162757.983379332348704, 2712563.729971804190427 ], [ 10162755.937351059168577, 2712562.391827476210892 ], [ 10162751.930478513240814, 2712541.917028558440506 ], [ 10162747.429684223607183, 2712527.257115730084479 ], [ 10162741.874688724055886, 2712509.162974803708494 ], [ 10162731.190296130254865, 2712469.890291769057512 ], [ 10162726.708782790228724, 2712451.514016496017575 ], [ 10162715.611399190500379, 2712453.135128746274859 ], [ 10162703.297675462439656, 2712455.158128178212792 ], [ 10162683.592307031154633, 2712455.234825446270406 ], [ 10162663.065924851223826, 2712455.822206184267998 ], [ 10162656.596220090985298, 2712456.796355676837265 ], [ 10162636.067453103139997, 2712468.163995034527034 ], [ 10162614.880230335518718, 2712482.369836030993611 ], [ 10162608.783806342631578, 2712486.255528077483177 ], [ 10162602.803410613909364, 2712491.806755419820547 ], [ 10162597.484785443171859, 2712498.227156189270318 ], [ 10162581.583456374704838, 2712511.772613609209657 ], [ 10162565.588718377053738, 2712523.839702046010643 ], [ 10162562.918273631483316, 2712525.593476959969848 ], [ 10162556.180573841556907, 2712533.939371258951724 ], [ 10162537.200449334457517, 2712560.053516673855484 ], [ 10162527.002181652933359, 2712573.002959978766739 ], [ 10162520.602486800402403, 2712580.806859071366489 ], [ 10162507.058537291362882, 2712593.956854016054422 ], [ 10162503.827630080282688, 2712598.338920038193464 ], [ 10162499.754164701327682, 2712611.915680069942027 ], [ 10162512.668493706732988, 2712614.822687927167863 ], [ 10162533.802125891670585, 2712618.028823921456933 ], [ 10162551.951508415862918, 2712621.301786117255688 ], [ 10162564.846986500546336, 2712624.992227295413613 ], [ 10162569.757401950657368, 2712626.51797153102234 ], [ 10162572.666687440127134, 2712629.838948416057974 ], [ 10162578.998603673651814, 2712632.94809019099921 ], [ 10162583.148856591433287, 2712633.660188640467823 ], [ 10162592.034028457477689, 2712635.942890015430748 ], [ 10162595.97203772328794, 2712641.411481113638729 ], [ 10162605.314029300585389, 2712654.053470264654607 ], [ 10162605.627740217372775, 2712658.609308968298137 ], [ 10162610.93611628934741, 2712660.894843407906592 ], [ 10162603.864864310249686, 2712676.679076081141829 ], [ 10162600.966081704944372, 2712687.54443991696462 ], [ 10162606.040215464308858, 2712687.252767287194729 ], [ 10162613.937751604244113, 2712687.34605438541621 ], [ 10162619.112134942784905, 2712687.40718316892162 ], [ 10162633.801255870610476, 2712687.969653764273971 ], [ 10162633.886618951335549, 2712689.227211179677397 ], [ 10162634.40556912124157, 2712696.873430003877729 ], [ 10162633.090747119858861, 2712700.504744837991893 ], [ 10162633.185786113142967, 2712703.245790519751608 ], [ 10162638.904457464814186, 2712700.950479262974113 ], [ 10162640.6657570078969, 2712705.313245883211493 ], [ 10162642.025398720055819, 2712707.923059384804219 ], [ 10162643.449609410017729, 2712710.234699920751154 ], [ 10162644.584786910563707, 2712711.543269173242152 ], [ 10162647.911973804235458, 2712712.214512588456273 ], [ 10162645.758031915873289, 2712725.596330520231277 ], [ 10162645.519087456166744, 2712726.681542363017797 ], [ 10162646.981479885056615, 2712727.045322634745389 ], [ 10162655.047546630725265, 2712727.096444127615541 ], [ 10162656.855641135945916, 2712729.480653794016689 ], [ 10162661.33659253641963, 2712722.236482379958034 ], [ 10162665.132099326699972, 2712716.307416687253863 ], [ 10162671.64575688354671, 2712709.617395543027669 ], [ 10162678.390667982399464, 2712703.158242532983422 ], [ 10162680.091287218034267, 2712703.140674080699682 ], [ 10162684.163728224113584, 2712703.588246503379196 ], [ 10162685.86517290212214, 2712703.791256125085056 ], [ 10162687.357179120182991, 2712703.730326532386243 ], [ 10162688.584671191871166, 2712703.36138472519815 ], [ 10162689.930456241592765, 2712702.374113394878805 ], [ 10162693.389365173876286, 2712700.231067245826125 ], [ 10162694.058621171861887, 2712700.22839342802763 ], [ 10162695.397654362022877, 2712700.333554842043668 ], [ 10162700.272522356361151, 2712704.022113784682006 ], [ 10162709.429810233414173, 2712694.29839959833771 ], [ 10162710.160444090142846, 2712693.148049925919622 ], [ 10162710.891187304630876, 2712691.997590913437307 ], [ 10162718.591326836496592, 2712677.137675318401307 ], [ 10162720.648341797292233, 2712672.214044402353466 ], [ 10162721.504926811903715, 2712670.163801395334303 ], [ 10162726.093863917514682, 2712659.420736122876406 ], [ 10162725.317416714504361, 2712648.698603541124612 ], [ 10162725.287043081596494, 2712640.78720663394779 ], [ 10162727.924337927252054, 2712616.181822593323886 ], [ 10162731.657966976985335, 2712605.607670789118856 ], [ 10162746.148206116631627, 2712584.652616764884442 ], [ 10162751.695966627448797, 2712583.582729754969478 ], [ 10162762.977496441453695, 2712584.167697024997324 ], [ 10162768.537037249654531, 2712586.154279494192451 ], [ 10162762.815826701000333, 2712599.152747988700867 ], [ 10162755.10729374550283, 2712614.65258379234001 ], [ 10162753.747612984851003, 2712617.714312030468136 ], [ 10162755.686872206628323, 2712654.042140498757362 ], [ 10162756.461822263896465, 2712655.837767735123634 ], [ 10162784.452578933909535, 2712650.355092208366841 ], [ 10162802.399645008146763, 2712649.501706526149064 ], [ 10162803.802943417802453, 2712657.749808472581208 ], [ 10162790.147861681878567, 2712659.082940455526114 ], [ 10162788.382498074322939, 2712659.387719267979264 ], [ 10162779.638937167823315, 2712668.260225828271359 ], [ 10162774.254289612174034, 2712671.801099107600749 ], [ 10162775.284573005512357, 2712674.356943015009165 ], [ 10162775.725090714171529, 2712677.621342883445323 ], [ 10162808.389494925737381, 2712694.806664849631488 ], [ 10162791.777607504278421, 2712709.017321474384516 ], [ 10162774.953430905938148, 2712696.625257390551269 ], [ 10162768.633371900767088, 2712693.747878746595234 ], [ 10162762.662039635702968, 2712690.262237297836691 ], [ 10162758.383840523660183, 2712693.335446814075112 ], [ 10162750.368398232385516, 2712700.395427698269486 ], [ 10162746.870085973292589, 2712698.014576049987227 ], [ 10162741.925668464973569, 2712701.917902817949653 ], [ 10162734.047390643507242, 2712710.450144687201828 ], [ 10162732.048036327585578, 2712712.61534535838291 ], [ 10162721.597679192200303, 2712722.741288165096194 ], [ 10162712.447618901729584, 2712731.49396461294964 ], [ 10162708.52592832967639, 2712733.153333992697299 ], [ 10162701.69500926323235, 2712737.218485806137323 ], [ 10162699.55248755402863, 2712739.312223463319242 ], [ 10162691.602708209306002, 2712752.02147273439914 ], [ 10162683.629787102341652, 2712764.454987069126219 ], [ 10162682.998714024201035, 2712766.139215804170817 ], [ 10162682.0096395611763, 2712779.671008291188627 ], [ 10162681.157899392768741, 2712791.299376241862774 ], [ 10162681.078050121665001, 2712792.421209851745516 ], [ 10162684.238119976595044, 2712783.346678383182734 ], [ 10162704.997918847948313, 2712792.593149485532194 ], [ 10162704.984056554734707, 2712796.948464000597596 ], [ 10162704.099363857880235, 2712802.752617211081088 ], [ 10162702.034878490492702, 2712816.392695439048111 ], [ 10162680.892081996425986, 2712883.684217327274382 ], [ 10162679.455099968239665, 2712902.269978700205684 ], [ 10162676.000230886042118, 2712928.691122208256274 ], [ 10162664.302044238895178, 2712928.448991825804114 ], [ 10162661.026469258591533, 2712928.38115399191156 ], [ 10162659.776876026764512, 2712934.585717891808599 ], [ 10162663.105037566274405, 2712936.747033170424402 ], [ 10162683.281739255413413, 2712947.780083557590842 ], [ 10162684.896500438451767, 2712942.554590195883065 ], [ 10162702.104700213298202, 2712944.544181928038597 ], [ 10162703.546789279207587, 2712944.710911750327796 ], [ 10162711.616961063817143, 2712946.147060590796173 ], [ 10162708.886279929429293, 2712952.23767589405179 ], [ 10162703.630818620324135, 2712966.547564589418471 ], [ 10162697.442662758752704, 2712966.94048851262778 ], [ 10162683.819572817534208, 2712967.80538801336661 ], [ 10162683.236318899318576, 2712967.355217177420855 ], [ 10162682.375388195738196, 2712966.034453727304935 ], [ 10162681.283420266583562, 2712964.549102809280157 ], [ 10162680.105365725234151, 2712963.505402066279203 ], [ 10162678.391821442171931, 2712963.015486002434045 ], [ 10162674.519715098664165, 2712963.306448367424309 ], [ 10162668.312191283330321, 2712964.058810258284211 ], [ 10162664.923264151439071, 2712964.93910015700385 ], [ 10162662.97963759675622, 2712969.876785466447473 ], [ 10162658.517598789185286, 2712985.514136294368654 ], [ 10162660.986269529908895, 2712987.242064928635955 ], [ 10162663.344433637335896, 2712990.431720262393355 ], [ 10162661.522874215617776, 2713008.055577405262738 ], [ 10162641.295972170308232, 2713062.436703163664788 ], [ 10162644.135434644296765, 2713062.734146820846945 ], [ 10162648.697779826819897, 2713065.011616519186646 ], [ 10162649.571550589054823, 2713065.454277531243861 ], [ 10162671.674917135387659, 2713076.651889495085925 ], [ 10162691.519008118659258, 2713086.781547982711345 ], [ 10162708.006948079913855, 2713091.539489012211561 ], [ 10162730.236595904454589, 2713097.712247522547841 ], [ 10162736.928237330168486, 2713099.570310169830918 ], [ 10162739.520546190440655, 2713100.277487243060023 ], [ 10162740.859091410413384, 2713100.272245834115893 ], [ 10162741.725018434226513, 2713100.026026822626591 ], [ 10162747.665377141907811, 2713101.150566921103746 ], [ 10162749.733823413029313, 2713105.445939350873232 ], [ 10162746.508502569049597, 2713108.470921027008444 ], [ 10162746.960195973515511, 2713108.943606471177191 ], [ 10162740.96735331043601, 2713116.221520662773401 ], [ 10162741.035547843202949, 2713116.224264110904187 ], [ 10162742.019261149689555, 2713116.137220636941493 ], [ 10162753.464006077498198, 2713115.135872867424041 ], [ 10162757.268499787896872, 2713114.773339073639363 ], [ 10162777.468455808237195, 2713112.848554058931768 ], [ 10162777.304543701931834, 2713116.523839751724154 ], [ 10162777.122887147590518, 2713120.597543054260314 ], [ 10162785.797253718599677, 2713122.108152805361897 ], [ 10162788.477523531764746, 2713122.574941025581211 ], [ 10162791.570334015414119, 2713123.061271838843822 ], [ 10162803.384193357080221, 2713124.929295676760375 ], [ 10162816.094574969261885, 2713126.402046050410718 ], [ 10162818.378704948350787, 2713126.667935737874359 ], [ 10162820.169173194095492, 2713119.883498452603817 ], [ 10162826.439399480819702, 2713105.897798792459071 ], [ 10162831.359124846756458, 2713097.260218335781246 ], [ 10162835.551088834181428, 2713086.010860023088753 ], [ 10162836.840525662526488, 2713081.812652751337737 ], [ 10162839.254974817857146, 2713067.701236370019615 ], [ 10162842.333936914801598, 2713043.843830714002252 ], [ 10162846.067142793908715, 2713033.136912921909243 ], [ 10162851.025413636118174, 2713021.421129338908941 ], [ 10162854.130730118602514, 2713010.087670393753797 ], [ 10162854.286364320665598, 2713004.922971045132726 ], [ 10162849.566768109798431, 2713004.533164716791362 ], [ 10162850.771402550861239, 2712984.004430888220668 ], [ 10162855.359203595668077, 2712984.383826812729239 ], [ 10162855.196083083748817, 2712981.901724525727332 ], [ 10162855.072084624320269, 2712981.052587840240449 ], [ 10162854.959107967093587, 2712980.203376840334386 ], [ 10162854.644032429903746, 2712978.185322007164359 ], [ 10162854.555332759395242, 2712975.084958184044808 ], [ 10162854.543348057195544, 2712971.984402210451663 ], [ 10162860.093309700489044, 2712954.373951794579625 ], [ 10162862.319736095145345, 2712945.614984293933958 ], [ 10162862.617716688662767, 2712943.219417011830956 ], [ 10162862.347080960869789, 2712934.074274796061218 ], [ 10162862.264496816322207, 2712931.281542798504233 ], [ 10162858.729134814813733, 2712913.629358334001154 ], [ 10162850.855266448110342, 2712914.741439918987453 ], [ 10162846.360407836735249, 2712915.718958461191505 ], [ 10162846.215978233143687, 2712915.256156908813864 ], [ 10162840.778289500623941, 2712893.683211045805365 ], [ 10162838.848572069779038, 2712868.444151878822595 ], [ 10162847.877493211999536, 2712868.122077294625342 ], [ 10162844.609190041199327, 2712845.724108280148357 ], [ 10162842.635429680347443, 2712837.522367896046489 ], [ 10162842.001673448830843, 2712832.493242893368006 ], [ 10162842.349476525560021, 2712828.806320326868445 ], [ 10162844.500921783968806, 2712817.642337449360639 ], [ 10162857.052034929394722, 2712817.372717079240829 ], [ 10162865.116856979206204, 2712817.418460704386234 ], [ 10162860.74826361425221, 2712839.757861157879233 ], [ 10162859.962880682200193, 2712843.788405907806009 ], [ 10162860.621569808572531, 2712843.885115879587829 ], [ 10162862.645786710083485, 2712845.267535659484565 ], [ 10162866.749973820522428, 2712848.241828511003405 ], [ 10162871.962351216003299, 2712845.56223323661834 ], [ 10162885.071900153532624, 2712836.440865563694388 ], [ 10162889.520806614309549, 2712832.087034842465073 ], [ 10162892.22772828489542, 2712828.402080576866865 ], [ 10162894.005190247669816, 2712825.526223203167319 ], [ 10162895.346650248393416, 2712823.424501624424011 ], [ 10162898.410715268924832, 2712821.327097062487155 ], [ 10162904.562358459457755, 2712814.671440321952105 ], [ 10162905.620630802586675, 2712813.089418246876448 ], [ 10162906.261864241212606, 2712811.497938393615186 ], [ 10162907.109380757436156, 2712809.342946324497461 ], [ 10162907.814724517986178, 2712807.320942583028227 ], [ 10162909.023713989183307, 2712805.010071900673211 ], [ 10162910.880630707368255, 2712802.851183526217937 ], [ 10162912.083672089502215, 2712801.831275679636747 ], [ 10162913.727041233330965, 2712801.184907747898251 ], [ 10162914.374179827049375, 2712801.138257726561278 ], [ 10162916.08545658737421, 2712801.032247603405267 ], [ 10162918.664485201239586, 2712801.165618296246976 ], [ 10162927.516427764669061, 2712806.162689391989261 ], [ 10162928.876655962318182, 2712806.091108570806682 ], [ 10162940.918425606563687, 2712798.915934663731605 ], [ 10162956.169644553214312, 2712790.348997335415334 ], [ 10162959.721384510397911, 2712786.660710975062102 ], [ 10162961.007153695449233, 2712784.360510344151407 ], [ 10162963.06420380063355, 2712780.027105253189802 ], [ 10162966.257346410304308, 2712765.901744208298624 ], [ 10162979.593108855187893, 2712769.910221281927079 ], [ 10162981.641028234735131, 2712771.733959193341434 ], [ 10162981.99614804238081, 2712772.791890564840287 ], [ 10162981.862521395087242, 2712775.120581022463739 ], [ 10162981.032440150156617, 2712778.941699105780572 ], [ 10162977.556143801659346, 2712785.101353230886161 ], [ 10162975.111737057566643, 2712788.564600544515997 ], [ 10162963.030385943129659, 2712802.525991302914917 ], [ 10162953.726529391482472, 2712808.355432435404509 ], [ 10162951.345695927739143, 2712811.24461470823735 ], [ 10162950.008230661973357, 2712814.361558060161769 ], [ 10162949.085440006107092, 2712816.925093977712095 ], [ 10162948.05068021081388, 2712818.871202746871859 ], [ 10162944.997612563893199, 2712823.837479203008115 ], [ 10162940.340635204687715, 2712828.29150813864544 ], [ 10162937.605467492714524, 2712830.321388031356037 ], [ 10162926.40024053491652, 2712835.352625030092895 ], [ 10162914.388276938349009, 2712838.897471146192402 ], [ 10162897.301486195996404, 2712843.797130881343037 ], [ 10162891.027258560061455, 2712849.978764120023698 ], [ 10162888.534696072340012, 2712855.163573806639761 ], [ 10162887.27314093708992, 2712858.081584743689746 ], [ 10162884.454079739749432, 2712866.809745971113443 ], [ 10162878.711089208722115, 2712877.038890366442502 ], [ 10162874.714145483449101, 2712884.767495223321021 ], [ 10162872.803892323747277, 2712890.181673943065107 ], [ 10162872.535637643188238, 2712891.738581358455122 ], [ 10162872.542402718216181, 2712893.493026514537632 ], [ 10162873.180165549740195, 2712896.712558751460165 ], [ 10162876.475032698363066, 2712900.432364338543266 ], [ 10162877.037297964096069, 2712901.067152463365346 ], [ 10162878.62408635020256, 2712902.81536423554644 ], [ 10162878.983523916453123, 2712904.987737222574651 ], [ 10162878.637356389313936, 2712906.269056736957282 ], [ 10162877.752814564853907, 2712907.364943210501224 ], [ 10162883.033592956140637, 2712908.171907232608646 ], [ 10162891.439835956320167, 2712911.372133922763169 ], [ 10162896.603345096111298, 2712913.062240451574326 ], [ 10162898.934159696102142, 2712914.289044809527695 ], [ 10162905.844782035797834, 2712913.798605006188154 ], [ 10162913.098482729867101, 2712911.210360159166157 ], [ 10162924.344514407217503, 2712902.51543704001233 ], [ 10162933.694711646065116, 2712897.303858851082623 ], [ 10162942.023910794407129, 2712894.788625240325928 ], [ 10162945.010667022317648, 2712892.53698867559433 ], [ 10162955.188049232587218, 2712882.764927627518773 ], [ 10162956.951855713501573, 2712882.062860412988812 ], [ 10162957.950951304286718, 2712882.213442143052816 ], [ 10162958.569839781150222, 2712883.369675771333277 ], [ 10162962.466026915237308, 2712900.656208489090204 ], [ 10162962.473443020135164, 2712902.58722958387807 ], [ 10162961.937890814617276, 2712903.129937995690852 ], [ 10162945.822078911587596, 2712909.460505868308246 ], [ 10162937.25190020352602, 2712914.911744445562363 ], [ 10162926.384310947731137, 2712922.159646456129849 ], [ 10162910.1571298930794, 2712933.731821344699711 ], [ 10162907.4069341160357, 2712934.746776726096869 ], [ 10162897.92183768004179, 2712936.273366303183138 ], [ 10162897.232633309438825, 2712936.816787994001061 ], [ 10162896.493153618648648, 2712941.376786710228771 ], [ 10162891.496242165565491, 2712960.099589958786964 ], [ 10162890.908597983419895, 2712967.053535937331617 ], [ 10162889.094495099037886, 2712974.63017328735441 ], [ 10162883.824115440249443, 2712985.056242632679641 ], [ 10162881.913560047745705, 2712987.535314538981766 ], [ 10162883.787548555061221, 2712995.483852860052139 ], [ 10162886.42997644469142, 2713003.506520940922201 ], [ 10162907.58975544013083, 2713004.814238630700856 ], [ 10162908.939201122149825, 2713004.775875944178551 ], [ 10162910.277660125866532, 2713004.726503775455058 ], [ 10162919.943123947829008, 2713001.599132797215134 ], [ 10162937.485833536833525, 2712998.198284584097564 ], [ 10162941.162007192149758, 2712995.480467760004103 ], [ 10162949.340273018926382, 2712987.956139048095793 ], [ 10162956.155505208298564, 2712979.797199556138366 ], [ 10162966.943615965545177, 2712966.193776705302298 ], [ 10162981.62073215469718, 2712950.986213883385062 ], [ 10162990.55897811613977, 2712940.401995179709047 ], [ 10162990.77355645224452, 2712940.147863515187055 ], [ 10162997.522708980366588, 2712929.098142953589559 ], [ 10163001.21026998385787, 2712920.807938851881772 ], [ 10163004.379572631791234, 2712920.35420682374388 ], [ 10163005.632928932085633, 2712921.022369190119207 ], [ 10163006.964838229119778, 2712922.109553883317858 ], [ 10163009.959892334416509, 2712924.856403732672334 ], [ 10163012.71615987829864, 2712928.266312076244503 ], [ 10163014.718278991058469, 2712929.604643106460571 ], [ 10163016.958277281373739, 2712930.015217296779156 ], [ 10163019.951662918552756, 2712929.495842731092125 ], [ 10163022.438797445967793, 2712928.57034321827814 ], [ 10163031.478886170312762, 2712928.281120892614126 ], [ 10163040.434422908350825, 2712925.984133111312985 ], [ 10163042.678550349548459, 2712924.640179756097496 ], [ 10163044.093529602512717, 2712924.54637654684484 ], [ 10163045.500645503401756, 2712925.213930197991431 ], [ 10163047.672491373494267, 2712927.886809694580734 ], [ 10163049.696889247745275, 2712934.984959450084716 ], [ 10163049.451944019645452, 2712936.905849911272526 ], [ 10163047.802362503483891, 2712938.75508802337572 ], [ 10163036.356798576191068, 2712944.063312469981611 ], [ 10163017.060537857934833, 2712953.606233206111938 ], [ 10162996.9795364998281, 2712964.564698877744377 ], [ 10162994.242959707975388, 2712966.241563707124442 ], [ 10162989.525798555463552, 2712972.152377220802009 ], [ 10162985.678600538522005, 2712978.916251556016505 ], [ 10162979.052576607093215, 2712990.565582484006882 ], [ 10162975.506323464214802, 2712992.852430272847414 ], [ 10162972.910115025937557, 2712996.790854257997125 ], [ 10162980.299159750342369, 2712999.613576713949442 ], [ 10162984.404149362817407, 2713001.181754492223263 ], [ 10162984.986845795065165, 2713001.466423498466611 ], [ 10162985.211683046072721, 2713002.86689464841038 ], [ 10162984.787084180861712, 2713006.554053579922765 ], [ 10162981.724189070984721, 2713017.51213744468987 ], [ 10162974.37169075012207, 2713021.031599894165993 ], [ 10162971.451127894222736, 2713022.429572824388742 ], [ 10162970.09054565615952, 2713022.434873009566218 ], [ 10162964.887825172394514, 2713019.122783207334578 ], [ 10162963.442817030474544, 2713019.978089587297291 ], [ 10162954.140603700652719, 2713026.282025644555688 ], [ 10162943.792020307853818, 2713034.366455569863319 ], [ 10162937.583049273118377, 2713034.743824946228415 ], [ 10162932.919196709990501, 2713037.421389502938837 ], [ 10162929.403100894764066, 2713039.001923098228872 ], [ 10162926.958382088690996, 2713039.552233560942113 ], [ 10162925.410922834649682, 2713039.43687356589362 ], [ 10162912.013589300215244, 2713036.609232564456761 ], [ 10162909.269394379109144, 2713036.310935823246837 ], [ 10162896.205652298405766, 2713037.443279910832644 ], [ 10162879.301806, 2713038.645819747820497 ], [ 10162869.907614784315228, 2713058.070026790723205 ], [ 10162869.751058381050825, 2713060.15615426748991 ], [ 10162869.476887926459312, 2713071.555802065413445 ], [ 10162869.497708313167095, 2713085.492211259435862 ], [ 10162868.018730770796537, 2713100.317229727748781 ], [ 10162870.488248141482472, 2713100.484170276205987 ], [ 10162869.136931035667658, 2713105.752830354031175 ], [ 10162883.382931495085359, 2713109.55928927892819 ], [ 10162897.059819262474775, 2713113.754263918846846 ], [ 10162905.843190155923367, 2713117.990273997187614 ], [ 10162912.040879528969526, 2713120.183699517510831 ], [ 10162914.940794521942735, 2713121.209977693390101 ], [ 10162924.184873016551137, 2713122.597232073545456 ], [ 10162929.995038226246834, 2713124.075316494796425 ], [ 10162936.954586572945118, 2713128.043950881808996 ], [ 10162938.143540838733315, 2713128.722017274238169 ], [ 10162954.597027527168393, 2713135.885374751407653 ], [ 10162956.814294064417481, 2713136.108450428117067 ], [ 10162960.39237723685801, 2713135.979661241173744 ], [ 10162961.630545627325773, 2713135.935121112968773 ], [ 10162982.151918595656753, 2713130.999773502349854 ], [ 10162996.519098114222288, 2713129.255322141572833 ], [ 10163025.216610031202435, 2713124.751366695854813 ], [ 10163037.484421426430345, 2713122.077120867557824 ], [ 10163052.752433318644762, 2713120.638059397693723 ], [ 10163072.556242451071739, 2713123.098464040551335 ], [ 10163094.215352103114128, 2713125.783377972897142 ], [ 10163104.376800484955311, 2713127.813584721647203 ], [ 10163114.365397049114108, 2713129.809213141445071 ], [ 10163115.862160928547382, 2713130.984064854681492 ], [ 10163117.635455949231982, 2713132.709608369506896 ], [ 10163130.31826171092689, 2713135.186709777917713 ], [ 10163145.809958716854453, 2713137.663986594881862 ], [ 10163151.587422713637352, 2713139.208280981052667 ], [ 10163174.539818251505494, 2713144.348639626055956 ], [ 10163195.278653223067522, 2713147.401083864737302 ], [ 10163196.322315562516451, 2713147.716957652475685 ], [ 10163200.754571799188852, 2713127.771263556089252 ], [ 10163206.900540210306644, 2713097.016192149370909 ], [ 10163208.330121597275138, 2713092.15533582540229 ], [ 10163208.355808515101671, 2713084.662893004715443 ], [ 10163209.866405175998807, 2713058.28466333122924 ], [ 10163214.428790112957358, 2713020.959384757094085 ], [ 10163218.399049466475844, 2712992.221207509748638 ], [ 10163218.528587451204658, 2712991.14527728734538 ], [ 10163220.269931150600314, 2712976.688461568206549 ], [ 10163216.99975417368114, 2712951.145665667019784 ], [ 10163212.095087038353086, 2712917.201208150945604 ], [ 10163210.388742264360189, 2712907.254900098778307 ], [ 10163208.040011916309595, 2712895.777423888910562 ], [ 10163207.974916821345687, 2712893.129393436014652 ], [ 10163208.715753600001335, 2712891.780298378784209 ], [ 10163223.449774742126465, 2712885.675739734433591 ], [ 10163224.899628622457385, 2712886.045137034729123 ], [ 10163228.429652573540807, 2712888.094706114381552 ], [ 10163230.795145567506552, 2712889.751643957104534 ], [ 10163232.715617356821895, 2712889.854443497490138 ], [ 10163234.329616088420153, 2712890.112866441253573 ], [ 10163236.737089764326811, 2712891.29519927687943 ], [ 10163237.554650671780109, 2712892.748465283308178 ], [ 10163238.143702, 2712894.688252107705921 ], [ 10163238.693153120577335, 2712897.698433497920632 ], [ 10163238.765098240226507, 2712902.122969277668744 ], [ 10163236.538719154894352, 2712908.02399018779397 ], [ 10163234.843421326950192, 2712912.234721013344824 ], [ 10163234.687821067869663, 2712914.552609588950872 ], [ 10163234.80992735363543, 2712917.740969481877983 ], [ 10163237.368532177060843, 2712940.892051779199392 ], [ 10163239.763599930331111, 2712950.173565506003797 ], [ 10163243.97433946467936, 2712957.980459625367075 ], [ 10163246.995285270735621, 2712964.545028533786535 ], [ 10163248.392868760973215, 2712965.609908312093467 ], [ 10163250.642844248563051, 2712965.766650889068842 ], [ 10163259.509123984724283, 2712963.08350906893611 ], [ 10163271.226578619331121, 2712960.025125578045845 ], [ 10163274.146506039425731, 2712965.994242351036519 ], [ 10163274.372714770957828, 2712970.572706033010036 ], [ 10163252.842935379594564, 2712986.999148196540773 ], [ 10163240.467779388651252, 2712995.908372868318111 ], [ 10163239.578219840303063, 2713001.340700895059854 ], [ 10163237.140868779271841, 2713020.759810662828386 ], [ 10163237.524105796590447, 2713023.39559668302536 ], [ 10163238.220826091244817, 2713024.794277359265834 ], [ 10163239.354409655556083, 2713025.661444635596126 ], [ 10163241.551699018105865, 2713026.403163443319499 ], [ 10163248.313396852463484, 2713027.093903599772602 ], [ 10163251.208862747997046, 2713026.762486933730543 ], [ 10163264.916144600138068, 2713016.181835123337805 ], [ 10163285.235309965908527, 2712998.789062544703484 ], [ 10163296.488733634352684, 2713011.84272993914783 ], [ 10163280.541825691238046, 2713030.564590729307383 ], [ 10163266.41804813221097, 2713044.115085902158171 ], [ 10163246.357221128419042, 2713063.02961665764451 ], [ 10163237.664319852367043, 2713073.634816347621381 ], [ 10163234.708515184000134, 2713083.210808822885156 ], [ 10163234.066638952121139, 2713085.290239822585136 ], [ 10163231.968814510852098, 2713098.870935288723558 ], [ 10163232.088127128779888, 2713102.426629450637847 ], [ 10163232.39060883782804, 2713111.4375308342278 ], [ 10163233.544324172660708, 2713120.326701486017555 ], [ 10163233.955028284341097, 2713127.199629606679082 ], [ 10163239.279614588245749, 2713127.951096735429019 ], [ 10163245.60169406235218, 2713128.467049792874604 ], [ 10163245.902731522917747, 2713135.340290290303528 ], [ 10163244.367701413109899, 2713138.447034897748381 ], [ 10163244.078416274860501, 2713140.246765797026455 ], [ 10163242.927172865718603, 2713148.968605417292565 ], [ 10163234.376612059772015, 2713147.316411663778126 ], [ 10163229.102514741942286, 2713146.297331333626062 ], [ 10163227.78025870397687, 2713150.517652104608715 ], [ 10163227.027556804940104, 2713151.646149430889636 ], [ 10163224.889759736135602, 2713152.140092375688255 ], [ 10163214.99468013830483, 2713152.664404955226928 ], [ 10163214.850900297984481, 2713158.016744284424931 ], [ 10163217.900906467810273, 2713174.898609053809196 ], [ 10163218.594544049352407, 2713186.835219745989889 ], [ 10163219.124476365745068, 2713187.660746717359871 ], [ 10163227.351084964349866, 2713198.27680277870968 ], [ 10163239.755424750968814, 2713218.784343516919762 ], [ 10163244.037601239979267, 2713225.863780807703733 ], [ 10163251.756576841697097, 2713235.68742474168539 ], [ 10163255.453361932188272, 2713238.277060970664024 ], [ 10163263.830151699483395, 2713242.315830462612212 ], [ 10163266.740762857720256, 2713244.049270696472377 ], [ 10163270.824790744110942, 2713246.481558899395168 ], [ 10163286.515378357842565, 2713257.719264913350344 ], [ 10163296.129549643024802, 2713263.949251854326576 ], [ 10163284.313575176522136, 2713281.286858533509076 ], [ 10163293.466962661594152, 2713284.693668985273689 ], [ 10163302.969292145222425, 2713270.598297474905849 ], [ 10163311.899723468348384, 2713256.521964332088828 ], [ 10163316.514303773641586, 2713249.248272946104407 ], [ 10163328.893726028501987, 2713232.923639290966094 ], [ 10163341.169476764276624, 2713218.188417855650187 ], [ 10163356.773469725623727, 2713204.344902733340859 ], [ 10163370.792803732678294, 2713194.987569574732333 ], [ 10163376.261974608525634, 2713187.760609829798341 ], [ 10163380.756460655480623, 2713181.044918973464519 ], [ 10163385.33026684820652, 2713174.957977347075939 ], [ 10163395.628929303959012, 2713159.689831060357392 ], [ 10163415.087148226797581, 2713169.169055822771043 ], [ 10163441.613954272121191, 2713182.074358531273901 ], [ 10163472.997670602053404, 2713199.572837616316974 ], [ 10163473.025903172791004, 2713195.545148466248065 ], [ 10163472.86026263050735, 2713192.478191829752177 ], [ 10163470.377761563286185, 2713186.143104858696461 ], [ 10163458.541241928935051, 2713158.680676666554064 ], [ 10163451.397772198542953, 2713136.066006396431476 ], [ 10163447.501307526603341, 2713113.184786014258862 ], [ 10163444.094059474766254, 2713103.245165906846523 ], [ 10163440.373346948996186, 2713094.542556769680232 ], [ 10163444.542482880875468, 2713088.799265190958977 ], [ 10163450.330813083797693, 2713101.565374580211937 ], [ 10163456.244600474834442, 2713124.01938471198082 ], [ 10163457.945807676762342, 2713132.59751846594736 ], [ 10163465.621491806581616, 2713153.81970050977543 ], [ 10163473.844357030466199, 2713171.872849160339683 ], [ 10163477.187144003808498, 2713179.341116345021874 ], [ 10163481.433861885219812, 2713187.876097586937249 ], [ 10163481.82241721265018, 2713191.858026525471359 ], [ 10163482.2463448215276, 2713204.921283371280879 ], [ 10163481.591132892295718, 2713211.368024116847664 ], [ 10163490.621475771069527, 2713214.168315372429788 ], [ 10163493.068969663232565, 2713214.302167422138155 ], [ 10163495.241476070135832, 2713214.293579262215644 ], [ 10163497.203578565269709, 2713213.800357939209789 ], [ 10163498.833741031587124, 2713212.569051347672939 ], [ 10163505.779301639646292, 2713204.133400488644838 ], [ 10163509.837545592337847, 2713200.906322714406997 ], [ 10163522.29550614207983, 2713193.541226346977055 ], [ 10163537.73151302523911, 2713184.498260309919715 ], [ 10163558.106100650504231, 2713170.084091970231384 ], [ 10163567.40817242488265, 2713158.163229338824749 ], [ 10163582.806452799588442, 2713159.172748793847859 ], [ 10163606.896442553028464, 2713163.370106155984104 ], [ 10163616.771938404068351, 2713163.419439194723964 ], [ 10163625.526244223117828, 2713160.162740064784884 ], [ 10163645.414533531293273, 2713175.79729818366468 ], [ 10163657.022257482632995, 2713167.056210506241769 ], [ 10163666.938880084082484, 2713157.990866009611636 ], [ 10163680.942150743678212, 2713150.17818491673097 ], [ 10163693.58424816839397, 2713164.682708501815796 ], [ 10163672.226438576355577, 2713185.776942929718643 ], [ 10163663.728069735690951, 2713195.553968340158463 ], [ 10163652.832760101184249, 2713206.89647605875507 ], [ 10163648.609749408438802, 2713210.057994010858238 ], [ 10163647.622939927503467, 2713210.227391796652228 ], [ 10163649.083584271371365, 2713216.202348793391138 ], [ 10163655.390221919864416, 2713212.734645086806267 ], [ 10163657.643156424164772, 2713210.838821060489863 ], [ 10163663.552562136203051, 2713203.985062212217599 ], [ 10163675.64455053023994, 2713192.847596251405776 ], [ 10163693.420887615531683, 2713173.422750615049154 ], [ 10163698.09251762740314, 2713169.939451735466719 ], [ 10163707.816243333742023, 2713162.04442362813279 ], [ 10163718.000510016456246, 2713159.697890935931355 ], [ 10163756.976501552388072, 2713148.939522639848292 ], [ 10163777.743439007550478, 2713142.313875421416014 ], [ 10163789.384406510740519, 2713139.299498203210533 ], [ 10163791.852003064006567, 2713139.002737415954471 ], [ 10163797.403247842565179, 2713141.584905471187085 ], [ 10163813.056847272440791, 2713148.949200514703989 ], [ 10163812.091552497819066, 2713143.402631055563688 ], [ 10163808.937664838507771, 2713130.979189404286444 ], [ 10163823.936416687443852, 2713122.423280990216881 ], [ 10163840.188892347738147, 2713111.798826969694346 ], [ 10163843.712803756818175, 2713092.640050419140607 ] ], [ [ 10163861.193214898929, 2712726.362913560122252 ], [ 10163855.016955617815256, 2712718.233071553055197 ], [ 10163850.25343057885766, 2712706.621911841444671 ], [ 10163849.597813569009304, 2712701.714276535436511 ], [ 10163849.51865266636014, 2712698.327139985281974 ], [ 10163849.064559755846858, 2712694.444887513294816 ], [ 10163845.778783436864614, 2712681.956089307554066 ], [ 10163845.015496211126447, 2712680.370259386952966 ], [ 10163844.630919951945543, 2712680.239337421022356 ], [ 10163843.940686644986272, 2712680.495930677745491 ], [ 10163840.14068791270256, 2712682.36468452308327 ], [ 10163837.804155733436346, 2712682.506357311736792 ], [ 10163836.222166407853365, 2712681.994053789880127 ], [ 10163824.752186343073845, 2712678.144401538185775 ], [ 10163813.2794696893543, 2712676.402275483589619 ], [ 10163812.993808325380087, 2712653.893762022722512 ], [ 10163840.611114019528031, 2712653.993973857257515 ], [ 10163856.944962555542588, 2712653.079552817158401 ], [ 10163860.167172921821475, 2712652.150871245656163 ], [ 10163862.192852994427085, 2712651.083665764890611 ], [ 10163872.083057500422001, 2712641.003307115286589 ], [ 10163891.81621665135026, 2712617.179577169008553 ], [ 10163911.15602489747107, 2712596.557235224172473 ], [ 10163918.142386736348271, 2712590.251105707138777 ], [ 10163919.329240227118134, 2712587.918169275857508 ], [ 10163920.088112710043788, 2712585.586961139924824 ], [ 10163921.406446563079953, 2712577.637138481251895 ], [ 10163923.324290342628956, 2712546.292635242920369 ], [ 10163923.383373662829399, 2712527.799281460698694 ], [ 10163921.345264380797744, 2712508.917032689321786 ], [ 10163919.709387015551329, 2712503.064388782251626 ], [ 10163915.179446054622531, 2712492.280025535263121 ], [ 10163914.046485936269164, 2712488.753656564280391 ], [ 10163914.019421275705099, 2712481.835361284203827 ], [ 10163914.169136606156826, 2712466.872631981037557 ], [ 10163912.938354374840856, 2712455.21461083739996 ], [ 10163911.821208748966455, 2712444.527036196086556 ], [ 10163910.532479012385011, 2712432.063704157713801 ], [ 10163910.400488661602139, 2712415.22625843109563 ], [ 10163911.58031752333045, 2712394.323232635855675 ], [ 10163911.667817046865821, 2712388.673462012782693 ], [ 10163911.450198562815785, 2712363.958200425840914 ], [ 10163914.117609741166234, 2712333.515981408301741 ], [ 10163915.555078281089664, 2712319.596423659007996 ], [ 10163936.738487087190151, 2712318.728884117212147 ], [ 10163944.211152650415897, 2712318.931001707911491 ], [ 10163947.296023953706026, 2712319.371075814589858 ], [ 10163944.204315308481455, 2712336.7728823996149 ], [ 10163943.782677797600627, 2712349.529801293741912 ], [ 10163946.205671794712543, 2712368.620033850427717 ], [ 10163946.677914164960384, 2712385.500090031884611 ], [ 10163943.690342823043466, 2712412.655648170504719 ], [ 10163942.022628137841821, 2712432.203445401974022 ], [ 10163938.903813954442739, 2712442.687203056178987 ], [ 10163938.574929045513272, 2712462.329006187617779 ], [ 10163939.606255972757936, 2712467.908133721444756 ], [ 10163944.775659166276455, 2712482.276108403224498 ], [ 10163948.401005264371634, 2712514.183185963425785 ], [ 10163951.020823374390602, 2712530.304712854325771 ], [ 10163953.218709424138069, 2712559.13900485355407 ], [ 10163952.974391950294375, 2712566.764623959548771 ], [ 10163955.492857115343213, 2712573.849569551181048 ], [ 10163957.82103693857789, 2712582.7558010709472 ], [ 10163956.700359959155321, 2712587.957406101748347 ], [ 10163955.834433156996965, 2712590.995216874405742 ], [ 10163954.840897696092725, 2712611.798455307260156 ], [ 10163930.876656444743276, 2712622.685012528672814 ], [ 10163923.247458619996905, 2712627.371698550879955 ], [ 10163913.263521445915103, 2712635.918733074795455 ], [ 10163891.481229407712817, 2712660.423701301217079 ], [ 10163877.621433598920703, 2712676.732033376116306 ], [ 10163876.304070642217994, 2712679.341331349220127 ], [ 10163876.10530947893858, 2712681.813790798187256 ], [ 10163876.698126889765263, 2712690.285774707794189 ], [ 10163884.196637567132711, 2712716.62772395927459 ], [ 10163861.193214898929, 2712726.362913560122252 ] ], [ [ 10163388.685198299586773, 2711936.433396416250616 ], [ 10163390.635272201150656, 2711930.059313815552741 ], [ 10163404.927035378292203, 2711934.604108324274421 ], [ 10163419.528917213901877, 2711937.062291820067912 ], [ 10163417.581621112301946, 2711961.057193723041564 ], [ 10163392.084041817113757, 2711964.015253593679518 ], [ 10163391.721230434253812, 2711963.840172837488353 ], [ 10163390.391112290322781, 2711963.172386443708092 ], [ 10163388.195739354938269, 2711960.091537854168564 ], [ 10163387.535469859838486, 2711951.12381878728047 ], [ 10163388.685198299586773, 2711936.433396416250616 ] ], [ [ 10163390.25740198418498, 2711923.175809714943171 ], [ 10163388.599254786968231, 2711922.829272536560893 ], [ 10163386.525979645550251, 2711922.914647416211665 ], [ 10163384.310012048110366, 2711922.989583170507103 ], [ 10163382.377953592687845, 2711922.721293955575675 ], [ 10163377.31205565109849, 2711917.86439913045615 ], [ 10163364.048746909946203, 2711912.554274271242321 ], [ 10163360.29683405533433, 2711909.854751191101968 ], [ 10163358.697056533768773, 2711907.565995191689581 ], [ 10163358.550230724737048, 2711903.660645315423608 ], [ 10163359.012699387967587, 2711898.439876068383455 ], [ 10163369.855012528598309, 2711896.245727993082255 ], [ 10163381.092509929090738, 2711891.247370949015021 ], [ 10163386.96022024564445, 2711887.892123548313975 ], [ 10163389.919421460479498, 2711887.108142459765077 ], [ 10163392.069054003804922, 2711886.890012240502983 ], [ 10163396.908528961241245, 2711887.157872029580176 ], [ 10163399.88833862170577, 2711888.812131063081324 ], [ 10163403.324455542489886, 2711892.141828290652484 ], [ 10163397.380955822765827, 2711909.84115527709946 ], [ 10163392.479815322905779, 2711924.766986452043056 ], [ 10163390.25740198418498, 2711923.175809714943171 ] ], [ [ 10163466.337392838671803, 2711667.691527856513858 ], [ 10163467.362728271633387, 2711666.131749923340976 ], [ 10163471.459789687767625, 2711667.35135214868933 ], [ 10163475.809009876102209, 2711668.503718420863152 ], [ 10163503.262886043637991, 2711674.982497940771282 ], [ 10163487.589380618184805, 2711679.005348066333681 ], [ 10163484.13419465534389, 2711679.228569853585213 ], [ 10163477.603900844231248, 2711698.331291703041643 ], [ 10163470.772165006026626, 2711690.778147482313216 ], [ 10163466.541929889470339, 2711686.370391827076674 ], [ 10163462.945792824029922, 2711681.397439149674028 ], [ 10163463.071615742519498, 2711679.896368782501668 ], [ 10163463.63507204502821, 2711675.271176933310926 ], [ 10163466.337392838671803, 2711667.691527856513858 ] ], [ [ 10164370.156305031850934, 2711609.586977982427925 ], [ 10164367.801865184679627, 2711607.941350480541587 ], [ 10164366.09951383061707, 2711607.495806900318712 ], [ 10164360.460843490436673, 2711607.650753802154213 ], [ 10164351.326341032981873, 2711608.834745328873396 ], [ 10164350.055146064609289, 2711609.226042227353901 ], [ 10164345.966518646106124, 2711599.047408010344952 ], [ 10164344.725215699523687, 2711595.896868686657399 ], [ 10164344.153901841491461, 2711562.368498692754656 ], [ 10164343.913458531722426, 2711557.073414119891822 ], [ 10164351.221863282844424, 2711546.330726170912385 ], [ 10164371.68040837906301, 2711526.124028174672276 ], [ 10164367.875401481986046, 2711515.547131793107837 ], [ 10164422.630179509520531, 2711514.710230060387403 ], [ 10164426.165028171613812, 2711526.325320853386074 ], [ 10164429.219616141170263, 2711544.098929024767131 ], [ 10164419.275838084518909, 2711545.926100935321301 ], [ 10164404.688630074262619, 2711547.132010017521679 ], [ 10164408.162803813815117, 2711560.060318305157125 ], [ 10164410.816808428615332, 2711590.292338041123003 ], [ 10164410.471703691408038, 2711600.113482590764761 ], [ 10164389.201733306050301, 2711612.125748048070818 ], [ 10164378.008944006636739, 2711617.190720813348889 ], [ 10164370.156305031850934, 2711609.586977982427925 ] ], [ [ 10163543.548493390902877, 2711514.309053293894976 ], [ 10163547.681207567453384, 2711524.664093058556318 ], [ 10163526.985720261931419, 2711518.136841263622046 ], [ 10163517.675433373078704, 2711513.638776514679193 ], [ 10163517.655947633087635, 2711511.532970786094666 ], [ 10163517.542543394491076, 2711499.240734121296555 ], [ 10163521.87365865893662, 2711499.854237469378859 ], [ 10163543.306417837738991, 2711502.890416689682752 ], [ 10163541.991721013560891, 2711506.161515124607831 ], [ 10163541.91166983358562, 2711508.1367541346699 ], [ 10163543.548493390902877, 2711514.309053293894976 ] ], [ [ 10164452.729161947965622, 2711388.379189311992377 ], [ 10164454.760756613686681, 2711380.526380605529994 ], [ 10164465.360808731988072, 2711386.530185889452696 ], [ 10164459.089850828051567, 2711398.780123 ], [ 10164454.230055725201964, 2711409.998483401723206 ], [ 10164452.129333870485425, 2711414.210554398130625 ], [ 10164451.522951979190111, 2711405.165653042960912 ], [ 10164451.701475325971842, 2711397.596109542064369 ], [ 10164452.729161947965622, 2711388.379189311992377 ] ], [ [ 10163476.282485611736774, 2710658.593557848595083 ], [ 10163478.019022546708584, 2710650.940987410023808 ], [ 10163488.720619089901447, 2710655.080263179726899 ], [ 10163497.115937063470483, 2710655.753242811653763 ], [ 10163506.339725421741605, 2710655.09896784927696 ], [ 10163509.482324440032244, 2710681.675677104853094 ], [ 10163509.018620552495122, 2710683.729590689297765 ], [ 10163494.860780142247677, 2710679.515735423658043 ], [ 10163487.216908561065793, 2710677.405532872769982 ], [ 10163475.261085156351328, 2710669.542139844503254 ], [ 10163476.282485611736774, 2710658.593557848595083 ] ], [ [ 10163648.974688487127423, 2710619.638979372568429 ], [ 10163664.483019219711423, 2710618.551615738775581 ], [ 10163664.716552505269647, 2710624.971721071284264 ], [ 10163636.736242648214102, 2710643.363667872734368 ], [ 10163634.837223496288061, 2710626.237330666277558 ], [ 10163648.974688487127423, 2710619.638979372568429 ] ], [ [ 10163720.132705731317401, 2710628.525725526269525 ], [ 10163722.953492313623428, 2710617.636151905171573 ], [ 10163722.956856967881322, 2710612.881109083071351 ], [ 10163723.410667626187205, 2710605.520416963845491 ], [ 10163715.805962551385164, 2710590.987269525881857 ], [ 10163734.249882567673922, 2710597.125713728833944 ], [ 10163745.968818977475166, 2710603.301764054689556 ], [ 10163759.842940513044596, 2710607.913661158178002 ], [ 10163758.487979508936405, 2710620.507387511897832 ], [ 10163757.45994983240962, 2710632.526204925496131 ], [ 10163754.787667827680707, 2710630.915028358343989 ], [ 10163720.132705731317401, 2710628.525725526269525 ] ], [ [ 10167737.542706951498985, 2712570.977749350015074 ], [ 10167731.500571917742491, 2712569.129911500960588 ], [ 10167758.732213839888573, 2712574.162699144799262 ], [ 10167737.542706951498985, 2712570.977749350015074 ] ], [ [ 10167167.786121008917689, 2712084.858920925296843 ], [ 10167164.704918650910258, 2712069.380245284177363 ], [ 10167162.612956983968616, 2712062.29430442256853 ], [ 10167160.945529371500015, 2712059.697239787783474 ], [ 10167157.229466304183006, 2712055.199908525682986 ], [ 10167154.569507010281086, 2712051.360250106081367 ], [ 10167152.903855532407761, 2712049.204546936322004 ], [ 10167151.969243170693517, 2712046.052838784176856 ], [ 10167152.015056394040585, 2712043.879008138552308 ], [ 10167152.195745259523392, 2712042.454846089240164 ], [ 10167152.806753387674689, 2712041.646794388070703 ], [ 10167137.115494696423411, 2712027.953160515986383 ], [ 10167111.364784184843302, 2712004.007045010570437 ], [ 10167095.484130641445518, 2711986.948813726194203 ], [ 10167074.101340755820274, 2711965.919341736007482 ], [ 10167064.339408330619335, 2711953.293302365578711 ], [ 10167051.086503276601434, 2711934.889127483125776 ], [ 10167049.782810809090734, 2711932.736798975616693 ], [ 10167046.093270109966397, 2711926.645772566087544 ], [ 10167041.268957702443004, 2711922.075727981049567 ], [ 10167033.360208308324218, 2711914.550673632882535 ], [ 10167029.93240600451827, 2711911.285970277618617 ], [ 10167050.231980934739113, 2711904.937241833191365 ], [ 10167071.386417830362916, 2711897.032229339703918 ], [ 10167075.222916264086962, 2711898.967924304772168 ], [ 10167082.838167546316981, 2711902.810501710977405 ], [ 10167092.809766223654151, 2711929.937851989176124 ], [ 10167109.680362649261951, 2711946.590831917244941 ], [ 10167129.134641284123063, 2711964.272593955043703 ], [ 10167140.09096011146903, 2711978.76551772095263 ], [ 10167141.312806637957692, 2711979.197730932850391 ], [ 10167142.168821152299643, 2711979.202878960873932 ], [ 10167143.285503175109625, 2711979.100484334398061 ], [ 10167143.982122281566262, 2711978.570755572523922 ], [ 10167145.111805431544781, 2711978.087070562876761 ], [ 10167157.61627734452486, 2711990.976376992184669 ], [ 10167169.671972222626209, 2712000.931699577718973 ], [ 10167176.736526431515813, 2712004.678707078564912 ], [ 10167186.269919386133552, 2712008.712891457602382 ], [ 10167202.631646443158388, 2712010.586448985617608 ], [ 10167213.141667697578669, 2712010.703528455458581 ], [ 10167214.226732693612576, 2712015.973224887624383 ], [ 10167225.684833753854036, 2712017.01122992252931 ], [ 10167247.076786957681179, 2712018.478766341228038 ], [ 10167279.134958926588297, 2712021.143011999316514 ], [ 10167307.034891158342361, 2712023.346645222976804 ], [ 10167315.251255368813872, 2712022.861520698759705 ], [ 10167328.659611379727721, 2712020.249662533402443 ], [ 10167337.417574569582939, 2712017.937046446371824 ], [ 10167341.852402742952108, 2712017.429434364661574 ], [ 10167342.300821039825678, 2712029.636803616769612 ], [ 10167338.832146715372801, 2712029.834057913627476 ], [ 10167334.757588656619191, 2712031.74952832935378 ], [ 10167329.534413015469909, 2712035.488838504068553 ], [ 10167321.936709802597761, 2712037.644963327329606 ], [ 10167312.055259885266423, 2712039.351509874220937 ], [ 10167296.00484424084425, 2712039.800970590673387 ], [ 10167275.053117590025067, 2712039.022607861086726 ], [ 10167251.266466312110424, 2712037.540737430099398 ], [ 10167236.727942010387778, 2712037.029337411280721 ], [ 10167222.045365020632744, 2712037.050924473907799 ], [ 10167207.740445114672184, 2712037.3363117412664 ], [ 10167207.541877513751388, 2712043.459284401033074 ], [ 10167203.484682902693748, 2712062.668401775881648 ], [ 10167196.226228520274162, 2712062.407335605472326 ], [ 10167197.176225982606411, 2712072.220249261241406 ], [ 10167198.354494547471404, 2712072.706761601846665 ], [ 10167199.262093832716346, 2712073.137173110619187 ], [ 10167199.841526687145233, 2712074.110470758751035 ], [ 10167202.711105348542333, 2712102.06754718022421 ], [ 10167205.253139410167933, 2712124.901132840197533 ], [ 10167205.88039631024003, 2712127.482532621361315 ], [ 10167208.28957580216229, 2712137.396442882716656 ], [ 10167208.457723012194037, 2712143.79399105720222 ], [ 10167208.368902960792184, 2712149.699719518888742 ], [ 10167207.184670679271221, 2712152.057325158268213 ], [ 10167207.012340301647782, 2712153.723489934578538 ], [ 10167207.320372855290771, 2712156.623948096297681 ], [ 10167209.954670069739223, 2712171.16555920150131 ], [ 10167209.866008458659053, 2712177.016759278252721 ], [ 10167209.246349992230535, 2712182.875731485895813 ], [ 10167208.91002126224339, 2712184.802480855491012 ], [ 10167208.84130459651351, 2712187.275733698159456 ], [ 10167209.099846128374338, 2712189.369491279590875 ], [ 10167211.58014165610075, 2712195.083491040859371 ], [ 10167201.204852038994431, 2712199.674819252919406 ], [ 10167187.142131274566054, 2712205.792068713344634 ], [ 10167184.145540669560432, 2712196.563667709007859 ], [ 10167182.196266977116466, 2712186.851006754208356 ], [ 10167181.9905248247087, 2712182.206586092244834 ], [ 10167182.200130209326744, 2712158.560056922957301 ], [ 10167181.375938788056374, 2712152.92521765967831 ], [ 10167177.084641002118587, 2712141.975458997301757 ], [ 10167173.971886161714792, 2712132.135193837340921 ], [ 10167172.894371820613742, 2712126.258639950305223 ], [ 10167172.890833031386137, 2712126.237231083679944 ], [ 10167169.597149794921279, 2712106.290113963652402 ], [ 10167168.984423119574785, 2712093.405132597777992 ], [ 10167167.786121008917689, 2712084.858920925296843 ] ], [ [ 10167735.095059996470809, 2711989.194972457364202 ], [ 10167727.275052117183805, 2711977.499794099014252 ], [ 10167722.619103750213981, 2711975.064003023784608 ], [ 10167706.559794500470161, 2711967.798729025293142 ], [ 10167703.404552148655057, 2711966.236606996506453 ], [ 10167698.985884638503194, 2711964.048951142001897 ], [ 10167686.368246242403984, 2711920.451750908046961 ], [ 10167682.339966235682368, 2711905.204861433710903 ], [ 10167692.765749605372548, 2711880.813872153870761 ], [ 10167700.766964888200164, 2711859.677721071522683 ], [ 10167708.883441874757409, 2711839.206805457826704 ], [ 10167715.535079596564174, 2711824.644338148180395 ], [ 10167719.703795386478305, 2711817.067680953536183 ], [ 10167726.399509070441127, 2711804.898208989296108 ], [ 10167737.132105765864253, 2711781.762264567427337 ], [ 10167745.203860593959689, 2711759.656709855888039 ], [ 10167745.45839299634099, 2711756.890411290340126 ], [ 10167745.248591981828213, 2711752.007437793537974 ], [ 10167743.942526603117585, 2711745.592373935505748 ], [ 10167742.682068657130003, 2711731.375413861591369 ], [ 10167743.369335344061255, 2711713.922817364800721 ], [ 10167747.12301686219871, 2711690.898221995681524 ], [ 10167750.135010669007897, 2711679.834028583485633 ], [ 10167750.275910964235663, 2711676.129966816864908 ], [ 10167749.014343827962875, 2711671.3606150848791 ], [ 10167745.888440996408463, 2711666.700092207174748 ], [ 10167740.742603749036789, 2711662.833994829561561 ], [ 10167737.769787447527051, 2711661.63949458906427 ], [ 10167733.271488161757588, 2711661.907148230820894 ], [ 10167717.166418399661779, 2711664.350825692992657 ], [ 10167714.095832884311676, 2711659.505340090021491 ], [ 10167713.721993546932936, 2711653.041330791544169 ], [ 10167725.195001168176532, 2711638.529332734644413 ], [ 10167730.885411193594337, 2711632.657038304954767 ], [ 10167737.15880917571485, 2711627.169510246720165 ], [ 10167735.53184836730361, 2711616.33935927040875 ], [ 10167734.153424752876163, 2711601.903912827838212 ], [ 10167735.490286234766245, 2711582.690053627360612 ], [ 10167736.429960595443845, 2711562.830828778911382 ], [ 10167735.990371556952596, 2711547.213266843929887 ], [ 10167735.227145915850997, 2711527.638291557785124 ], [ 10167730.521527981385589, 2711504.095424681901932 ], [ 10167726.584414586424828, 2711486.22343868156895 ], [ 10167725.597298329696059, 2711484.572189447470009 ], [ 10167724.610073180869222, 2711482.920940008480102 ], [ 10167711.656399047002196, 2711483.846811832394451 ], [ 10167690.818763520568609, 2711482.187015885487199 ], [ 10167680.412036130204797, 2711481.745317893102765 ], [ 10167674.71062589995563, 2711481.503268777392805 ], [ 10167676.724669113755226, 2711468.766113989520818 ], [ 10167677.187043456360698, 2711468.746387829072773 ], [ 10167697.132761009037495, 2711467.895371862221509 ], [ 10167708.671769086271524, 2711466.165686571039259 ], [ 10167717.812255535274744, 2711463.245035152416676 ], [ 10167721.835499716922641, 2711460.817046541720629 ], [ 10167734.148155078291893, 2711450.93040627008304 ], [ 10167747.757581040263176, 2711447.186215138528496 ], [ 10167750.63516135700047, 2711446.113483239896595 ], [ 10167748.25907851010561, 2711459.633062697481364 ], [ 10167747.417703555896878, 2711473.793763286434114 ], [ 10167748.133852440863848, 2711490.30636774841696 ], [ 10167750.343433992937207, 2711521.941603534389287 ], [ 10167753.183054586872458, 2711547.75086298584938 ], [ 10167755.841702949255705, 2711582.265567163005471 ], [ 10167765.418173730373383, 2711582.616479030810297 ], [ 10167767.338949799537659, 2711621.038774425629526 ], [ 10167759.046367706730962, 2711623.485041959676892 ], [ 10167761.93272908218205, 2711643.159886937122792 ], [ 10167767.562059329822659, 2711668.125017550308257 ], [ 10167784.121984884142876, 2711673.12643716391176 ], [ 10167783.928082507103682, 2711691.453785178251565 ], [ 10167776.924087557941675, 2711694.027583307120949 ], [ 10167770.793896282091737, 2711695.418794614262879 ], [ 10167769.187330707907677, 2711699.626348964404315 ], [ 10167764.794221594929695, 2711711.543243606574833 ], [ 10167765.897965690121055, 2711713.663741105701774 ], [ 10167767.745089756324887, 2711727.600808564107865 ], [ 10167767.301652470603585, 2711742.298067060764879 ], [ 10167771.29184459336102, 2711741.831191238481551 ], [ 10167773.149560520425439, 2711742.855666177812964 ], [ 10167775.856853775680065, 2711744.985641026403755 ], [ 10167779.412974769249558, 2711763.149896544869989 ], [ 10167766.705267429351807, 2711764.600296838674694 ], [ 10167761.981507558375597, 2711783.031597616616637 ], [ 10167752.052915293723345, 2711803.960184508468956 ], [ 10167733.811666335910559, 2711832.576454731635749 ], [ 10167718.543947760015726, 2711858.551521613728255 ], [ 10167712.726863233372569, 2711870.362334572710097 ], [ 10167710.73632070235908, 2711874.403883727267385 ], [ 10167711.101077046245337, 2711880.573757935781032 ], [ 10167711.432523550465703, 2711881.961101324297488 ], [ 10167715.151968605816364, 2711897.531550159677863 ], [ 10167721.456830916926265, 2711919.99468994140625 ], [ 10167723.924207873642445, 2711927.942343634087592 ], [ 10167717.195696726441383, 2711940.837266788352281 ], [ 10167714.818063275888562, 2711947.176102972123772 ], [ 10167728.39309922978282, 2711956.791255780495703 ], [ 10167733.837843472138047, 2711954.055667525622994 ], [ 10167742.921114539727569, 2711951.701091550756246 ], [ 10167744.166473401710391, 2711959.23831849033013 ], [ 10167746.784156838431954, 2711980.383024139795452 ], [ 10167738.758271317929029, 2711987.211601331364363 ], [ 10167735.095059996470809, 2711989.194972457364202 ] ], [ [ 10167212.180862559005618, 2711674.877368602436036 ], [ 10167222.879625411704183, 2711676.019784117583185 ], [ 10167243.824227703735232, 2711676.078983180224895 ], [ 10167267.397448280826211, 2711678.769016101490706 ], [ 10167286.932688536122441, 2711678.95055178180337 ], [ 10167299.889690632000566, 2711677.502042464446276 ], [ 10167308.057200191542506, 2711679.77349382545799 ], [ 10167316.136427327990532, 2711680.464420900680125 ], [ 10167317.499789737164974, 2711686.324082367587835 ], [ 10167318.0241654869169, 2711692.974220859818161 ], [ 10167317.728085663169622, 2711700.948961866553873 ], [ 10167308.519422205165029, 2711711.747502165380865 ], [ 10167299.019313523545861, 2711702.069120827130973 ], [ 10167291.343955961987376, 2711702.720851528458297 ], [ 10167286.223774159327149, 2711701.862343733198941 ], [ 10167277.020274268463254, 2711698.887199314776808 ], [ 10167262.460305478423834, 2711692.851052616722882 ], [ 10167258.690766431391239, 2711692.632395009044558 ], [ 10167252.730689156800508, 2711692.727738304063678 ], [ 10167225.191905660554767, 2711693.708141674753278 ], [ 10167211.740948282182217, 2711692.549315698910505 ], [ 10167198.002746252343059, 2711690.506176510825753 ], [ 10167175.77873906493187, 2711686.876076107379049 ], [ 10167172.561450568959117, 2711681.201457649935037 ], [ 10167181.961414443328977, 2711667.374956551007926 ], [ 10167197.545180287212133, 2711672.501962343696505 ], [ 10167212.180862559005618, 2711674.877368602436036 ] ], [ [ 10166940.259318456053734, 2711899.689756710547954 ], [ 10166952.330233002081513, 2711921.530340493656695 ], [ 10166954.645214039832354, 2711926.114190375898033 ], [ 10166958.535921193659306, 2711933.818159436807036 ], [ 10166965.49028554558754, 2711933.414102768525481 ], [ 10166964.972944209352136, 2711915.79076518304646 ], [ 10166964.673584047704935, 2711905.590515517164022 ], [ 10166970.291344380006194, 2711909.870146496221423 ], [ 10166974.050818039104342, 2711912.734322110190988 ], [ 10166978.779585773125291, 2711912.714682515710592 ], [ 10166996.007178852334619, 2711910.568571348208934 ], [ 10167004.168340072035789, 2711910.137437988072634 ], [ 10167009.724582092836499, 2711911.22865333314985 ], [ 10167024.446103926748037, 2711915.966994834132493 ], [ 10167027.942929871380329, 2711917.861321049276739 ], [ 10167030.567945843562484, 2711921.204536804463714 ], [ 10167039.742481295019388, 2711935.057758889626712 ], [ 10167020.000497624278069, 2711939.443220678251237 ], [ 10166994.383893212303519, 2711948.001783724874258 ], [ 10166963.265706120058894, 2711966.050073947757483 ], [ 10166920.601609183475375, 2711993.922281531151384 ], [ 10166900.190930401906371, 2712006.464318272192031 ], [ 10166882.717428304255009, 2712018.232822498772293 ], [ 10166868.508482877165079, 2712028.773917582351714 ], [ 10166860.044678604230285, 2712022.332257320173085 ], [ 10166856.088939316570759, 2712012.881706836633384 ], [ 10166873.41435132548213, 2711999.778860799968243 ], [ 10166894.500400707125664, 2711986.031336189247668 ], [ 10166902.241885364055634, 2711979.599593004211783 ], [ 10166912.007128553465009, 2711969.03276278777048 ], [ 10166925.061395218595862, 2711952.51617128867656 ], [ 10166926.309708645567298, 2711951.915217346977443 ], [ 10166935.211206339299679, 2711950.079615613911301 ], [ 10166940.083342913538218, 2711947.598844450432807 ], [ 10166942.369033267721534, 2711945.801880043931305 ], [ 10166941.473034029826522, 2711944.018135255668312 ], [ 10166939.126068819314241, 2711939.663529168814421 ], [ 10166937.669703094288707, 2711936.961299878079444 ], [ 10166925.254842713475227, 2711908.843852833844721 ], [ 10166940.259318456053734, 2711899.689756710547954 ] ], [ [ 10166646.376300090923905, 2711292.622503244318068 ], [ 10166645.529687767848372, 2711273.439179139211774 ], [ 10166643.501806242391467, 2711231.024664677213877 ], [ 10166644.739791911095381, 2711203.811668359674513 ], [ 10166644.694107696413994, 2711192.646230370737612 ], [ 10166643.080115731805563, 2711181.641726860776544 ], [ 10166639.994029488414526, 2711164.78473057365045 ], [ 10166635.728659180924296, 2711151.981814702041447 ], [ 10166632.371004888787866, 2711140.291951140854508 ], [ 10166637.321107907220721, 2711139.840516882948577 ], [ 10166641.990716032683849, 2711154.063310865778476 ], [ 10166647.294010413810611, 2711171.16476911958307 ], [ 10166648.581788303330541, 2711185.579892803449184 ], [ 10166649.892433987930417, 2711202.874508625362068 ], [ 10166649.112938143312931, 2711221.501860788092017 ], [ 10166649.634069288149476, 2711254.963515936397016 ], [ 10166650.995504789054394, 2711263.243822771590203 ], [ 10166649.326408129185438, 2711292.356494734529406 ], [ 10166646.376300090923905, 2711292.622503244318068 ] ], [ [ 10166224.806203451007605, 2709874.994629124179482 ], [ 10166219.418336413800716, 2709874.630686932243407 ], [ 10166215.260879406705499, 2709874.691862901672721 ], [ 10166211.728273855522275, 2709869.256488738581538 ], [ 10166214.398196725174785, 2709867.579616001341492 ], [ 10166211.658373707905412, 2709862.869126356672496 ], [ 10166210.021232144907117, 2709856.841125977225602 ], [ 10166205.71930187754333, 2709845.672104925848544 ], [ 10166200.726626947522163, 2709834.58309256285429 ], [ 10166194.199243303388357, 2709823.776298018172383 ], [ 10166191.593042517080903, 2709816.869841836858541 ], [ 10166189.084578586742282, 2709809.675995129160583 ], [ 10166183.024195237085223, 2709797.71997882751748 ], [ 10166180.370878810063004, 2709792.689162025693804 ], [ 10166173.172249803319573, 2709781.355586244724691 ], [ 10166168.07626748085022, 2709774.547563362400979 ], [ 10166162.057519422844052, 2709767.40136292623356 ], [ 10166155.516262078657746, 2709758.56940036918968 ], [ 10166146.752433210611343, 2709753.508532525971532 ], [ 10166139.314854046329856, 2709748.155395516660064 ], [ 10166132.744175417348742, 2709742.886926906183362 ], [ 10166125.686321629211307, 2709739.176000718027353 ], [ 10166118.612804489210248, 2709737.031819757074118 ], [ 10166104.761993300169706, 2709732.742034075781703 ], [ 10166100.832454213872552, 2709740.315260969568044 ], [ 10166096.972462348639965, 2709751.473677021451294 ], [ 10166094.887144640088081, 2709756.634224972222 ], [ 10166091.129336528480053, 2709763.246941196732223 ], [ 10166086.251067453995347, 2709772.203091077040881 ], [ 10166084.345680257305503, 2709777.538529039826244 ], [ 10166083.571929613128304, 2709779.70503718405962 ], [ 10166079.809487484395504, 2709785.192459491081536 ], [ 10166074.481913898140192, 2709794.260828824713826 ], [ 10166071.148047899827361, 2709799.923008020501584 ], [ 10166068.917825967073441, 2709804.532667628023773 ], [ 10166068.079403262585402, 2709808.783554302528501 ], [ 10166068.429418291896582, 2709813.923122522886842 ], [ 10166067.851465329527855, 2709820.180805726908147 ], [ 10166066.39483711309731, 2709823.485369281377643 ], [ 10166063.050288274884224, 2709826.533004110213369 ], [ 10166060.026960866525769, 2709830.307512034662068 ], [ 10166059.354132372885942, 2709834.822450200095773 ], [ 10166059.214600803330541, 2709840.990061069838703 ], [ 10166056.978486863896251, 2709849.527149275876582 ], [ 10166054.745156466960907, 2709850.661640980280936 ], [ 10166051.377317240461707, 2709850.675442590843886 ], [ 10166041.84718513675034, 2709848.717707279603928 ], [ 10166035.121885869652033, 2709845.87691903905943 ], [ 10166034.581234611570835, 2709842.404075428843498 ], [ 10166035.334641674533486, 2709836.145595663227141 ], [ 10166037.711457561701536, 2709827.111469523049891 ], [ 10166043.869394334033132, 2709814.498340733814985 ], [ 10166050.735216902568936, 2709803.305476213339716 ], [ 10166054.154434099793434, 2709797.047228912822902 ], [ 10166055.690954968333244, 2709791.822704277932644 ], [ 10166058.429354494437575, 2709779.984808656387031 ], [ 10166066.521005956456065, 2709778.903575024101883 ], [ 10166068.257060274481773, 2709774.196653652004898 ], [ 10166070.990843441337347, 2709766.628386731259525 ], [ 10166073.301281563937664, 2709762.889933230821043 ], [ 10166073.883068336173892, 2709757.581029166933149 ], [ 10166074.971417792141438, 2709750.030540366191417 ], [ 10166076.089929051697254, 2709744.520929159596562 ], [ 10166079.867188394069672, 2709739.993172833230346 ], [ 10166085.361064039170742, 2709734.068464837037027 ], [ 10166092.678137827664614, 2709725.940686922520399 ], [ 10166093.623285891488194, 2709725.317684142384678 ], [ 10166094.395823799073696, 2709724.808381178416312 ], [ 10166094.164916584268212, 2709723.353576693218201 ], [ 10166093.900485204532743, 2709721.688229911960661 ], [ 10166094.295796668156981, 2709713.699322438798845 ], [ 10166097.022600933909416, 2709699.026406085584313 ], [ 10166099.187786124646664, 2709691.91278478782624 ], [ 10166099.286125786602497, 2709683.737465551588684 ], [ 10166099.299792401492596, 2709670.895983046852052 ], [ 10166099.245858831331134, 2709657.635510559659451 ], [ 10166100.22995214164257, 2709648.739599706605077 ], [ 10166101.411302072927356, 2709642.490484975278378 ], [ 10166102.519532911479473, 2709626.356916627846658 ], [ 10166103.283005917444825, 2709614.450118867214769 ], [ 10166103.134847924113274, 2709596.909727345686406 ], [ 10166102.773304825648665, 2709588.923986274749041 ], [ 10166102.356033289805055, 2709578.025935147423297 ], [ 10166102.66565927863121, 2709562.436322114430368 ], [ 10166103.1762830093503, 2709553.123100660275668 ], [ 10166103.282091626897454, 2709546.76820871559903 ], [ 10166104.426621045917273, 2709536.856740059796721 ], [ 10166104.506519008427858, 2709528.276584005448967 ], [ 10166104.518224185332656, 2709527.015738883987069 ], [ 10166103.737957699224353, 2709521.271193146705627 ], [ 10166101.746810080483556, 2709511.802808028645813 ], [ 10166100.22206505574286, 2709503.733634100761265 ], [ 10166099.401301873847842, 2709498.805714875459671 ], [ 10166095.492121085524559, 2709492.478293888270855 ], [ 10166090.914168987423182, 2709486.219964361283928 ], [ 10166089.570718796923757, 2709484.413158976472914 ], [ 10166084.494560046121478, 2709477.586094681173563 ], [ 10166081.435827005654573, 2709472.656292114406824 ], [ 10166074.710606710985303, 2709472.485459422692657 ], [ 10166070.233575249090791, 2709472.18389830365777 ], [ 10166066.172282066196203, 2709474.285634253174067 ], [ 10166057.695606978610158, 2709480.45429219212383 ], [ 10166047.693854821845889, 2709489.28780079446733 ], [ 10166039.726176371797919, 2709493.821651598904282 ], [ 10166035.029744446277618, 2709498.915674671530724 ], [ 10166033.488060189411044, 2709500.157546894624829 ], [ 10166031.809120273217559, 2709500.043112820480019 ], [ 10166028.544910710304976, 2709498.545199427753687 ], [ 10166024.653293900191784, 2709493.806309123057872 ], [ 10166021.372753223404288, 2709488.259648295119405 ], [ 10166020.381580086424947, 2709484.623144663870335 ], [ 10166021.349751254543662, 2709482.600335429888219 ], [ 10166024.560848886147141, 2709479.134128242265433 ], [ 10166029.844807362183928, 2709475.537990970537066 ], [ 10166040.066422393545508, 2709469.560783736407757 ], [ 10166051.713141540065408, 2709463.313010149169713 ], [ 10166061.925320617854595, 2709454.997024475596845 ], [ 10166068.961838210001588, 2709448.062061092350632 ], [ 10166071.781530510634184, 2709437.37153461901471 ], [ 10166074.082561515271664, 2709420.505112034268677 ], [ 10166075.640677450224757, 2709412.511616109404713 ], [ 10166075.658101767301559, 2709405.980527880601585 ], [ 10166075.340674059465528, 2709398.060843420680612 ], [ 10166069.891327871009707, 2709387.92285372922197 ], [ 10166064.732823355123401, 2709376.470782998949289 ], [ 10166060.698222203180194, 2709368.930432787165046 ], [ 10166057.398588132113218, 2709364.123038019053638 ], [ 10166052.491694873198867, 2709360.60196540504694 ], [ 10166043.304951716214418, 2709356.668116686865687 ], [ 10166036.649754485115409, 2709354.8310995423235 ], [ 10166033.85436299815774, 2709352.603127165697515 ], [ 10166030.764344371855259, 2709348.081625533755869 ], [ 10166030.186411334201694, 2709346.219639533665031 ], [ 10166030.324026148766279, 2709344.994515922386199 ], [ 10166031.317636650055647, 2709343.843170911073685 ], [ 10166035.032478474080563, 2709342.890142077580094 ], [ 10166044.492007484659553, 2709341.042076135519892 ], [ 10166054.945939112454653, 2709338.25211036298424 ], [ 10166061.449628567323089, 2709337.872383454348892 ], [ 10166064.013243215158582, 2709337.067629167344421 ], [ 10166069.385887645184994, 2709333.713920775800943 ], [ 10166075.424237627536058, 2709326.838218059390783 ], [ 10166076.933423360809684, 2709324.850073886103928 ], [ 10166080.498118592426181, 2709320.154148377012461 ], [ 10166087.578527145087719, 2709310.538330059032887 ], [ 10166103.927042961120605, 2709322.175992310978472 ], [ 10166113.876597374677658, 2709330.232497583143413 ], [ 10166108.354420619085431, 2709339.974361238069832 ], [ 10166102.527146898210049, 2709352.894579621963203 ], [ 10166100.427362831309438, 2709359.897544757928699 ], [ 10166100.451304549351335, 2709395.475460683461279 ], [ 10166101.151634600013494, 2709413.929151235148311 ], [ 10166100.966344866901636, 2709427.73092955769971 ], [ 10166100.157638099044561, 2709433.890123943332583 ], [ 10166101.551106128841639, 2709439.356260320637375 ], [ 10166106.147367790341377, 2709450.104594548232853 ], [ 10166112.553735354915261, 2709463.570475448854268 ], [ 10166119.138354437425733, 2709477.708482100162655 ], [ 10166122.511646244674921, 2709487.16014441056177 ], [ 10166126.859321732074022, 2709496.133401557803154 ], [ 10166132.167093018069863, 2709506.50372756505385 ], [ 10166139.729232680052519, 2709518.232763451524079 ], [ 10166143.422572121024132, 2709517.368177299387753 ], [ 10166152.970866369083524, 2709521.123922605067492 ], [ 10166158.533086314797401, 2709523.947291894815862 ], [ 10166161.806596474722028, 2709525.037057666108012 ], [ 10166165.825406478717923, 2709525.969306761864573 ], [ 10166175.252257784828544, 2709529.549018147867173 ], [ 10166183.838407978415489, 2709534.113998760003597 ], [ 10166190.850414564833045, 2709537.328677855897695 ], [ 10166197.700716946274042, 2709541.249894253909588 ], [ 10166201.237180843949318, 2709542.26133375428617 ], [ 10166209.118138950318098, 2709543.354134801309556 ], [ 10166211.729349358007312, 2709544.096735245548189 ], [ 10166214.356911418959498, 2709544.84399242606014 ], [ 10166220.750890161842108, 2709547.167434393428266 ], [ 10166244.37379863858223, 2709556.315117239486426 ], [ 10166246.154665922746062, 2709557.234508164227009 ], [ 10166248.563096577301621, 2709558.702831754926592 ], [ 10166258.451765665784478, 2709562.556423123460263 ], [ 10166266.619840372353792, 2709566.803251596167684 ], [ 10166264.410040754824877, 2709570.993481111247092 ], [ 10166260.411368792876601, 2709575.014551827684045 ], [ 10166260.739041831344366, 2709580.054899657610804 ], [ 10166251.222691502422094, 2709584.142963160760701 ], [ 10166251.531053282320499, 2709597.887667319271713 ], [ 10166251.897443721070886, 2709612.44853449659422 ], [ 10166252.400106124579906, 2709620.036647321656346 ], [ 10166253.215760719031096, 2709623.684931109193712 ], [ 10166245.174671407788992, 2709623.673932692501694 ], [ 10166240.063119515776634, 2709623.794251727871597 ], [ 10166232.076920276507735, 2709623.816107079852372 ], [ 10166224.792350752279162, 2709623.691608965862542 ], [ 10166225.236998392269015, 2709611.653725538402796 ], [ 10166225.963309668004513, 2709598.743114694021642 ], [ 10166226.362795291468501, 2709586.407667762134224 ], [ 10166227.684711160138249, 2709576.991855140309781 ], [ 10166223.787461439147592, 2709573.576835257001221 ], [ 10166214.082085058093071, 2709566.258423361927271 ], [ 10166208.332790473476052, 2709561.204041880555451 ], [ 10166207.025015249848366, 2709560.054337914567441 ], [ 10166202.828391663730145, 2709555.868417254183441 ], [ 10166199.345655975863338, 2709554.580977198667824 ], [ 10166191.547812584787607, 2709552.351409025955945 ], [ 10166180.917918695136905, 2709549.68128303764388 ], [ 10166176.948979033157229, 2709550.216118614189327 ], [ 10166169.841780779883265, 2709550.554260828532279 ], [ 10166162.895341448485851, 2709549.95402261056006 ], [ 10166158.187938019633293, 2709549.664521573111415 ], [ 10166152.310489473864436, 2709550.27339584287256 ], [ 10166146.195548441261053, 2709551.832045166287571 ], [ 10166143.397031122818589, 2709554.248428701423109 ], [ 10166142.614682471379638, 2709556.083096194081008 ], [ 10166137.462949354201555, 2709562.513819310814142 ], [ 10166133.691173519939184, 2709568.376390472520143 ], [ 10166129.899656042456627, 2709580.196394619997591 ], [ 10166127.640979332849383, 2709588.567942689638585 ], [ 10166126.500036239624023, 2709596.648143069818616 ], [ 10166125.403104150667787, 2709604.750203681644052 ], [ 10166124.711520781740546, 2709612.729282538872212 ], [ 10166124.513335766270757, 2709623.343094645068049 ], [ 10166123.917862193658948, 2709633.384745401330292 ], [ 10166122.853329645469785, 2709641.376324761193246 ], [ 10166122.55512428842485, 2709659.779243246186525 ], [ 10166123.686527971178293, 2709673.642015703953803 ], [ 10166123.859663395211101, 2709683.835001675412059 ], [ 10166125.091941449791193, 2709692.821187454741448 ], [ 10166126.953157095238566, 2709700.017548963893205 ], [ 10166130.389959311112761, 2709706.170490388758481 ], [ 10166131.827534083276987, 2709708.988772864919156 ], [ 10166142.183762641623616, 2709717.187226337846369 ], [ 10166154.092191284522414, 2709726.714205018710345 ], [ 10166161.090906759724021, 2709732.047031104564667 ], [ 10166165.200085246935487, 2709736.29967572633177 ], [ 10166169.004235738888383, 2709741.060943868942559 ], [ 10166171.699150366708636, 2709745.562035215552896 ], [ 10166172.912282135337591, 2709749.826520672068 ], [ 10166174.069410473108292, 2709756.496222957503051 ], [ 10166174.501433467492461, 2709760.223377556540072 ], [ 10166175.855899188667536, 2709764.178332021925598 ], [ 10166177.138677919283509, 2709766.699474721681327 ], [ 10166181.972868384793401, 2709773.894676178693771 ], [ 10166186.052915250882506, 2709779.074042418040335 ], [ 10166191.020550100132823, 2709786.709952222649008 ], [ 10166194.73529957421124, 2709793.777383314445615 ], [ 10166200.358620906248689, 2709806.176559049636126 ], [ 10166205.868017626926303, 2709817.517151241190732 ], [ 10166207.526772616431117, 2709820.775866919197142 ], [ 10166207.540562195703387, 2709824.151666356250644 ], [ 10166209.560097854584455, 2709829.813895565923303 ], [ 10166213.15272026322782, 2709836.495748124085367 ], [ 10166218.480372598394752, 2709843.63374701840803 ], [ 10166227.124036986380816, 2709854.189146547578275 ], [ 10166236.935032306239009, 2709865.842941408976912 ], [ 10166247.610200490802526, 2709876.886535450350493 ], [ 10166250.708405196666718, 2709880.724061794113368 ], [ 10166257.602848794311285, 2709884.678276023361832 ], [ 10166267.078260255977511, 2709886.636051767505705 ], [ 10166275.207792703062296, 2709886.779079721774906 ], [ 10166283.467549074441195, 2709886.568534355610609 ], [ 10166287.845173887908459, 2709886.693974889814854 ], [ 10166292.513821829110384, 2709885.549391148611903 ], [ 10166295.99300561286509, 2709883.229326221626252 ], [ 10166303.932816330343485, 2709879.897911434061825 ], [ 10166313.529217297211289, 2709879.273638729006052 ], [ 10166326.076289432123303, 2709878.548892213962972 ], [ 10166336.484460877254605, 2709877.910243021324277 ], [ 10166343.855269197374582, 2709877.615050326101482 ], [ 10166350.019017247483134, 2709877.225511886645108 ], [ 10166359.40718942694366, 2709876.65731524862349 ], [ 10166369.160700488835573, 2709876.881836495827883 ], [ 10166380.536890842020512, 2709876.889996516052634 ], [ 10166380.240203628316522, 2709882.153610501438379 ], [ 10166380.782551940530539, 2709886.001701106317341 ], [ 10166381.073123596608639, 2709892.686086383182555 ], [ 10166380.504105526953936, 2709895.733414403628558 ], [ 10166377.217195706441998, 2709896.750921741593629 ], [ 10166361.301779132336378, 2709897.357142732478678 ], [ 10166351.729730285704136, 2709898.599135090131313 ], [ 10166343.896016094833612, 2709898.366729475092143 ], [ 10166333.903057564049959, 2709898.606473080813885 ], [ 10166316.329456023871899, 2709898.778250189032406 ], [ 10166311.527529457584023, 2709899.537214535288513 ], [ 10166301.233632577583194, 2709901.300825961865485 ], [ 10166289.336804937571287, 2709902.761857564561069 ], [ 10166281.158569078892469, 2709901.449617602396756 ], [ 10166271.378345949575305, 2709900.033724789042026 ], [ 10166260.036487372592092, 2709897.708399010822177 ], [ 10166251.166748816147447, 2709896.288743874523789 ], [ 10166244.140809325501323, 2709892.379115934018046 ], [ 10166236.868931639939547, 2709884.64235608279705 ], [ 10166232.925887385383248, 2709880.78627853654325 ], [ 10166227.840789511799812, 2709876.658955061808228 ], [ 10166224.806203451007605, 2709874.994629124179482 ] ], [ [ 10166470.494377860799432, 2709635.629692589398474 ], [ 10166467.692742170765996, 2709626.517760572489351 ], [ 10166460.708099661394954, 2709613.90377257950604 ], [ 10166455.490741822868586, 2709606.941944318357855 ], [ 10166444.107158375903964, 2709597.026995438151062 ], [ 10166434.312005385756493, 2709586.553812144789845 ], [ 10166425.910468706861138, 2709576.174203691538423 ], [ 10166416.149707216769457, 2709574.140555041376501 ], [ 10166410.410569665953517, 2709581.754364668857306 ], [ 10166403.883992992341518, 2709587.2752510975115 ], [ 10166401.600929720327258, 2709589.645605095196515 ], [ 10166400.77777505107224, 2709592.230423485860229 ], [ 10166400.634049532935023, 2709597.35001184977591 ], [ 10166401.381948398426175, 2709603.19387991540134 ], [ 10166405.220142282545567, 2709613.592389921657741 ], [ 10166405.459643626585603, 2709615.841898553073406 ], [ 10166404.796279951930046, 2709617.256828126497567 ], [ 10166401.222129875794053, 2709617.767993066459894 ], [ 10166398.983582124114037, 2709618.951985449064523 ], [ 10166397.248560203239322, 2709619.869546024128795 ], [ 10166393.793291117995977, 2709619.949978949036449 ], [ 10166390.029154995456338, 2709619.623530584853142 ], [ 10166387.629084466025233, 2709620.196016047149897 ], [ 10166384.452668992802501, 2709621.389607296325266 ], [ 10166379.635023821145296, 2709623.660019094590098 ], [ 10166375.798658726736903, 2709627.106909485533834 ], [ 10166373.105592478066683, 2709628.474967530928552 ], [ 10166370.319374050945044, 2709628.541592058259994 ], [ 10166367.464934216812253, 2709627.990734599065036 ], [ 10166365.903578538447618, 2709627.103607199154794 ], [ 10166364.471194926649332, 2709622.884157062508166 ], [ 10166363.10485334135592, 2709616.027815634384751 ], [ 10166361.926337894052267, 2709612.182498473208398 ], [ 10166360.770168073475361, 2709611.117080903146416 ], [ 10166359.647911459207535, 2709610.316405978985131 ], [ 10166356.82202166877687, 2709608.706408515106887 ], [ 10166354.438120571896434, 2709607.866748003289104 ], [ 10166348.337732627987862, 2709610.296910076867789 ], [ 10166343.315227957442403, 2709618.801353306043893 ], [ 10166329.292734013870358, 2709618.131013446953148 ], [ 10166329.573074819520116, 2709614.268655021674931 ], [ 10166329.373255398124456, 2709594.852908338420093 ], [ 10166336.439890367910266, 2709592.628400929272175 ], [ 10166342.716651933267713, 2709590.396046538371593 ], [ 10166353.958904903382063, 2709587.21660971082747 ], [ 10166363.706018410623074, 2709583.226821409538388 ], [ 10166369.416436357423663, 2709581.989779283292592 ], [ 10166373.321866724640131, 2709579.314865630120039 ], [ 10166378.73547718860209, 2709577.9466990577057 ], [ 10166383.582869105041027, 2709578.199797009117901 ], [ 10166384.803198292851448, 2709578.263562865089625 ], [ 10166389.307507393881679, 2709577.208011194132268 ], [ 10166392.050116924569011, 2709574.537854262162 ], [ 10166398.90651822462678, 2709571.861861555837095 ], [ 10166406.72480514831841, 2709568.354545245412737 ], [ 10166413.804403115063906, 2709563.94555261079222 ], [ 10166418.71242137812078, 2709559.655822433065623 ], [ 10166424.906991189345717, 2709550.72730667470023 ], [ 10166432.201375996693969, 2709542.511398915667087 ], [ 10166439.721407359465957, 2709533.136223788373172 ], [ 10166444.658144369721413, 2709525.128561455290765 ], [ 10166425.098895473405719, 2709522.517580409534276 ], [ 10166413.438884353265166, 2709520.094483063090593 ], [ 10166413.780302323400974, 2709512.381664638407528 ], [ 10166411.290151851251721, 2709512.392015650402755 ], [ 10166406.881103457883, 2709512.597758448682725 ], [ 10166401.711756177246571, 2709514.682019274681807 ], [ 10166397.298449814319611, 2709516.55359559552744 ], [ 10166397.071311432868242, 2709516.587259997148067 ], [ 10166394.086202554404736, 2709517.030286587774754 ], [ 10166388.489697365090251, 2709519.270824847742915 ], [ 10166381.13791985809803, 2709521.529605107847601 ], [ 10166376.976726436987519, 2709515.269626453053206 ], [ 10166368.078215934336185, 2709514.83196343947202 ], [ 10166361.775046056136489, 2709513.269312083721161 ], [ 10166354.652980927377939, 2709512.625735728535801 ], [ 10166346.740271652117372, 2709511.831018363125622 ], [ 10166346.583869315683842, 2709505.752943454310298 ], [ 10166346.612392364069819, 2709496.607271320652217 ], [ 10166347.633463768288493, 2709494.131902032066137 ], [ 10166342.866255400702357, 2709492.595993285998702 ], [ 10166333.062425134703517, 2709493.419777834787965 ], [ 10166331.763138437643647, 2709494.936478090472519 ], [ 10166315.176635887473822, 2709497.67465170007199 ], [ 10166315.004166452214122, 2709487.658321578986943 ], [ 10166314.124897263944149, 2709476.475451678037643 ], [ 10166313.322467600926757, 2709462.622510319110006 ], [ 10166311.545000271871686, 2709449.104598118457943 ], [ 10166317.08244514092803, 2709448.497066118754447 ], [ 10166331.053749248385429, 2709447.424501172266901 ], [ 10166346.10981372743845, 2709446.027435880620033 ], [ 10166357.962755404412746, 2709444.643728061579168 ], [ 10166373.809041246771812, 2709443.353775158058852 ], [ 10166387.82609198987484, 2709442.711170074529946 ], [ 10166393.961506612598896, 2709440.810398831497878 ], [ 10166405.05089458823204, 2709437.819102142937481 ], [ 10166412.629841880872846, 2709434.79813343891874 ], [ 10166423.458865623921156, 2709432.524917541071773 ], [ 10166425.143143644556403, 2709432.159421216230839 ], [ 10166433.925886740908027, 2709430.253249116241932 ], [ 10166443.897706342861056, 2709427.60848586121574 ], [ 10166449.297213427722454, 2709425.490017468109727 ], [ 10166461.074438191950321, 2709421.690469870343804 ], [ 10166473.326968807727098, 2709418.793547899462283 ], [ 10166481.581060795113444, 2709417.237091889604926 ], [ 10166489.45485638268292, 2709416.597724508494139 ], [ 10166500.014503855258226, 2709415.506080709397793 ], [ 10166511.782296841964126, 2709414.795451523736119 ], [ 10166516.192652514204383, 2709412.206733192317188 ], [ 10166529.791734091937542, 2709403.280748937744647 ], [ 10166539.344001041725278, 2709397.306079992558807 ], [ 10166549.792803034186363, 2709390.566380920354277 ], [ 10166558.96864190325141, 2709383.743788791820407 ], [ 10166570.962333550676703, 2709376.578471257351339 ], [ 10166582.164834083989263, 2709369.074514908250421 ], [ 10166595.460273493081331, 2709361.021271609235555 ], [ 10166596.899358192458749, 2709366.873242356348783 ], [ 10166597.965564507991076, 2709375.429621594026685 ], [ 10166597.384210789576173, 2709386.155158935580403 ], [ 10166597.514349909499288, 2709396.491564283147454 ], [ 10166599.035498548299074, 2709411.66526438202709 ], [ 10166599.325504967942834, 2709426.226391363888979 ], [ 10166598.951879788190126, 2709434.126804881729186 ], [ 10166596.426321232691407, 2709444.23153152409941 ], [ 10166594.165022693574429, 2709454.588960454799235 ], [ 10166590.750132437795401, 2709471.768619265407324 ], [ 10166590.392342301085591, 2709473.568683387245983 ], [ 10166583.977926144376397, 2709487.705204897560179 ], [ 10166580.470971243456006, 2709496.5895074903965 ], [ 10166574.587545217946172, 2709509.124203413259238 ], [ 10166567.511062325909734, 2709522.336820924188942 ], [ 10166567.167964089661837, 2709523.034047410823405 ], [ 10166562.713171791285276, 2709532.086928667500615 ], [ 10166554.555973935872316, 2709557.306988660711795 ], [ 10166546.001222161576152, 2709576.538235234562308 ], [ 10166541.438446504995227, 2709590.137664784677327 ], [ 10166536.505951968953013, 2709607.213757153600454 ], [ 10166533.427704488858581, 2709617.325605461373925 ], [ 10166533.096216129139066, 2709618.414455960970372 ], [ 10166532.958377007395029, 2709618.392212053295225 ], [ 10166520.21981368586421, 2709616.338465873152018 ], [ 10166504.479785934090614, 2709614.164085962809622 ], [ 10166493.342010984197259, 2709613.393743279390037 ], [ 10166492.487917199730873, 2709619.156042448244989 ], [ 10166490.625177826732397, 2709627.735772866290063 ], [ 10166489.059213263913989, 2709633.787810324225575 ], [ 10166486.643982844427228, 2709638.696136028505862 ], [ 10166481.999904630705714, 2709643.161256639286876 ], [ 10166479.802171560004354, 2709644.935452143661678 ], [ 10166478.354154070839286, 2709644.94145499356091 ], [ 10166477.144927278161049, 2709644.328695635311306 ], [ 10166475.228366123512387, 2709642.428034539800137 ], [ 10166473.167616803199053, 2709640.141830858774483 ], [ 10166470.494377860799432, 2709635.629692589398474 ] ], [ [ 10166004.77259367890656, 2709276.789733043406159 ], [ 10166006.335424572229385, 2709269.932551653124392 ], [ 10166023.318314656615257, 2709270.315054804552346 ], [ 10166034.574156038463116, 2709270.511588841211051 ], [ 10166048.812222391366959, 2709273.02353026997298 ], [ 10166057.8231550026685, 2709274.166958942543715 ], [ 10166063.722844759002328, 2709284.479585217311978 ], [ 10166054.209484593942761, 2709283.856790541671216 ], [ 10166042.467614600434899, 2709282.845921077765524 ], [ 10166030.933768795803189, 2709281.734948428347707 ], [ 10166015.548389472067356, 2709280.330858167726547 ], [ 10166013.421376433223486, 2709277.912568889558315 ], [ 10166004.77259367890656, 2709276.789733043406159 ] ], [ [ 10168061.588194150477648, 2711223.088545983657241 ], [ 10168086.13270522467792, 2711217.054910869337618 ], [ 10168086.881357276812196, 2711222.453024349175394 ], [ 10168087.369964381679893, 2711237.144397663883865 ], [ 10168069.185434507206082, 2711239.521602847613394 ], [ 10168040.498122038319707, 2711244.353927345015109 ], [ 10168018.986890837550163, 2711246.787772038951516 ], [ 10168017.906504074111581, 2711231.373758735135198 ], [ 10168061.588194150477648, 2711223.088545983657241 ] ], [ [ 10165006.117316972464323, 2713896.661312710959464 ], [ 10165008.576668705791235, 2713897.026541114319116 ], [ 10165010.968735074624419, 2713897.016883835662156 ], [ 10165013.207252580672503, 2713897.007851675152779 ], [ 10165018.360989348962903, 2713898.862954084761441 ], [ 10165031.876787850633264, 2713903.619690008927137 ], [ 10165059.822756135836244, 2713903.054403751157224 ], [ 10165079.733090544119477, 2713901.627686424180865 ], [ 10165097.038780486211181, 2713901.932891318574548 ], [ 10165099.139240218326449, 2713925.053862791974097 ], [ 10165078.188237631693482, 2713926.937255142256618 ], [ 10165048.013079036027193, 2713929.851025735028088 ], [ 10165029.163977144286036, 2713933.226686567999423 ], [ 10165015.156208287924528, 2713937.189652985427529 ], [ 10165003.560279292985797, 2713951.582021133042872 ], [ 10165001.047762218862772, 2713957.142801539972425 ], [ 10164999.954581685364246, 2713963.679986633826047 ], [ 10164999.309504428878427, 2713972.510642302688211 ], [ 10164999.471831914037466, 2713974.683935652952641 ], [ 10165002.264486959204078, 2713981.580648670438677 ], [ 10165004.156597478315234, 2713988.260257010348141 ], [ 10165004.173079665750265, 2713992.387282039504498 ], [ 10165003.16493453271687, 2714000.998767309356481 ], [ 10164988.688073337078094, 2714005.636772718280554 ], [ 10164985.824679864570498, 2714005.780735541135073 ], [ 10164983.816291349008679, 2714005.722647046670318 ], [ 10164982.749508608132601, 2714005.120029766578227 ], [ 10164979.264153305441141, 2714000.642769560217857 ], [ 10164969.207486530765891, 2713980.047746484167874 ], [ 10164971.213193772360682, 2713968.430708496831357 ], [ 10164961.337945707142353, 2713963.074356431141496 ], [ 10164946.782744789496064, 2713953.58771408488974 ], [ 10164935.439849559217691, 2713948.899478629231453 ], [ 10164928.430210035294294, 2713946.654510517138988 ], [ 10164926.313317745923996, 2713946.89470513863489 ], [ 10164905.925004383549094, 2713949.548059111461043 ], [ 10164894.144720537588, 2713950.628338242881 ], [ 10164892.959553103893995, 2713950.736958266701549 ], [ 10164868.954557130113244, 2713954.486257395707071 ], [ 10164854.424475561827421, 2713959.543638899922371 ], [ 10164845.246408846229315, 2713963.917435428127646 ], [ 10164828.87019650824368, 2713976.574318652972579 ], [ 10164810.444421768188477, 2713995.397110966499895 ], [ 10164795.362777896225452, 2714013.522242627572268 ], [ 10164790.136496920138597, 2714018.26633239351213 ], [ 10164783.670202787965536, 2714022.993312347214669 ], [ 10164771.657758103683591, 2714032.068405583966523 ], [ 10164764.673874493688345, 2714039.070626715663821 ], [ 10164764.039268592372537, 2714039.536633872892708 ], [ 10164763.393673654645681, 2714039.99174196459353 ], [ 10164750.636451104655862, 2714049.400797004811466 ], [ 10164734.287485335022211, 2714066.22884252294898 ], [ 10164730.018062518909574, 2714066.003277961164713 ], [ 10164723.440495083108544, 2714064.81587006803602 ], [ 10164719.020005639642477, 2714062.494182962458581 ], [ 10164713.5181491561234, 2714058.631899862084538 ], [ 10164713.029341176152229, 2714054.352163940668106 ], [ 10164712.693657629191875, 2714047.213840662036091 ], [ 10164713.361492486670613, 2714041.307369811460376 ], [ 10164713.963485585525632, 2714038.159886253997684 ], [ 10164716.840534940361977, 2714033.160518876742572 ], [ 10164720.707527255639434, 2714028.763989666476846 ], [ 10164723.187401659786701, 2714014.926998989190906 ], [ 10164725.973529275506735, 2714006.396750580519438 ], [ 10164727.414696926251054, 2714004.548105913680047 ], [ 10164730.516898136585951, 2714001.004376048222184 ], [ 10164754.598077610135078, 2713985.999182279687375 ], [ 10164761.426844412460923, 2713978.611292929388583 ], [ 10164763.018458418548107, 2713975.989607913419604 ], [ 10164764.837538823485374, 2713972.605547147803009 ], [ 10164765.061908967792988, 2713971.070754250977188 ], [ 10164765.434949109330773, 2713968.310534408781677 ], [ 10164764.807987339794636, 2713965.168045664671808 ], [ 10164759.953854722902179, 2713955.873958469834179 ], [ 10164756.008539829403162, 2713945.233003343921155 ], [ 10164752.167248448356986, 2713934.872342647518963 ], [ 10164752.015165438875556, 2713932.500440586358309 ], [ 10164752.229752259328961, 2713931.274671418126673 ], [ 10164759.113347940146923, 2713923.864588705822825 ], [ 10164760.406929982826114, 2713923.561401785816997 ], [ 10164761.318292032927275, 2713923.701073373202235 ], [ 10164773.481963057070971, 2713937.0831144512631 ], [ 10164776.329226979985833, 2713940.215554862748832 ], [ 10164779.0078633017838, 2713943.283491474576294 ], [ 10164786.013786280527711, 2713950.097102283034474 ], [ 10164788.993547292426229, 2713951.618961246218532 ], [ 10164791.364849627017975, 2713951.907348752487451 ], [ 10164794.398796301335096, 2713950.515784251969308 ], [ 10164818.93161909841001, 2713935.983189550228417 ], [ 10164822.653269790112972, 2713933.672958626877517 ], [ 10164828.43963217549026, 2713931.806772814597934 ], [ 10164831.807296384125948, 2713930.235697284340858 ], [ 10164845.547664858400822, 2713923.825791908893734 ], [ 10164862.821057133376598, 2713916.009598492179066 ], [ 10164872.602049203589559, 2713914.28181543154642 ], [ 10164874.280938718467951, 2713914.275138386059552 ], [ 10164875.731747506186366, 2713914.876199604012072 ], [ 10164880.021305326372385, 2713920.155779052060097 ], [ 10164883.078720921650529, 2713921.908985715825111 ], [ 10164885.823839638382196, 2713922.361486146226525 ], [ 10164908.953323625028133, 2713916.430648458190262 ], [ 10164914.82011447660625, 2713915.491171137429774 ], [ 10164926.332093335688114, 2713915.819872106425464 ], [ 10164932.260531563311815, 2713916.568498838227242 ], [ 10164950.714772421866655, 2713918.723139204550534 ], [ 10164969.898650547489524, 2713919.484450222924352 ], [ 10164980.025937994942069, 2713919.289086266420782 ], [ 10164986.634595718234777, 2713911.747572635766119 ], [ 10164989.230818135663867, 2713907.907911713700742 ], [ 10164993.580546909943223, 2713895.277258704416454 ], [ 10165006.117316972464323, 2713896.661312710959464 ] ], [ [ 10166753.591334458440542, 2714028.214954957831651 ], [ 10166715.763332976028323, 2714014.364127966575325 ], [ 10166728.500183403491974, 2714012.435647901613265 ], [ 10166763.851524710655212, 2714008.790990719106048 ], [ 10166753.591334458440542, 2714028.214954957831651 ] ] ], [ [ [ 10166515.126386532559991, 2715343.672153267078102 ], [ 10166513.354895554482937, 2715299.535374405328184 ], [ 10166511.529798099771142, 2715277.183910767082125 ], [ 10166508.451133804395795, 2715259.605367210693657 ], [ 10166501.851310530677438, 2715261.19967174436897 ], [ 10166491.254426531493664, 2715262.170489832758904 ], [ 10166463.243173373863101, 2715266.159589806105942 ], [ 10166466.712747391313314, 2715226.27241351781413 ], [ 10166488.176568536087871, 2715220.599552272818983 ], [ 10166487.942158842459321, 2715219.629371766000986 ], [ 10166487.707672394812107, 2715218.648215395398438 ], [ 10166485.510966587811708, 2715207.411686619743705 ], [ 10166483.64187335409224, 2715182.378755141980946 ], [ 10166482.102126369252801, 2715168.093640242237598 ], [ 10166480.227762324735522, 2715163.245598166249692 ], [ 10166476.110869007185102, 2715152.083172971382737 ], [ 10166474.414842125028372, 2715145.236895609181374 ], [ 10166476.737460361793637, 2715144.267102060373873 ], [ 10166506.9966627266258, 2715131.870246873702854 ], [ 10166507.285876207053661, 2715124.761983787640929 ], [ 10166505.875649193301797, 2715115.332037238869816 ], [ 10166504.293994784355164, 2715106.929230521898717 ], [ 10166504.292404664680362, 2715106.542994412593544 ], [ 10166528.458598542958498, 2715096.223972130101174 ], [ 10166528.151739776134491, 2715093.653891337569803 ], [ 10166526.727104002609849, 2715072.625366915483028 ], [ 10166526.901370892301202, 2715069.633944099768996 ], [ 10166528.219242936000228, 2715053.770050415303558 ], [ 10166528.702436162158847, 2715048.45975675387308 ], [ 10166529.153752671554685, 2715040.743857226800174 ], [ 10166538.978662429377437, 2715038.882364484481514 ], [ 10166566.391567392274737, 2715033.582126430235803 ], [ 10166579.902314648032188, 2715034.089128378313035 ], [ 10166587.187906818464398, 2715039.342963443137705 ], [ 10166593.34159860946238, 2715038.558629609178752 ], [ 10166597.033459706231952, 2715037.955969243776053 ], [ 10166597.225512109696865, 2715025.499730597250164 ], [ 10166597.278726020827889, 2715013.23373363725841 ], [ 10166597.710063779726624, 2715000.684714348521084 ], [ 10166597.742932796478271, 2715000.010585419367999 ], [ 10166594.818420004099607, 2714999.83846001047641 ], [ 10166591.694458149373531, 2715000.723232842516154 ], [ 10166588.768571263179183, 2714991.001736729871482 ], [ 10166584.071841035038233, 2714985.646744723431766 ], [ 10166582.151561126112938, 2714982.972992210648954 ], [ 10166581.139230540022254, 2714979.6223379005678 ], [ 10166581.126527328044176, 2714976.521278607193381 ], [ 10166581.111716168001294, 2714972.912596317473799 ], [ 10166580.795385427772999, 2714957.276171043980867 ], [ 10166580.371226163581014, 2714955.512243818957359 ], [ 10166579.446008786559105, 2714954.677328363992274 ], [ 10166576.359110489487648, 2714953.873516068328172 ], [ 10166575.381141690537333, 2714977.714779935311526 ], [ 10166575.328834243118763, 2714981.025827074889094 ], [ 10166575.468855226412416, 2714983.066811686847359 ], [ 10166576.488036327064037, 2714985.424312793184072 ], [ 10166578.078425319865346, 2714987.900732626207173 ], [ 10166579.358644081279635, 2714989.672259719576687 ], [ 10166584.319441206753254, 2714992.521011033095419 ], [ 10166583.378072230145335, 2715001.143875759560615 ], [ 10166585.538606647402048, 2715000.836953152436763 ], [ 10166584.700434871017933, 2715013.222652878146619 ], [ 10166573.687300801277161, 2715014.360749465879053 ], [ 10166543.81311241351068, 2715018.854425631463528 ], [ 10166528.348590318113565, 2715020.937837287317961 ], [ 10166527.097171233966947, 2715010.09477742575109 ], [ 10166526.623622816056013, 2715004.313980494625866 ], [ 10166515.205478185787797, 2715005.674400651361793 ], [ 10166499.670412104576826, 2715011.995884651318192 ], [ 10166479.356523036956787, 2715017.045856950804591 ], [ 10166468.707795836031437, 2715018.701146809849888 ], [ 10166455.85977085493505, 2715019.261752662248909 ], [ 10166449.934021050110459, 2715019.286216989625245 ], [ 10166445.26438339240849, 2715017.892875968944281 ], [ 10166403.601477948948741, 2715013.617316024377942 ], [ 10166365.355382053181529, 2715010.342843040358275 ], [ 10166357.225944453850389, 2715010.873022597283125 ], [ 10166351.63238307274878, 2715016.998865442816168 ], [ 10166340.748640300706029, 2715031.026095510460436 ], [ 10166332.041123699396849, 2715040.508607100695372 ], [ 10166327.437414575368166, 2715047.19321577809751 ], [ 10166324.835344597697258, 2715073.822473007719964 ], [ 10166322.591827310621738, 2715083.432891946751624 ], [ 10166313.557867404073477, 2715120.528503293637186 ], [ 10166307.606492765247822, 2715130.452289517503232 ], [ 10166308.236949298530817, 2715134.227593242190778 ], [ 10166317.606319427490234, 2715134.862256828695536 ], [ 10166315.592506181448698, 2715143.299555398523808 ], [ 10166317.885691519826651, 2715147.706106950063258 ], [ 10166340.184473546221852, 2715159.23214796744287 ], [ 10166342.874432731419802, 2715181.116293995641172 ], [ 10166344.979361269623041, 2715194.085934089962393 ], [ 10166347.133428761735559, 2715200.257185247726738 ], [ 10166352.608947720378637, 2715210.895370602142066 ], [ 10166356.792068187147379, 2715224.882766283117235 ], [ 10166361.391355935484171, 2715241.340508440043777 ], [ 10166370.004485284909606, 2715259.834404499270022 ], [ 10166381.693329842761159, 2715281.758860218338668 ], [ 10166395.325108725577593, 2715309.193363887257874 ], [ 10166399.301665857434273, 2715318.237619837280363 ], [ 10166401.212711568921804, 2715322.931947596836835 ], [ 10166413.910836538299918, 2715323.173697144724429 ], [ 10166423.424047224223614, 2715321.595038185361773 ], [ 10166432.426681948825717, 2715319.133936115540564 ], [ 10166435.870690498501062, 2715318.183510919101536 ], [ 10166442.553248066455126, 2715317.115103966556489 ], [ 10166444.063265522941947, 2715316.873754408676177 ], [ 10166449.616105498746037, 2715318.691007553134114 ], [ 10166457.56652451865375, 2715321.29293502215296 ], [ 10166459.835223119705915, 2715322.035298854112625 ], [ 10166475.379960548132658, 2715327.344763244036585 ], [ 10166484.104049483314157, 2715329.552103333175182 ], [ 10166484.663959806784987, 2715329.693823682609946 ], [ 10166488.93693165294826, 2715330.76550636254251 ], [ 10166499.623051704838872, 2715336.41442939452827 ], [ 10166510.640564603731036, 2715342.199995398987085 ], [ 10166511.43405126966536, 2715342.596060915384442 ], [ 10166515.195839442312717, 2715344.473590830340981 ], [ 10166515.126386532559991, 2715343.672153267078102 ] ], [ [ 10166377.63202154263854, 2715187.285690329037607 ], [ 10166399.144895065575838, 2715182.881895349826664 ], [ 10166403.147108590230346, 2715195.53473275154829 ], [ 10166410.345950361341238, 2715214.387514777015895 ], [ 10166413.772887721657753, 2715223.202107337769121 ], [ 10166415.24966699257493, 2715224.752112849149853 ], [ 10166416.655300619080663, 2715224.967043721582741 ], [ 10166454.359338596463203, 2715208.246534951962531 ], [ 10166451.362216064706445, 2715232.151724764611572 ], [ 10166418.396185480058193, 2715245.519825330935419 ], [ 10166415.951480455696583, 2715246.136931764893234 ], [ 10166414.107863277196884, 2715246.144596620928496 ], [ 10166408.598227052018046, 2715245.968554214108735 ], [ 10166401.659933526068926, 2715245.279847924597561 ], [ 10166398.584766311571002, 2715242.00385604519397 ], [ 10166391.683220306411386, 2715226.107455619145185 ], [ 10166377.63202154263854, 2715187.285690329037607 ] ], [ [ 10166493.212429041042924, 2715042.922842973843217 ], [ 10166503.744079696014524, 2715042.151046803221107 ], [ 10166506.23860864341259, 2715048.353965084068477 ], [ 10166507.61496164649725, 2715054.870417293626815 ], [ 10166492.154892019927502, 2715060.761235209647566 ], [ 10166482.4491600189358, 2715062.246923729311675 ], [ 10166472.479720225557685, 2715063.667612749151886 ], [ 10166464.662452597171068, 2715065.39939790405333 ], [ 10166456.597508776932955, 2715068.290997449774295 ], [ 10166456.805059837177396, 2715046.549459488596767 ], [ 10166493.212429041042924, 2715042.922842973843217 ] ] ] ] } }
]
}
